{"Caption":"Figure 5. Same as Figure 4, but for Chi-Squared variants.","ImageText":[{"Text":"all","TextBB":[126.01,390.634,139.205,401.879],"Rotation":0},{"Text":"features","TextBB":[142.329,390.634,185.352,401.879],"Rotation":0},{"Text":"75","TextBB":[85.9132,450.537,98.4089,461.782],"Rotation":0},{"Text":"75","TextBB":[437.247,450.537,449.742,461.782],"Rotation":0},{"Text":"F-measure","TextBB":[427.948,456.929,439.194,513.828],"Rotation":3},{"Text":"80","TextBB":[437.247,407.154,449.742,418.399],"Rotation":0},{"Text":"F-measure","TextBB":[76.615,456.929,87.8611,513.828],"Rotation":3},{"Text":"80","TextBB":[85.9132,407.154,98.4089,418.399],"Rotation":0},{"Text":"70","TextBB":[85.9132,493.99,98.4089,505.235],"Rotation":0},{"Text":"70","TextBB":[437.247,493.99,449.742,505.235],"Rotation":0},{"Text":"Round-Robin.Chi","TextBB":[240.903,532.792,336.383,544.036],"Rotation":0},{"Text":"Rand-Robin.Chi","TextBB":[247.851,545.286,336.383,556.531],"Rotation":0},{"Text":"Max.Chi","TextBB":[289.524,557.78,336.383,569.025],"Rotation":0},{"Text":"Chi","TextBB":[316.939,570.275,336.383,581.519],"Rotation":0},{"Text":"65","TextBB":[85.9132,537.442,98.4089,548.687],"Rotation":0},{"Text":"60","TextBB":[85.9132,580.895,98.4089,592.14],"Rotation":0},{"Text":"20","TextBB":[110.835,593.736,123.331,604.981],"Rotation":0},{"Text":"50","TextBB":[174.008,593.736,186.504,604.981],"Rotation":0},{"Text":"100","TextBB":[218.645,593.389,237.389,604.634],"Rotation":0},{"Text":"200","TextBB":[266.407,593.736,285.15,604.981],"Rotation":0},{"Text":"number","TextBB":[198.524,604.634,240.872,615.879],"Rotation":0},{"Text":"of","TextBB":[243.996,604.634,254.404,615.879],"Rotation":0},{"Text":"features","TextBB":[257.528,604.634,300.551,615.879],"Rotation":0},{"Text":"500","TextBB":[329.51,593.736,348.254,604.981],"Rotation":0},{"Text":"all","TextBB":[625.348,510.51,638.543,521.755],"Rotation":0},{"Text":"features","TextBB":[641.667,510.51,684.69,521.755],"Rotation":0},{"Text":"Round-Robin.Chi","TextBB":[592.236,532.792,687.716,544.036],"Rotation":0},{"Text":"Rand-Robin.Chi","TextBB":[599.184,545.286,687.716,556.531],"Rotation":0},{"Text":"Max.Chi","TextBB":[640.857,557.78,687.716,569.025],"Rotation":0},{"Text":"Chi","TextBB":[668.273,570.275,687.716,581.519],"Rotation":0},{"Text":"65","TextBB":[437.247,537.442,449.742,548.687],"Rotation":0},{"Text":"60","TextBB":[437.247,580.895,449.742,592.14],"Rotation":0},{"Text":"1000","TextBB":[374.147,593.389,399.139,604.634],"Rotation":0},{"Text":"20","TextBB":[462.168,593.736,474.664,604.981],"Rotation":0},{"Text":"50","TextBB":[525.341,593.736,537.837,604.981],"Rotation":0},{"Text":"100","TextBB":[569.979,593.389,588.722,604.634],"Rotation":0},{"Text":"200","TextBB":[617.74,593.736,636.484,604.981],"Rotation":0},{"Text":"number","TextBB":[549.857,604.634,592.205,615.879],"Rotation":0},{"Text":"of","TextBB":[595.329,604.634,605.738,615.879],"Rotation":0},{"Text":"features","TextBB":[608.862,604.634,651.884,615.879],"Rotation":0},{"Text":"500","TextBB":[680.843,593.736,699.587,604.981],"Rotation":0},{"Text":"1000","TextBB":[725.481,593.389,750.472,604.634],"Rotation":0}],"Mention":["To demonstrate that the siren effect is not peculiar to IG, \nwe also present the results for CHI and its variants in \nFigure 5 likewise. The Round-Robin variant again \ndominates in protecting either classifier from the siren \neffect.  Rand-Robin proved weaker paired with CHI. \n"],"Page":8,"Number":5,"Type":"Figure","CaptionBB":[266,623,559,639],"Height":1100,"Width":850,"DPI":100,"ImageBB":[74,382,752,616]}