{"Type":"Figure",
"Number": 5,
"Page": 6,
"DPI": 100,
"Width": 850,
"Height": 1100,
"CaptionBB": [73,722,412,777],
"Caption": "Figure 5: Example timelines for identification and tracking of ob- jects in a continuous video sequence using different methods for controlling the fovea: fixed (top), random (middle), and our inter- est driven method (bottom). ",
"ImageBB": [79,451,411,706],
"ImageText" : [
{"Rotation": 0,"TextBB": [94.281,463.845,104.963,469.975], "Text": "cup"},
	{"Rotation": 0,"TextBB": [86.9358,476.699,104.987,482.829], "Text": "laptop"},
	{"Rotation": 0,"TextBB": [92.0854,489.553,104.974,495.682], "Text": "mug"},
	{"Rotation": 0,"TextBB": [81.0278,502.407,104.956,508.536], "Text": "scissors"},
	{"Rotation": 0,"TextBB": [105.019,520.81,108.704,526.939], "Text": "0"},
	{"Rotation": 0,"TextBB": [132.883,520.81,140.252,526.939], "Text": "50"},
	{"Rotation": 0,"TextBB": [160.746,520.81,171.8,526.939], "Text": "100"},
	{"Rotation": 0,"TextBB": [190.446,520.81,201.499,526.939], "Text": "150"},
	{"Rotation": 0,"TextBB": [220.146,520.81,231.199,526.939], "Text": "200"},
	{"Rotation": 0,"TextBB": [249.846,520.81,260.899,526.939], "Text": "250"},
	{"Rotation": 0,"TextBB": [279.546,520.81,290.599,526.939], "Text": "300"},
	{"Rotation": 0,"TextBB": [309.246,520.81,320.299,526.939], "Text": "350"},
	{"Rotation": 0,"TextBB": [338.946,520.81,349.999,526.939], "Text": "400"},
	{"Rotation": 0,"TextBB": [368.645,520.81,379.699,526.939], "Text": "450"},
	{"Rotation": 0,"TextBB": [398.345,520.81,409.398,526.939], "Text": "500"},
	{"Rotation": 0,"TextBB": [94.281,548.793,104.963,554.923], "Text": "cup"},
	{"Rotation": 0,"TextBB": [86.9358,561.647,104.987,567.777], "Text": "laptop"},
	{"Rotation": 0,"TextBB": [92.0854,574.541,104.974,580.67], "Text": "mug"},
	{"Rotation": 0,"TextBB": [81.0278,587.395,104.956,593.524], "Text": "scissors"},
	{"Rotation": 0,"TextBB": [105.019,605.797,108.704,611.927], "Text": "0"},
	{"Rotation": 0,"TextBB": [132.883,605.797,140.252,611.927], "Text": "50"},
	{"Rotation": 0,"TextBB": [160.746,605.797,171.8,611.927], "Text": "100"},
	{"Rotation": 0,"TextBB": [190.446,605.797,201.499,611.927], "Text": "150"},
	{"Rotation": 0,"TextBB": [220.146,605.797,231.199,611.927], "Text": "200"},
	{"Rotation": 0,"TextBB": [249.846,605.797,260.899,611.927], "Text": "250"},
	{"Rotation": 0,"TextBB": [279.546,605.797,290.599,611.927], "Text": "300"},
	{"Rotation": 0,"TextBB": [309.246,605.797,320.299,611.927], "Text": "350"},
	{"Rotation": 0,"TextBB": [338.946,605.797,349.999,611.927], "Text": "400"},
	{"Rotation": 0,"TextBB": [368.645,605.797,379.699,611.927], "Text": "450"},
	{"Rotation": 0,"TextBB": [398.345,605.797,409.398,611.927], "Text": "500"},
	{"Rotation": 0,"TextBB": [94.281,633.781,104.963,639.91], "Text": "cup"},
	{"Rotation": 0,"TextBB": [86.9358,646.635,104.987,652.764], "Text": "laptop"},
	{"Rotation": 0,"TextBB": [92.0854,659.489,104.974,665.618], "Text": "mug"},
	{"Rotation": 0,"TextBB": [81.0278,672.343,104.956,678.472], "Text": "scissors"},
	{"Rotation": 0,"TextBB": [105.019,690.746,108.704,696.875], "Text": "0"},
	{"Rotation": 0,"TextBB": [132.883,690.746,140.252,696.875], "Text": "50"},
	{"Rotation": 0,"TextBB": [160.746,690.746,171.8,696.875], "Text": "100"},
	{"Rotation": 0,"TextBB": [190.446,690.746,201.499,696.875], "Text": "150"},
	{"Rotation": 0,"TextBB": [220.146,690.746,231.199,696.875], "Text": "200"},
	{"Rotation": 0,"TextBB": [249.846,690.746,260.899,696.875], "Text": "250"},
	{"Rotation": 0,"TextBB": [279.546,690.746,290.599,696.875], "Text": "300"},
	{"Rotation": 0,"TextBB": [234.757,698.929,251.694,705.059], "Text": "frame"},
	{"Rotation": 0,"TextBB": [253.536,698.929,276,705.059], "Text": "number"},
	{"Rotation": 0,"TextBB": [309.246,690.746,320.299,696.875], "Text": "350"},
	{"Rotation": 0,"TextBB": [338.946,690.746,349.999,696.875], "Text": "400"},
	{"Rotation": 0,"TextBB": [368.645,690.746,379.699,696.875], "Text": "450"},
	{"Rotation": 0,"TextBB": [398.345,690.746,409.398,696.875], "Text": "500"}
]}
