{"Caption":"Figure 9. Performance evaluation of learned policy. (a) Step-wise improvement in recognition accuracy. (b) Step- wise entropy reduction. (c) Number of actions required to attain task goal (entropy threshold). (d) Recognition accuracy with respect to individual objects. ","ImageText":[{"Text":"100","TextBB":[502.146,104.114,511.59,109.351],"Rotation":0},{"Text":"90","TextBB":[505.307,119.637,511.603,124.875],"Rotation":0},{"Text":"accuracy","TextBB":[491.018,157.996,499.398,194.243],"Rotation":3},{"Text":"70","TextBB":[505.307,150.779,511.603,156.017],"Rotation":0},{"Text":"50","TextBB":[505.307,181.873,511.603,187.111],"Rotation":0},{"Text":"30","TextBB":[505.307,213.015,511.603,218.253],"Rotation":0},{"Text":"10","TextBB":[505.307,244.157,511.603,249.394],"Rotation":0},{"Text":"1","TextBB":[511.676,248.922,514.825,254.16],"Rotation":0},{"Text":"2","TextBB":[572.686,248.922,575.834,254.16],"Rotation":0},{"Text":"(a)","TextBB":[460.248,254.973,477.89,268.81],"Rotation":0},{"Text":"3","TextBB":[633.696,248.922,636.844,254.16],"Rotation":0},{"Text":"4","TextBB":[694.706,248.922,697.854,254.16],"Rotation":0},{"Text":"3","TextBB":[634.101,383.416,637.265,388.679],"Rotation":0},{"Text":"4","TextBB":[695.168,383.416,698.331,388.679],"Rotation":0},{"Text":"steps","TextBB":[593.872,255.731,615.524,264.111],"Rotation":0},{"Text":"2.5","TextBB":[504.097,278.019,512.006,283.282],"Rotation":0},{"Text":"1","TextBB":[508.839,338.375,512.002,343.637],"Rotation":0},{"Text":"0.5","TextBB":[504.097,358.477,512.006,363.74],"Rotation":0},{"Text":"0","TextBB":[508.839,378.627,512.002,383.89],"Rotation":0},{"Text":"(b)","TextBB":[459.862,388.597,478.28,402.434],"Rotation":0},{"Text":"1","TextBB":[512.062,383.416,515.226,388.679],"Rotation":0},{"Text":"2","TextBB":[573.082,383.416,576.245,388.679],"Rotation":0},{"Text":"steps","TextBB":[594.275,390.258,616.031,398.679],"Rotation":0},{"Text":"(c)","TextBB":[460.625,473.122,477.506,486.959],"Rotation":0},{"Text":"3","TextBB":[509.442,408.491,511.686,412.224],"Rotation":0},{"Text":"2","TextBB":[509.442,438.594,511.686,442.327],"Rotation":0},{"Text":"1","TextBB":[509.442,468.73,511.686,472.463],"Rotation":0},{"Text":"0","TextBB":[511.729,472.126,513.973,475.859],"Rotation":0},{"Text":"200","TextBB":[527.772,472.126,534.504,475.859],"Rotation":0},{"Text":"400","TextBB":[546.069,472.126,552.802,475.859],"Rotation":0},{"Text":"600","TextBB":[564.4,472.126,571.132,475.859],"Rotation":0},{"Text":"800","TextBB":[582.697,472.126,589.429,475.859],"Rotation":0},{"Text":"1000","TextBB":[599.918,472.126,608.894,475.859],"Rotation":0},{"Text":"1200","TextBB":[618.214,472.126,627.19,475.859],"Rotation":0},{"Text":"1400","TextBB":[636.511,472.126,645.487,475.859],"Rotation":0},{"Text":"1600","TextBB":[654.842,472.126,663.818,475.859],"Rotation":0},{"Text":"1800","TextBB":[673.139,472.126,682.115,475.859],"Rotation":0},{"Text":"2000","TextBB":[691.469,472.126,700.446,475.859],"Rotation":0},{"Text":"trial","TextBB":[599.211,476.98,609.615,482.953],"Rotation":0},{"Text":"1","TextBB":[524.397,496.74,526.907,500.915],"Rotation":0},{"Text":"0.8","TextBB":[520.635,518.069,526.909,522.244],"Rotation":0},{"Text":"accuracy","TextBB":[511.763,537.251,518.444,566.147],"Rotation":3},{"Text":"1.5","TextBB":[504.097,318.225,512.006,323.487],"Rotation":0},{"Text":"number","TextBB":[502.29,451.127,507.517,470.282],"Rotation":3},{"Text":"of","TextBB":[502.29,444.843,507.517,449.556],"Rotation":3},{"Text":"steps","TextBB":[502.29,429.768,507.517,443.272],"Rotation":3},{"Text":"per","TextBB":[502.29,420.032,507.517,428.197],"Rotation":3},{"Text":"trial","TextBB":[502.29,409.358,507.517,418.461],"Rotation":3},{"Text":"avg.","TextBB":[492.915,338.056,501.336,355.261],"Rotation":3},{"Text":"entropy","TextBB":[492.915,305.167,501.336,335.526],"Rotation":3},{"Text":"2","TextBB":[508.839,298.122,512.002,303.385],"Rotation":0},{"Text":"0.6","TextBB":[520.635,539.434,526.909,543.609],"Rotation":0},{"Text":"0.4","TextBB":[520.635,560.762,526.909,564.937],"Rotation":0},{"Text":"0.2","TextBB":[520.635,582.128,526.909,586.304],"Rotation":0},{"Text":"0","TextBB":[524.397,603.494,526.907,607.669],"Rotation":0},{"Text":"(d)","TextBB":[479.55,609.485,497.967,623.322],"Rotation":0},{"Text":"1","TextBB":[526.954,607.292,529.464,611.468],"Rotation":0},{"Text":"2","TextBB":[534.967,607.292,537.476,611.468],"Rotation":0},{"Text":"3","TextBB":[543.017,607.292,545.526,611.468],"Rotation":0},{"Text":"4","TextBB":[551.029,607.292,553.539,611.468],"Rotation":0},{"Text":"5","TextBB":[559.078,607.292,561.587,611.468],"Rotation":0},{"Text":"6","TextBB":[567.09,607.292,569.6,611.468],"Rotation":0},{"Text":"7","TextBB":[575.14,607.292,577.65,611.468],"Rotation":0},{"Text":"8","TextBB":[583.19,607.292,585.7,611.468],"Rotation":0},{"Text":"9","TextBB":[591.203,607.292,593.712,611.468],"Rotation":0},{"Text":"10","TextBB":[598.011,607.292,603.031,611.468],"Rotation":0},{"Text":"11","TextBB":[606.022,607.292,611.042,611.468],"Rotation":0},{"Text":"12","TextBB":[614.072,607.292,619.092,611.468],"Rotation":0},{"Text":"13","TextBB":[622.085,607.292,627.104,611.468],"Rotation":0},{"Text":"14","TextBB":[630.135,607.292,635.154,611.468],"Rotation":0},{"Text":"15","TextBB":[638.185,607.292,643.204,611.468],"Rotation":0},{"Text":"16","TextBB":[646.196,607.292,651.215,611.468],"Rotation":0},{"Text":"17","TextBB":[654.246,607.292,659.265,611.468],"Rotation":0},{"Text":"18","TextBB":[662.258,607.292,667.278,611.468],"Rotation":0},{"Text":"19","TextBB":[670.308,607.292,675.328,611.468],"Rotation":0},{"Text":"20","TextBB":[678.358,607.292,683.378,611.468],"Rotation":0},{"Text":"object","TextBB":[594.889,612.721,614.158,619.402],"Rotation":0}],"Mention":["In the outdoor experiments, we decided to use a lo-\ncal descriptor, i.e., the SIFT descriptor (Sec. 2) due to\nits superior robustness to viewpoint, illumination and\nscale changes. The experimental results were obtained\nfrom the images of the TSG-20 database1 (Fig. 8a,\n20 objects and 2 views by approx. 30\u000E viewpoint\nchange), investigating up to 5 FOIs in each observa-\ntion sequence, associating to k = 20 codebook vectors\nto determine the recognition state, and deciding on\nthe next saccade action to integrate the information\nfrom successive image locations. Fig. 9a visualizes the\nprogress gained from the learning process in requir-\ning less actions to attain more informative recognition\nstates. Fig. 9b re\rects the corresponding learning pro-\n"],"Page":7,"Number":9,"Type":"Figure","CaptionBB":[425,638,752,713],"Height":1100,"Width":850,"DPI":100,"ImageBB":[459,102,703,625]}