{"Type":"Figure",
"Number": 3,
"Page": 6,
"DPI": 100,
"Width": 850,
"Height": 1100,
"CaptionBB": [173,375,519,389],
"Caption": "Figure 3: Using TL-Plan control knowledge as initial policies.",
"ImageBB": [182,250,661,368],
"ImageText" : [
{"Rotation": 0,"TextBB": [295.176,254.897,304.551,261.141], "Text": "SR"},
	{"Rotation": 0,"TextBB": [289.546,261.647,304.551,267.89], "Text": "AL/H"},
	{"Rotation": 0,"TextBB": [220.484,257.957,247.483,264.2], "Text": "TL-BW-b"},
	{"Rotation": 0,"TextBB": [249.359,257.957,254.611,264.2], "Text": "in"},
	{"Rotation": 0,"TextBB": [256.487,257.957,279.362,264.2], "Text": "BW(10)"},
	{"Rotation": 0,"TextBB": [460.288,254.829,469.664,261.073], "Text": "SR"},
	{"Rotation": 0,"TextBB": [454.658,261.579,469.663,267.822], "Text": "AL/H"},
	{"Rotation": 0,"TextBB": [385.596,257.957,412.595,264.2], "Text": "TL-BW-a"},
	{"Rotation": 0,"TextBB": [414.472,257.957,419.723,264.2], "Text": "in"},
	{"Rotation": 0,"TextBB": [421.6,257.957,444.475,264.2], "Text": "BW(10)"},
	{"Rotation": 0,"TextBB": [190.821,271.547,194.574,277.79], "Text": "1"},
	{"Rotation": 0,"TextBB": [355.933,274.719,359.686,280.962], "Text": "1"},
	{"Rotation": 0,"TextBB": [521.033,272.244,524.786,278.487], "Text": "1"},
	{"Rotation": 0,"TextBB": [185.192,285.429,194.574,291.672], "Text": "0.8"},
	{"Rotation": 0,"TextBB": [350.304,287.97,359.686,294.214], "Text": "0.9"},
	{"Rotation": 0,"TextBB": [515.404,285.991,524.786,292.235], "Text": "0.9"},
	{"Rotation": 0,"TextBB": [185.192,299.333,194.574,305.576], "Text": "0.6"},
	{"Rotation": 0,"TextBB": [350.304,301.223,359.686,307.467], "Text": "0.8"},
	{"Rotation": 0,"TextBB": [515.404,299.738,524.786,305.982], "Text": "0.8"},
	{"Rotation": 0,"TextBB": [185.192,313.215,194.574,319.458], "Text": "0.4"},
	{"Rotation": 0,"TextBB": [350.304,314.474,359.686,320.718], "Text": "0.7"},
	{"Rotation": 0,"TextBB": [515.404,313.486,524.786,319.729], "Text": "0.7"},
	{"Rotation": 0,"TextBB": [185.192,327.097,194.574,333.34], "Text": "0.2"},
	{"Rotation": 0,"TextBB": [350.304,327.727,359.686,333.971], "Text": "0.6"},
	{"Rotation": 0,"TextBB": [515.404,327.233,524.786,333.476], "Text": "0.6"},
	{"Rotation": 0,"TextBB": [190.821,340.979,194.574,347.222], "Text": "0"},
	{"Rotation": 0,"TextBB": [350.304,340.979,359.686,347.222], "Text": "0.5"},
	{"Rotation": 0,"TextBB": [196.747,347.729,200.5,353.972], "Text": "0"},
	{"Rotation": 0,"TextBB": [210.854,347.729,214.607,353.972], "Text": "1"},
	{"Rotation": 0,"TextBB": [224.939,347.729,228.692,353.972], "Text": "2"},
	{"Rotation": 0,"TextBB": [239.046,347.729,242.799,353.972], "Text": "3"},
	{"Rotation": 0,"TextBB": [253.153,347.729,256.906,353.972], "Text": "4"},
	{"Rotation": 0,"TextBB": [267.238,347.729,270.99,353.972], "Text": "5"},
	{"Rotation": 0,"TextBB": [281.344,347.729,285.097,353.972], "Text": "6"},
	{"Rotation": 0,"TextBB": [295.451,347.729,299.204,353.972], "Text": "7"},
	{"Rotation": 0,"TextBB": [309.536,347.729,313.289,353.972], "Text": "8"},
	{"Rotation": 0,"TextBB": [323.643,347.729,327.396,353.972], "Text": "9"},
	{"Rotation": 0,"TextBB": [250.068,357.854,274.077,364.097], "Text": "iteration"},
	{"Rotation": 0,"TextBB": [184.512,358.322,195.235,367.039], "Text": "(a)"},
	{"Rotation": 0,"TextBB": [623.273,253.007,632.649,259.251], "Text": "SR"},
	{"Rotation": 0,"TextBB": [608.646,259.756,632.648,266], "Text": "AL(S)/H"},
	{"Rotation": 0,"TextBB": [542.593,257.957,562.843,264.2], "Text": "TL-LW"},
	{"Rotation": 0,"TextBB": [564.719,257.957,569.97,264.2], "Text": "in"},
	{"Rotation": 0,"TextBB": [571.847,257.957,601.478,264.2], "Text": "LW(4,6,4)"},
	{"Rotation": 0,"TextBB": [515.404,340.98,524.786,347.224], "Text": "0.5"},
	{"Rotation": 0,"TextBB": [361.86,347.729,365.613,353.972], "Text": "0"},
	{"Rotation": 0,"TextBB": [375.967,347.729,379.72,353.972], "Text": "1"},
	{"Rotation": 0,"TextBB": [390.051,347.729,393.804,353.972], "Text": "2"},
	{"Rotation": 0,"TextBB": [404.158,347.729,407.911,353.972], "Text": "3"},
	{"Rotation": 0,"TextBB": [418.265,347.729,422.018,353.972], "Text": "4"},
	{"Rotation": 0,"TextBB": [432.35,347.729,436.103,353.972], "Text": "5"},
	{"Rotation": 0,"TextBB": [446.457,347.729,450.21,353.972], "Text": "6"},
	{"Rotation": 0,"TextBB": [460.564,347.729,464.317,353.972], "Text": "7"},
	{"Rotation": 0,"TextBB": [474.649,347.729,478.401,353.972], "Text": "8"},
	{"Rotation": 0,"TextBB": [488.756,347.729,492.508,353.972], "Text": "9"},
	{"Rotation": 0,"TextBB": [415.181,357.854,439.19,364.097], "Text": "iteration"},
	{"Rotation": 0,"TextBB": [351.147,358.322,362.412,367.039], "Text": "(b)"},
	{"Rotation": 0,"TextBB": [526.96,347.729,530.713,353.972], "Text": "0"},
	{"Rotation": 0,"TextBB": [552.339,347.729,556.092,353.972], "Text": "2"},
	{"Rotation": 0,"TextBB": [577.718,347.729,581.471,353.972], "Text": "4"},
	{"Rotation": 0,"TextBB": [603.097,347.729,606.85,353.972], "Text": "6"},
	{"Rotation": 0,"TextBB": [628.476,347.729,632.229,353.972], "Text": "8"},
	{"Rotation": 0,"TextBB": [651.979,347.729,659.485,353.972], "Text": "10"},
	{"Rotation": 0,"TextBB": [580.281,357.854,604.29,364.097], "Text": "iteration"},
	{"Rotation": 0,"TextBB": [517.788,358.322,528.51,367.039], "Text": "(c)"}
]}
