{"Caption":"Figure 7: The actual contact discovery ratio compared to the estimated contact discovery ratio for both scenarios, MF and RWP, when wake-up intervals vary. Figure 7(c) is drawn when wl is 1024 seconds, and Figure 7(d) is drawn when wh is 64 seconds. ","ImageText":[{"Text":"0.4","TextBB":[94.7722,154.564,103.527,160.39],"Rotation":0},{"Text":"0.2","TextBB":[94.7722,173.669,103.527,179.495],"Rotation":0},{"Text":"0","TextBB":[100.021,192.803,103.523,198.629],"Rotation":0},{"Text":"0","TextBB":[102.699,197.211,106.201,203.037],"Rotation":0},{"Text":"200","TextBB":[126.476,197.211,136.982,203.037],"Rotation":0},{"Text":"400","TextBB":[153.797,197.211,164.303,203.037],"Rotation":0},{"Text":"600","TextBB":[181.118,197.211,191.624,203.037],"Rotation":0},{"Text":"h","TextBB":[167.365,202.971,170.167,207.632],"Rotation":0},{"Text":"w","TextBB":[162.825,205.216,167.373,211.043],"Rotation":0},{"Text":"(sec)","TextBB":[171.898,205.216,185.894,211.043],"Rotation":0},{"Text":"800","TextBB":[208.439,197.211,218.945,203.037],"Rotation":0},{"Text":"1000","TextBB":[234.028,197.211,248.036,203.037],"Rotation":0},{"Text":"(a)","TextBB":[147.167,231.745,161.014,242.952],"Rotation":0},{"Text":"PSM","TextBB":[164.202,231.745,189.22,242.952],"Rotation":0},{"Text":"0.6","TextBB":[263.939,135.43,272.694,141.257],"Rotation":0},{"Text":"0.4","TextBB":[263.939,154.564,272.694,160.39],"Rotation":0},{"Text":"0.2","TextBB":[263.939,173.669,272.694,179.495],"Rotation":0},{"Text":"0","TextBB":[269.188,192.803,272.69,198.629],"Rotation":0},{"Text":"0","TextBB":[271.865,197.211,275.367,203.037],"Rotation":0},{"Text":"200","TextBB":[295.643,197.211,306.149,203.037],"Rotation":0},{"Text":"400","TextBB":[322.964,197.211,333.47,203.037],"Rotation":0},{"Text":"600","TextBB":[350.285,197.211,360.791,203.037],"Rotation":0},{"Text":"l","TextBB":[337.372,202.971,338.491,207.632],"Rotation":0},{"Text":"w","TextBB":[332.832,205.216,337.38,211.043],"Rotation":0},{"Text":"(sec)","TextBB":[340.225,205.216,354.22,211.043],"Rotation":0},{"Text":"800","TextBB":[377.606,197.211,388.112,203.037],"Rotation":0},{"Text":"1","TextBB":[607.354,97.2179,610.856,103.044],"Rotation":0},{"Text":"Contact","TextBB":[594.722,152.655,600.548,174.36],"Rotation":3},{"Text":"discovery","TextBB":[594.722,124.305,600.548,150.904],"Rotation":3},{"Text":"ratio","TextBB":[594.722,110.303,600.548,122.554],"Rotation":3},{"Text":"0.6","TextBB":[94.7722,135.43,103.527,141.257],"Rotation":0},{"Text":"0.8","TextBB":[263.939,116.325,272.694,122.151],"Rotation":0},{"Text":"1","TextBB":[438.188,97.2179,441.69,103.044],"Rotation":0},{"Text":"Contact","TextBB":[425.555,152.655,431.382,174.36],"Rotation":3},{"Text":"discovery","TextBB":[425.555,124.305,431.382,150.904],"Rotation":3},{"Text":"ratio","TextBB":[425.555,110.303,431.382,122.554],"Rotation":3},{"Text":"Contact","TextBB":[87.3887,152.655,93.2149,174.36],"Rotation":3},{"Text":"discovery","TextBB":[87.3887,124.305,93.2149,150.904],"Rotation":3},{"Text":"ratio","TextBB":[87.3887,110.303,93.2149,122.554],"Rotation":3},{"Text":"0.8","TextBB":[94.7722,116.325,103.527,122.151],"Rotation":0},{"Text":"RWP:SPSM−model","TextBB":[322.281,93.8595,377.406,99.6857],"Rotation":0},{"Text":"RWP:SPSM","TextBB":[322.281,101.365,356.577,107.191],"Rotation":0},{"Text":"MF:SPSM−model","TextBB":[322.281,108.844,371.807,114.67],"Rotation":0},{"Text":"MF:SPSM","TextBB":[322.281,116.351,350.977,122.177],"Rotation":0},{"Text":"1","TextBB":[269.188,97.2179,272.69,103.044],"Rotation":0},{"Text":"Contact","TextBB":[256.555,152.655,262.382,174.36],"Rotation":3},{"Text":"discovery","TextBB":[256.555,124.305,262.382,150.904],"Rotation":3},{"Text":"ratio","TextBB":[256.555,110.303,262.382,122.554],"Rotation":3},{"Text":"RWP:PSM−model","TextBB":[190.172,93.8595,241.097,99.6857],"Rotation":0},{"Text":"RWP:PSM","TextBB":[190.172,101.365,220.267,107.191],"Rotation":0},{"Text":"MF:PSM−model","TextBB":[190.172,108.844,235.497,114.67],"Rotation":0},{"Text":"MF:PSM","TextBB":[190.172,116.351,214.668,122.177],"Rotation":0},{"Text":"1","TextBB":[100.021,97.2179,103.523,103.044],"Rotation":0},{"Text":"0.8","TextBB":[432.939,116.325,441.694,122.151],"Rotation":0},{"Text":"RWP:GPSM−model","TextBB":[490.914,128.896,546.738,134.722],"Rotation":0},{"Text":"RWP:GPSM","TextBB":[490.914,136.403,525.909,142.229],"Rotation":0},{"Text":"MF:GPSM−model","TextBB":[490.914,143.882,541.139,149.708],"Rotation":0},{"Text":"MF:GPSM","TextBB":[490.914,151.387,520.31,157.213],"Rotation":0},{"Text":"0.6","TextBB":[432.939,135.43,441.694,141.257],"Rotation":0},{"Text":"0.4","TextBB":[432.939,154.564,441.694,160.39],"Rotation":0},{"Text":"0.2","TextBB":[432.939,173.669,441.694,179.495],"Rotation":0},{"Text":"1000","TextBB":[403.194,197.211,417.203,203.037],"Rotation":0},{"Text":"0","TextBB":[438.188,192.803,441.69,198.629],"Rotation":0},{"Text":"0","TextBB":[440.865,197.211,444.367,203.037],"Rotation":0},{"Text":"200","TextBB":[464.643,197.211,475.149,203.037],"Rotation":0},{"Text":"400","TextBB":[491.964,197.211,502.47,203.037],"Rotation":0},{"Text":"600","TextBB":[519.285,197.211,529.791,203.037],"Rotation":0},{"Text":"h","TextBB":[505.532,202.971,508.334,207.632],"Rotation":0},{"Text":"w","TextBB":[500.992,205.216,505.539,211.043],"Rotation":0},{"Text":"(sec)","TextBB":[510.065,205.216,524.06,211.043],"Rotation":0},{"Text":"800","TextBB":[546.606,197.211,557.112,203.037],"Rotation":0},{"Text":"1000","TextBB":[572.194,197.211,586.202,203.037],"Rotation":0},{"Text":"(c)","TextBB":[468.833,231.745,482.681,242.952],"Rotation":0},{"Text":"GPSM(w","TextBB":[485.694,231.745,533.015,242.952],"Rotation":0},{"Text":"h","TextBB":[533.333,228.972,539.361,237.823],"Rotation":0},{"Text":")","TextBB":[540,231.745,544.147,242.952],"Rotation":0},{"Text":"(b)","TextBB":[312.5,231.745,327.02,242.952],"Rotation":0},{"Text":"SPSM","TextBB":[330.208,231.745,362.236,242.952],"Rotation":0},{"Text":"0.8","TextBB":[602.106,116.325,610.861,122.151],"Rotation":0},{"Text":"0.6","TextBB":[602.106,135.43,610.861,141.257],"Rotation":0},{"Text":"0.4","TextBB":[602.106,154.564,610.861,160.39],"Rotation":0},{"Text":"RWP:GPSM−model","TextBB":[660.081,163.933,715.905,169.759],"Rotation":0},{"Text":"RWP:GPSM","TextBB":[660.081,171.439,695.076,177.265],"Rotation":0},{"Text":"MF:GPSM−model","TextBB":[660.081,178.919,710.306,184.745],"Rotation":0},{"Text":"MF:GPSM","TextBB":[660.081,186.425,689.476,192.251],"Rotation":0},{"Text":"0.2","TextBB":[602.106,173.669,610.861,179.495],"Rotation":0},{"Text":"0","TextBB":[607.354,192.803,610.856,198.629],"Rotation":0},{"Text":"0","TextBB":[610.032,197.211,613.534,203.037],"Rotation":0},{"Text":"200","TextBB":[633.81,197.211,644.316,203.037],"Rotation":0},{"Text":"400","TextBB":[661.131,197.211,671.637,203.037],"Rotation":0},{"Text":"600","TextBB":[688.451,197.211,698.958,203.037],"Rotation":0},{"Text":"l","TextBB":[675.539,202.971,676.658,207.632],"Rotation":0},{"Text":"w","TextBB":[670.999,205.216,675.546,211.043],"Rotation":0},{"Text":"(sec)","TextBB":[678.391,205.216,692.387,211.043],"Rotation":0},{"Text":"800","TextBB":[715.772,197.211,726.278,203.037],"Rotation":0},{"Text":"1000","TextBB":[741.361,197.211,755.369,203.037],"Rotation":0},{"Text":"(d)","TextBB":[638.833,231.745,653.341,242.952],"Rotation":0},{"Text":"GPSM(w","TextBB":[656.529,231.745,703.849,242.952],"Rotation":0},{"Text":"l","TextBB":[704.167,228.972,707.504,237.823],"Rotation":0},{"Text":")","TextBB":[708.167,231.745,712.313,242.952],"Rotation":0}],"Mention":["and MF scenarios as indicated. Each scenario has a pair of nodes\nin a deployment area and each simulation runs for 500 simulation\nhours. As Figure 7 shows, our estimation could predict the contact\ndiscovery ratio close to the simulation results. GPSM tends to have\nmore error than other mechanisms due to its complexity, while its\nestimation is still close to the simulated results. These graphs are\nrepresentative for other pairs of wake-up intervals in our evaluation.\n","when wake-up intervals vary. Figure 7(c) is drawn when wl\n","is 1024 seconds, and Figure 7(d) is drawn when wh\n"],"Page":7,"Number":7,"Type":"Figure","CaptionBB":[73,260,772,289],"Height":1100,"Width":850,"DPI":100,"ImageBB":[85,89,758,245]}