{"Caption":"Figure 6. Increasing Density","ImageText":[{"Text":"#","TextBB":[190.082,331.46,196.343,335.927],"Rotation":3},{"Text":"Transmissions","TextBB":[190.082,288.101,196.343,329.697],"Rotation":3},{"Text":"6100","TextBB":[198.139,266.988,209.765,271.955],"Rotation":0},{"Text":"6050","TextBB":[198.139,288.176,209.765,293.143],"Rotation":0},{"Text":"6000","TextBB":[198.139,309.364,209.765,314.331],"Rotation":0},{"Text":"5950","TextBB":[198.139,330.552,209.765,335.519],"Rotation":0},{"Text":"5900","TextBB":[198.139,351.741,209.765,356.707],"Rotation":0},{"Text":"49","TextBB":[227.1,358.016,232.913,362.983],"Rotation":0},{"Text":"85","TextBB":[260.639,358.016,266.452,362.983],"Rotation":0},{"Text":"127","TextBB":[292.738,358.016,301.457,362.983],"Rotation":0},{"Text":"169","TextBB":[326.276,358.016,334.996,362.983],"Rotation":0},{"Text":"Number","TextBB":[255.169,365.064,278.239,371.325],"Rotation":0},{"Text":"of","TextBB":[280.002,365.064,285.717,371.325],"Rotation":0},{"Text":"Nodes","TextBB":[287.479,365.064,305.463,371.325],"Rotation":0},{"Text":"(a)","TextBB":[202.71,401.855,214.997,411.751],"Rotation":0},{"Text":"Number","TextBB":[219.568,401.855,255.843,411.751],"Rotation":0},{"Text":"of","TextBB":[258.61,401.855,267.831,411.751],"Rotation":0},{"Text":"Transmissions","TextBB":[270.599,401.855,334.17,411.751],"Rotation":0},{"Text":"51.8","TextBB":[198.11,440.246,208.162,445.143],"Rotation":0},{"Text":"Latency","TextBB":[190.082,483.181,196.343,505.731],"Rotation":3},{"Text":"(sec)","TextBB":[190.082,466.315,196.343,481.419],"Rotation":3},{"Text":"51.6","TextBB":[198.11,457.519,208.162,462.416],"Rotation":0},{"Text":"51.4","TextBB":[198.11,474.792,208.162,479.689],"Rotation":0},{"Text":"51.2","TextBB":[198.11,492.037,208.162,496.934],"Rotation":0},{"Text":"51","TextBB":[202.429,509.31,208.16,514.207],"Rotation":0},{"Text":"50.8","TextBB":[198.11,526.583,208.162,531.48],"Rotation":0},{"Text":"49","TextBB":[225.546,532.225,231.277,537.122],"Rotation":0},{"Text":"85","TextBB":[259.545,532.225,265.276,537.122],"Rotation":0},{"Text":"127","TextBB":[292.133,532.225,300.73,537.122],"Rotation":0},{"Text":"169","TextBB":[326.132,532.225,334.729,537.122],"Rotation":0},{"Text":"Number","TextBB":[254.277,538.754,277.347,545.015],"Rotation":0},{"Text":"of","TextBB":[279.109,538.754,284.824,545.015],"Rotation":0},{"Text":"Nodes","TextBB":[286.587,538.754,304.571,545.015],"Rotation":0},{"Text":"(b)","TextBB":[241.957,575.545,254.864,585.441],"Rotation":0},{"Text":"Latency","TextBB":[259.436,575.545,294.924,585.441],"Rotation":0}],"Mention":["As we increase the number of nodes by increas-\ning the density, the size of the CDS and the num-\nber of hops still remain the same. In other words,\nthe new nodes are added to the existing clusters.\nThese nodes receive data by overhearing the broad-\ncast packets sent by the CDS nodes. Hence, as\nshown in Figure 6(a) and 6(b), both the number of\npacket transmissions and the latency are constant.\n"],"Page":8,"Number":6,"Type":"Figure","CaptionBB":[174,605,361,620],"Height":1100,"Width":850,"DPI":100,"ImageBB":[185,262,352,588]}