{"Caption":"Table 1: Abstract Model Parameters","ImageText":[{"Text":"Parameter","TextBB":[452.051,100.777,507.941,113.355],"Rotation":0},{"Text":"P","TextBB":[452.053,113.099,460.936,131.088],"Rotation":0},{"Text":":","TextBB":[466.701,113.099,470.548,131.088],"Rotation":0},{"Text":"Ω","TextBB":[474.398,113.099,484.388,131.088],"Rotation":0},{"Text":"→","TextBB":[488.225,113.099,502.063,131.088],"Rotation":0},{"Text":"[0,","TextBB":[505.906,113.099,520.515,131.088],"Rotation":0},{"Text":"100]","TextBB":[522.818,113.099,547.421,131.088],"Rotation":0},{"Text":"C","TextBB":[452.053,128.32,461.947,146.309],"Rotation":0},{"Text":":","TextBB":[466.774,128.32,470.621,146.309],"Rotation":0},{"Text":"Ω","TextBB":[474.471,128.32,484.462,146.309],"Rotation":0},{"Text":"→","TextBB":[488.299,128.32,502.136,146.309],"Rotation":0},{"Text":"[−1,","TextBB":[505.979,128.32,531.351,146.309],"Rotation":0},{"Text":"1]","TextBB":[533.654,128.32,544.419,146.309],"Rotation":0},{"Text":"T","TextBB":[452.053,143.541,460.134,161.53],"Rotation":0},{"Text":":","TextBB":[465.904,143.541,469.751,161.53],"Rotation":0},{"Text":"Ω","TextBB":[473.587,143.541,483.577,161.53],"Rotation":0},{"Text":"→","TextBB":[487.428,143.541,501.266,161.53],"Rotation":0},{"Text":"[0,","TextBB":[505.109,143.541,519.718,161.53],"Rotation":0},{"Text":"1]","TextBB":[522.021,143.541,532.786,161.53],"Rotation":0},{"Text":"S","TextBB":[452.053,158.763,460.535,176.751],"Rotation":0},{"Text":"P","TextBB":[460.537,167.337,467.579,177.372],"Rotation":0},{"Text":":","TextBB":[473.607,158.761,477.454,176.75],"Rotation":0},{"Text":"(1,","TextBB":[481.303,158.761,497.439,176.75],"Rotation":0},{"Text":"∞)","TextBB":[499.743,158.761,518.964,176.75],"Rotation":0},{"Text":"S","TextBB":[452.054,173.983,460.536,191.971],"Rotation":0},{"Text":"C","TextBB":[460.537,182.558,468.47,192.593],"Rotation":0},{"Text":":","TextBB":[473.688,173.982,477.534,191.971],"Rotation":0},{"Text":"(1,","TextBB":[481.384,173.982,497.52,191.971],"Rotation":0},{"Text":"∞)","TextBB":[499.822,173.982,519.043,191.971],"Rotation":0},{"Text":"Meaning","TextBB":[564.024,100.777,613.217,113.355],"Rotation":0},{"Text":"Approximates","TextBB":[564.02,116.544,642.424,129.123],"Rotation":0},{"Text":"payoff","TextBB":[645.883,116.544,681.653,129.123],"Rotation":0},{"Text":"function.","TextBB":[685.112,116.544,734.692,129.123],"Rotation":0},{"Text":"Degree","TextBB":[564.02,131.766,603.762,144.344],"Rotation":0},{"Text":"of","TextBB":[607.221,131.766,618.748,144.344],"Rotation":0},{"Text":"control","TextBB":[622.207,131.766,661.409,144.344],"Rotation":0},{"Text":"player","TextBB":[664.868,131.766,699.448,144.344],"Rotation":0},{"Text":"has.","TextBB":[702.907,131.766,724.812,144.344],"Rotation":0},{"Text":"Probability","TextBB":[564.02,146.987,625.528,159.565],"Rotation":0},{"Text":"that","TextBB":[628.987,146.987,649.744,159.565],"Rotation":0},{"Text":"state","TextBB":[653.203,146.987,678.567,159.565],"Rotation":0},{"Text":"is","TextBB":[682.026,146.987,691.256,159.565],"Rotation":0},{"Text":"terminal.","TextBB":[694.715,146.987,744.295,159.565],"Rotation":0},{"Text":"Stability","TextBB":[564.021,162.207,610.93,174.785],"Rotation":0},{"Text":"of","TextBB":[614.39,162.207,625.916,174.785],"Rotation":0},{"Text":"P.","TextBB":[629.376,162.207,638.993,174.785],"Rotation":0},{"Text":"Stability","TextBB":[564.02,177.428,610.929,190.006],"Rotation":0},{"Text":"of","TextBB":[614.389,177.428,625.915,190.006],"Rotation":0},{"Text":"C.","TextBB":[629.375,177.428,642.064,190.006],"Rotation":0}],"Mention":["the stability of the primitive features were computed in the\nprevious section.\nThe result of running the analyzer on cylinder checkers\nfor red for 10 minutes is as follows. Although the analy-\nsis program prints the features in terms of GDL syntax, we\npresent the features here in their English translations for im-\nproved readability.\nPayoff = 50 + 10 (# total red - # total black)\nControl =\n0.087 (# red kings - # black kings)\n+0.042 (# red pieces - # black pieces)\nTerminal = -0.002 (# steps before we reach step 50) + 0.083\nPayoff Stability = 0.341, Control Stability = 0.659\nGiven the values for the parameters in Table 1, the ex-\npected outcome v of the lottery follows directly according\nto probability calculus:\n"],"Page":3,"Number":1,"Type":"Table","CaptionBB":[507,87,709,102],"Height":1100,"Width":850,"DPI":100,"ImageBB":[442,101,755,193]}