{"Type":"Figure",
"Number": 3,
"Page": 7,
"DPI": 100,
"Width": 850,
"Height": 1100,
"CaptionBB": [173,571,675,592],
"Caption": "Figure 3: Monte Carlo summary statistics: (a) means of the distributions of optimality ratio (in",
"ImageBB": [194,394,638,572],
"ImageText" : [
{"Rotation": 0,"TextBB": [212.285,397.488,215.139,402.554], "Text": "1"},
	{"Rotation": 0,"TextBB": [452.347,397.53,455.202,402.596], "Text": "1"},
	{"Rotation": 0,"TextBB": [448.068,411.376,455.204,416.441], "Text": "0.9"},
	{"Rotation": 0,"TextBB": [205.139,414.837,215.129,419.903], "Text": "0.99"},
	{"Rotation": 0,"TextBB": [448.068,425.263,455.204,430.329], "Text": "0.8"},
	{"Rotation": 0,"TextBB": [448.068,439.109,455.204,444.175], "Text": "0.7"},
	{"Rotation": 0,"TextBB": [205.139,449.536,215.129,454.601], "Text": "0.97"},
	{"Rotation": 3,"TextBB": [439.602,455.619,445.763,482.31], "Text": "frequency"},
	{"Rotation": 3,"TextBB": [196.673,481.628,202.834,496.831], "Text": "mean"},
	{"Rotation": 3,"TextBB": [196.673,454.268,202.834,479.938], "Text": "optimality"},
	{"Rotation": 3,"TextBB": [196.673,440.756,202.834,452.579], "Text": "ratio"},
	{"Rotation": 0,"TextBB": [205.139,432.187,215.129,437.253], "Text": "0.98"},
	{"Rotation": 0,"TextBB": [205.139,466.884,215.129,471.95], "Text": "0.96"},
	{"Rotation": 0,"TextBB": [205.139,484.193,215.129,489.258], "Text": "0.95"},
	{"Rotation": 0,"TextBB": [448.068,452.997,455.204,458.062], "Text": "0.6"},
	{"Rotation": 0,"TextBB": [448.068,466.884,455.204,471.95], "Text": "0.5"},
	{"Rotation": 0,"TextBB": [448.068,480.73,455.204,485.796], "Text": "0.4"},
	{"Rotation": 0,"TextBB": [448.068,494.619,455.204,499.685], "Text": "0.3"},
	{"Rotation": 0,"TextBB": [205.139,501.541,215.129,506.607], "Text": "0.94"},
	{"Rotation": 0,"TextBB": [371.265,510.701,377.826,515.766], "Text": "ST"},
	{"Rotation": 0,"TextBB": [371.265,516.991,385.245,522.057], "Text": "SPCA"},
	{"Rotation": 0,"TextBB": [371.265,523.28,388.952,528.346], "Text": "DSPCA"},
	{"Rotation": 0,"TextBB": [371.265,529.57,389.239,534.636], "Text": "GSPCA"},
	{"Rotation": 0,"TextBB": [205.139,518.89,215.129,523.955], "Text": "0.93"},
	{"Rotation": 0,"TextBB": [205.139,536.198,215.129,541.264], "Text": "0.92"},
	{"Rotation": 0,"TextBB": [231.879,540.504,234.734,545.569], "Text": "2"},
	{"Rotation": 0,"TextBB": [254.168,540.504,257.023,545.569], "Text": "4"},
	{"Rotation": 0,"TextBB": [276.458,540.504,279.313,545.569], "Text": "6"},
	{"Rotation": 0,"TextBB": [298.706,540.504,301.56,545.569], "Text": "8"},
	{"Rotation": 0,"TextBB": [319.583,540.504,325.292,545.569], "Text": "10"},
	{"Rotation": 0,"TextBB": [341.874,540.504,347.583,545.569], "Text": "12"},
	{"Rotation": 0,"TextBB": [364.162,540.504,369.871,545.569], "Text": "14"},
	{"Rotation": 0,"TextBB": [386.41,540.504,392.119,545.569], "Text": "16"},
	{"Rotation": 0,"TextBB": [448.068,508.463,455.204,513.529], "Text": "0.2"},
	{"Rotation": 0,"TextBB": [611.328,510.701,617.889,515.766], "Text": "ST"},
	{"Rotation": 0,"TextBB": [611.328,516.991,625.307,522.057], "Text": "SPCA"},
	{"Rotation": 0,"TextBB": [611.328,523.28,629.014,528.346], "Text": "DSPCA"},
	{"Rotation": 0,"TextBB": [611.328,529.57,629.302,534.636], "Text": "GSPCA"},
	{"Rotation": 0,"TextBB": [448.068,522.352,455.204,527.418], "Text": "0.1"},
	{"Rotation": 0,"TextBB": [452.347,536.24,455.202,541.305], "Text": "0"},
	{"Rotation": 0,"TextBB": [471.942,540.504,474.796,545.569], "Text": "2"},
	{"Rotation": 0,"TextBB": [494.231,540.504,497.085,545.569], "Text": "4"},
	{"Rotation": 0,"TextBB": [516.521,540.504,519.375,545.569], "Text": "6"},
	{"Rotation": 0,"TextBB": [538.768,540.504,541.623,545.569], "Text": "8"},
	{"Rotation": 0,"TextBB": [559.646,540.504,565.355,545.569], "Text": "10"},
	{"Rotation": 0,"TextBB": [286.64,546.52,314.37,552.598], "Text": "cardinality"},
	{"Rotation": 0,"TextBB": [317.795,546.52,324.978,552.598], "Text": "(k)"},
	{"Rotation": 0,"TextBB": [526.703,546.52,554.432,552.598], "Text": "cardinality"},
	{"Rotation": 0,"TextBB": [557.857,546.52,565.041,552.598], "Text": "(k)"},
	{"Rotation": 0,"TextBB": [581.936,540.504,587.645,545.569], "Text": "12"},
	{"Rotation": 0,"TextBB": [604.225,540.504,609.934,545.569], "Text": "14"},
	{"Rotation": 0,"TextBB": [626.472,540.504,632.181,545.569], "Text": "16"}
]}
