{"Caption":"Figure 2: Left: plot of the asymptotic form of the EK (sc \/r)J1 (2πsc r) for D = 2 and ρ = 1225. Right: log-log plot of against log(ρ) for the OU and Matern-class processes (α = 2, 4 respectively). The dashed lines have gradients of −1\/2 and −3\/2 which are the predicted rates. ","ImageText":[{"Text":"α=2","TextBB":[530.344,121.871,546.855,134.032],"Rotation":0},{"Text":"0.5","TextBB":[441.453,124.558,454.425,133.19],"Rotation":0},{"Text":"0.03","TextBB":[203.851,152.408,212.376,156.46],"Rotation":0},{"Text":"0.025","TextBB":[201.406,164.599,212.366,168.651],"Rotation":0},{"Text":"ε","TextBB":[441.452,164.676,447.598,182.916],"Rotation":0},{"Text":"0.02","TextBB":[203.851,176.756,212.376,180.808],"Rotation":0},{"Text":"0.015","TextBB":[201.406,188.948,212.366,193],"Rotation":0},{"Text":"0.01","TextBB":[203.851,201.141,212.376,205.193],"Rotation":0},{"Text":"α=4","TextBB":[530.344,202.403,546.855,214.563],"Rotation":0},{"Text":"0.1","TextBB":[441.453,205.089,454.425,213.721],"Rotation":0},{"Text":"0.005","TextBB":[201.406,213.296,212.366,217.348],"Rotation":0},{"Text":"0","TextBB":[209.949,225.489,212.384,229.541],"Rotation":0},{"Text":"−0.005","TextBB":[198.851,237.681,212.37,241.733],"Rotation":0},{"Text":"1","TextBB":[209.693,242.902,212.129,246.954],"Rotation":0},{"Text":"0.05","TextBB":[436.437,239.775,454.598,248.407],"Rotation":0},{"Text":"1","TextBB":[415.358,252.648,417.794,256.7],"Rotation":0},{"Text":"0.5","TextBB":[227.287,252.685,233.376,256.737],"Rotation":0},{"Text":"0.5","TextBB":[387.725,260.131,393.814,264.183],"Rotation":0},{"Text":"0","TextBB":[252.147,262.431,254.583,266.483],"Rotation":0},{"Text":"0","TextBB":[360.054,267.616,362.49,271.668],"Rotation":0},{"Text":"−0.5","TextBB":[267.151,272.214,275.799,276.266],"Rotation":0},{"Text":"−0.5","TextBB":[332.385,275.135,341.032,279.187],"Rotation":0},{"Text":"−1","TextBB":[292.047,281.962,297.041,286.014],"Rotation":0},{"Text":"25","TextBB":[459.262,270.61,469.64,279.243],"Rotation":0},{"Text":"−1","TextBB":[304.75,282.619,309.744,286.671],"Rotation":0},{"Text":"50","TextBB":[515.879,270.61,526.257,279.243],"Rotation":0},{"Text":"100","TextBB":[564.758,270.61,580.325,279.243],"Rotation":0},{"Text":"ρ","TextBB":[596.138,268.733,603.824,286.973],"Rotation":0},{"Text":"250","TextBB":[616.397,270.61,631.964,279.243],"Rotation":0},{"Text":"500","TextBB":[652.989,270.61,668.555,279.243],"Rotation":0}],"Mention":["1 and J1=2(z) = (2=\u0019z)\nFigure 2(left) below.\n","\u0003\nof \u001A. To demonstrate the predicted power-law dependence of \u000F on log(\u001A), in Figure 2(right)\nwe make a log-log plot of \u000F against log(\u001A). The dashed lines show the gradients of \u00001=2\nand \u00003=2 and we observe good agreement between experimental and theoretical results\nfor large \u001A.\n"],"Page":7,"Number":2,"Type":"Figure","CaptionBB":[173,312,675,371],"Height":1100,"Width":850,"DPI":100,"ImageBB":[197,103,673,288]}