{"Caption":"              steps                       steps Figure 12: Best DSAs versus DBA on grids ✤✽✠❑✧ ; 2 colors ","ImageText":[{"Text":"1000","TextBB":[261.306,75.8534,275.294,81.6714],"Rotation":0},{"Text":"900","TextBB":[88.0163,77.0717,99.8553,83.6372],"Rotation":0},{"Text":"❏","TextBB":[88.6111,85.8889,88.6111,127.056],"Rotation":0},{"Text":"❍","TextBB":[251.111,86.4444,251.111,127.611],"Rotation":0},{"Text":"DSA-A","TextBB":[183.21,107.797,198.521,112.431],"Rotation":0},{"Text":"p=0.60","TextBB":[199.914,107.797,215.375,112.431],"Rotation":0},{"Text":"DSA-B","TextBB":[133.317,140.78,148.628,145.415],"Rotation":0},{"Text":"p=0.30","TextBB":[150.021,140.78,165.482,145.415],"Rotation":0},{"Text":"10","TextBB":[138.754,160.667,145.712,166.455],"Rotation":0},{"Text":"10","TextBB":[268.299,115.478,275.293,121.296],"Rotation":0},{"Text":"DBA","TextBB":[304.497,122.516,314.851,127.174],"Rotation":0},{"Text":"1","TextBB":[271.796,135.291,275.293,141.109],"Rotation":0},{"Text":"DSA-B","TextBB":[310.372,141.821,325.763,146.48],"Rotation":0},{"Text":"p=0.30","TextBB":[327.163,141.821,342.705,146.48],"Rotation":0},{"Text":"400","TextBB":[87.5987,148.884,99.4378,155.45],"Rotation":0},{"Text":"1","TextBB":[99.6129,160.667,103.092,166.455],"Rotation":0},{"Text":"100","TextBB":[177.894,160.667,188.331,166.455],"Rotation":0},{"Text":"0.1","TextBB":[266.551,155.103,275.294,160.921],"Rotation":0},{"Text":"1000","TextBB":[217.035,160.667,230.951,166.455],"Rotation":0},{"Text":"1","TextBB":[277.319,161.392,280.817,167.21],"Rotation":0},{"Text":"10","TextBB":[311.632,161.392,318.626,167.21],"Rotation":0},{"Text":"100","TextBB":[345.943,161.392,356.434,167.21],"Rotation":0},{"Text":"1000","TextBB":[380.257,161.392,394.245,167.21],"Rotation":0},{"Text":"DSA-A","TextBB":[347.305,87.472,362.695,92.1306],"Rotation":0},{"Text":"p=0.60","TextBB":[364.096,87.472,379.637,92.1306],"Rotation":0},{"Text":"100","TextBB":[264.803,95.6659,275.294,101.484],"Rotation":0},{"Text":"violations","TextBB":[250.86,104.79,256.678,131.006],"Rotation":3},{"Text":"DBA","TextBB":[154.819,101.743,165.12,106.377],"Rotation":0},{"Text":"violations","TextBB":[88.3083,104.356,94.0962,130.436],"Rotation":3},{"Text":"DSA-C","TextBB":[308.483,83.0659,324.151,87.7244],"Rotation":0},{"Text":"p=0.05","TextBB":[325.551,83.0659,341.093,87.7244],"Rotation":0}],"Mention":["As shown in Figure 13, the results on graphs are similar\n"],"Page":7,"Number":12,"Type":"Figure","CaptionBB":[73,170,405,213],"Height":1100,"Width":850,"DPI":100,"ImageBB":[85,74,396,168]}