{"Caption":"Figure 7: Non-linear, non-Gaussian model. Exact and dual-tree accelerated algorithms ( = .005). Left\/Middle: Dual- tree algorithms provide up to two orders of magnitude speedup. The TFS is more amenable to acceleration than the FBS, up to a factor of ten. Right: FBS out-performs filtering, but TFS significantly out-performs both. The RMSE of the approximate algorithms is comparable to the exact versions. ","ImageText":[{"Text":"10","TextBB":[97.186,129.299,106.934,137.408],"Rotation":0},{"Text":"exact","TextBB":[135.406,110.404,156.358,118.513],"Rotation":0},{"Text":"two−filter","TextBB":[158.795,110.404,194.115,118.513],"Rotation":0},{"Text":"dual−tree","TextBB":[135.406,120.831,172.199,128.94],"Rotation":0},{"Text":"two−filter","TextBB":[174.636,120.831,209.956,128.94],"Rotation":0},{"Text":"exact","TextBB":[135.406,131.224,156.358,139.333],"Rotation":0},{"Text":"f\/b","TextBB":[158.795,131.224,168.543,139.333],"Rotation":0},{"Text":"dual−tree","TextBB":[135.406,141.652,172.199,149.76],"Rotation":0},{"Text":"f\/b","TextBB":[174.636,141.652,184.384,149.76],"Rotation":0},{"Text":"500","TextBB":[314.028,122.2,328.964,130.483],"Rotation":0},{"Text":"400","TextBB":[314.028,145.978,328.964,154.261],"Rotation":0},{"Text":"1","TextBB":[106.915,153.379,110.165,158.785],"Rotation":0},{"Text":"10","TextBB":[97.186,156.693,106.934,164.802],"Rotation":0},{"Text":"time","TextBB":[303.732,170.834,312.015,187.749],"Rotation":3},{"Text":"(s)","TextBB":[303.732,157.904,312.015,168.344],"Rotation":3},{"Text":"time","TextBB":[87.1061,171.465,95.2151,188.025],"Rotation":3},{"Text":"(s)","TextBB":[87.1061,158.807,95.2151,169.028],"Rotation":3},{"Text":"exact","TextBB":[350.931,107.107,372.332,115.39],"Rotation":0},{"Text":"two−filter","TextBB":[374.821,107.107,410.898,115.39],"Rotation":0},{"Text":"dual−tree","TextBB":[350.931,117.757,388.512,126.04],"Rotation":0},{"Text":"two−filter","TextBB":[391.002,117.757,427.079,126.04],"Rotation":0},{"Text":"exact","TextBB":[350.931,128.374,372.332,136.656],"Rotation":0},{"Text":"forward\/backward","TextBB":[374.821,128.374,445.48,136.656],"Rotation":0},{"Text":"dual−tree","TextBB":[350.931,139.024,388.512,147.306],"Rotation":0},{"Text":"forward\/backward","TextBB":[391.002,139.024,461.661,147.306],"Rotation":0},{"Text":"0","TextBB":[106.915,180.775,110.165,186.181],"Rotation":0},{"Text":"10","TextBB":[97.186,184.089,106.934,192.198],"Rotation":0},{"Text":"30","TextBB":[535.119,118.286,543.401,125.175],"Rotation":0},{"Text":"25","TextBB":[535.119,139.111,543.401,146],"Rotation":0},{"Text":"20","TextBB":[535.119,159.936,543.401,166.825],"Rotation":0},{"Text":"RMSE","TextBB":[526.221,162.179,533.11,183.694],"Rotation":3},{"Text":"2","TextBB":[106.915,125.984,110.165,131.39],"Rotation":0},{"Text":"35","TextBB":[535.119,97.4959,543.401,104.385],"Rotation":0},{"Text":"600","TextBB":[314.028,98.4235,328.964,106.706],"Rotation":0},{"Text":"3","TextBB":[106.915,98.5884,110.165,103.994],"Rotation":0},{"Text":"10","TextBB":[97.186,101.903,106.934,110.012],"Rotation":0},{"Text":"300","TextBB":[314.028,169.754,328.964,178.037],"Rotation":0},{"Text":"15","TextBB":[535.119,180.726,543.401,187.615],"Rotation":0},{"Text":"200","TextBB":[314.028,193.53,328.964,201.813],"Rotation":0},{"Text":"−1","TextBB":[106.915,208.169,113.578,213.575],"Rotation":0},{"Text":"10","TextBB":[97.186,211.484,106.934,219.592],"Rotation":0},{"Text":"fwd","TextBB":[694.547,190.483,706.135,197.372],"Rotation":0},{"Text":"filter","TextBB":[708.206,190.483,722.274,197.372],"Rotation":0},{"Text":"bkw","TextBB":[694.547,199.414,707.789,206.303],"Rotation":0},{"Text":"filter","TextBB":[709.859,199.414,723.927,206.303],"Rotation":0},{"Text":"exact","TextBB":[694.547,208.343,712.346,215.232],"Rotation":0},{"Text":"t\/f","TextBB":[714.417,208.343,720.628,215.232],"Rotation":0},{"Text":"dt","TextBB":[694.547,217.274,700.758,224.162],"Rotation":0},{"Text":"t\/f","TextBB":[702.829,217.274,709.04,224.162],"Rotation":0},{"Text":"exact","TextBB":[694.547,226.203,712.346,233.092],"Rotation":0},{"Text":"f\/b","TextBB":[714.417,226.203,722.698,233.092],"Rotation":0},{"Text":"dt","TextBB":[694.547,235.133,700.758,242.022],"Rotation":0},{"Text":"f\/b","TextBB":[702.829,235.133,711.11,242.022],"Rotation":0},{"Text":"10","TextBB":[535.119,201.551,543.401,208.44],"Rotation":0},{"Text":"100","TextBB":[314.028,217.307,328.964,225.59],"Rotation":0},{"Text":"5","TextBB":[539.257,222.376,543.398,229.265],"Rotation":0},{"Text":"−2","TextBB":[106.915,235.597,113.578,241.003],"Rotation":0},{"Text":"10","TextBB":[97.186,238.911,106.934,247.02],"Rotation":0},{"Text":"2","TextBB":[143.243,244.297,146.492,249.703],"Rotation":0},{"Text":"10","TextBB":[133.513,247.611,143.262,255.72],"Rotation":0},{"Text":"3","TextBB":[219.65,244.297,222.9,249.703],"Rotation":0},{"Text":"10","TextBB":[209.921,247.611,219.669,255.72],"Rotation":0},{"Text":"particles","TextBB":[187.474,255.881,220.111,263.99],"Rotation":0},{"Text":"4","TextBB":[296.057,244.297,299.307,249.703],"Rotation":0},{"Text":"10","TextBB":[286.328,247.611,296.076,255.72],"Rotation":0},{"Text":"0","TextBB":[324,241.118,328.979,249.401],"Rotation":0},{"Text":"0","TextBB":[327.662,247.257,332.641,255.54],"Rotation":0},{"Text":"1000","TextBB":[356.561,247.257,376.476,255.54],"Rotation":0},{"Text":"2000","TextBB":[392.956,247.257,412.87,255.54],"Rotation":0},{"Text":"3000","TextBB":[429.315,247.257,449.23,255.54],"Rotation":0},{"Text":"particles","TextBB":[404.453,255.703,437.79,263.986],"Rotation":0},{"Text":"4000","TextBB":[465.71,247.257,485.624,255.54],"Rotation":0},{"Text":"0","TextBB":[539.257,243.201,543.398,250.09],"Rotation":0},{"Text":"0","TextBB":[542.532,248.544,546.673,255.433],"Rotation":0},{"Text":"5000","TextBB":[502.104,247.257,522.019,255.54],"Rotation":0},{"Text":"1000","TextBB":[573.286,248.544,589.849,255.433],"Rotation":0},{"Text":"2000","TextBB":[610.282,248.544,626.845,255.433],"Rotation":0},{"Text":"3000","TextBB":[647.243,248.544,663.806,255.433],"Rotation":0},{"Text":"particles","TextBB":[623.176,255.924,650.903,262.812],"Rotation":0},{"Text":"4000","TextBB":[684.237,248.544,700.8,255.433],"Rotation":0},{"Text":"5000","TextBB":[721.233,248.544,737.796,255.433],"Rotation":0}],"Mention":["simply use a \rat Gaussian distribution. We tested for-\nward \fltering, backward (information) \fltering, for-\nward\/backward smoothing, and two-\flter smoothing\nover 15 Monte Carlo runs for each of 30 realizations of\nthe model. Figure 7 contains the results. The TFS is\nsigni\fcantly more accurate than \fltering or FBS, and\n(surprisingly) faster as well. We conjecture that this is\ndue to the resulting kernel matrix being sparser, hence\nproviding more opportunities for node pruning.\n"],"Page":7,"Number":7,"Type":"Figure","CaptionBB":[75,264,752,321],"Height":1100,"Width":850,"DPI":100,"ImageBB":[84,94,740,265]}