{"Type":"Figure",
"Number": 6,
"Page": 7,
"DPI": 100,
"Width": 850,
"Height": 1100,
"CaptionBB": [444,439,741,471],
"Caption": "Figure 6. Detection rate v.s. probability of non-beacon nodes being affected. Nc = 100. ",
"ImageBB": [470,96,717,430],
"ImageText" : [
{"Rotation": 0,"TextBB": [484.671,98.424,494.887,105.226], "Text": "1.2"},
	{"Rotation": 3,"TextBB": [474.49,149.807,481.292,183.188], "Text": "Detection"},
	{"Rotation": 3,"TextBB": [474.49,134.28,481.292,147.647], "Text": "rate"},
	{"Rotation": 0,"TextBB": [490.799,117.507,494.887,124.309], "Text": "1"},
	{"Rotation": 0,"TextBB": [484.671,136.59,494.887,143.392], "Text": "0.8"},
	{"Rotation": 0,"TextBB": [484.671,155.674,494.887,162.475], "Text": "0.6"},
	{"Rotation": 0,"TextBB": [675.278,162.444,677.639,168.222], "Text": "❁"},
	{"Rotation": 0,"TextBB": [675.278,173.972,677.639,179.75], "Text": "❁"},
	{"Rotation": 0,"TextBB": [484.671,174.932,494.887,181.734], "Text": "0.4"},
	{"Rotation": 0,"TextBB": [675.278,185.778,677.639,191.556], "Text": "❁"},
	{"Rotation": 0,"TextBB": [484.671,194.015,494.887,200.817], "Text": "0.2"},
	{"Rotation": 0,"TextBB": [675.278,197.306,677.639,203.083], "Text": "❁"},
	{"Rotation": 0,"TextBB": [677.781,165.302,686.246,172.104], "Text": "=0"},
	{"Rotation": 0,"TextBB": [677.781,176.858,686.246,183.66], "Text": "=1"},
	{"Rotation": 0,"TextBB": [677.781,188.587,686.246,195.389], "Text": "=2"},
	{"Rotation": 0,"TextBB": [677.781,200.143,686.246,206.944], "Text": "=4"},
	{"Rotation": 0,"TextBB": [490.799,213.098,494.887,219.9], "Text": "0"},
	{"Rotation": 0,"TextBB": [498.502,223.778,502.59,230.58], "Text": "0"},
	{"Rotation": 0,"TextBB": [537.719,223.778,547.935,230.58], "Text": "0.2"},
	{"Rotation": 0,"TextBB": [580.087,223.778,590.303,230.58], "Text": "0.4"},
	{"Rotation": 0,"TextBB": [622.281,223.778,632.497,230.58], "Text": "0.6"},
	{"Rotation": 0,"TextBB": [664.649,223.778,674.865,230.58], "Text": "0.8"},
	{"Rotation": 0,"TextBB": [710.169,223.778,714.257,230.58], "Text": "1"},
	{"Rotation": 0,"TextBB": [593.743,234.283,598.648,241.085], "Text": "P"},
	{"Rotation": 0,"TextBB": [574.333,249.106,586.52,259.069], "Text": "(a)"},
	{"Rotation": 0,"TextBB": [591.333,249.106,611.701,259.069], "Text": "m=1"},
	{"Rotation": 0,"TextBB": [482.777,266.107,493.024,272.93], "Text": "1.2"},
	{"Rotation": 0,"TextBB": [488.924,285.424,493.024,292.247], "Text": "1"},
	{"Rotation": 3,"TextBB": [472.564,317.998,479.386,351.481], "Text": "Detection"},
	{"Rotation": 3,"TextBB": [472.564,302.423,479.386,315.832], "Text": "rate"},
	{"Rotation": 0,"TextBB": [482.777,304.565,493.024,311.388], "Text": "0.8"},
	{"Rotation": 0,"TextBB": [482.777,323.883,493.024,330.705], "Text": "0.6"},
	{"Rotation": 0,"TextBB": [673.314,333.542,688.127,340.364], "Text": "m=1"},
	{"Rotation": 0,"TextBB": [482.777,343.2,493.024,350.022], "Text": "0.4"},
	{"Rotation": 0,"TextBB": [673.314,345.132,688.127,351.955], "Text": "m=2"},
	{"Rotation": 0,"TextBB": [673.314,356.897,688.127,363.72], "Text": "m=4"},
	{"Rotation": 0,"TextBB": [482.777,362.341,493.024,369.163], "Text": "0.2"},
	{"Rotation": 0,"TextBB": [673.314,368.488,688.127,375.31], "Text": "m=8"},
	{"Rotation": 0,"TextBB": [488.924,381.658,493.024,388.481], "Text": "0"},
	{"Rotation": 0,"TextBB": [496.65,392.37,500.751,399.193], "Text": "0"},
	{"Rotation": 0,"TextBB": [535.987,392.37,546.235,399.193], "Text": "0.2"},
	{"Rotation": 0,"TextBB": [578.485,392.37,588.732,399.193], "Text": "0.4"},
	{"Rotation": 0,"TextBB": [620.983,392.37,631.23,399.193], "Text": "0.6"},
	{"Rotation": 0,"TextBB": [663.48,392.37,673.727,399.193], "Text": "0.8"},
	{"Rotation": 0,"TextBB": [709.138,392.37,713.239,399.193], "Text": "1"},
	{"Rotation": 0,"TextBB": [592.358,402.907,597.277,409.729], "Text": "P"},
	{"Rotation": 0,"TextBB": [573.5,418.606,586.353,428.569], "Text": "(b)"},
	{"Rotation": 0,"TextBB": [590.833,421.396,596.058,426.3], "Text": "τ"},
	{"Rotation": 0,"TextBB": [597.334,418.606,609.035,428.569], "Text": "=4"}
]}
