{"Caption":"Figure 6. Convergence for uniform (left) and exponential (right) distributions with K = .00005. ","ImageText":[{"Text":"0.8","TextBB":[247.721,764.146,254.505,768.66],"Rotation":0},{"Text":"0.7","TextBB":[70.6208,776.404,77.4048,780.919],"Rotation":0},{"Text":"0.7","TextBB":[247.721,776.404,254.505,780.919],"Rotation":0},{"Text":"Reward","TextBB":[241.544,807.163,246.059,823.976],"Rotation":3},{"Text":"for","TextBB":[241.544,800.11,246.059,805.806],"Rotation":3},{"Text":"Action","TextBB":[241.544,785.191,246.059,798.754],"Rotation":3},{"Text":"1","TextBB":[241.544,781.12,246.059,783.834],"Rotation":3},{"Text":"Reward","TextBB":[64.4444,807.163,68.9589,823.976],"Rotation":3},{"Text":"for","TextBB":[64.4444,800.11,68.9589,805.806],"Rotation":3},{"Text":"Action","TextBB":[64.4444,785.191,68.9589,798.754],"Rotation":3},{"Text":"1","TextBB":[64.4444,781.12,68.9589,783.834],"Rotation":3},{"Text":"0.8","TextBB":[70.6208,764.146,77.4048,768.66],"Rotation":0},{"Text":"0.6","TextBB":[70.6208,788.692,77.4048,793.206],"Rotation":0},{"Text":"0.5","TextBB":[70.6208,800.951,77.4048,805.466],"Rotation":0},{"Text":"0.4","TextBB":[70.6208,813.239,77.4048,817.753],"Rotation":0},{"Text":"0.5","TextBB":[247.721,800.951,254.505,805.466],"Rotation":0},{"Text":"0.4","TextBB":[247.721,813.239,254.505,817.753],"Rotation":0},{"Text":"0.3","TextBB":[247.721,825.497,254.505,830.012],"Rotation":0},{"Text":"0.2","TextBB":[70.6208,837.785,77.4048,842.299],"Rotation":0},{"Text":"0.2","TextBB":[247.721,837.785,254.505,842.299],"Rotation":0},{"Text":"0.1","TextBB":[70.6208,850.044,77.4048,854.559],"Rotation":0},{"Text":"0.1","TextBB":[247.721,850.044,254.505,854.559],"Rotation":0},{"Text":"0","TextBB":[74.6875,862.332,77.4011,866.846],"Rotation":0},{"Text":"0","TextBB":[77.0694,866.05,79.783,870.564],"Rotation":0},{"Text":"20","TextBB":[106.817,866.05,112.244,870.564],"Rotation":0},{"Text":"40","TextBB":[137.928,866.05,143.355,870.564],"Rotation":0},{"Text":"60","TextBB":[169.039,866.05,174.466,870.564],"Rotation":0},{"Text":"Rounds","TextBB":[131.74,871.221,148.559,875.735],"Rotation":0},{"Text":"(in","TextBB":[149.915,871.221,155.338,875.735],"Rotation":0},{"Text":"thousands)","TextBB":[156.695,871.221,180.839,875.735],"Rotation":0},{"Text":"80","TextBB":[200.151,866.05,205.579,870.564],"Rotation":0},{"Text":"100","TextBB":[229.926,866.05,238.067,870.564],"Rotation":0},{"Text":"0","TextBB":[251.787,862.332,254.501,866.846],"Rotation":0},{"Text":"0","TextBB":[254.169,866.05,256.883,870.564],"Rotation":0},{"Text":"20","TextBB":[283.917,866.05,289.344,870.564],"Rotation":0},{"Text":"40","TextBB":[315.028,866.05,320.455,870.564],"Rotation":0},{"Text":"60","TextBB":[346.139,866.05,351.566,870.564],"Rotation":0},{"Text":"Rounds","TextBB":[308.84,871.221,325.659,875.735],"Rotation":0},{"Text":"(in","TextBB":[327.015,871.221,332.438,875.735],"Rotation":0},{"Text":"thousands)","TextBB":[333.795,871.221,357.939,875.735],"Rotation":0},{"Text":"80","TextBB":[377.251,866.05,382.679,870.564],"Rotation":0},{"Text":"0.6","TextBB":[247.721,788.692,254.505,793.206],"Rotation":0},{"Text":"0.3","TextBB":[70.6208,825.497,77.4048,830.012],"Rotation":0},{"Text":"1","TextBB":[251.787,739.599,254.501,744.113],"Rotation":0},{"Text":"0.9","TextBB":[247.721,751.858,254.505,756.373],"Rotation":0},{"Text":"1","TextBB":[74.6875,739.599,77.4011,744.113],"Rotation":0},{"Text":"0.9","TextBB":[70.6208,751.858,77.4048,756.373],"Rotation":0},{"Text":"100","TextBB":[407.026,866.05,415.167,870.564],"Rotation":0}],"Mention":["no mention found"],"Page":6,"Number":6,"Type":"Figure","CaptionBB":[75,895,402,925],"Height":1100,"Width":850,"DPI":100,"ImageBB":[62,737,417,877]}