{"Caption":"          hints Figure 6: L ","ImageText":[{"Text":"1","TextBB":[189.629,171.963,192.062,177.379],"Rotation":0},{"Text":"1","TextBB":[443.922,171.963,446.355,177.379],"Rotation":0},{"Text":"lowlik","TextBB":[467.162,176.12,477.855,181.536],"Rotation":0},{"Text":"random","TextBB":[463.022,180.495,477.853,185.911],"Rotation":0},{"Text":"interleave","TextBB":[458.889,184.87,477.855,190.286],"Rotation":0},{"Text":"0.95","TextBB":[437.84,191.838,446.354,197.254],"Rotation":0},{"Text":"0.9","TextBB":[185.981,195.15,192.062,200.566],"Rotation":0},{"Text":"0.9","TextBB":[440.272,211.713,446.353,217.129],"Rotation":0},{"Text":"%classes","TextBB":[428.31,246.204,433.726,264.679],"Rotation":3},{"Text":"discovered","TextBB":[428.31,223.834,433.726,244.987],"Rotation":3},{"Text":"%classes","TextBB":[176.643,246.204,182.059,264.679],"Rotation":3},{"Text":"discovered","TextBB":[176.643,223.834,182.059,244.987],"Rotation":3},{"Text":"0.8","TextBB":[185.981,218.338,192.062,223.754],"Rotation":0},{"Text":"0.7","TextBB":[185.981,241.525,192.062,246.941],"Rotation":0},{"Text":"0.85","TextBB":[437.84,231.588,446.354,237.004],"Rotation":0},{"Text":"0.8","TextBB":[440.272,251.463,446.353,256.879],"Rotation":0},{"Text":"0.6","TextBB":[185.981,264.713,192.062,270.129],"Rotation":0},{"Text":"0.75","TextBB":[437.84,271.338,446.354,276.754],"Rotation":0},{"Text":"0.5","TextBB":[185.981,287.9,192.062,293.316],"Rotation":0},{"Text":"0.4","TextBB":[185.981,311.088,192.062,316.504],"Rotation":0},{"Text":"0.7","TextBB":[440.272,291.213,446.353,296.629],"Rotation":0},{"Text":"lowlik","TextBB":[361.527,298.181,372.219,303.598],"Rotation":0},{"Text":"random","TextBB":[357.387,302.557,372.219,307.973],"Rotation":0},{"Text":"interleave","TextBB":[353.253,306.932,372.218,312.348],"Rotation":0},{"Text":"50","TextBB":[192.256,315.463,197.121,320.879],"Rotation":0},{"Text":"100","TextBB":[213.039,315.463,220.336,320.879],"Rotation":0},{"Text":"150","TextBB":[235.007,315.463,242.304,320.879],"Rotation":0},{"Text":"200","TextBB":[257.007,315.463,264.304,320.879],"Rotation":0},{"Text":"250","TextBB":[278.976,315.463,286.274,320.879],"Rotation":0},{"Text":"300","TextBB":[300.976,315.463,308.274,320.879],"Rotation":0},{"Text":"350","TextBB":[322.944,315.463,330.242,320.879],"Rotation":0},{"Text":"400","TextBB":[344.944,315.463,352.242,320.879],"Rotation":0},{"Text":"450","TextBB":[366.914,315.463,374.211,320.879],"Rotation":0},{"Text":"0.65","TextBB":[437.84,311.088,446.354,316.504],"Rotation":0},{"Text":"500","TextBB":[388.914,315.463,396.211,320.879],"Rotation":0},{"Text":"20","TextBB":[446.547,315.463,451.412,320.879],"Rotation":0},{"Text":"40","TextBB":[468.233,315.463,473.098,320.879],"Rotation":0},{"Text":"60","TextBB":[489.922,315.463,494.787,320.879],"Rotation":0},{"Text":"80","TextBB":[511.64,315.463,516.505,320.879],"Rotation":0},{"Text":"100","TextBB":[532.111,315.463,539.409,320.879],"Rotation":0},{"Text":"120","TextBB":[553.799,315.463,561.096,320.879],"Rotation":0},{"Text":"140","TextBB":[575.486,315.463,582.784,320.879],"Rotation":0},{"Text":"160","TextBB":[597.206,315.463,604.503,320.879],"Rotation":0},{"Text":"180","TextBB":[618.893,315.463,626.191,320.879],"Rotation":0},{"Text":"200","TextBB":[640.581,315.463,647.878,320.879],"Rotation":0}],"Mention":["The EDSGC set, as distributed, is unlabeled. The class labels relate to the shape and size of\nthe sky object. We see in Figure 6 that for the purpose of class discovery, we can do a good\njob in a small number of rounds: here, a human would have had to label just 250 objects\nbefore being presented with a member of the smallest class - comprising just 24 records\nout of a set of 1:4 million.\n"],"Page":7,"Number":6,"Type":"Figure","CaptionBB":[233,320,299,345],"Height":1169,"Width":826,"DPI":100,"ImageBB":[175,171,650,321]}