{"Caption":"           Probability of Parallellism Figure 2: Solution quality phase transitions on grids; ✤✭✠✮ ","ImageText":[{"Text":"800","TextBB":[260.107,272.166,268.258,276.687],"Rotation":0},{"Text":"E","TextBB":[166.385,286.578,170.747,292.628],"Rotation":0},{"Text":"800","TextBB":[96.0989,294.634,104.281,299.171],"Rotation":0},{"Text":"D","TextBB":[167.475,303.247,172.197,309.297],"Rotation":0},{"Text":"600","TextBB":[96.0989,310.621,104.281,315.158],"Rotation":0},{"Text":"C","TextBB":[180.715,326.502,185.437,332.552],"Rotation":0},{"Text":"400","TextBB":[96.0989,326.609,104.281,331.146],"Rotation":0},{"Text":"B","TextBB":[200.472,330.635,204.835,336.685],"Rotation":0},{"Text":"600","TextBB":[260.107,291.487,268.258,296.007],"Rotation":0},{"Text":"A","TextBB":[213.281,345.033,217.643,351.083],"Rotation":0},{"Text":"0.2","TextBB":[125.985,362.127,132.803,366.664],"Rotation":0},{"Text":"E","TextBB":[326.169,282.671,330.515,288.698],"Rotation":0},{"Text":"C","TextBB":[358.634,307.172,363.338,313.2],"Rotation":0},{"Text":"400","TextBB":[260.107,310.786,268.258,315.306],"Rotation":0},{"Text":"D","TextBB":[317.255,319.209,321.959,325.236],"Rotation":0},{"Text":"200","TextBB":[260.107,330.107,268.258,334.627],"Rotation":0},{"Text":"A","TextBB":[374.154,339.502,378.5,345.529],"Rotation":0},{"Text":"0.4","TextBB":[150.307,362.127,157.125,366.664],"Rotation":0},{"Text":"0.6","TextBB":[174.629,362.127,181.448,366.664],"Rotation":0},{"Text":"0.8","TextBB":[198.951,362.127,205.77,366.664],"Rotation":0},{"Text":"0","TextBB":[265.536,349.405,268.253,353.925],"Rotation":0},{"Text":"1","TextBB":[225.34,362.127,228.068,366.664],"Rotation":0},{"Text":"0","TextBB":[267.686,361.622,270.403,366.142],"Rotation":0},{"Text":"0.4","TextBB":[314.11,361.622,320.902,366.142],"Rotation":0},{"Text":"0.6","TextBB":[338.34,361.622,345.133,366.142],"Rotation":0},{"Text":"0.8","TextBB":[362.571,361.622,369.363,366.142],"Rotation":0},{"Text":"1","TextBB":[388.86,361.622,391.577,366.142],"Rotation":0},{"Text":"B","TextBB":[347.661,353.348,352.007,359.375],"Rotation":0},{"Text":"0.2","TextBB":[289.881,361.622,296.673,366.142],"Rotation":0},{"Text":"500","TextBB":[260.107,301.148,268.258,305.669],"Rotation":0},{"Text":"300","TextBB":[260.107,320.447,268.258,324.967],"Rotation":0},{"Text":"DSA−A","TextBB":[283.975,267.008,300.136,271.528],"Rotation":0},{"Text":"DSA−B","TextBB":[283.975,272.641,300.136,277.162],"Rotation":0},{"Text":"DSA−C","TextBB":[283.975,278.275,300.404,282.795],"Rotation":0},{"Text":"DSA−D","TextBB":[283.975,283.908,300.404,288.428],"Rotation":0},{"Text":"DSA−E","TextBB":[283.975,289.541,300.136,294.062],"Rotation":0},{"Text":"100","TextBB":[260.107,339.768,268.258,344.288],"Rotation":0},{"Text":"200","TextBB":[96.0989,342.596,104.281,347.133],"Rotation":0},{"Text":"0","TextBB":[101.549,358.607,104.277,363.145],"Rotation":0},{"Text":"0","TextBB":[103.707,362.127,106.434,366.664],"Rotation":0},{"Text":"700","TextBB":[260.107,281.827,268.258,286.348],"Rotation":0},{"Text":"Number","TextBB":[88.2112,318.153,93.2528,337.535],"Rotation":3},{"Text":"of","TextBB":[88.2112,312.093,93.2528,316.638],"Rotation":3},{"Text":"Violations","TextBB":[88.2112,286.95,93.2528,310.577],"Rotation":3},{"Text":"1000","TextBB":[93.3738,278.646,104.283,283.183],"Rotation":0},{"Text":"900","TextBB":[260.107,262.529,268.258,267.049],"Rotation":0},{"Text":"DSA−A","TextBB":[119.967,266.542,136.189,271.079],"Rotation":0},{"Text":"DSA−B","TextBB":[119.967,272.197,136.189,276.734],"Rotation":0},{"Text":"DSA−C","TextBB":[119.967,277.851,136.458,282.389],"Rotation":0},{"Text":"DSA−D","TextBB":[119.967,283.506,136.458,288.043],"Rotation":0},{"Text":"DSA−E","TextBB":[119.967,289.161,136.189,293.698],"Rotation":0},{"Text":"Number","TextBB":[251.968,316.305,257.995,339.475],"Rotation":3},{"Text":"of","TextBB":[251.968,309.06,257.995,314.494],"Rotation":3},{"Text":"Violations","TextBB":[251.968,279.003,257.995,307.248],"Rotation":3},{"Text":"1200","TextBB":[93.3738,262.659,104.283,267.196],"Rotation":0}],"Mention":["A coloring problem becomes easier if more colors are\nused, since it is less constrained to find a satisficing color\nin the next step. However, the phase-transition behavior per-\nsists even when the number of colors increases. Figure 2\nshows the results on grids with \u001F%\t.\" using 4 and 5 colors.\nNotice that the curves in the 4-color figure and the curves\nfor 3 colors (not shown here) follow similar patterns as in\nthe case for 2 colors in Figure 1(right).\n","We verified this prediction by experiments on grids and\ngraphs, using the same problem instances as used for ana-\nlyzing solution quality. Figure 5 shows the communication\ncost on grids with \u001F)\t3\" using 4 colors (left) and 5 col-\nors (right) after 1,000 steps. Comparing these these figures\nwith those in Figure 2, it is obvious that solution quality and\ncommunication cost follow identical patterns. Furthermore,\nthe communication cost on graphs (not shown here) follows\nsimilar patterns as those on grids.\nSince DSAs\u2019 communication cost follows their solution\nquality, in the rest of the paper we will simply consider so-\n","As shown in Figure 13, the results on graphs are similar\n"],"Page":4,"Number":2,"Type":"Figure","CaptionBB":[73,369,398,412],"Height":1100,"Width":850,"DPI":100,"ImageBB":[86,260,395,370]}