{"Caption":"Figure 1. The lower bound for various heuristic classes as a function of QoS for WEB and GROUP.","ImageText":[{"Text":"WEB:","TextBB":[181.883,118.532,201.053,125.469],"Rotation":0},{"Text":"Lower","TextBB":[203.138,118.532,223.561,125.469],"Rotation":0},{"Text":"bound","TextBB":[225.646,118.532,246.496,125.469],"Rotation":0},{"Text":"for","TextBB":[248.581,118.532,257.333,125.469],"Rotation":0},{"Text":"classes","TextBB":[259.418,118.532,284.423,125.469],"Rotation":0},{"Text":"of","TextBB":[286.508,118.532,292.763,125.469],"Rotation":0},{"Text":"heuristics","TextBB":[294.848,118.532,326.521,125.469],"Rotation":0},{"Text":"GROUP:","TextBB":[545.309,118.532,574.897,125.469],"Rotation":0},{"Text":"Lower","TextBB":[576.982,118.532,597.404,125.469],"Rotation":0},{"Text":"bound","TextBB":[599.489,118.532,620.339,125.469],"Rotation":0},{"Text":"for","TextBB":[622.424,118.532,631.177,125.469],"Rotation":0},{"Text":"classes","TextBB":[633.262,118.532,658.267,125.469],"Rotation":0},{"Text":"of","TextBB":[660.352,118.532,666.607,125.469],"Rotation":0},{"Text":"heuristics","TextBB":[668.692,118.532,700.364,125.469],"Rotation":0},{"Text":"200k","TextBB":[142.657,129.783,158.917,136.721],"Rotation":0},{"Text":"40k","TextBB":[516.993,155.532,529.083,162.469],"Rotation":0},{"Text":"Cost","TextBB":[504.446,181.206,511.383,196.626],"Rotation":3},{"Text":"150k","TextBB":[142.657,157.908,158.917,164.846],"Rotation":0},{"Text":"Cost","TextBB":[129.78,181.206,136.717,196.626],"Rotation":3},{"Text":"50k","TextBB":[516.993,133.846,529.083,140.783],"Rotation":0},{"Text":"General","TextBB":[378.148,135.499,404.826,142.437],"Rotation":0},{"Text":"lower","TextBB":[406.911,135.499,424.828,142.437],"Rotation":0},{"Text":"bound","TextBB":[426.913,135.499,447.763,142.437],"Rotation":0},{"Text":"Storage","TextBB":[380.644,143.001,406.909,149.939],"Rotation":0},{"Text":"constrained","TextBB":[408.994,143.001,447.762,149.939],"Rotation":0},{"Text":"Replica","TextBB":[381.907,150.501,406.912,157.439],"Rotation":0},{"Text":"constrained","TextBB":[408.997,150.501,447.764,157.439],"Rotation":0},{"Text":"Decentral","TextBB":[373.154,158.001,405.247,164.939],"Rotation":0},{"Text":"local","TextBB":[407.332,158.001,422.752,164.939],"Rotation":0},{"Text":"routing","TextBB":[424.837,158.001,447.764,164.939],"Rotation":0},{"Text":"Caching","TextBB":[420.251,165.501,447.761,172.439],"Rotation":0},{"Text":"Cooperative","TextBB":[379.401,173.001,419.834,179.939],"Rotation":0},{"Text":"caching","TextBB":[421.919,173.001,447.764,179.939],"Rotation":0},{"Text":"100k","TextBB":[142.657,186.032,158.917,192.969],"Rotation":0},{"Text":"General","TextBB":[615.658,166.375,642.335,173.312],"Rotation":0},{"Text":"lower","TextBB":[644.42,166.375,662.338,173.312],"Rotation":0},{"Text":"bound","TextBB":[664.423,166.375,685.273,173.312],"Rotation":0},{"Text":"Storage","TextBB":[548.957,173.876,575.222,180.814],"Rotation":0},{"Text":"con.","TextBB":[577.307,173.876,591.482,180.814],"Rotation":0},{"Text":"&","TextBB":[593.567,173.876,598.569,180.814],"Rotation":0},{"Text":"Caching","TextBB":[600.654,173.876,628.164,180.814],"Rotation":0},{"Text":"&","TextBB":[630.249,173.876,635.252,180.814],"Rotation":0},{"Text":"Coop.","TextBB":[637.337,173.876,657.347,180.814],"Rotation":0},{"Text":"caching","TextBB":[659.432,173.876,685.277,180.814],"Rotation":0},{"Text":"Replica","TextBB":[619.417,181.376,644.422,188.314],"Rotation":0},{"Text":"constrained","TextBB":[646.507,181.376,685.274,188.314],"Rotation":0},{"Text":"Decentral","TextBB":[610.665,188.876,642.758,195.814],"Rotation":0},{"Text":"local","TextBB":[644.843,188.876,660.263,195.814],"Rotation":0},{"Text":"routing","TextBB":[662.348,188.876,685.275,195.814],"Rotation":0},{"Text":"30k","TextBB":[516.993,177.219,529.083,184.157],"Rotation":0},{"Text":"20k","TextBB":[516.993,198.907,529.083,205.844],"Rotation":0},{"Text":"50k","TextBB":[146.826,214.158,158.916,221.096],"Rotation":0},{"Text":"10k","TextBB":[516.993,220.594,529.083,227.532],"Rotation":0},{"Text":"0","TextBB":[154.746,242.282,158.916,249.219],"Rotation":0},{"Text":"0","TextBB":[524.911,242.282,529.081,249.219],"Rotation":0},{"Text":"95","TextBB":[159.246,249.782,167.586,256.719],"Rotation":0},{"Text":"99","TextBB":[204.653,249.782,212.993,256.719],"Rotation":0},{"Text":"99.9","TextBB":[246.931,249.782,261.526,256.719],"Rotation":0},{"Text":"QoS","TextBB":[230.858,261.032,245.866,267.969],"Rotation":0},{"Text":"Goal","TextBB":[247.951,261.032,263.791,267.969],"Rotation":0},{"Text":"(%)","TextBB":[265.876,261.032,277.538,267.969],"Rotation":0},{"Text":"99.99","TextBB":[290.221,249.782,308.986,256.719],"Rotation":0},{"Text":"99.999","TextBB":[333.542,249.782,356.477,256.719],"Rotation":0},{"Text":"95","TextBB":[529.411,249.782,537.751,256.719],"Rotation":0},{"Text":"99","TextBB":[574.036,249.782,582.376,256.719],"Rotation":0},{"Text":"99.9","TextBB":[615.535,249.782,630.13,256.719],"Rotation":0},{"Text":"QoS","TextBB":[599.493,261.032,614.501,267.969],"Rotation":0},{"Text":"Goal","TextBB":[616.586,261.032,632.426,267.969],"Rotation":0},{"Text":"(%)","TextBB":[634.511,261.032,646.173,267.969],"Rotation":0},{"Text":"99.99","TextBB":[658.075,249.782,676.84,256.719],"Rotation":0},{"Text":"99.999","TextBB":[700.614,249.782,723.549,256.719],"Rotation":0}],"Mention":["Here, we evaluate the robustness of the method by ob-\ntaining the actual cost of heuristics when applied in the sys-\ntem. The results are shown in Figure 2. In summary: 1) The\nproposed method identifies the right type of heuristic; the\ncost of the actual heuristic is below the second lowest bound\n(with the exception of the 99.99% point for WEB), indicat-\ning that it is impossible for any other examined class of\nheuristics to achieve the QoS goal at a lower cost. 2) Us-\ning caching, a popular heuristic, would result in up to 7.5\ntimes cost increase in our case study.\n","The rounding down algorithm displayed in Figure 7 is\nsymmetric to the rounding up case. There are the following\ncases to consider (reflected in \u201Cif\u201D statements in Figure 7):\n1) If either v:succ or v:prev have values higher than v:value,\nthen unnecessary replica creation cost has been included in\nthe solution, as the lesser value of v:succ and v:prev is not\nneeded. This can be deducted from the cost. If v:succ is\nhigher, the deduction is β \u0001 v:prev; if v:prev is higher, it is\n"],"Page":9,"Number":1,"Type":"Figure","CaptionBB":[137,269,712,284],"Height":1100,"Width":850,"DPI":100,"ImageBB":[127,115,726,270]}