{"Caption":"Figure 4: PDM memory cell with local calibration. (a) We first match the tunneling rate across all synapses by locally changing the voltage at the floating gate FGdec . Then, we modify the injection rate to match the local tunneling rate using the floating gate FGinc . (b) The calibrated updates are symmetric and uniform within 9-10 bits. ","ImageText":[{"Text":"(a)","TextBB":[217.796,284.559,231.618,295.766],"Rotation":0},{"Text":"Calibrated","TextBB":[236.189,284.559,288.067,295.766],"Rotation":0},{"Text":"memory","TextBB":[291.18,284.559,332.685,295.766],"Rotation":0},{"Text":"cell","TextBB":[335.798,284.559,353.78,295.766],"Rotation":0},{"Text":"circuit.","TextBB":[356.893,284.559,391.823,295.766],"Rotation":0},{"Text":"(b)","TextBB":[451.847,284.559,466.367,295.766],"Rotation":0},{"Text":"Measured","TextBB":[470.937,284.559,520.039,295.766],"Rotation":0},{"Text":"calibrated","TextBB":[523.152,284.559,572.253,295.766],"Rotation":0},{"Text":"weight","TextBB":[575.366,284.559,609.263,295.766],"Rotation":0},{"Text":"updates.","TextBB":[612.376,284.559,653.532,295.766],"Rotation":0}],"Mention":["(a) Calibrated memory cell circuit. (b) Measured calibrated weight updates.\nFigure 4: PDM memory cell with local calibration. (a) We first match the tunneling rate across all\n","To maintain good learning performance and convergence speed, we need to make learning\nrates symmetric and uniform across the perceptron. We modified the design of the memory\ncell to incorporate local calibration mechanisms that achieve this goal. Fig. 4(a) shows our\nnew design. The first step is to equalize tunneling rates: The voltage at the new floating gate\n","state machine (also currently off-chip). Fig. 4(b) shows the tunneling and injection rates\n","after calibration as a function of the density of pulses Pinc and Pdec. Comparing the graph\nto Fig. 4(b), it is clear that the update rates are now symmetric and uniform across all\n"],"Page":5,"Number":4,"Type":"Figure","CaptionBB":[173,303,675,359],"Height":1100,"Width":850,"DPI":100,"ImageBB":[180,99,669,298]}