{"Caption":"Table 1. Classiﬁcation decision error using weighted combination of clusters by formant ","ImageText":[{"Text":"Fig.","TextBB":[441.042,341.779,461.27,353.036],"Rotation":0},{"Text":"5.","TextBB":[465.317,341.779,474.647,353.036],"Rotation":0},{"Text":"Comparison","TextBB":[481.284,341.779,542.166,353.186],"Rotation":0},{"Text":"of","TextBB":[546.213,341.779,556.586,353.186],"Rotation":0},{"Text":"closest","TextBB":[560.621,341.779,594.517,353.186],"Rotation":0},{"Text":"cluster","TextBB":[598.567,341.779,631.766,353.186],"Rotation":0},{"Text":"and","TextBB":[635.801,341.779,653.782,353.186],"Rotation":0},{"Text":"weighted","TextBB":[657.83,341.779,703.483,353.186],"Rotation":0},{"Text":"combination","TextBB":[707.517,341.779,769.781,353.186],"Rotation":0},{"Text":"of","TextBB":[441.042,356.239,451.415,367.646],"Rotation":0},{"Text":"clusters:","TextBB":[454.528,356.239,496.033,367.646],"Rotation":0},{"Text":"a)","TextBB":[499.896,356.239,509.572,367.646],"Rotation":0},{"Text":"classiﬁcation","TextBB":[512.685,356.239,577.713,367.646],"Rotation":0},{"Text":"error","TextBB":[580.827,356.239,605.024,367.646],"Rotation":0},{"Text":"b)","TextBB":[608.137,356.239,618.51,367.646],"Rotation":0},{"Text":"formant","TextBB":[621.623,356.239,661.049,367.646],"Rotation":0},{"Text":"frequency","TextBB":[664.164,356.239,713.765,367.646],"Rotation":0},{"Text":"error","TextBB":[716.878,356.239,741.075,367.646],"Rotation":0},{"Text":"The","TextBB":[461.798,391.328,481.162,402.735],"Rotation":0},{"Text":"previous","TextBB":[484.177,391.328,526.754,402.735],"Rotation":0},{"Text":"analysis","TextBB":[529.765,391.328,569.888,402.735],"Rotation":0},{"Text":"showed","TextBB":[572.899,391.328,610.644,402.735],"Rotation":0},{"Text":"classiﬁcation","TextBB":[613.657,391.328,678.685,402.735],"Rotation":0},{"Text":"and","TextBB":[681.699,391.328,699.682,402.735],"Rotation":0},{"Text":"prediction","TextBB":[702.696,391.328,753.192,402.735],"Rotation":0},{"Text":"er-","TextBB":[756.205,391.328,769.78,402.735],"Rotation":0},{"Text":"rors","TextBB":[441.042,405.789,460.406,417.195],"Rotation":0},{"Text":"averaged","TextBB":[464.388,405.789,508.896,417.195],"Rotation":0},{"Text":"across","TextBB":[512.88,405.789,544,417.195],"Rotation":0},{"Text":"all","TextBB":[547.982,405.789,560.435,417.195],"Rotation":0},{"Text":"four","TextBB":[564.423,405.789,585.169,417.195],"Rotation":0},{"Text":"formants.","TextBB":[589.154,405.789,636.537,417.195],"Rotation":0},{"Text":"More","TextBB":[643,405.789,669.97,417.195],"Rotation":0},{"Text":"detailed","TextBB":[673.956,405.789,713.381,417.195],"Rotation":0},{"Text":"analysis","TextBB":[717.366,405.789,757.489,417.195],"Rotation":0},{"Text":"is","TextBB":[761.472,405.789,769.78,417.195],"Rotation":0},{"Text":"shown","TextBB":[441.042,420.249,473.242,431.656],"Rotation":0},{"Text":"in","TextBB":[476.743,420.249,486.433,431.656],"Rotation":0},{"Text":"tables","TextBB":[489.934,420.249,518.989,431.656],"Rotation":0},{"Text":"1","TextBB":[522.489,420.249,528.715,431.656],"Rotation":0},{"Text":"and","TextBB":[532.216,420.249,550.199,431.656],"Rotation":0},{"Text":"2","TextBB":[553.699,420.249,559.926,431.656],"Rotation":0},{"Text":"by","TextBB":[563.426,420.249,575.892,431.656],"Rotation":0},{"Text":"considering","TextBB":[579.392,420.249,637.498,431.656],"Rotation":0},{"Text":"the","TextBB":[640.998,420.249,656.218,431.656],"Rotation":0},{"Text":"classiﬁcation","TextBB":[659.719,420.249,724.747,431.656],"Rotation":0},{"Text":"and","TextBB":[728.259,420.249,746.242,431.656],"Rotation":0},{"Text":"pre-","TextBB":[749.741,420.249,769.79,431.656],"Rotation":0},{"Text":"diction","TextBB":[441.042,434.709,475.635,446.116],"Rotation":0},{"Text":"errors","TextBB":[480.542,434.709,509.583,446.116],"Rotation":0},{"Text":"of","TextBB":[514.474,434.709,524.848,446.116],"Rotation":0},{"Text":"the","TextBB":[529.742,434.709,544.959,446.116],"Rotation":0},{"Text":"four","TextBB":[549.866,434.709,570.613,446.116],"Rotation":0},{"Text":"formants","TextBB":[575.519,434.709,619.789,446.116],"Rotation":0},{"Text":"individually,","TextBB":[624.68,434.709,686.872,446.116],"Rotation":0},{"Text":"using","TextBB":[692.227,434.709,719.212,446.116],"Rotation":0},{"Text":"weighted","TextBB":[724.118,434.709,769.77,446.116],"Rotation":0},{"Text":"combination","TextBB":[441.042,449.169,503.318,460.576],"Rotation":0},{"Text":"prediction.","TextBB":[506.431,449.169,560.053,460.576],"Rotation":0},{"Text":"Clusters","TextBB":[481.75,473.569,526.02,484.826],"Rotation":0},{"Text":"1","TextBB":[500.772,491.35,506.999,502.756],"Rotation":0},{"Text":"2","TextBB":[500.772,505.809,506.999,517.216],"Rotation":0},{"Text":"4","TextBB":[500.772,520.269,506.998,531.676],"Rotation":0},{"Text":"8","TextBB":[500.772,534.729,506.998,546.135],"Rotation":0},{"Text":"16","TextBB":[497.659,549.189,510.112,560.595],"Rotation":0},{"Text":"32","TextBB":[497.659,563.648,510.112,575.055],"Rotation":0},{"Text":"F1","TextBB":[549.372,473.569,563.21,484.826],"Rotation":0},{"Text":"2.92","TextBB":[545.393,491.35,567.185,502.756],"Rotation":0},{"Text":"2.69","TextBB":[545.393,505.809,567.185,517.216],"Rotation":0},{"Text":"1.88","TextBB":[545.393,520.269,567.185,531.676],"Rotation":0},{"Text":"1.25","TextBB":[545.393,534.729,567.185,546.135],"Rotation":0},{"Text":"0.84","TextBB":[545.393,549.189,567.185,560.595],"Rotation":0},{"Text":"0.53","TextBB":[545.393,563.648,567.185,575.055],"Rotation":0},{"Text":"F2","TextBB":[587.769,473.569,601.607,484.826],"Rotation":0},{"Text":"5.21","TextBB":[583.79,491.35,605.583,502.756],"Rotation":0},{"Text":"1.51","TextBB":[583.79,505.809,605.582,517.216],"Rotation":0},{"Text":"1.18","TextBB":[583.79,520.269,605.582,531.676],"Rotation":0},{"Text":"1.13","TextBB":[583.79,534.729,605.582,546.135],"Rotation":0},{"Text":"0.91","TextBB":[583.79,549.189,605.582,560.595],"Rotation":0},{"Text":"0.76","TextBB":[583.79,563.648,605.582,575.055],"Rotation":0},{"Text":"F3","TextBB":[626.168,473.569,640.006,484.826],"Rotation":0},{"Text":"1.49","TextBB":[622.189,491.35,643.981,502.756],"Rotation":0},{"Text":"1.42","TextBB":[622.189,505.809,643.981,517.216],"Rotation":0},{"Text":"1.36","TextBB":[622.189,520.269,643.981,531.676],"Rotation":0},{"Text":"1.31","TextBB":[622.189,534.729,643.981,546.135],"Rotation":0},{"Text":"1.23","TextBB":[622.189,549.189,643.981,560.595],"Rotation":0},{"Text":"1.19","TextBB":[622.189,563.648,643.981,575.055],"Rotation":0},{"Text":"F4","TextBB":[664.565,473.569,678.403,484.826],"Rotation":0},{"Text":"0.83","TextBB":[660.586,491.35,682.378,502.756],"Rotation":0},{"Text":"0.82","TextBB":[660.586,505.809,682.378,517.216],"Rotation":0},{"Text":"0.86","TextBB":[660.586,520.269,682.378,531.676],"Rotation":0},{"Text":"0.93","TextBB":[660.586,534.729,682.378,546.135],"Rotation":0},{"Text":"0.97","TextBB":[660.586,549.189,682.378,560.595],"Rotation":0},{"Text":"0.91","TextBB":[660.586,563.648,682.378,575.055],"Rotation":0},{"Text":"Mean","TextBB":[701.751,473.569,732.19,484.826],"Rotation":0},{"Text":"2.61","TextBB":[706.072,491.35,727.865,502.756],"Rotation":0},{"Text":"1.61","TextBB":[706.072,505.809,727.865,517.216],"Rotation":0},{"Text":"1.32","TextBB":[706.072,520.269,727.864,531.676],"Rotation":0},{"Text":"1.16","TextBB":[706.072,534.729,727.864,546.135],"Rotation":0},{"Text":"0.99","TextBB":[706.072,549.189,727.864,560.595],"Rotation":0},{"Text":"0.85","TextBB":[706.072,563.648,727.864,575.055],"Rotation":0}],"Mention":["The previous analysis showed classiﬁcation and prediction er-\nrors averaged across all four formants. More detailed analysis is\nshown in tables 1 and 2 by considering the classiﬁcation and pre-\ndiction errors of the four formants individually, using weighted\ncombination prediction.\n"],"Page":3,"Number":1,"Type":"Table","CaptionBB":[439,590,770,618],"Height":1100,"Width":850,"DPI":100,"ImageBB":[439,14,842,580]}