{"Caption":"Figure 3: Learning curves. Test and training errors for the (a) ionosphere, (b) breast cancer, (c) sonar, and (d) Pima Indians diabetes data sets. (e) Rate of admissible stumps. (f) Test and training errors for the ionosphere data set with 100 labeled and 251 unlabeled data points. ","ImageText":[{"Text":"(b)","TextBB":[425.575,364.062,441.695,376.515],"Rotation":0},{"Text":"(a)","TextBB":[261.814,364.062,277.159,376.515],"Rotation":0},{"Text":"ionosphere","TextBB":[256.957,382.541,276.745,386.24],"Rotation":0},{"Text":"0.25","TextBB":[179.466,388.541,187.25,392.24],"Rotation":0},{"Text":"(c)","TextBB":[590.125,364.062,605.47,376.515],"Rotation":0},{"Text":"breast","TextBB":[418.885,382.541,430.001,386.24],"Rotation":0},{"Text":"cancer","TextBB":[431.113,382.541,443.117,386.24],"Rotation":0},{"Text":"training","TextBB":[281.884,392.115,295,395.815],"Rotation":0},{"Text":"error","TextBB":[296.112,392.115,304.556,395.815],"Rotation":0},{"Text":"(AdaBoost)","TextBB":[305.668,392.115,325.676,395.815],"Rotation":0},{"Text":"test","TextBB":[288.551,396.116,294.999,399.816],"Rotation":0},{"Text":"error","TextBB":[296.111,396.116,304.555,399.816],"Rotation":0},{"Text":"(AdaBoost)","TextBB":[305.667,396.116,325.675,399.816],"Rotation":0},{"Text":"training","TextBB":[281.662,400.115,294.779,403.815],"Rotation":0},{"Text":"error","TextBB":[295.89,400.115,304.334,403.815],"Rotation":0},{"Text":"(RegBoost)","TextBB":[305.446,400.115,325.674,403.815],"Rotation":0},{"Text":"test","TextBB":[288.331,404.116,294.779,407.816],"Rotation":0},{"Text":"error","TextBB":[295.891,404.116,304.335,407.816],"Rotation":0},{"Text":"(RegBoost)","TextBB":[305.447,404.116,325.675,407.816],"Rotation":0},{"Text":"0.2","TextBB":[181.69,408.941,187.25,412.641],"Rotation":0},{"Text":"0.09","TextBB":[343.616,388.541,351.4,392.24],"Rotation":0},{"Text":"sonar","TextBB":[588.948,382.541,598.952,386.24],"Rotation":0},{"Text":"training","TextBB":[446.034,392.115,459.15,395.815],"Rotation":0},{"Text":"error","TextBB":[460.262,392.115,468.706,395.815],"Rotation":0},{"Text":"(AdaBoost)","TextBB":[469.818,392.115,489.826,395.815],"Rotation":0},{"Text":"test","TextBB":[452.701,396.116,459.149,399.816],"Rotation":0},{"Text":"error","TextBB":[460.261,396.116,468.705,399.816],"Rotation":0},{"Text":"(AdaBoost)","TextBB":[469.817,396.116,489.825,399.816],"Rotation":0},{"Text":"training","TextBB":[445.812,400.115,458.928,403.815],"Rotation":0},{"Text":"error","TextBB":[460.04,400.115,468.484,403.815],"Rotation":0},{"Text":"(RegBoost)","TextBB":[469.596,400.115,489.824,403.815],"Rotation":0},{"Text":"test","TextBB":[452.481,404.116,458.929,407.816],"Rotation":0},{"Text":"error","TextBB":[460.041,404.116,468.485,407.816],"Rotation":0},{"Text":"(RegBoost)","TextBB":[469.597,404.116,489.825,407.816],"Rotation":0},{"Text":"0.08","TextBB":[343.616,399.866,351.4,403.566],"Rotation":0},{"Text":"0.6","TextBB":[507.59,388.541,513.15,392.24],"Rotation":0},{"Text":"training","TextBB":[610.184,392.115,623.3,395.815],"Rotation":0},{"Text":"error","TextBB":[624.412,392.115,632.856,395.815],"Rotation":0},{"Text":"(AdaBoost)","TextBB":[633.968,392.115,653.976,395.815],"Rotation":0},{"Text":"test","TextBB":[616.851,396.116,623.299,399.816],"Rotation":0},{"Text":"error","TextBB":[624.411,396.116,632.855,399.816],"Rotation":0},{"Text":"(AdaBoost)","TextBB":[633.967,396.116,653.975,399.816],"Rotation":0},{"Text":"training","TextBB":[609.962,400.115,623.078,403.815],"Rotation":0},{"Text":"error","TextBB":[624.19,400.115,632.634,403.815],"Rotation":0},{"Text":"(RegBoost)","TextBB":[633.746,400.115,653.974,403.815],"Rotation":0},{"Text":"test","TextBB":[616.631,404.116,623.079,407.816],"Rotation":0},{"Text":"error","TextBB":[624.191,404.116,632.635,407.816],"Rotation":0},{"Text":"(RegBoost)","TextBB":[633.747,404.116,653.975,407.816],"Rotation":0},{"Text":"0.5","TextBB":[507.59,405.541,513.15,409.24],"Rotation":0},{"Text":"0.07","TextBB":[343.616,411.215,351.4,414.915],"Rotation":0},{"Text":"0.06","TextBB":[343.616,422.541,351.4,426.24],"Rotation":0},{"Text":"0.4","TextBB":[507.59,422.541,513.15,426.24],"Rotation":0},{"Text":"0.15","TextBB":[179.466,429.34,187.25,433.04],"Rotation":0},{"Text":"0.05","TextBB":[343.616,433.865,351.4,437.565],"Rotation":0},{"Text":"0.3","TextBB":[507.59,439.541,513.15,443.24],"Rotation":0},{"Text":"0.04","TextBB":[343.616,445.215,351.4,448.915],"Rotation":0},{"Text":"0.1","TextBB":[181.69,449.74,187.25,453.44],"Rotation":0},{"Text":"0.03","TextBB":[343.616,456.541,351.4,460.241],"Rotation":0},{"Text":"0.2","TextBB":[507.59,456.541,513.15,460.241],"Rotation":0},{"Text":"0.02","TextBB":[343.616,467.865,351.4,471.565],"Rotation":0},{"Text":"0.05","TextBB":[179.466,470.141,187.25,473.841],"Rotation":0},{"Text":"0.1","TextBB":[507.59,473.541,513.15,477.241],"Rotation":0},{"Text":"0.01","TextBB":[343.616,479.215,351.4,482.915],"Rotation":0},{"Text":"0","TextBB":[185.026,490.541,187.25,494.24],"Rotation":0},{"Text":"0","TextBB":[349.176,490.541,351.4,494.24],"Rotation":0},{"Text":"1","TextBB":[189.094,494.541,191.318,498.24],"Rotation":0},{"Text":"10","TextBB":[239.456,494.541,243.904,498.24],"Rotation":0},{"Text":"100","TextBB":[289.795,494.541,296.467,498.24],"Rotation":0},{"Text":"1000","TextBB":[340.158,494.541,349.054,498.24],"Rotation":0},{"Text":"1","TextBB":[353.244,494.541,355.468,498.24],"Rotation":0},{"Text":"10","TextBB":[403.606,494.541,408.054,498.24],"Rotation":0},{"Text":"100","TextBB":[453.945,494.541,460.617,498.24],"Rotation":0},{"Text":"t","TextBB":[266.294,500.541,267.406,504.24],"Rotation":0},{"Text":"pima","TextBB":[247.509,509.916,256.177,513.615],"Rotation":0},{"Text":"indians","TextBB":[257.289,509.916,269.961,513.615],"Rotation":0},{"Text":"diabetes","TextBB":[271.073,509.916,286.193,513.615],"Rotation":0},{"Text":"0.35","TextBB":[179.466,515.916,187.25,519.616],"Rotation":0},{"Text":"0","TextBB":[510.926,490.541,513.15,494.24],"Rotation":0},{"Text":"1000","TextBB":[504.308,494.541,513.204,498.24],"Rotation":0},{"Text":"1","TextBB":[514.994,494.541,517.218,498.24],"Rotation":0},{"Text":"10","TextBB":[566.156,494.541,570.604,498.24],"Rotation":0},{"Text":"t","TextBB":[430.444,500.541,431.556,504.24],"Rotation":0},{"Text":"rate","TextBB":[407.127,509.916,414.019,513.615],"Rotation":0},{"Text":"of","TextBB":[415.131,509.916,418.467,513.615],"Rotation":0},{"Text":"admissible","TextBB":[419.579,509.916,438.471,513.615],"Rotation":0},{"Text":"stumps","TextBB":[439.583,509.916,452.475,513.615],"Rotation":0},{"Text":"training","TextBB":[281.884,519.49,295,523.19],"Rotation":0},{"Text":"error","TextBB":[296.112,519.49,304.556,523.19],"Rotation":0},{"Text":"(AdaBoost)","TextBB":[305.668,519.49,325.676,523.19],"Rotation":0},{"Text":"test","TextBB":[288.551,523.491,294.999,527.191],"Rotation":0},{"Text":"error","TextBB":[296.111,523.491,304.555,527.191],"Rotation":0},{"Text":"(AdaBoost)","TextBB":[305.667,523.491,325.675,527.191],"Rotation":0},{"Text":"training","TextBB":[281.662,527.49,294.779,531.19],"Rotation":0},{"Text":"error","TextBB":[295.89,527.49,304.334,531.19],"Rotation":0},{"Text":"(RegBoost)","TextBB":[305.446,527.49,325.674,531.19],"Rotation":0},{"Text":"test","TextBB":[288.331,531.49,294.779,535.19],"Rotation":0},{"Text":"error","TextBB":[295.891,531.49,304.335,535.19],"Rotation":0},{"Text":"(RegBoost)","TextBB":[305.447,531.49,325.675,535.19],"Rotation":0},{"Text":"0.3","TextBB":[181.69,536.316,187.25,540.016],"Rotation":0},{"Text":"1","TextBB":[346.776,515.916,349,519.616],"Rotation":0},{"Text":"1000","TextBB":[668.458,494.541,677.354,498.24],"Rotation":0},{"Text":"semi-supervised","TextBB":[570.143,509.916,599.258,513.615],"Rotation":0},{"Text":"ionosphere","TextBB":[600.37,509.916,620.158,513.615],"Rotation":0},{"Text":"ionosphere","TextBB":[470.038,519.49,489.825,523.19],"Rotation":0},{"Text":"breast","TextBB":[465.593,523.491,476.709,527.191],"Rotation":0},{"Text":"cancer","TextBB":[477.821,523.491,489.825,527.191],"Rotation":0},{"Text":"sonar","TextBB":[479.821,527.49,489.825,531.19],"Rotation":0},{"Text":"pima","TextBB":[451.142,531.49,459.81,535.19],"Rotation":0},{"Text":"indians","TextBB":[460.922,531.49,473.594,535.19],"Rotation":0},{"Text":"diabetes","TextBB":[474.706,531.49,489.826,535.19],"Rotation":0},{"Text":"0.9","TextBB":[343.44,527.24,349,530.94],"Rotation":0},{"Text":"100","TextBB":[617.295,494.541,623.967,498.24],"Rotation":0},{"Text":"t","TextBB":[593.394,500.541,594.506,504.24],"Rotation":0},{"Text":"0.2","TextBB":[509.99,515.916,515.55,519.616],"Rotation":0},{"Text":"training","TextBB":[610.184,519.49,623.3,523.19],"Rotation":0},{"Text":"error","TextBB":[624.412,519.49,632.856,523.19],"Rotation":0},{"Text":"(AdaBoost)","TextBB":[633.968,519.49,653.976,523.19],"Rotation":0},{"Text":"test","TextBB":[616.851,523.491,623.299,527.191],"Rotation":0},{"Text":"error","TextBB":[624.411,523.491,632.855,527.191],"Rotation":0},{"Text":"(AdaBoost)","TextBB":[633.967,523.491,653.975,527.191],"Rotation":0},{"Text":"training","TextBB":[609.962,527.49,623.078,531.19],"Rotation":0},{"Text":"error","TextBB":[624.19,527.49,632.634,531.19],"Rotation":0},{"Text":"(RegBoost)","TextBB":[633.746,527.49,653.974,531.19],"Rotation":0},{"Text":"test","TextBB":[616.631,531.49,623.079,535.19],"Rotation":0},{"Text":"error","TextBB":[624.191,531.49,632.635,535.19],"Rotation":0},{"Text":"(RegBoost)","TextBB":[633.747,531.49,653.975,535.19],"Rotation":0},{"Text":"0.18","TextBB":[507.766,526.115,515.55,529.815],"Rotation":0},{"Text":"0.16","TextBB":[507.766,536.316,515.55,540.016],"Rotation":0},{"Text":"0.8","TextBB":[343.44,538.591,349,542.29],"Rotation":0},{"Text":"0.14","TextBB":[507.766,546.516,515.55,550.216],"Rotation":0},{"Text":"0.7","TextBB":[343.44,549.916,349,553.616],"Rotation":0},{"Text":"0.25","TextBB":[179.466,556.716,187.25,560.416],"Rotation":0},{"Text":"0.12","TextBB":[507.766,556.716,515.55,560.416],"Rotation":0},{"Text":"0.6","TextBB":[343.44,561.241,349,564.941],"Rotation":0},{"Text":"0.1","TextBB":[509.99,566.916,515.55,570.615],"Rotation":0},{"Text":"0.5","TextBB":[343.44,572.591,349,576.29],"Rotation":0},{"Text":"0.2","TextBB":[181.69,577.116,187.25,580.816],"Rotation":0},{"Text":"0.08","TextBB":[507.766,577.116,515.55,580.816],"Rotation":0},{"Text":"0.4","TextBB":[343.44,583.916,349,587.615],"Rotation":0},{"Text":"0.06","TextBB":[507.766,587.316,515.55,591.015],"Rotation":0},{"Text":"0.3","TextBB":[343.44,595.24,349,598.94],"Rotation":0},{"Text":"0.15","TextBB":[179.466,597.516,187.25,601.216],"Rotation":0},{"Text":"0.04","TextBB":[507.766,597.516,515.55,601.216],"Rotation":0},{"Text":"0.2","TextBB":[343.44,606.591,349,610.29],"Rotation":0},{"Text":"0.1","TextBB":[181.69,617.916,187.25,621.616],"Rotation":0},{"Text":"1","TextBB":[189.094,621.915,191.318,625.615],"Rotation":0},{"Text":"10","TextBB":[239.456,621.915,243.904,625.615],"Rotation":0},{"Text":"100","TextBB":[289.795,621.915,296.467,625.615],"Rotation":0},{"Text":"0.1","TextBB":[343.44,617.916,349,621.616],"Rotation":0},{"Text":"1000","TextBB":[340.158,621.915,349.054,625.615],"Rotation":0},{"Text":"1","TextBB":[350.844,621.915,353.068,625.615],"Rotation":0},{"Text":"t","TextBB":[266.294,627.916,267.406,631.616],"Rotation":0},{"Text":"0.02","TextBB":[507.766,607.716,515.55,611.415],"Rotation":0},{"Text":"0","TextBB":[513.326,617.916,515.55,621.616],"Rotation":0},{"Text":"10","TextBB":[402.006,621.915,406.454,625.615],"Rotation":0},{"Text":"100","TextBB":[453.145,621.915,459.817,625.615],"Rotation":0},{"Text":"1000","TextBB":[504.308,621.915,513.204,625.615],"Rotation":0},{"Text":"1","TextBB":[517.394,621.915,519.618,625.615],"Rotation":0},{"Text":"t","TextBB":[429.244,627.916,430.356,631.616],"Rotation":0},{"Text":"10","TextBB":[567.756,621.915,572.204,625.615],"Rotation":0},{"Text":"100","TextBB":[618.095,621.915,624.767,625.615],"Rotation":0},{"Text":"1000","TextBB":[668.458,621.915,677.354,625.615],"Rotation":0},{"Text":"t","TextBB":[594.594,627.916,595.706,631.616],"Rotation":0},{"Text":"(d)","TextBB":[261.425,632.674,277.545,645.128],"Rotation":0},{"Text":"(e)","TextBB":[425.962,632.674,441.308,645.128],"Rotation":0},{"Text":"(f)","TextBB":[590.887,632.674,604.711,645.128],"Rotation":0}],"Mention":["The results (Figure 3(a)-(d) and Table 1) show that the REGBOOST consistently improves\ngeneralization. Although the improvement is within the standard deviation, the difference\nbetween the test and the training error decreases significantly in two of the four experi-\nments, which indicates reduced overfitting. The final classifier is also significantly sparser\nafter 1000 iterations (last two columns of Table 1). To measure how the penalty affects the\nbase classifier pool, in each iteration we calculated the number of admissible base classi-\nfiers relative to the total number of stumps considered by ADABOOST. Figure 3(e) shows\nthat, as expected, REGBOOST traverses only a (sometimes quite small) subset of the base\nclassifier space.\n","Since the Laplacian penalty can be computed without knowing the labels, the algorithm\ncan also be used for semi-supervised learning. Figure 3(f) shows the results when only a\nsubset of the training points are labeled. In this case, REGBOOST can use the combined\n","to determine the base errors. Figure 3(f) indicates that REGBOOST has a clear advantage\nhere. REGBOOST is also far better than the semi-supervised algorithm proposed in [12]\n(their best test error using the same settings is 18%).\n"],"Page":7,"Number":3,"Type":"Figure","CaptionBB":[173,648,675,708],"Height":1100,"Width":850,"DPI":100,"ImageBB":[177,361,679,647]}