{"Type":"Figure",
"Number": 1,
"Page": 4,
"DPI": 100,
"Width": 850,
"Height": 1100,
"CaptionBB": [89,269,755,311],
"Caption": "Figure 1. Cumulative distribution of AccSet size for three SPEC2000 benchmarks and six real applications. Each cumulative distribution curve gives the percentage of global data objects whose AccSet sizes are smaller than or equal to a given size. A high percentage for a small size means that most objects have small AccSets sizes. Note that the SPEC-gzip and gzip-1.2.4 applications are different. ",
"ImageBB": [81,103,762,266],
"ImageText" : [
{"Rotation": 0,"TextBB": [571.656,105.222,582.359,111.157], "Text": "100"},
	{"Rotation": 0,"TextBB": [97.7229,129.228,104.858,135.163], "Text": "80"},
	{"Rotation": 0,"TextBB": [336.472,129.228,343.608,135.163], "Text": "80"},
	{"Rotation": 0,"TextBB": [575.222,129.228,582.358,135.163], "Text": "80"},
	{"Rotation": 0,"TextBB": [97.7229,153.232,104.858,159.167], "Text": "60"},
	{"Rotation": 0,"TextBB": [97.7229,177.264,104.858,183.199], "Text": "40"},
	{"Rotation": 0,"TextBB": [97.7229,201.268,104.858,207.203], "Text": "20"},
	{"Rotation": 3,"TextBB": [561.271,186.977,567.206,201.242], "Text": "Total"},
	{"Rotation": 3,"TextBB": [561.271,168.074,567.206,185.194], "Text": "global"},
	{"Rotation": 3,"TextBB": [561.271,145.962,567.206,166.29], "Text": "objects"},
	{"Rotation": 3,"TextBB": [561.271,134.2,567.206,144.178], "Text": "(%)"},
	{"Rotation": 0,"TextBB": [332.906,105.222,343.609,111.157], "Text": "100"},
	{"Rotation": 3,"TextBB": [322.521,186.977,328.456,201.242], "Text": "Total"},
	{"Rotation": 3,"TextBB": [322.521,168.074,328.456,185.194], "Text": "global"},
	{"Rotation": 3,"TextBB": [322.521,145.962,328.456,166.29], "Text": "objects"},
	{"Rotation": 3,"TextBB": [322.521,134.2,328.456,144.178], "Text": "(%)"},
	{"Rotation": 3,"TextBB": [83.7712,186.977,89.7066,201.242], "Text": "Total"},
	{"Rotation": 3,"TextBB": [83.7712,168.074,89.7066,185.194], "Text": "global"},
	{"Rotation": 3,"TextBB": [83.7712,145.962,89.7066,166.29], "Text": "objects"},
	{"Rotation": 3,"TextBB": [83.7712,134.2,89.7066,144.178], "Text": "(%)"},
	{"Rotation": 0,"TextBB": [94.1564,105.222,104.859,111.157], "Text": "100"},
	{"Rotation": 0,"TextBB": [336.472,153.232,343.608,159.167], "Text": "60"},
	{"Rotation": 0,"TextBB": [336.472,177.264,343.608,183.199], "Text": "40"},
	{"Rotation": 0,"TextBB": [336.472,201.268,343.608,207.203], "Text": "20"},
	{"Rotation": 0,"TextBB": [218.762,207.393,250.14,213.328], "Text": "SPEC-gzip"},
	{"Rotation": 0,"TextBB": [221.617,213.809,250.139,219.745], "Text": "SPEC-vpr"},
	{"Rotation": 0,"TextBB": [212.347,220.226,250.141,226.162], "Text": "SPEC-parser"},
	{"Rotation": 0,"TextBB": [101.29,225.273,104.858,231.209], "Text": "0"},
	{"Rotation": 0,"TextBB": [106.924,231.689,110.492,237.624], "Text": "0"},
	{"Rotation": 0,"TextBB": [123.958,231.689,127.525,237.624], "Text": "5"},
	{"Rotation": 0,"TextBB": [139.178,231.689,146.313,237.624], "Text": "10"},
	{"Rotation": 0,"TextBB": [156.211,231.689,163.346,237.624], "Text": "15"},
	{"Rotation": 0,"TextBB": [173.215,231.689,180.351,237.624], "Text": "20"},
	{"Rotation": 0,"TextBB": [190.249,231.689,197.384,237.624], "Text": "25"},
	{"Rotation": 0,"TextBB": [207.282,231.689,214.417,237.624], "Text": "30"},
	{"Rotation": 0,"TextBB": [172.956,241.314,185.436,247.249], "Text": "Size"},
	{"Rotation": 0,"TextBB": [187.22,241.314,192.571,247.249], "Text": "of"},
	{"Rotation": 0,"TextBB": [194.355,241.314,214.683,247.249], "Text": "AccSet"},
	{"Rotation": 0,"TextBB": [224.286,231.689,231.421,237.624], "Text": "35"},
	{"Rotation": 0,"TextBB": [241.319,231.689,248.455,237.624], "Text": "40"},
	{"Rotation": 0,"TextBB": [275.357,231.689,282.492,237.624], "Text": "50"},
	{"Rotation": 0,"TextBB": [575.222,177.264,582.358,183.199], "Text": "40"},
	{"Rotation": 0,"TextBB": [575.222,201.268,582.358,207.203], "Text": "20"},
	{"Rotation": 0,"TextBB": [460.714,207.393,488.89,213.328], "Text": "gzip-1.2.4"},
	{"Rotation": 0,"TextBB": [457.86,213.809,488.891,219.745], "Text": "tar-1.13.25"},
	{"Rotation": 0,"TextBB": [441.107,220.226,488.892,226.162], "Text": "ncompress-4.2.4"},
	{"Rotation": 0,"TextBB": [340.039,225.273,343.607,231.209], "Text": "0"},
	{"Rotation": 0,"TextBB": [258.324,231.689,265.459,237.624], "Text": "45"},
	{"Rotation": 0,"TextBB": [575.222,153.232,582.358,159.167], "Text": "60"},
	{"Rotation": 0,"TextBB": [345.674,231.689,349.241,237.624], "Text": "0"},
	{"Rotation": 0,"TextBB": [131.249,255.635,142.058,264.352], "Text": "(a)"},
	{"Rotation": 0,"TextBB": [144.415,255.635,186.925,264.352], "Text": "SPEC2000"},
	{"Rotation": 0,"TextBB": [189.331,255.635,236.015,264.352], "Text": "benchmarks"},
	{"Rotation": 0,"TextBB": [362.707,231.689,366.275,237.624], "Text": "5"},
	{"Rotation": 0,"TextBB": [377.926,231.689,385.062,237.624], "Text": "10"},
	{"Rotation": 0,"TextBB": [394.96,231.689,402.095,237.624], "Text": "15"},
	{"Rotation": 0,"TextBB": [411.964,231.689,419.099,237.624], "Text": "20"},
	{"Rotation": 0,"TextBB": [428.999,231.689,436.134,237.624], "Text": "25"},
	{"Rotation": 0,"TextBB": [446.031,231.689,453.166,237.624], "Text": "30"},
	{"Rotation": 0,"TextBB": [411.704,241.314,424.185,247.249], "Text": "Size"},
	{"Rotation": 0,"TextBB": [425.968,241.314,431.32,247.249], "Text": "of"},
	{"Rotation": 0,"TextBB": [433.104,241.314,453.432,247.249], "Text": "AccSet"},
	{"Rotation": 0,"TextBB": [463.035,231.689,470.17,237.624], "Text": "35"},
	{"Rotation": 0,"TextBB": [480.068,231.689,487.203,237.624], "Text": "40"},
	{"Rotation": 0,"TextBB": [706.241,207.393,727.64,213.328], "Text": "bc-1.06"},
	{"Rotation": 0,"TextBB": [696.968,213.809,727.64,219.745], "Text": "man-1.5h1"},
	{"Rotation": 0,"TextBB": [681.282,220.226,727.642,226.162], "Text": "polymorph-0.4.0"},
	{"Rotation": 0,"TextBB": [578.79,225.273,582.358,231.209], "Text": "0"},
	{"Rotation": 0,"TextBB": [497.072,231.689,504.208,237.624], "Text": "45"},
	{"Rotation": 0,"TextBB": [514.106,231.689,521.241,237.624], "Text": "50"},
	{"Rotation": 0,"TextBB": [584.424,231.689,587.991,237.624], "Text": "0"},
	{"Rotation": 0,"TextBB": [375.833,255.635,387.142,264.352], "Text": "(b)"},
	{"Rotation": 0,"TextBB": [389.499,255.635,407.275,264.352], "Text": "Real"},
	{"Rotation": 0,"TextBB": [409.665,255.635,457.433,264.352], "Text": "applications"},
	{"Rotation": 0,"TextBB": [459.998,255.635,471.306,264.352], "Text": "(1)"},
	{"Rotation": 0,"TextBB": [601.457,231.689,605.025,237.624], "Text": "2"},
	{"Rotation": 0,"TextBB": [618.461,231.689,622.029,237.624], "Text": "4"},
	{"Rotation": 0,"TextBB": [635.494,231.689,639.062,237.624], "Text": "6"},
	{"Rotation": 0,"TextBB": [652.499,231.689,656.066,237.624], "Text": "8"},
	{"Rotation": 0,"TextBB": [667.749,231.689,674.884,237.624], "Text": "10"},
	{"Rotation": 0,"TextBB": [684.782,231.689,691.917,237.624], "Text": "12"},
	{"Rotation": 0,"TextBB": [650.456,241.314,662.936,247.249], "Text": "Size"},
	{"Rotation": 0,"TextBB": [664.72,241.314,670.071,247.249], "Text": "of"},
	{"Rotation": 0,"TextBB": [671.855,241.314,692.183,247.249], "Text": "AccSet"},
	{"Rotation": 0,"TextBB": [701.786,231.689,708.921,237.624], "Text": "14"},
	{"Rotation": 0,"TextBB": [718.818,231.689,725.953,237.624], "Text": "16"},
	{"Rotation": 0,"TextBB": [735.822,231.689,742.958,237.624], "Text": "18"},
	{"Rotation": 0,"TextBB": [752.856,231.689,759.991,237.624], "Text": "20"},
	{"Rotation": 0,"TextBB": [614.833,255.635,625.642,264.352], "Text": "(c)"},
	{"Rotation": 0,"TextBB": [627.999,255.635,645.775,264.352], "Text": "Real"},
	{"Rotation": 0,"TextBB": [648.165,255.635,695.933,264.352], "Text": "applications"},
	{"Rotation": 0,"TextBB": [698.498,255.635,709.807,264.352], "Text": "(2)"}
]}
