{"Caption":"Figure 5. REAL: (a) Average Client Storage Requirement(%) and (b) Client Waste(%) with 1GB Memory ","ImageText":[{"Text":"10","TextBB":[431.992,114.011,439.106,122.558],"Rotation":0},{"Text":"8","TextBB":[435.528,150.085,439.084,158.633],"Rotation":0},{"Text":"6","TextBB":[435.51,186.249,439.066,194.797],"Rotation":0},{"Text":"4","TextBB":[435.492,222.371,439.048,230.92],"Rotation":0},{"Text":"2","TextBB":[435.473,258.496,439.03,267.045],"Rotation":0},{"Text":"0","TextBB":[435.455,294.622,439.012,303.171],"Rotation":0},{"Text":"1","TextBB":[438.16,301.094,441.715,309.645],"Rotation":0},{"Text":"2","TextBB":[469.915,301.121,473.47,309.671],"Rotation":0},{"Text":"4","TextBB":[501.674,301.148,505.229,309.698],"Rotation":0},{"Text":"8","TextBB":[533.434,301.174,536.99,309.724],"Rotation":0},{"Text":"16","TextBB":[563.422,301.201,570.534,309.75],"Rotation":0},{"Text":"RB","TextBB":[746.567,122.21,752.496,127.905],"Rotation":0},{"Text":"Caching","TextBB":[753.683,122.21,769.341,127.905],"Rotation":0},{"Text":"Interval","TextBB":[746.567,129.308,760.565,135.003],"Rotation":0},{"Text":"Caching","TextBB":[761.752,129.308,777.41,135.003],"Rotation":0},{"Text":"SRB","TextBB":[746.567,136.406,755.343,142.101],"Rotation":0},{"Text":"Caching","TextBB":[756.53,136.406,772.188,142.101],"Rotation":0},{"Text":"Greedy","TextBB":[746.567,143.503,760.565,149.198],"Rotation":0},{"Text":"Patching","TextBB":[761.752,143.503,778.362,149.198],"Rotation":0},{"Text":"Grace","TextBB":[746.567,150.601,758.191,156.296],"Rotation":0},{"Text":"Patching","TextBB":[759.378,150.601,775.988,156.296],"Rotation":0},{"Text":"Optimal","TextBB":[746.567,157.698,761.274,163.393],"Rotation":0},{"Text":"Patching","TextBB":[762.46,157.698,779.07,163.393],"Rotation":0},{"Text":"Patching","TextBB":[746.567,164.796,763.177,170.491],"Rotation":0},{"Text":"SRB","TextBB":[764.364,164.796,773.14,170.491],"Rotation":0},{"Text":"40","TextBB":[616.05,150.56,623.168,159.104],"Rotation":0},{"Text":"30","TextBB":[616.024,186.705,623.142,195.249],"Rotation":0},{"Text":"20","TextBB":[615.999,222.81,623.116,231.354],"Rotation":0},{"Text":"10","TextBB":[615.973,258.917,623.091,267.461],"Rotation":0},{"Text":"0","TextBB":[619.503,295.025,623.061,303.569],"Rotation":0},{"Text":"1","TextBB":[622.163,301.494,625.721,310.04],"Rotation":0},{"Text":"32","TextBB":[595.216,301.227,602.329,309.777],"Rotation":0},{"Text":"2","TextBB":[653.946,301.52,657.503,310.066],"Rotation":0},{"Text":"1\/Scale","TextBB":[507.687,310.559,531.394,320.056],"Rotation":0},{"Text":"4","TextBB":[685.732,301.547,689.29,310.092],"Rotation":0},{"Text":"8","TextBB":[717.52,301.573,721.078,310.119],"Rotation":0},{"Text":"16","TextBB":[747.534,301.6,754.65,310.145],"Rotation":0},{"Text":"32","TextBB":[779.357,301.627,786.474,310.172],"Rotation":0},{"Text":"1\/Scale","TextBB":[691.825,310.954,715.547,320.446],"Rotation":0},{"Text":"50","TextBB":[616.075,114.504,623.194,123.047],"Rotation":0},{"Text":"RB","TextBB":[453.888,121.722,459.812,127.419],"Rotation":0},{"Text":"Caching","TextBB":[460.998,121.722,476.641,127.419],"Rotation":0},{"Text":"Interval","TextBB":[453.888,128.823,467.871,134.52],"Rotation":0},{"Text":"Caching","TextBB":[469.057,128.823,484.7,134.52],"Rotation":0},{"Text":"SRB","TextBB":[453.888,135.924,462.657,141.622],"Rotation":0},{"Text":"Caching","TextBB":[463.842,135.924,479.485,141.622],"Rotation":0},{"Text":"Greedy","TextBB":[453.888,143.025,467.872,148.723],"Rotation":0},{"Text":"Patching","TextBB":[469.058,143.025,485.651,148.723],"Rotation":0},{"Text":"Grace","TextBB":[453.888,150.126,465.501,155.824],"Rotation":0},{"Text":"Patching","TextBB":[466.686,150.126,483.28,155.824],"Rotation":0},{"Text":"Optimal","TextBB":[453.888,157.227,468.58,162.925],"Rotation":0},{"Text":"Patching","TextBB":[469.765,157.227,486.359,162.925],"Rotation":0},{"Text":"Patching","TextBB":[453.888,164.328,470.482,170.026],"Rotation":0},{"Text":"SRB","TextBB":[471.667,164.328,480.436,170.026],"Rotation":0},{"Text":"Average","TextBB":[609.363,228.67,615.943,266.884],"Rotation":3},{"Text":"Client","TextBB":[609.363,199.588,615.943,225.817],"Rotation":3},{"Text":"Waste","TextBB":[609.363,167.654,615.943,196.736],"Rotation":3},{"Text":"(%)","TextBB":[609.363,148.844,615.943,164.801],"Rotation":3},{"Text":"Average","TextBB":[425.276,262.286,431.852,300.519],"Rotation":3},{"Text":"Client","TextBB":[425.276,233.189,431.852,259.431],"Rotation":3},{"Text":"Storage","TextBB":[425.276,194.381,431.852,230.335],"Rotation":3},{"Text":"Requirement","TextBB":[425.276,132.76,431.852,191.527],"Rotation":3},{"Text":"(%)","TextBB":[425.276,113.941,431.852,129.905],"Rotation":3}],"Mention":["First, we evaluate the caching performance with respect\nto the initial buffer size. With a ﬁxed memory capacity of\n1GB, the initial buffer size varies from 1 to 1\/32 of the\nlength of media objects. For each scale factor, the initial\nbuffer of different sizes is allocated if the length of the me-\ndia object is different. The server trafﬁc reduction, the aver-\nage client channel requirement and the average client stor-\nage requirement are recorded in the simulation. The results\nare plotted in Figure 4 and Figure 5.\n"],"Page":7,"Number":5,"Type":"Figure","CaptionBB":[456,329,754,377],"Height":1100,"Width":850,"DPI":100,"ImageBB":[424,102,788,321]}