{"Caption":"Figure 12: Temporal Improvements TM Estimation over Gravity, and È available (a) G´eant (b) Totem","ImageText":[{"Text":"24","TextBB":[149.018,506.225,159.715,515.123],"Rotation":0},{"Text":"%","TextBB":[320.461,517.298,329.013,526.195],"Rotation":0},{"Text":"Improvement","TextBB":[331.687,517.298,387.815,526.195],"Rotation":0},{"Text":"Mean","TextBB":[320.461,528.871,344.519,537.769],"Rotation":0},{"Text":"%","TextBB":[621.878,517.298,630.429,526.195],"Rotation":0},{"Text":"Improvement","TextBB":[633.103,517.298,689.232,526.195],"Rotation":0},{"Text":"Mean","TextBB":[621.878,528.871,645.935,537.769],"Rotation":0},{"Text":"28","TextBB":[450.436,520.604,461.133,529.502],"Rotation":0},{"Text":"%","TextBB":[437.505,683.671,447.515,693.292],"Rotation":3},{"Text":"Temporal","TextBB":[437.505,634.963,447.515,680.663],"Rotation":3},{"Text":"Error","TextBB":[437.505,607.909,447.515,631.955],"Rotation":3},{"Text":"Improvement","TextBB":[437.505,541.756,447.515,604.901],"Rotation":3},{"Text":"%","TextBB":[136.088,683.671,146.098,693.292],"Rotation":3},{"Text":"Temporal","TextBB":[136.088,634.963,146.098,680.663],"Rotation":3},{"Text":"Error","TextBB":[136.088,607.909,146.098,631.955],"Rotation":3},{"Text":"Improvement","TextBB":[136.088,541.756,146.098,604.901],"Rotation":3},{"Text":"22","TextBB":[149.018,524.211,159.715,533.109],"Rotation":0},{"Text":"20","TextBB":[149.018,542.248,159.715,551.145],"Rotation":0},{"Text":"18","TextBB":[149.018,560.284,159.715,569.181],"Rotation":0},{"Text":"16","TextBB":[149.018,578.32,159.715,587.218],"Rotation":0},{"Text":"14","TextBB":[149.018,596.356,159.715,605.254],"Rotation":0},{"Text":"12","TextBB":[149.018,614.392,159.715,623.29],"Rotation":0},{"Text":"10","TextBB":[149.018,632.428,159.715,641.326],"Rotation":0},{"Text":"8","TextBB":[154.379,650.464,159.727,659.362],"Rotation":0},{"Text":"6","TextBB":[154.379,668.5,159.727,677.398],"Rotation":0},{"Text":"4","TextBB":[154.379,686.536,159.727,695.434],"Rotation":0},{"Text":"24","TextBB":[450.436,549.461,461.133,558.359],"Rotation":0},{"Text":"20","TextBB":[450.436,578.32,461.133,587.218],"Rotation":0},{"Text":"16","TextBB":[450.436,607.177,461.133,616.075],"Rotation":0},{"Text":"12","TextBB":[450.436,636.035,461.133,644.933],"Rotation":0},{"Text":"8","TextBB":[455.796,664.892,461.144,673.79],"Rotation":0},{"Text":"4","TextBB":[455.796,693.75,461.144,702.648],"Rotation":0},{"Text":"2","TextBB":[154.379,704.571,159.727,713.469],"Rotation":0},{"Text":"0","TextBB":[154.379,722.609,159.727,731.506],"Rotation":0},{"Text":"0","TextBB":[158.787,729.673,164.136,738.57],"Rotation":0},{"Text":"250","TextBB":[182.285,729.673,198.33,738.57],"Rotation":0},{"Text":"500","TextBB":[211.143,729.673,227.188,738.57],"Rotation":0},{"Text":"750","TextBB":[240,729.673,256.045,738.57],"Rotation":0},{"Text":"0","TextBB":[455.796,722.609,461.144,731.506],"Rotation":0},{"Text":"0","TextBB":[460.206,729.673,465.554,738.57],"Rotation":0},{"Text":"1000","TextBB":[266.203,729.673,287.596,738.57],"Rotation":0},{"Text":"1250","TextBB":[295.06,729.673,316.453,738.57],"Rotation":0},{"Text":"1500","TextBB":[323.918,729.673,345.311,738.57],"Rotation":0},{"Text":"1750","TextBB":[352.775,729.673,374.168,738.57],"Rotation":0},{"Text":"2000","TextBB":[381.683,729.673,403.077,738.57],"Rotation":0},{"Text":"100","TextBB":[489.464,729.673,505.509,738.57],"Rotation":0},{"Text":"200","TextBB":[524.082,729.673,540.127,738.57],"Rotation":0},{"Text":"300","TextBB":[558.753,729.673,574.798,738.57],"Rotation":0},{"Text":"Time","TextBB":[265.801,739.53,289.847,749.54],"Rotation":0},{"Text":"Time","TextBB":[567.219,739.53,591.265,749.54],"Rotation":0},{"Text":"400","TextBB":[593.371,729.673,609.416,738.57],"Rotation":0},{"Text":"500","TextBB":[627.99,729.673,644.035,738.57],"Rotation":0},{"Text":"600","TextBB":[662.66,729.673,678.705,738.57],"Rotation":0}],"Mention":["(a)\nFigure 12: Temporal Improvements TM Estimation over Gravity,\n","To evaluate this approach we run the TM estimation procedure using this prior, and compute the percent\nimprovement of this procedure over the one that uses a gravity model prior. In the case of Ge´ant, we used\nthe previous week\u2019s data to compute f and fP\ni\ng. To explore the effect of using even older measurements,\nfor the Totem data, we computed f and fP\ni\ng using data from two weeks prior to the week being estimated.\nThe results are depicted in Fig. 12. We find that the IC model yields substantial improvements over the\ngravity model. Whether using measured \u001E from the previous week or two weeks back, improvements are\nin the range of 10-20%. Thus we can substantially improve on the gravity model, using only ingress\/egress\ncounts to estimate A, and a previous week to estimate f and fP g.\n"],"Page":18,"Number":12,"Type":"Figure","CaptionBB":[115,776,734,805],"Height":1100,"Width":850,"DPI":100,"ImageBB":[133,504,698,777]}