{"Caption":"Figure 3: Graph of drama-management results on a small story, confirming the effects of SAS+ combined with TTD, and illustrating the effects of sample size on the quality of TTD policies. ","ImageText":[{"Text":"Small","TextBB":[184.44,83.9707,202.695,91.0097],"Rotation":0},{"Text":"story:","TextBB":[204.65,83.9707,222.466,91.0097],"Rotation":0},{"Text":"Baseline,","TextBB":[224.422,83.9707,253.313,91.0097],"Rotation":0},{"Text":"TTD:Null,","TextBB":[255.268,83.9707,288.508,91.0097],"Rotation":0},{"Text":"and","TextBB":[290.463,83.9707,301.757,91.0097],"Rotation":0},{"Text":"TTD:SAS+","TextBB":[303.712,83.9707,339.846,91.0097],"Rotation":0},{"Text":"0.3","TextBB":[135.824,95.7026,145.6,102.742],"Rotation":0},{"Text":"0.25","TextBB":[131.913,120.73,145.6,127.769],"Rotation":0},{"Text":"Small","TextBB":[566.223,83.9707,584.477,91.0097],"Rotation":0},{"Text":"story:","TextBB":[586.433,83.9707,604.249,91.0097],"Rotation":0},{"Text":"Effect","TextBB":[606.204,83.9707,625.311,91.0097],"Rotation":0},{"Text":"of","TextBB":[627.267,83.9707,633.782,91.0097],"Rotation":0},{"Text":"sample","TextBB":[635.737,83.9707,657.894,91.0097],"Rotation":0},{"Text":"size","TextBB":[659.849,83.9707,672.011,91.0097],"Rotation":0},{"Text":"0.25","TextBB":[488.939,95.7026,502.626,102.742],"Rotation":0},{"Text":"Baseline","TextBB":[165.63,102.077,192.566,109.116],"Rotation":0},{"Text":"TTD:Null","TextBB":[161.274,109.898,192.558,116.937],"Rotation":0},{"Text":"TTD:SAS+","TextBB":[156.425,117.719,192.559,124.758],"Rotation":0},{"Text":"10k","TextBB":[529.436,102.077,541.168,109.116],"Rotation":0},{"Text":"samples","TextBB":[543.123,102.077,568.323,109.116],"Rotation":0},{"Text":"100k","TextBB":[525.525,109.898,541.167,116.937],"Rotation":0},{"Text":"samples","TextBB":[543.123,109.898,568.322,116.937],"Rotation":0},{"Text":"2m","TextBB":[531.172,117.719,541.168,124.758],"Rotation":0},{"Text":"samples","TextBB":[543.123,117.719,568.322,124.758],"Rotation":0},{"Text":"0.2","TextBB":[492.848,125.736,502.625,132.775],"Rotation":0},{"Text":"Frequency","TextBB":[467.797,157.083,474.836,190.096],"Rotation":3},{"Text":"Frequency","TextBB":[110.772,157.083,117.811,190.096],"Rotation":3},{"Text":"0.2","TextBB":[135.824,145.758,145.6,152.797],"Rotation":0},{"Text":"0.15","TextBB":[131.913,170.786,145.6,177.825],"Rotation":0},{"Text":"0.15","TextBB":[488.939,155.769,502.626,162.808],"Rotation":0},{"Text":"0.1","TextBB":[492.848,185.803,502.625,192.842],"Rotation":0},{"Text":"0.1","TextBB":[135.824,195.812,145.6,202.851],"Rotation":0},{"Text":"0.05","TextBB":[488.939,215.835,502.626,222.874],"Rotation":0},{"Text":"0.05","TextBB":[131.913,220.84,145.6,227.879],"Rotation":0},{"Text":"0","TextBB":[141.69,245.868,145.601,252.907],"Rotation":0},{"Text":"0.25","TextBB":[144.427,253.689,158.114,260.728],"Rotation":0},{"Text":"0.3","TextBB":[174.343,253.689,184.119,260.728],"Rotation":0},{"Text":"0.35","TextBB":[200.348,253.689,214.035,260.728],"Rotation":0},{"Text":"0.4","TextBB":[230.264,253.689,240.04,260.728],"Rotation":0},{"Text":"0.45","TextBB":[256.269,253.689,269.956,260.728],"Rotation":0},{"Text":"0.5","TextBB":[286.184,253.689,295.961,260.728],"Rotation":0},{"Text":"0.55","TextBB":[312.19,253.689,325.877,260.728],"Rotation":0},{"Text":"0.6","TextBB":[342.105,253.689,351.882,260.728],"Rotation":0},{"Text":"0","TextBB":[498.715,245.868,502.626,252.907],"Rotation":0},{"Text":"0.25","TextBB":[501.452,253.689,515.139,260.728],"Rotation":0},{"Text":"0.65","TextBB":[368.111,253.689,381.798,260.728],"Rotation":0},{"Text":"Story","TextBB":[241.776,265.421,258.725,272.46],"Rotation":0},{"Text":"quality","TextBB":[260.68,265.421,282.407,272.46],"Rotation":0},{"Text":"0.3","TextBB":[531.368,253.689,541.144,260.728],"Rotation":0},{"Text":"0.35","TextBB":[557.373,253.689,571.06,260.728],"Rotation":0},{"Text":"0.4","TextBB":[587.289,253.689,597.065,260.728],"Rotation":0},{"Text":"0.45","TextBB":[613.294,253.689,626.981,260.728],"Rotation":0},{"Text":"0.5","TextBB":[643.209,253.689,652.986,260.728],"Rotation":0},{"Text":"0.55","TextBB":[669.215,253.689,682.902,260.728],"Rotation":0},{"Text":"0.6","TextBB":[699.13,253.689,708.907,260.728],"Rotation":0},{"Text":"0.65","TextBB":[725.136,253.689,738.823,260.728],"Rotation":0},{"Text":"Story","TextBB":[598.801,265.421,615.75,272.46],"Rotation":0},{"Text":"quality","TextBB":[617.705,265.421,639.432,272.46],"Rotation":0}],"Mention":["To better understand the e®ects of approximating a\nsolution to a TTD-MDP by sampling trajectories, we\nexplored a smaller story with only 9 plot points and 28\nDM actions. Figure 3 shows a similar improvement\nbetween using the null fallback action and sampling\nsearch; however, we also found that varying the number\nof samples used to build the trajectory tree has mini-\nmal e®ect on the resulting distribution. In this case,\nincreasing from 10,000 to 100,000 samples did have an\ne®ect, but further increasing to 2,000,000 had no e®ect\non performance. This suggests that this method may\nperform well on even larger problems.\n"],"Page":6,"Number":3,"Type":"Figure","CaptionBB":[73,285,774,316],"Height":1100,"Width":850,"DPI":100,"ImageBB":[108,82,741,274]}