{"Caption":"Figure 20: Different choices of L.","ImageText":[{"Text":"4","TextBB":[160.178,353.457,165.583,362.45],"Rotation":0},{"Text":"4","TextBB":[463.678,353.457,469.083,362.45],"Rotation":0},{"Text":"class","TextBB":[319.264,362.693,341.411,371.686],"Rotation":0},{"Text":"1","TextBB":[344.114,362.693,349.519,371.686],"Rotation":0},{"Text":"class","TextBB":[319.264,372.415,341.411,381.408],"Rotation":0},{"Text":"2","TextBB":[344.114,372.415,349.519,381.408],"Rotation":0},{"Text":"class","TextBB":[622.764,362.693,644.911,371.686],"Rotation":0},{"Text":"1","TextBB":[647.614,362.693,653.019,371.686],"Rotation":0},{"Text":"class","TextBB":[622.764,372.415,644.911,381.408],"Rotation":0},{"Text":"2","TextBB":[647.614,372.415,653.019,381.408],"Rotation":0},{"Text":"3.5","TextBB":[455.569,374.568,469.083,383.561],"Rotation":0},{"Text":"3","TextBB":[160.178,395.749,165.583,404.742],"Rotation":0},{"Text":"3","TextBB":[463.678,395.749,469.083,404.742],"Rotation":0},{"Text":"2.5","TextBB":[152.069,416.86,165.583,425.853],"Rotation":0},{"Text":"2.5","TextBB":[455.569,416.86,469.083,425.853],"Rotation":0},{"Text":"delay","TextBB":[431.318,430.16,440.311,453.396],"Rotation":3},{"Text":"delay","TextBB":[127.818,430.16,136.811,453.396],"Rotation":3},{"Text":"3.5","TextBB":[152.069,374.568,165.583,383.561],"Rotation":0},{"Text":"2","TextBB":[160.178,438.04,165.583,447.033],"Rotation":0},{"Text":"2","TextBB":[463.678,438.04,469.083,447.033],"Rotation":0},{"Text":"1.5","TextBB":[152.069,459.151,165.583,468.144],"Rotation":0},{"Text":"1.5","TextBB":[455.569,459.151,469.083,468.144],"Rotation":0},{"Text":"1","TextBB":[160.178,480.332,165.583,489.325],"Rotation":0},{"Text":"1","TextBB":[463.678,480.332,469.083,489.325],"Rotation":0},{"Text":"0.5","TextBB":[152.069,501.443,165.583,510.436],"Rotation":0},{"Text":"0.5","TextBB":[455.569,501.443,469.083,510.436],"Rotation":0},{"Text":"0","TextBB":[160.178,522.624,165.583,531.617],"Rotation":0},{"Text":"0","TextBB":[463.678,522.624,469.083,531.617],"Rotation":0},{"Text":"0","TextBB":[170.065,532.346,175.471,541.339],"Rotation":0},{"Text":"20","TextBB":[214.168,532.346,224.979,541.339],"Rotation":0},{"Text":"40","TextBB":[260.904,532.346,271.715,541.339],"Rotation":0},{"Text":"60","TextBB":[307.71,532.346,318.521,541.339],"Rotation":0},{"Text":"time(sec)","TextBB":[268.376,546.929,308.344,555.922],"Rotation":0},{"Text":"80","TextBB":[354.446,532.346,365.257,541.339],"Rotation":0},{"Text":"100","TextBB":[398.549,532.346,414.765,541.339],"Rotation":0},{"Text":"0","TextBB":[473.565,532.346,478.971,541.339],"Rotation":0},{"Text":"20","TextBB":[517.668,532.346,528.479,541.339],"Rotation":0},{"Text":"(a)","TextBB":[248,562.744,263.484,575.197],"Rotation":0},{"Text":"L","TextBB":[266.817,561.817,276.309,575.654],"Rotation":0},{"Text":"=","TextBB":[279.976,561.817,290.796,575.654],"Rotation":0},{"Text":"5","TextBB":[294.63,561.817,301.617,575.654],"Rotation":0},{"Text":"40","TextBB":[564.404,532.346,575.215,541.339],"Rotation":0},{"Text":"60","TextBB":[611.21,532.346,622.021,541.339],"Rotation":0},{"Text":"time(sec)","TextBB":[571.876,546.929,611.844,555.922],"Rotation":0},{"Text":"80","TextBB":[657.946,532.346,668.757,541.339],"Rotation":0},{"Text":"100","TextBB":[702.049,532.346,718.265,541.339],"Rotation":0},{"Text":"(b)","TextBB":[544.617,562.744,560.931,575.197],"Rotation":0},{"Text":"L","TextBB":[564.264,561.817,573.756,575.654],"Rotation":0},{"Text":"=","TextBB":[577.423,561.817,588.244,575.654],"Rotation":0},{"Text":"8","TextBB":[592.077,561.817,599.065,575.654],"Rotation":0}],"Mention":["mapping scheme. We conduct the experiments with different values of L. Fig. 20 shows two cases with\n"],"Page":26,"Number":20,"Type":"Figure","CaptionBB":[319,591,527,608],"Height":1100,"Width":850,"DPI":100,"ImageBB":[125,351,720,577]}