{"Caption":"Figure 4. Results on WDBC data. Left: 25 percent fea- tures missing; Right: 50 percent features missing. The QGME implements a linear classifier by using K = 1. The results other than those of QGME are cited from (Williams et al., 2005). ","ImageText":[{"Text":"WDBC:","TextBB":[101.472,393.522,129.247,401.231],"Rotation":0},{"Text":"25","TextBB":[131.564,393.522,140.83,401.231],"Rotation":0},{"Text":"percent","TextBB":[143.147,393.522,170.939,401.231],"Rotation":0},{"Text":"features","TextBB":[173.256,393.522,203.364,401.231],"Rotation":0},{"Text":"missing","TextBB":[205.681,393.522,233.923,401.231],"Rotation":0},{"Text":"WDBC:","TextBB":[262.336,393.835,290.111,401.543],"Rotation":0},{"Text":"50","TextBB":[292.428,393.835,301.695,401.543],"Rotation":0},{"Text":"percent","TextBB":[304.012,393.835,331.803,401.543],"Rotation":0},{"Text":"features","TextBB":[334.12,393.835,364.229,401.543],"Rotation":0},{"Text":"missing","TextBB":[366.545,393.835,394.787,401.543],"Rotation":0},{"Text":"1","TextBB":[258.239,403.239,262.178,409.791],"Rotation":0},{"Text":"Area","TextBB":[238.644,478.816,246.353,496.416],"Rotation":3},{"Text":"under","TextBB":[238.644,455.191,246.353,476.499],"Rotation":3},{"Text":"ROC","TextBB":[238.644,434.358,246.353,452.874],"Rotation":3},{"Text":"curve","TextBB":[238.644,411.666,246.353,432.041],"Rotation":3},{"Text":"Area","TextBB":[77.78,478.642,85.4884,496.242],"Rotation":3},{"Text":"under","TextBB":[77.78,455.017,85.4884,476.325],"Rotation":3},{"Text":"ROC","TextBB":[77.78,434.183,85.4884,452.7],"Rotation":3},{"Text":"curve","TextBB":[77.78,411.492,85.4884,431.867],"Rotation":3},{"Text":"1","TextBB":[97.3747,402.927,101.313,409.479],"Rotation":0},{"Text":"0.98","TextBB":[87.5484,417.857,101.333,424.41],"Rotation":0},{"Text":"0.96","TextBB":[87.5484,432.823,101.333,439.375],"Rotation":0},{"Text":"0.94","TextBB":[87.5484,447.753,101.333,454.306],"Rotation":0},{"Text":"0.92","TextBB":[87.5484,462.719,101.333,469.271],"Rotation":0},{"Text":"QGME","TextBB":[140.222,467.684,161.869,474.237],"Rotation":0},{"Text":"Method","TextBB":[140.222,476.122,163.845,482.674],"Rotation":0},{"Text":"of","TextBB":[165.814,476.122,171.722,482.674],"Rotation":0},{"Text":"Walliams","TextBB":[173.691,476.122,202.414,482.674],"Rotation":0},{"Text":"et","TextBB":[204.383,476.122,210.291,482.674],"Rotation":0},{"Text":"al.","TextBB":[212.26,476.122,219.74,482.674],"Rotation":0},{"Text":"Imputating","TextBB":[140.222,484.56,173.294,491.112],"Rotation":0},{"Text":"conditional","TextBB":[175.263,484.56,209.122,491.112],"Rotation":0},{"Text":"mean","TextBB":[211.091,484.56,228.807,491.112],"Rotation":0},{"Text":"Imputating","TextBB":[140.222,492.997,173.294,499.549],"Rotation":0},{"Text":"mean","TextBB":[175.263,492.997,192.979,499.549],"Rotation":0},{"Text":"0.9","TextBB":[91.4721,477.684,101.318,484.236],"Rotation":0},{"Text":"0.88","TextBB":[87.5484,492.615,101.333,499.167],"Rotation":0},{"Text":"0","TextBB":[100.569,505.254,104.508,511.806],"Rotation":0},{"Text":"0.2","TextBB":[123.59,505.254,133.436,511.806],"Rotation":0},{"Text":"0.4","TextBB":[149.562,505.254,159.408,511.806],"Rotation":0},{"Text":"0.6","TextBB":[175.535,505.254,185.381,511.806],"Rotation":0},{"Text":"0.8","TextBB":[201.507,505.254,211.353,511.806],"Rotation":0},{"Text":"Fraction","TextBB":[109.319,512.377,139.419,520.086],"Rotation":0},{"Text":"of","TextBB":[141.736,512.377,148.686,520.086],"Rotation":0},{"Text":"data","TextBB":[151.003,512.377,167.219,520.086],"Rotation":0},{"Text":"used","TextBB":[169.536,512.377,187.603,520.086],"Rotation":0},{"Text":"in","TextBB":[189.92,512.377,196.403,520.086],"Rotation":0},{"Text":"training","TextBB":[198.72,512.377,226.045,520.086],"Rotation":0},{"Text":"1","TextBB":[230.466,505.254,234.404,511.806],"Rotation":0},{"Text":"0.95","TextBB":[248.413,425.74,262.197,432.292],"Rotation":0},{"Text":"0.9","TextBB":[252.337,448.274,262.183,454.826],"Rotation":0},{"Text":"QGME","TextBB":[301.086,467.684,322.733,474.237],"Rotation":0},{"Text":"Method","TextBB":[301.086,476.122,324.71,482.674],"Rotation":0},{"Text":"of","TextBB":[326.679,476.122,332.586,482.674],"Rotation":0},{"Text":"Walliams","TextBB":[334.555,476.122,363.279,482.674],"Rotation":0},{"Text":"et","TextBB":[365.248,476.122,371.155,482.674],"Rotation":0},{"Text":"al.","TextBB":[373.124,476.122,380.604,482.674],"Rotation":0},{"Text":"Imputating","TextBB":[301.086,484.56,334.159,491.112],"Rotation":0},{"Text":"conditional","TextBB":[336.128,484.56,369.986,491.112],"Rotation":0},{"Text":"mean","TextBB":[371.956,484.56,389.671,491.112],"Rotation":0},{"Text":"Imputating","TextBB":[301.086,492.997,334.159,499.549],"Rotation":0},{"Text":"mean","TextBB":[336.128,492.997,353.843,499.549],"Rotation":0},{"Text":"0.85","TextBB":[248.413,470.809,262.197,477.362],"Rotation":0},{"Text":"0.8","TextBB":[252.337,493.344,262.183,499.896],"Rotation":0},{"Text":"0","TextBB":[261.434,505.254,265.372,511.806],"Rotation":0},{"Text":"0.2","TextBB":[284.455,505.254,294.301,511.806],"Rotation":0},{"Text":"0.4","TextBB":[310.427,505.254,320.273,511.806],"Rotation":0},{"Text":"0.6","TextBB":[336.399,505.254,346.245,511.806],"Rotation":0},{"Text":"0.8","TextBB":[362.371,505.254,372.217,511.806],"Rotation":0},{"Text":"1","TextBB":[391.33,505.254,395.269,511.806],"Rotation":0},{"Text":"Fraction","TextBB":[270.184,512.377,300.284,520.086],"Rotation":0},{"Text":"of","TextBB":[302.6,512.377,309.55,520.086],"Rotation":0},{"Text":"data","TextBB":[311.867,512.377,328.084,520.086],"Rotation":0},{"Text":"used","TextBB":[330.401,512.377,348.467,520.086],"Rotation":0},{"Text":"in","TextBB":[350.784,512.377,357.267,520.086],"Rotation":0},{"Text":"training","TextBB":[359.584,512.377,386.909,520.086],"Rotation":0}],"Mention":["no mention found"],"Page":6,"Number":4,"Type":"Figure","CaptionBB":[75,525,402,601],"Height":1169,"Width":826,"DPI":100,"ImageBB":[75,390,397,522]}