{"Caption":"Figure 5: ROC score scatter plots of 100 random queries from the category autos, motor- cycles, baseball and hockey contained in the 20-newsgroups dataset. ","ImageText":[{"Text":"(a)","TextBB":[327.446,100.55,334.757,108.374],"Rotation":0},{"Text":"autos","TextBB":[336.421,100.55,351.056,108.374],"Rotation":0},{"Text":"0.8","TextBB":[263.275,126.488,271.592,134.313],"Rotation":0},{"Text":"0.8","TextBB":[447.35,126.488,455.667,134.313],"Rotation":0},{"Text":"0.7","TextBB":[263.275,145.027,271.592,152.852],"Rotation":0},{"Text":"0.7","TextBB":[447.35,145.027,455.667,152.852],"Rotation":0},{"Text":"0.6","TextBB":[263.275,163.566,271.592,171.391],"Rotation":0},{"Text":"0.5","TextBB":[263.275,182.105,271.592,189.929],"Rotation":0},{"Text":"0.4","TextBB":[263.275,200.644,271.592,208.468],"Rotation":0},{"Text":"0.3","TextBB":[263.275,219.209,271.592,227.034],"Rotation":0},{"Text":"0.3","TextBB":[268.311,223.633,276.628,231.457],"Rotation":0},{"Text":"0.4","TextBB":[290.548,223.633,298.865,231.457],"Rotation":0},{"Text":"0.5","TextBB":[312.811,223.633,321.128,231.457],"Rotation":0},{"Text":"0.6","TextBB":[335.075,223.633,343.392,231.457],"Rotation":0},{"Text":"0.7","TextBB":[357.312,223.633,365.629,231.457],"Rotation":0},{"Text":"manifold","TextBB":[317.323,229.716,339.934,237.54],"Rotation":0},{"Text":"ranking","TextBB":[341.598,229.716,361.217,237.54],"Rotation":0},{"Text":"0.8","TextBB":[379.575,223.633,387.892,231.457],"Rotation":0},{"Text":"0.5","TextBB":[447.35,182.105,455.667,189.929],"Rotation":0},{"Text":"0.3","TextBB":[447.35,219.209,455.667,227.034],"Rotation":0},{"Text":"0.3","TextBB":[452.386,223.633,460.703,231.457],"Rotation":0},{"Text":"0.9","TextBB":[401.837,223.633,410.154,231.457],"Rotation":0},{"Text":"(c)","TextBB":[323.78,239.725,330.757,247.549],"Rotation":0},{"Text":"baseball","TextBB":[332.42,239.725,354.702,247.549],"Rotation":0},{"Text":"0.4","TextBB":[474.623,223.633,482.94,231.457],"Rotation":0},{"Text":"0.8","TextBB":[263.275,265.663,271.592,273.488],"Rotation":0},{"Text":"0.8","TextBB":[447.35,265.663,455.667,273.488],"Rotation":0},{"Text":"0.7","TextBB":[263.275,284.202,271.592,292.027],"Rotation":0},{"Text":"0.7","TextBB":[447.35,284.202,455.667,292.027],"Rotation":0},{"Text":"0.6","TextBB":[263.275,302.741,271.592,310.565],"Rotation":0},{"Text":"0.5","TextBB":[263.275,321.28,271.592,329.104],"Rotation":0},{"Text":"0.4","TextBB":[263.275,339.819,271.592,347.643],"Rotation":0},{"Text":"0.5","TextBB":[496.886,223.633,505.203,231.457],"Rotation":0},{"Text":"0.6","TextBB":[519.15,223.633,527.467,231.457],"Rotation":0},{"Text":"0.7","TextBB":[541.387,223.633,549.704,231.457],"Rotation":0},{"Text":"manifold","TextBB":[501.398,229.716,524.009,237.54],"Rotation":0},{"Text":"ranking","TextBB":[525.673,229.716,545.292,237.54],"Rotation":0},{"Text":"0.8","TextBB":[563.65,223.633,571.967,231.457],"Rotation":0},{"Text":"0.9","TextBB":[585.912,223.633,594.229,231.457],"Rotation":0},{"Text":"0.8","TextBB":[563.65,362.808,571.967,370.632],"Rotation":0},{"Text":"0.9","TextBB":[585.912,362.808,594.229,370.632],"Rotation":0},{"Text":"(d)","TextBB":[509.351,239.725,516.663,247.549],"Rotation":0},{"Text":"hockey","TextBB":[518.326,239.725,537.281,247.549],"Rotation":0},{"Text":"0.9","TextBB":[447.35,247.125,455.667,254.949],"Rotation":0},{"Text":"inner","TextBB":[438.93,310.752,446.337,324.802],"Rotation":3},{"Text":"product","TextBB":[438.93,287.918,446.337,308.995],"Rotation":3},{"Text":"inner","TextBB":[254.855,310.752,262.262,324.802],"Rotation":3},{"Text":"product","TextBB":[254.855,287.918,262.262,308.995],"Rotation":3},{"Text":"0.6","TextBB":[447.35,163.566,455.667,171.391],"Rotation":0},{"Text":"0.4","TextBB":[447.35,200.644,455.667,208.468],"Rotation":0},{"Text":"0.9","TextBB":[263.275,247.125,271.592,254.949],"Rotation":0},{"Text":"0.3","TextBB":[263.275,358.384,271.592,366.208],"Rotation":0},{"Text":"0.3","TextBB":[268.311,362.808,276.628,370.632],"Rotation":0},{"Text":"(b)","TextBB":[502.894,100.55,510.206,108.374],"Rotation":0},{"Text":"motorcycles","TextBB":[511.869,100.55,543.784,108.374],"Rotation":0},{"Text":"0.9","TextBB":[447.35,107.95,455.667,115.774],"Rotation":0},{"Text":"inner","TextBB":[438.93,171.577,446.337,185.627],"Rotation":3},{"Text":"product","TextBB":[438.93,148.743,446.337,169.82],"Rotation":3},{"Text":"inner","TextBB":[254.855,171.577,262.262,185.627],"Rotation":3},{"Text":"product","TextBB":[254.855,148.743,262.262,169.82],"Rotation":3},{"Text":"0.9","TextBB":[263.275,107.95,271.592,115.774],"Rotation":0},{"Text":"0.6","TextBB":[447.35,302.741,455.667,310.565],"Rotation":0},{"Text":"0.5","TextBB":[447.35,321.28,455.667,329.104],"Rotation":0},{"Text":"0.4","TextBB":[447.35,339.819,455.667,347.643],"Rotation":0},{"Text":"0.4","TextBB":[290.548,362.808,298.865,370.632],"Rotation":0},{"Text":"0.5","TextBB":[312.811,362.808,321.128,370.632],"Rotation":0},{"Text":"0.6","TextBB":[335.075,362.808,343.392,370.632],"Rotation":0},{"Text":"0.7","TextBB":[357.312,362.808,365.629,370.632],"Rotation":0},{"Text":"manifold","TextBB":[317.323,368.891,339.934,376.715],"Rotation":0},{"Text":"ranking","TextBB":[341.598,368.891,361.217,376.715],"Rotation":0},{"Text":"0.8","TextBB":[379.575,362.808,387.892,370.632],"Rotation":0},{"Text":"0.9","TextBB":[401.837,362.808,410.154,370.632],"Rotation":0},{"Text":"0.3","TextBB":[447.35,358.384,455.667,366.208],"Rotation":0},{"Text":"0.3","TextBB":[452.386,362.808,460.703,370.632],"Rotation":0},{"Text":"0.4","TextBB":[474.623,362.808,482.94,370.632],"Rotation":0},{"Text":"0.5","TextBB":[496.886,362.808,505.203,370.632],"Rotation":0},{"Text":"0.6","TextBB":[519.15,362.808,527.467,370.632],"Rotation":0},{"Text":"0.7","TextBB":[541.387,362.808,549.704,370.632],"Rotation":0},{"Text":"manifold","TextBB":[501.398,368.891,524.009,376.715],"Rotation":0},{"Text":"ranking","TextBB":[525.673,368.891,545.292,376.715],"Rotation":0}],"Mention":["We use the ranking method based on normalized inner product as the baseline. The af\u0002nity\nmatrixW is also constructed by inner product, i.e. linear kernel. The ROC scores for 100\nrandomly selected queries for each class are given in Figure 5.\n"],"Page":8,"Number":5,"Type":"Figure","CaptionBB":[173,398,675,432],"Height":1169,"Width":826,"DPI":100,"ImageBB":[254,99,596,378]}