{"Caption":"Figure 16: Instantaneous values of α and β (linear mapping).","ImageText":[{"Text":"2","TextBB":[137.505,156.66,140.208,161.156],"Rotation":0},{"Text":"10","TextBB":[285.386,156.66,290.792,161.156],"Rotation":0},{"Text":"α","TextBB":[205.382,159.858,208.449,166.192],"Rotation":0},{"Text":"1.5","TextBB":[133.451,177.806,140.208,182.302],"Rotation":0},{"Text":"10","TextBB":[438.886,156.66,444.292,161.156],"Rotation":0},{"Text":"β\/α","TextBB":[323.882,159.858,330.969,166.192],"Rotation":0},{"Text":"8","TextBB":[288.089,173.569,290.792,178.066],"Rotation":0},{"Text":"8","TextBB":[441.589,173.569,444.292,178.066],"Rotation":0},{"Text":"6","TextBB":[288.089,190.479,290.792,194.976],"Rotation":0},{"Text":"6","TextBB":[441.589,190.479,444.292,194.976],"Rotation":0},{"Text":"3","TextBB":[597.839,156.66,600.542,161.156],"Rotation":0},{"Text":"α","TextBB":[512.382,159.858,515.449,166.192],"Rotation":0},{"Text":"β\/α","TextBB":[630.715,159.858,637.803,166.192],"Rotation":0},{"Text":"2.5","TextBB":[593.785,170.757,600.542,175.253],"Rotation":0},{"Text":"4","TextBB":[288.089,207.424,290.792,211.92],"Rotation":0},{"Text":"β\/α","TextBB":[580.239,197.276,586.573,204.364],"Rotation":3},{"Text":"α","TextBB":[427.392,205.365,433.726,208.432],"Rotation":3},{"Text":"(10","TextBB":[428.811,196.989,433.308,204.013],"Rotation":3},{"Text":"2","TextBB":[427.079,194.827,430.676,196.989],"Rotation":3},{"Text":")","TextBB":[428.811,193.208,433.308,194.826],"Rotation":3},{"Text":"β\/α","TextBB":[273.406,197.276,279.74,204.364],"Rotation":3},{"Text":"α","TextBB":[120.392,205.365,126.726,208.432],"Rotation":3},{"Text":"(10","TextBB":[121.812,196.989,126.308,204.013],"Rotation":3},{"Text":"2","TextBB":[120.079,194.827,123.676,196.989],"Rotation":3},{"Text":")","TextBB":[121.812,193.208,126.308,194.826],"Rotation":3},{"Text":"2","TextBB":[597.839,184.854,600.542,189.351],"Rotation":0},{"Text":"1","TextBB":[137.505,198.951,140.208,203.448],"Rotation":0},{"Text":"1.5","TextBB":[593.785,198.951,600.542,203.448],"Rotation":0},{"Text":"4","TextBB":[441.589,207.424,444.292,211.92],"Rotation":0},{"Text":"1","TextBB":[597.839,213.049,600.542,217.545],"Rotation":0},{"Text":"0.5","TextBB":[133.451,220.097,140.208,224.594],"Rotation":0},{"Text":"2","TextBB":[288.089,224.333,290.792,228.83],"Rotation":0},{"Text":"0","TextBB":[137.505,241.243,140.208,245.74],"Rotation":0},{"Text":"2","TextBB":[441.589,224.333,444.292,228.83],"Rotation":0},{"Text":"0","TextBB":[288.089,241.243,290.792,245.74],"Rotation":0},{"Text":"0","TextBB":[142.449,246.104,145.151,250.601],"Rotation":0},{"Text":"20","TextBB":[164.5,246.104,169.906,250.601],"Rotation":0},{"Text":"40","TextBB":[187.868,246.104,193.274,250.601],"Rotation":0},{"Text":"60","TextBB":[211.271,246.104,216.676,250.601],"Rotation":0},{"Text":"80","TextBB":[234.639,246.104,240.044,250.601],"Rotation":0},{"Text":"100","TextBB":[256.69,246.104,264.799,250.601],"Rotation":0},{"Text":"0.5","TextBB":[593.785,227.146,600.542,231.642],"Rotation":0},{"Text":"0","TextBB":[441.589,241.243,444.292,245.74],"Rotation":0},{"Text":"0","TextBB":[293.032,246.104,295.735,250.601],"Rotation":0},{"Text":"20","TextBB":[315.639,246.104,321.044,250.601],"Rotation":0},{"Text":"time(sec)","TextBB":[191.606,253.396,211.59,257.892],"Rotation":0},{"Text":"40","TextBB":[339.632,246.104,345.038,250.601],"Rotation":0},{"Text":"60","TextBB":[363.59,246.104,368.996,250.601],"Rotation":0},{"Text":"80","TextBB":[387.583,246.104,392.989,250.601],"Rotation":0},{"Text":"100","TextBB":[410.19,246.104,418.299,250.601],"Rotation":0},{"Text":"0","TextBB":[597.839,241.243,600.542,245.74],"Rotation":0},{"Text":"0","TextBB":[446.532,246.104,449.235,250.601],"Rotation":0},{"Text":"20","TextBB":[469.139,246.104,474.544,250.601],"Rotation":0},{"Text":"40","TextBB":[493.132,246.104,498.538,250.601],"Rotation":0},{"Text":"time(sec)","TextBB":[343.647,253.396,363.631,257.892],"Rotation":0},{"Text":"60","TextBB":[517.09,246.104,522.496,250.601],"Rotation":0},{"Text":"80","TextBB":[541.083,246.104,546.489,250.601],"Rotation":0},{"Text":"100","TextBB":[563.69,246.104,571.799,250.601],"Rotation":0},{"Text":"0","TextBB":[602.782,246.104,605.485,250.601],"Rotation":0},{"Text":"20","TextBB":[624.833,246.104,630.239,250.601],"Rotation":0},{"Text":"time(sec)","TextBB":[497.147,253.396,517.131,257.892],"Rotation":0},{"Text":"(a)","TextBB":[145.167,264.91,160.65,277.364],"Rotation":0},{"Text":"all","TextBB":[163.984,264.91,177.807,277.364],"Rotation":0},{"Text":"traffic","TextBB":[181.307,264.91,214.113,277.364],"Rotation":0},{"Text":"starts","TextBB":[217.446,264.91,246.587,277.364],"Rotation":0},{"Text":"at","TextBB":[250.087,264.91,260.077,277.364],"Rotation":0},{"Text":"time","TextBB":[263.577,264.91,288.221,277.364],"Rotation":0},{"Text":"0sec","TextBB":[291.554,263.983,316.184,277.82],"Rotation":0},{"Text":"40","TextBB":[648.201,246.104,653.607,250.601],"Rotation":0},{"Text":"60","TextBB":[671.604,246.104,677.01,250.601],"Rotation":0},{"Text":"80","TextBB":[694.972,246.104,700.378,250.601],"Rotation":0},{"Text":"100","TextBB":[717.024,246.104,725.132,250.601],"Rotation":0},{"Text":"time(sec)","TextBB":[651.939,253.396,671.923,257.892],"Rotation":0},{"Text":"(b)","TextBB":[516.35,264.91,532.664,277.364],"Rotation":0},{"Text":"new","TextBB":[535.997,264.91,558.799,277.364],"Rotation":0},{"Text":"traffic","TextBB":[562.133,264.91,594.939,277.364],"Rotation":0},{"Text":"joins","TextBB":[598.272,264.91,625.24,277.364],"Rotation":0},{"Text":"at","TextBB":[628.574,264.91,638.564,277.364],"Rotation":0},{"Text":"time","TextBB":[642.064,264.91,666.708,277.364],"Rotation":0},{"Text":"60sec","TextBB":[670.041,263.983,701.659,277.82],"Rotation":0}],"Mention":["under the linear mapping scheme. Fig. 16(a) plots the scenario where 8 flows all start at the same\n","time (0s). While in Fig. 16(b), 4 of them start at time 60s. From the results, we observe that\n"],"Page":24,"Number":16,"Type":"Figure","CaptionBB":[236,294,608,311],"Height":1100,"Width":850,"DPI":100,"ImageBB":[118,154,727,279]}