{"Type":"Figure",
"Number": 8,
"Page": 8,
"DPI": 100,
"Width": 850,
"Height": 1100,
"CaptionBB": [73,248,774,279],
"Caption": "Figure 8: Comparison of compression performance for different tone mapping operators. See Section 5 for the description of the quality metrics. “+” denotes measurement points for a selected image. ",
"ImageBB": [82,78,763,237],
"ImageText" : [
{"Rotation": 0,"TextBB": [98.2561,78.6678,105.283,86.4913], "Text": "80"},
	{"Rotation": 0,"TextBB": [98.2561,95.2567,105.283,103.08], "Text": "70"},
	{"Rotation": 0,"TextBB": [98.2561,111.846,105.283,119.669], "Text": "60"},
	{"Rotation": 0,"TextBB": [559.48,105.21,566.508,113.033], "Text": "40"},
	{"Rotation": 0,"TextBB": [330.904,111.846,339.688,119.669], "Text": "0.8"},
	{"Rotation": 0,"TextBB": [330.904,128.435,339.688,136.258], "Text": "0.7"},
	{"Rotation": 0,"TextBB": [98.2561,145.022,105.283,152.845], "Text": "40"},
	{"Rotation": 0,"TextBB": [330.904,145.022,339.688,152.845], "Text": "0.6"},
	{"Rotation": 0,"TextBB": [98.2561,161.611,105.283,169.434], "Text": "30"},
	{"Rotation": 0,"TextBB": [330.904,161.611,339.688,169.434], "Text": "0.5"},
	{"Rotation": 0,"TextBB": [98.2561,178.2,105.283,186.023], "Text": "20"},
	{"Rotation": 0,"TextBB": [330.904,178.2,339.688,186.023], "Text": "0.4"},
	{"Rotation": 0,"TextBB": [98.2561,194.789,105.283,202.612], "Text": "10"},
	{"Rotation": 0,"TextBB": [330.904,194.789,339.688,202.612], "Text": "0.3"},
	{"Rotation": 0,"TextBB": [108.197,217.696,111.71,225.519], "Text": "0"},
	{"Rotation": 0,"TextBB": [145.861,217.696,149.375,225.519], "Text": "1"},
	{"Rotation": 0,"TextBB": [183.525,217.696,187.038,225.519], "Text": "2"},
	{"Rotation": 0,"TextBB": [221.189,217.696,224.702,225.519], "Text": "3"},
	{"Rotation": 0,"TextBB": [185.499,227.175,195.332,234.998], "Text": "bits"},
	{"Rotation": 0,"TextBB": [197.088,227.175,206.22,234.998], "Text": "per"},
	{"Rotation": 0,"TextBB": [207.977,227.175,220.97,234.998], "Text": "pixel"},
	{"Rotation": 0,"TextBB": [258.853,217.696,262.366,225.519], "Text": "4"},
	{"Rotation": 0,"TextBB": [296.517,217.696,300.03,225.519], "Text": "5"},
	{"Rotation": 3,"TextBB": [544.266,148.417,552.09,161.757], "Text": "SNR"},
	{"Rotation": 3,"TextBB": [544.266,136.119,552.09,146.66], "Text": "[db]"},
	{"Rotation": 0,"TextBB": [98.2561,128.435,105.283,136.258], "Text": "50"},
	{"Rotation": 0,"TextBB": [101.77,211.376,105.283,219.2], "Text": "0"},
	{"Rotation": 0,"TextBB": [559.48,78.6678,566.508,86.4913], "Text": "45"},
	{"Rotation": 0,"TextBB": [330.904,95.2567,339.688,103.08], "Text": "0.9"},
	{"Rotation": 3,"TextBB": [313.654,143.32,321.477,154.556], "Text": "UQI"},
	{"Rotation": 3,"TextBB": [83.042,160.622,90.8655,174.31], "Text": "HDR"},
	{"Rotation": 3,"TextBB": [83.042,145.872,90.8655,158.865], "Text": "VDP"},
	{"Rotation": 3,"TextBB": [83.042,123.565,90.8655,144.115], "Text": "P>75%"},
	{"Rotation": 0,"TextBB": [336.173,78.6678,339.687,86.4913], "Text": "1"},
	{"Rotation": 0,"TextBB": [244.628,83.8192,268.863,91.6427], "Text": "Drago03"},
	{"Rotation": 0,"TextBB": [241.114,90.1387,268.863,97.9622], "Text": "Durand02"},
	{"Rotation": 0,"TextBB": [246.031,96.4581,268.863,104.282], "Text": "Fattal02"},
	{"Rotation": 0,"TextBB": [235.489,102.778,268.862,110.601], "Text": "Pattanaik00"},
	{"Rotation": 0,"TextBB": [236.197,109.097,268.862,116.92], "Text": "Reinhard02"},
	{"Rotation": 0,"TextBB": [330.904,211.376,339.688,219.2], "Text": "0.2"},
	{"Rotation": 0,"TextBB": [475.24,180.948,499.475,188.772], "Text": "Drago03"},
	{"Rotation": 0,"TextBB": [471.726,187.268,499.475,195.091], "Text": "Durand02"},
	{"Rotation": 0,"TextBB": [476.643,193.587,499.475,201.411], "Text": "Fattal02"},
	{"Rotation": 0,"TextBB": [466.101,199.907,499.474,207.73], "Text": "Pattanaik00"},
	{"Rotation": 0,"TextBB": [466.81,206.226,499.475,214.05], "Text": "Reinhard02"},
	{"Rotation": 0,"TextBB": [342.601,217.696,346.115,225.519], "Text": "0"},
	{"Rotation": 0,"TextBB": [379.507,217.696,383.02,225.519], "Text": "1"},
	{"Rotation": 0,"TextBB": [416.412,217.696,419.926,225.519], "Text": "2"},
	{"Rotation": 0,"TextBB": [453.318,217.696,456.832,225.519], "Text": "3"},
	{"Rotation": 0,"TextBB": [418.007,227.175,427.84,234.998], "Text": "bits"},
	{"Rotation": 0,"TextBB": [429.597,227.175,438.728,234.998], "Text": "per"},
	{"Rotation": 0,"TextBB": [440.485,227.175,453.478,234.998], "Text": "pixel"},
	{"Rotation": 0,"TextBB": [490.223,217.696,493.737,225.519], "Text": "4"},
	{"Rotation": 0,"TextBB": [559.48,131.753,566.508,139.576], "Text": "35"},
	{"Rotation": 0,"TextBB": [559.48,158.293,566.508,166.116], "Text": "30"},
	{"Rotation": 0,"TextBB": [705.853,180.948,730.088,188.772], "Text": "Drago03"},
	{"Rotation": 0,"TextBB": [702.339,187.268,730.088,195.091], "Text": "Durand02"},
	{"Rotation": 0,"TextBB": [707.256,193.587,730.088,201.411], "Text": "Fattal02"},
	{"Rotation": 0,"TextBB": [696.714,199.907,730.087,207.73], "Text": "Pattanaik00"},
	{"Rotation": 0,"TextBB": [697.422,206.226,730.087,214.05], "Text": "Reinhard02"},
	{"Rotation": 0,"TextBB": [559.48,184.835,566.508,192.658], "Text": "25"},
	{"Rotation": 0,"TextBB": [527.129,217.696,530.643,225.519], "Text": "5"},
	{"Rotation": 0,"TextBB": [559.48,211.376,566.508,219.2], "Text": "20"},
	{"Rotation": 0,"TextBB": [569.422,217.696,572.936,225.519], "Text": "0"},
	{"Rotation": 0,"TextBB": [607.086,217.696,610.6,225.519], "Text": "1"},
	{"Rotation": 0,"TextBB": [644.75,217.696,648.263,225.519], "Text": "2"},
	{"Rotation": 0,"TextBB": [682.414,217.696,685.927,225.519], "Text": "3"},
	{"Rotation": 0,"TextBB": [646.725,227.175,656.558,234.998], "Text": "bits"},
	{"Rotation": 0,"TextBB": [658.315,227.175,667.446,234.998], "Text": "per"},
	{"Rotation": 0,"TextBB": [669.203,227.175,682.196,234.998], "Text": "pixel"},
	{"Rotation": 0,"TextBB": [720.078,217.696,723.591,225.519], "Text": "4"},
	{"Rotation": 0,"TextBB": [757.742,217.696,761.255,225.519], "Text": "5"}
]}
