{"Caption":"Figure 5: Experimental examples of the fidelity of the approximation in Eq. (5). We add i.i.d. zero mean Gaussian noise to the input data with different σ, and we see that the right-hand side (RHS) of (5) approximately upper bounds the left-hand side (LHS). ","ImageText":[{"Text":"(a)","TextBB":[195.719,106.502,203.824,112.637],"Rotation":0},{"Text":"Wisconsin","TextBB":[205.668,106.502,235.884,112.637],"Rotation":0},{"Text":"Breast","TextBB":[237.727,106.502,256.894,112.637],"Rotation":0},{"Text":"Cancer","TextBB":[258.738,106.502,280.113,112.637],"Rotation":0},{"Text":"Data","TextBB":[281.957,106.502,295.964,112.637],"Rotation":0},{"Text":"(b)","TextBB":[396.869,106.834,404.974,112.969],"Rotation":0},{"Text":"Waveform","TextBB":[406.818,106.834,437.034,112.969],"Rotation":0},{"Text":"Data","TextBB":[438.877,106.834,452.884,112.969],"Rotation":0},{"Text":"0.07","TextBB":[336.601,114.571,349.508,120.706],"Rotation":0},{"Text":"RHS","TextBB":[181.489,120.265,195.489,126.399],"Rotation":0},{"Text":"LHS","TextBB":[181.489,128.251,194.388,134.385],"Rotation":0},{"Text":"0.08","TextBB":[153.026,130.406,165.933,136.541],"Rotation":0},{"Text":"(c)","TextBB":[579.728,106.834,587.461,112.969],"Rotation":0},{"Text":"Pen−digits","TextBB":[589.305,106.834,620.456,112.969],"Rotation":0},{"Text":"Data","TextBB":[622.299,106.834,636.307,112.969],"Rotation":0},{"Text":"0.05","TextBB":[520.176,114.571,533.083,120.706],"Rotation":0},{"Text":"RHS","TextBB":[364.788,120.623,378.788,126.758],"Rotation":0},{"Text":"LHS","TextBB":[364.788,128.553,377.687,134.688],"Rotation":0},{"Text":"0.06","TextBB":[336.601,131.152,349.508,137.287],"Rotation":0},{"Text":"RHS","TextBB":[548.362,120.623,562.363,126.758],"Rotation":0},{"Text":"LHS","TextBB":[548.362,128.553,561.262,134.688],"Rotation":0},{"Text":"0.04","TextBB":[520.176,137.784,533.083,143.919],"Rotation":0},{"Text":"0.05","TextBB":[336.601,147.733,349.508,153.867],"Rotation":0},{"Text":"0.04","TextBB":[153.026,180.367,165.933,186.502],"Rotation":0},{"Text":"0.04","TextBB":[336.601,164.313,349.508,170.448],"Rotation":0},{"Text":"Value","TextBB":[512.402,166.208,518.537,183.167],"Rotation":3},{"Text":"Value","TextBB":[328.827,166.208,334.962,183.167],"Rotation":3},{"Text":"Value","TextBB":[145.252,165.878,151.387,182.836],"Rotation":3},{"Text":"0.06","TextBB":[153.026,155.387,165.933,161.521],"Rotation":0},{"Text":"0.03","TextBB":[336.601,180.892,349.508,187.027],"Rotation":0},{"Text":"0.03","TextBB":[520.176,160.996,533.083,167.131],"Rotation":0},{"Text":"0.02","TextBB":[520.176,184.209,533.083,190.344],"Rotation":0},{"Text":"0.02","TextBB":[336.601,197.473,349.508,203.608],"Rotation":0},{"Text":"0.02","TextBB":[153.026,205.349,165.933,211.484],"Rotation":0},{"Text":"0.01","TextBB":[520.176,207.421,533.083,213.556],"Rotation":0},{"Text":"0.01","TextBB":[336.601,214.053,349.508,220.188],"Rotation":0},{"Text":"0","TextBB":[162.256,230.33,165.943,236.465],"Rotation":0},{"Text":"0.005","TextBB":[158.608,234.973,175.202,241.108],"Rotation":0},{"Text":"0.01","TextBB":[185.11,234.973,198.016,241.108],"Rotation":0},{"Text":"0.015","TextBB":[207.935,234.973,224.528,241.108],"Rotation":0},{"Text":"0.02","TextBB":[234.462,234.973,247.369,241.108],"Rotation":0},{"Text":"0.025","TextBB":[257.261,234.973,273.855,241.108],"Rotation":0},{"Text":"σ","TextBB":[226.394,239.42,230.394,248.061],"Rotation":0},{"Text":"of","TextBB":[232.218,241.356,237.749,247.491],"Rotation":0},{"Text":"noise","TextBB":[239.593,241.356,255.443,247.491],"Rotation":0},{"Text":"0.03","TextBB":[283.79,234.973,296.696,241.108],"Rotation":0},{"Text":"0","TextBB":[345.831,230.634,349.518,236.769],"Rotation":0},{"Text":"0.005","TextBB":[342.182,235.276,358.776,241.41],"Rotation":0},{"Text":"0.035","TextBB":[306.615,234.973,323.209,241.108],"Rotation":0},{"Text":"0.01","TextBB":[368.683,235.276,381.589,241.41],"Rotation":0},{"Text":"0.015","TextBB":[391.51,235.276,408.103,241.41],"Rotation":0},{"Text":"0.02","TextBB":[418.037,235.276,430.944,241.41],"Rotation":0},{"Text":"0.025","TextBB":[440.836,235.276,457.43,241.41],"Rotation":0},{"Text":"σ","TextBB":[409.969,239.722,413.969,248.364],"Rotation":0},{"Text":"of","TextBB":[415.792,241.659,421.323,247.794],"Rotation":0},{"Text":"noise","TextBB":[423.167,241.659,439.018,247.794],"Rotation":0},{"Text":"0.03","TextBB":[467.364,235.276,480.27,241.41],"Rotation":0},{"Text":"0.035","TextBB":[490.19,235.276,506.784,241.41],"Rotation":0},{"Text":"0","TextBB":[529.406,230.634,533.093,236.769],"Rotation":0},{"Text":"0.005","TextBB":[525.758,235.276,542.352,241.41],"Rotation":0},{"Text":"0.01","TextBB":[552.258,235.276,565.164,241.41],"Rotation":0},{"Text":"0.015","TextBB":[575.085,235.276,591.678,241.41],"Rotation":0},{"Text":"0.02","TextBB":[601.612,235.276,614.519,241.41],"Rotation":0},{"Text":"0.025","TextBB":[624.411,235.276,641.005,241.41],"Rotation":0},{"Text":"σ","TextBB":[593.544,239.722,597.544,248.364],"Rotation":0},{"Text":"of","TextBB":[599.368,241.659,604.899,247.794],"Rotation":0},{"Text":"noise","TextBB":[606.743,241.659,622.593,247.794],"Rotation":0},{"Text":"0.03","TextBB":[650.94,235.276,663.846,241.41],"Rotation":0},{"Text":"0.035","TextBB":[673.765,235.276,690.359,241.41],"Rotation":0}],"Mention":["Examples of the fidelity of this approximation for particular data sets are shown in Fig. 5.\n"],"Page":5,"Number":5,"Type":"Figure","CaptionBB":[148,266,700,308],"Height":1100,"Width":850,"DPI":100,"ImageBB":[143,105,692,249]}