{"Caption":"Figure 1: Experimental results of different algorithms.","ImageText":[{"Text":"average","TextBB":[317.846,225.682,325.584,255.906],"Rotation":3},{"Text":"classification","TextBB":[317.846,175.942,325.584,223.356],"Rotation":3},{"Text":"accuracy","TextBB":[317.846,140.147,325.584,173.616],"Rotation":3},{"Text":"0.8","TextBB":[108.4,161.172,119.788,168.75],"Rotation":0},{"Text":"0.75","TextBB":[103.825,179.233,119.769,186.811],"Rotation":0},{"Text":"0.7","TextBB":[108.4,197.258,119.788,204.836],"Rotation":0},{"Text":"LGReg","TextBB":[267.8,214.465,293.756,222.043],"Rotation":0},{"Text":"LLReg","TextBB":[267.8,223.922,291.937,231.5],"Rotation":0},{"Text":"LapRLS","TextBB":[267.8,233.379,297.401,240.957],"Rotation":0},{"Text":"LLGC","TextBB":[267.8,242.835,289.2,250.414],"Rotation":0},{"Text":"GRF","TextBB":[267.8,252.292,285.096,259.871],"Rotation":0},{"Text":"SVM","TextBB":[267.8,261.749,285.554,269.328],"Rotation":0},{"Text":"0.65","TextBB":[103.825,215.284,119.769,222.863],"Rotation":0},{"Text":"0.6","TextBB":[108.4,233.344,119.788,240.922],"Rotation":0},{"Text":"0.55","TextBB":[103.825,251.37,119.769,258.949],"Rotation":0},{"Text":"10","TextBB":[136.736,275.166,145.847,282.745],"Rotation":0},{"Text":"20","TextBB":[177.431,275.166,186.541,282.745],"Rotation":0},{"Text":"30","TextBB":[218.092,275.166,227.202,282.745],"Rotation":0},{"Text":"40","TextBB":[258.787,275.166,267.898,282.745],"Rotation":0},{"Text":"percentage","TextBB":[143.292,283.054,184.282,290.632],"Rotation":0},{"Text":"of","TextBB":[186.559,283.054,193.392,290.632],"Rotation":0},{"Text":"randomly","TextBB":[195.67,283.054,229.36,290.632],"Rotation":0},{"Text":"labeled","TextBB":[231.637,283.054,258.052,290.632],"Rotation":0},{"Text":"points","TextBB":[260.329,283.054,282.189,290.632],"Rotation":0},{"Text":"0.7","TextBB":[327.651,180.54,339.279,188.277],"Rotation":0},{"Text":"0.6","TextBB":[327.651,210.027,339.279,217.765],"Rotation":0},{"Text":"0.5","TextBB":[327.651,239.478,339.279,247.216],"Rotation":0},{"Text":"0.4","TextBB":[327.651,268.965,339.279,276.702],"Rotation":0},{"Text":"50","TextBB":[299.482,275.166,308.593,282.745],"Rotation":0},{"Text":"LGReg","TextBB":[490.387,212.851,516.889,220.589],"Rotation":0},{"Text":"LLReg","TextBB":[490.387,222.505,515.032,230.243],"Rotation":0},{"Text":"LapRLS","TextBB":[490.387,232.159,520.611,239.897],"Rotation":0},{"Text":"LLGC","TextBB":[490.387,241.813,512.238,249.551],"Rotation":0},{"Text":"GRF","TextBB":[490.387,251.467,508.047,259.205],"Rotation":0},{"Text":"SVM","TextBB":[490.387,261.122,508.515,268.859],"Rotation":0},{"Text":"10","TextBB":[356.581,274.82,365.883,282.558],"Rotation":0},{"Text":"20","TextBB":[398.128,274.82,407.43,282.558],"Rotation":0},{"Text":"30","TextBB":[439.639,274.82,448.941,282.558],"Rotation":0},{"Text":"40","TextBB":[481.185,274.82,490.487,282.558],"Rotation":0},{"Text":"percentage","TextBB":[363.274,282.872,405.125,290.609],"Rotation":0},{"Text":"of","TextBB":[407.451,282.872,414.427,290.609],"Rotation":0},{"Text":"randomly","TextBB":[416.753,282.872,451.151,290.609],"Rotation":0},{"Text":"labeled","TextBB":[453.476,282.872,480.446,290.609],"Rotation":0},{"Text":"points","TextBB":[482.772,282.872,505.09,290.609],"Rotation":0},{"Text":"(a)","TextBB":[177.167,298.328,190.989,309.536],"Rotation":0},{"Text":"g241c","TextBB":[195.51,298.328,225.695,309.536],"Rotation":0},{"Text":"0.9","TextBB":[108.4,362.16,119.788,369.739],"Rotation":0},{"Text":"0.85","TextBB":[103.825,382.781,119.769,390.36],"Rotation":0},{"Text":"0.65","TextBB":[103.825,465.23,119.769,472.808],"Rotation":0},{"Text":"LGReg","TextBB":[267.8,410.298,293.756,417.877],"Rotation":0},{"Text":"LLReg","TextBB":[267.8,419.755,291.937,427.333],"Rotation":0},{"Text":"LapRLS","TextBB":[267.8,429.212,297.401,436.79],"Rotation":0},{"Text":"LLGC","TextBB":[267.8,438.669,289.2,446.247],"Rotation":0},{"Text":"GRF","TextBB":[267.8,448.126,285.096,455.704],"Rotation":0},{"Text":"SVM","TextBB":[267.8,457.583,285.554,465.161],"Rotation":0},{"Text":"10","TextBB":[136.736,470.999,145.847,478.578],"Rotation":0},{"Text":"20","TextBB":[177.431,470.999,186.541,478.578],"Rotation":0},{"Text":"30","TextBB":[218.092,470.999,227.202,478.578],"Rotation":0},{"Text":"40","TextBB":[258.787,470.999,267.898,478.578],"Rotation":0},{"Text":"percentage","TextBB":[143.292,478.887,184.282,486.465],"Rotation":0},{"Text":"of","TextBB":[186.559,478.887,193.392,486.465],"Rotation":0},{"Text":"randomly","TextBB":[195.67,478.887,229.36,486.465],"Rotation":0},{"Text":"labeled","TextBB":[231.637,478.887,258.052,486.465],"Rotation":0},{"Text":"points","TextBB":[260.329,478.887,282.189,486.465],"Rotation":0},{"Text":"0.98","TextBB":[327.325,344.988,343.269,352.567],"Rotation":0},{"Text":"0.96","TextBB":[327.325,369.023,343.269,376.602],"Rotation":0},{"Text":"0.94","TextBB":[327.325,393.091,343.269,400.67],"Rotation":0},{"Text":"0.9","TextBB":[331.9,441.195,343.288,448.774],"Rotation":0},{"Text":"0.88","TextBB":[327.325,465.23,343.269,472.808],"Rotation":0},{"Text":"50","TextBB":[299.482,470.999,308.593,478.578],"Rotation":0},{"Text":"LGReg","TextBB":[491.3,410.298,517.256,417.877],"Rotation":0},{"Text":"LLReg","TextBB":[491.3,419.755,515.437,427.333],"Rotation":0},{"Text":"LapRLS","TextBB":[491.3,429.212,520.901,436.79],"Rotation":0},{"Text":"LLGC","TextBB":[491.3,438.669,512.7,446.247],"Rotation":0},{"Text":"GRF","TextBB":[491.3,448.126,508.596,455.704],"Rotation":0},{"Text":"SVM","TextBB":[491.3,457.583,509.054,465.161],"Rotation":0},{"Text":"0.92","TextBB":[327.325,417.126,343.269,424.704],"Rotation":0},{"Text":"10","TextBB":[360.236,470.999,369.347,478.578],"Rotation":0},{"Text":"20","TextBB":[400.931,470.999,410.041,478.578],"Rotation":0},{"Text":"30","TextBB":[441.592,470.999,450.702,478.578],"Rotation":0},{"Text":"40","TextBB":[482.287,470.999,491.398,478.578],"Rotation":0},{"Text":"percentage","TextBB":[366.79,478.887,407.78,486.465],"Rotation":0},{"Text":"of","TextBB":[410.058,478.887,416.891,486.465],"Rotation":0},{"Text":"randomly","TextBB":[419.168,478.887,452.858,486.465],"Rotation":0},{"Text":"labeled","TextBB":[455.136,478.887,481.55,486.465],"Rotation":0},{"Text":"points","TextBB":[483.828,478.887,505.687,486.465],"Rotation":0},{"Text":"0.8","TextBB":[108.4,574.317,119.788,581.896],"Rotation":0},{"Text":"LGReg","TextBB":[145.817,523.994,171.772,531.572],"Rotation":0},{"Text":"LLReg","TextBB":[145.817,533.451,169.953,541.029],"Rotation":0},{"Text":"LapRLS","TextBB":[145.817,542.908,175.418,550.486],"Rotation":0},{"Text":"LLGC","TextBB":[145.817,552.365,167.217,559.943],"Rotation":0},{"Text":"GRF","TextBB":[145.817,561.822,163.112,569.4],"Rotation":0},{"Text":"SVM","TextBB":[145.817,571.279,163.571,578.857],"Rotation":0},{"Text":"0.75","TextBB":[103.825,610.404,119.769,617.982],"Rotation":0},{"Text":"0.7","TextBB":[108.4,646.49,119.788,654.068],"Rotation":0},{"Text":"10","TextBB":[136.736,666.666,145.847,674.245],"Rotation":0},{"Text":"20","TextBB":[177.431,666.666,186.541,674.245],"Rotation":0},{"Text":"30","TextBB":[218.092,666.666,227.202,674.245],"Rotation":0},{"Text":"40","TextBB":[258.787,666.666,267.898,674.245],"Rotation":0},{"Text":"percentage","TextBB":[143.292,674.552,184.282,682.131],"Rotation":0},{"Text":"of","TextBB":[186.559,674.552,193.392,682.131],"Rotation":0},{"Text":"randomly","TextBB":[195.67,674.552,229.36,682.131],"Rotation":0},{"Text":"labeled","TextBB":[231.637,674.552,258.052,682.131],"Rotation":0},{"Text":"points","TextBB":[260.329,674.552,282.189,682.131],"Rotation":0},{"Text":"0.9","TextBB":[331.9,532.631,343.288,540.21],"Rotation":0},{"Text":"0.88","TextBB":[327.325,548.677,343.269,556.256],"Rotation":0},{"Text":"0.86","TextBB":[327.325,564.69,343.269,572.268],"Rotation":0},{"Text":"0.7","TextBB":[108.4,753.66,119.788,761.239],"Rotation":0},{"Text":"0.65","TextBB":[103.825,774.281,119.769,781.86],"Rotation":0},{"Text":"0.85","TextBB":[550.825,357.005,566.769,364.583],"Rotation":0},{"Text":"10","TextBB":[583.736,275.166,592.847,282.745],"Rotation":0},{"Text":"20","TextBB":[624.431,275.166,633.541,282.745],"Rotation":0},{"Text":"30","TextBB":[665.092,275.166,674.202,282.745],"Rotation":0},{"Text":"40","TextBB":[705.787,275.166,714.898,282.745],"Rotation":0},{"Text":"percentage","TextBB":[590.29,283.054,631.28,290.632],"Rotation":0},{"Text":"of","TextBB":[633.558,283.054,640.391,290.632],"Rotation":0},{"Text":"randomly","TextBB":[642.668,283.054,676.358,290.632],"Rotation":0},{"Text":"labeled","TextBB":[678.636,283.054,705.05,290.632],"Rotation":0},{"Text":"points","TextBB":[707.328,283.054,729.187,290.632],"Rotation":0},{"Text":"0.55","TextBB":[103.825,815.523,119.769,823.102],"Rotation":0},{"Text":"0.5","TextBB":[108.4,836.144,119.788,843.722],"Rotation":0},{"Text":"10","TextBB":[136.736,862.499,145.847,870.078],"Rotation":0},{"Text":"20","TextBB":[177.431,862.499,186.541,870.078],"Rotation":0},{"Text":"30","TextBB":[218.092,862.499,227.202,870.078],"Rotation":0},{"Text":"40","TextBB":[258.787,862.499,267.898,870.078],"Rotation":0},{"Text":"percentage","TextBB":[143.292,870.385,184.282,877.964],"Rotation":0},{"Text":"of","TextBB":[186.559,870.385,193.392,877.964],"Rotation":0},{"Text":"randomly","TextBB":[195.67,870.385,229.36,877.964],"Rotation":0},{"Text":"labeled","TextBB":[231.637,870.385,258.052,877.964],"Rotation":0},{"Text":"points","TextBB":[260.329,870.385,282.189,877.964],"Rotation":0},{"Text":"50","TextBB":[299.482,862.499,308.593,870.078],"Rotation":0},{"Text":"0.82","TextBB":[327.325,596.781,343.269,604.36],"Rotation":0},{"Text":"0.8","TextBB":[331.9,612.792,343.288,620.371],"Rotation":0},{"Text":"0.78","TextBB":[327.325,628.84,343.269,636.418],"Rotation":0},{"Text":"0.76","TextBB":[327.325,644.885,343.269,652.464],"Rotation":0},{"Text":"10","TextBB":[360.236,666.666,369.347,674.245],"Rotation":0},{"Text":"20","TextBB":[400.931,666.666,410.041,674.245],"Rotation":0},{"Text":"30","TextBB":[441.592,666.666,450.702,674.245],"Rotation":0},{"Text":"40","TextBB":[482.287,666.666,491.398,674.245],"Rotation":0},{"Text":"percentage","TextBB":[366.79,674.552,407.78,682.131],"Rotation":0},{"Text":"of","TextBB":[410.058,674.552,416.891,682.131],"Rotation":0},{"Text":"randomly","TextBB":[419.168,674.552,452.858,682.131],"Rotation":0},{"Text":"labeled","TextBB":[455.136,674.552,481.55,682.131],"Rotation":0},{"Text":"points","TextBB":[483.828,674.552,505.687,682.131],"Rotation":0},{"Text":"LGReg","TextBB":[592.306,328.055,618.261,335.633],"Rotation":0},{"Text":"LLReg","TextBB":[592.306,337.512,616.442,345.09],"Rotation":0},{"Text":"LapRLS","TextBB":[592.306,346.969,621.907,354.547],"Rotation":0},{"Text":"LLGC","TextBB":[592.306,356.426,613.706,364.004],"Rotation":0},{"Text":"GRF","TextBB":[592.306,365.883,609.601,373.461],"Rotation":0},{"Text":"SVM","TextBB":[592.306,375.34,610.06,382.918],"Rotation":0},{"Text":"0.75","TextBB":[550.825,429.177,566.769,436.756],"Rotation":0},{"Text":"0.95","TextBB":[550.825,537.206,566.769,544.785],"Rotation":0},{"Text":"0.9","TextBB":[555.4,557.827,566.788,565.406],"Rotation":0},{"Text":"0.85","TextBB":[550.825,578.448,566.769,586.027],"Rotation":0},{"Text":"10","TextBB":[583.736,470.999,592.847,478.578],"Rotation":0},{"Text":"20","TextBB":[624.431,470.999,633.541,478.578],"Rotation":0},{"Text":"30","TextBB":[665.092,470.999,674.202,478.578],"Rotation":0},{"Text":"40","TextBB":[705.787,470.999,714.898,478.578],"Rotation":0},{"Text":"percentage","TextBB":[590.29,478.887,631.28,486.465],"Rotation":0},{"Text":"of","TextBB":[633.558,478.887,640.391,486.465],"Rotation":0},{"Text":"randomly","TextBB":[642.668,478.887,676.358,486.465],"Rotation":0},{"Text":"labeled","TextBB":[678.636,478.887,705.05,486.465],"Rotation":0},{"Text":"points","TextBB":[707.328,478.887,729.187,486.465],"Rotation":0},{"Text":"50","TextBB":[746.483,470.999,755.594,478.578],"Rotation":0},{"Text":"LGReg","TextBB":[592.818,523.994,618.774,531.572],"Rotation":0},{"Text":"LLReg","TextBB":[592.818,533.451,616.955,541.029],"Rotation":0},{"Text":"LapRLS","TextBB":[592.818,542.908,622.42,550.486],"Rotation":0},{"Text":"LLGC","TextBB":[592.818,552.365,614.218,559.943],"Rotation":0},{"Text":"GRF","TextBB":[592.818,561.822,610.114,569.4],"Rotation":0},{"Text":"SVM","TextBB":[592.818,571.279,610.572,578.857],"Rotation":0},{"Text":"0.8","TextBB":[555.4,599.069,566.788,606.647],"Rotation":0},{"Text":"0.75","TextBB":[550.825,619.69,566.769,627.268],"Rotation":0},{"Text":"0.7","TextBB":[555.4,640.31,566.788,647.889],"Rotation":0},{"Text":"0.65","TextBB":[550.825,660.897,566.769,668.475],"Rotation":0},{"Text":"50","TextBB":[522.983,666.666,532.094,674.245],"Rotation":0},{"Text":"10","TextBB":[583.736,666.666,592.847,674.245],"Rotation":0},{"Text":"20","TextBB":[624.431,666.666,633.541,674.245],"Rotation":0},{"Text":"30","TextBB":[665.092,666.666,674.202,674.245],"Rotation":0},{"Text":"40","TextBB":[705.787,666.666,714.898,674.245],"Rotation":0},{"Text":"percentage","TextBB":[590.29,674.552,631.28,682.131],"Rotation":0},{"Text":"of","TextBB":[633.558,674.552,640.391,682.131],"Rotation":0},{"Text":"randomly","TextBB":[642.668,674.552,676.358,682.131],"Rotation":0},{"Text":"labeled","TextBB":[678.636,674.552,705.05,682.131],"Rotation":0},{"Text":"points","TextBB":[707.328,674.552,729.187,682.131],"Rotation":0},{"Text":"50","TextBB":[746.483,666.666,755.594,674.245],"Rotation":0},{"Text":"(i)","TextBB":[611.667,689.995,623.484,701.202],"Rotation":0},{"Text":"washington","TextBB":[628.005,689.995,685.051,701.202],"Rotation":0},{"Text":"0.76","TextBB":[550.825,712.419,566.769,719.997],"Rotation":0},{"Text":"0.74","TextBB":[327.325,736.488,343.269,744.067],"Rotation":0},{"Text":"0.72","TextBB":[327.325,760.523,343.269,768.102],"Rotation":0},{"Text":"0.7","TextBB":[331.9,784.591,343.288,792.17],"Rotation":0},{"Text":"LGReg","TextBB":[491.3,801.798,517.256,809.377],"Rotation":0},{"Text":"LLReg","TextBB":[491.3,811.255,515.437,818.833],"Rotation":0},{"Text":"LapRLS","TextBB":[491.3,820.712,520.901,828.29],"Rotation":0},{"Text":"LLGC","TextBB":[491.3,830.169,512.7,837.747],"Rotation":0},{"Text":"GRF","TextBB":[491.3,839.626,508.596,847.204],"Rotation":0},{"Text":"SVM","TextBB":[491.3,849.083,509.054,856.661],"Rotation":0},{"Text":"0.68","TextBB":[327.325,808.626,343.269,816.204],"Rotation":0},{"Text":"0.66","TextBB":[327.325,832.695,343.269,840.274],"Rotation":0},{"Text":"0.64","TextBB":[327.325,856.73,343.269,864.308],"Rotation":0},{"Text":"50","TextBB":[746.483,275.166,755.594,282.745],"Rotation":0},{"Text":"0.8","TextBB":[555.4,393.091,566.788,400.67],"Rotation":0},{"Text":"1","TextBB":[562.228,516.585,566.783,524.164],"Rotation":0},{"Text":"0.76","TextBB":[327.325,712.419,343.269,719.997],"Rotation":0},{"Text":"LGReg","TextBB":[145.817,719.827,171.772,727.406],"Rotation":0},{"Text":"LLReg","TextBB":[145.817,729.284,169.953,736.863],"Rotation":0},{"Text":"LapRLS","TextBB":[145.817,738.741,175.418,746.32],"Rotation":0},{"Text":"LLGC","TextBB":[145.817,748.198,167.217,755.777],"Rotation":0},{"Text":"GRF","TextBB":[145.817,757.655,163.112,765.233],"Rotation":0},{"Text":"SVM","TextBB":[145.817,767.112,163.571,774.69],"Rotation":0},{"Text":"(j)","TextBB":[183,885.828,194.818,897.036],"Rotation":0},{"Text":"BCI","TextBB":[199.338,885.828,220.147,897.036],"Rotation":0},{"Text":"0.84","TextBB":[550.825,253.385,566.769,260.964],"Rotation":0},{"Text":"(h)","TextBB":[390.5,689.995,404.983,701.202],"Rotation":0},{"Text":"wisconsin","TextBB":[409.665,689.995,459.389,701.202],"Rotation":0},{"Text":"0.6","TextBB":[108.4,794.902,119.788,802.481],"Rotation":0},{"Text":"0.45","TextBB":[103.825,856.763,119.769,864.342],"Rotation":0},{"Text":"0.86","TextBB":[550.825,237.34,566.769,244.918],"Rotation":0},{"Text":"(f)","TextBB":[622.667,494.161,635.157,505.369],"Rotation":0},{"Text":"cornell","TextBB":[639.677,494.161,674.146,505.369],"Rotation":0},{"Text":"0.84","TextBB":[327.325,580.735,343.269,588.314],"Rotation":0},{"Text":"0.74","TextBB":[327.325,660.93,343.269,668.508],"Rotation":0},{"Text":"50","TextBB":[299.482,666.666,308.593,674.245],"Rotation":0},{"Text":"average","TextBB":[317.722,814.371,325.3,843.972],"Rotation":3},{"Text":"classification","TextBB":[317.722,765.655,325.3,812.093],"Rotation":3},{"Text":"accuracy","TextBB":[317.722,730.597,325.3,763.377],"Rotation":3},{"Text":"average","TextBB":[94.2204,814.371,101.799,843.972],"Rotation":3},{"Text":"classification","TextBB":[94.2204,765.655,101.799,812.093],"Rotation":3},{"Text":"accuracy","TextBB":[94.2204,730.597,101.799,763.377],"Rotation":3},{"Text":"0.75","TextBB":[103.825,733.04,119.769,740.618],"Rotation":0},{"Text":"LGReg","TextBB":[714.8,214.465,740.756,222.043],"Rotation":0},{"Text":"LLReg","TextBB":[714.8,223.922,738.937,231.5],"Rotation":0},{"Text":"LapRLS","TextBB":[714.8,233.379,744.401,240.957],"Rotation":0},{"Text":"LLGC","TextBB":[714.8,242.835,736.2,250.414],"Rotation":0},{"Text":"GRF","TextBB":[714.8,252.292,732.096,259.871],"Rotation":0},{"Text":"SVM","TextBB":[714.8,261.749,732.554,269.328],"Rotation":0},{"Text":"0.88","TextBB":[550.825,221.292,566.769,228.871],"Rotation":0},{"Text":"0.7","TextBB":[555.4,465.23,566.788,472.808],"Rotation":0},{"Text":"50","TextBB":[522.983,470.999,532.094,478.578],"Rotation":0},{"Text":"LGReg","TextBB":[369.317,523.994,395.272,531.572],"Rotation":0},{"Text":"LLReg","TextBB":[369.317,533.451,393.453,541.029],"Rotation":0},{"Text":"LapRLS","TextBB":[369.317,542.908,398.918,550.486],"Rotation":0},{"Text":"LLGC","TextBB":[369.317,552.365,390.717,559.943],"Rotation":0},{"Text":"GRF","TextBB":[369.317,561.822,386.612,569.4],"Rotation":0},{"Text":"SVM","TextBB":[369.317,571.279,387.071,578.857],"Rotation":0},{"Text":"(g)","TextBB":[179.333,689.995,193.816,701.202],"Rotation":0},{"Text":"texas","TextBB":[198.336,689.995,223.678,701.202],"Rotation":0},{"Text":"0.8","TextBB":[108.4,712.454,119.788,720.032],"Rotation":0},{"Text":"0.9","TextBB":[555.4,205.281,566.788,212.86],"Rotation":0},{"Text":"(e)","TextBB":[401.333,494.161,415.156,505.369],"Rotation":0},{"Text":"digit1","TextBB":[419.676,494.161,448.729,505.369],"Rotation":0},{"Text":"average","TextBB":[317.722,618.537,325.3,648.139],"Rotation":3},{"Text":"classification","TextBB":[317.722,569.821,325.3,616.26],"Rotation":3},{"Text":"accuracy","TextBB":[317.722,534.763,325.3,567.544],"Rotation":3},{"Text":"average","TextBB":[94.2204,618.537,101.799,648.139],"Rotation":3},{"Text":"classification","TextBB":[94.2204,569.821,101.799,616.26],"Rotation":3},{"Text":"accuracy","TextBB":[94.2204,534.763,101.799,567.544],"Rotation":3},{"Text":"(d)","TextBB":[177.5,494.161,191.983,505.369],"Rotation":0},{"Text":"COIL","TextBB":[196.503,494.161,225.618,505.369],"Rotation":0},{"Text":"0.85","TextBB":[103.825,538.265,119.769,545.843],"Rotation":0},{"Text":"0.92","TextBB":[550.825,189.235,566.769,196.814],"Rotation":0},{"Text":"0.9","TextBB":[555.4,320.919,566.788,328.497],"Rotation":0},{"Text":"average","TextBB":[541.22,422.871,548.799,452.472],"Rotation":3},{"Text":"classification","TextBB":[541.22,374.155,548.799,420.593],"Rotation":3},{"Text":"accuracy","TextBB":[541.22,339.097,548.799,371.877],"Rotation":3},{"Text":"average","TextBB":[317.722,422.871,325.3,452.472],"Rotation":3},{"Text":"classification","TextBB":[317.722,374.155,325.3,420.593],"Rotation":3},{"Text":"accuracy","TextBB":[317.722,339.097,325.3,371.877],"Rotation":3},{"Text":"average","TextBB":[94.2204,422.871,101.799,452.472],"Rotation":3},{"Text":"classification","TextBB":[94.2204,374.155,101.799,420.593],"Rotation":3},{"Text":"accuracy","TextBB":[94.2204,339.097,101.799,371.877],"Rotation":3},{"Text":"0.95","TextBB":[103.825,341.54,119.769,349.118],"Rotation":0},{"Text":"0.7","TextBB":[108.4,444.644,119.788,452.222],"Rotation":0},{"Text":"0.94","TextBB":[550.825,173.19,566.769,180.768],"Rotation":0},{"Text":"(c)","TextBB":[624.333,298.328,638.156,309.536],"Rotation":0},{"Text":"USPS","TextBB":[642.838,298.328,672.762,309.536],"Rotation":0},{"Text":"1","TextBB":[338.728,320.919,343.283,328.497],"Rotation":0},{"Text":"0.75","TextBB":[103.825,424.023,119.769,431.602],"Rotation":0},{"Text":"0.96","TextBB":[550.825,157.179,566.769,164.757],"Rotation":0},{"Text":"(b)","TextBB":[399.833,298.328,414.316,309.536],"Rotation":0},{"Text":"g241n","TextBB":[418.998,298.328,449.881,309.536],"Rotation":0},{"Text":"1","TextBB":[115.228,320.919,119.783,328.497],"Rotation":0},{"Text":"0.8","TextBB":[108.4,403.402,119.788,410.981],"Rotation":0},{"Text":"0.98","TextBB":[550.825,141.131,566.769,148.71],"Rotation":0},{"Text":"0.82","TextBB":[550.825,269.431,566.769,277.01],"Rotation":0},{"Text":"50","TextBB":[522.731,274.82,532.033,282.558],"Rotation":0},{"Text":"average","TextBB":[541.22,618.537,548.799,648.139],"Rotation":3},{"Text":"classification","TextBB":[541.22,569.821,548.799,616.26],"Rotation":3},{"Text":"accuracy","TextBB":[541.22,534.763,548.799,567.544],"Rotation":3},{"Text":"0.5","TextBB":[108.4,269.431,119.788,277.01],"Rotation":0},{"Text":"0.8","TextBB":[327.651,151.088,339.279,158.826],"Rotation":0},{"Text":"average","TextBB":[541.22,814.371,548.799,843.972],"Rotation":3},{"Text":"classification","TextBB":[541.22,765.655,548.799,812.093],"Rotation":3},{"Text":"accuracy","TextBB":[541.22,730.597,548.799,763.377],"Rotation":3},{"Text":"average","TextBB":[94.2204,227.037,101.799,256.639],"Rotation":3},{"Text":"classification","TextBB":[94.2204,178.322,101.799,224.76],"Rotation":3},{"Text":"accuracy","TextBB":[94.2204,143.263,101.799,176.044],"Rotation":3},{"Text":"0.85","TextBB":[103.825,143.145,119.769,150.724],"Rotation":0},{"Text":"average","TextBB":[541.22,227.037,548.799,256.639],"Rotation":3},{"Text":"classification","TextBB":[541.22,178.322,548.799,224.76],"Rotation":3},{"Text":"accuracy","TextBB":[541.22,143.263,548.799,176.044],"Rotation":3},{"Text":"0.9","TextBB":[327.651,121.637,339.279,129.375],"Rotation":0},{"Text":"0.9","TextBB":[108.4,125.12,119.788,132.699],"Rotation":0},{"Text":"10","TextBB":[360.236,862.499,369.347,870.078],"Rotation":0},{"Text":"20","TextBB":[400.931,862.499,410.041,870.078],"Rotation":0},{"Text":"30","TextBB":[441.592,862.499,450.702,870.078],"Rotation":0},{"Text":"40","TextBB":[482.287,862.499,491.398,870.078],"Rotation":0},{"Text":"number","TextBB":[373.381,870.385,401.155,877.964],"Rotation":0},{"Text":"of","TextBB":[403.433,870.385,410.266,877.964],"Rotation":0},{"Text":"randomly","TextBB":[412.543,870.385,446.233,877.964],"Rotation":0},{"Text":"labeled","TextBB":[448.511,870.385,474.925,877.964],"Rotation":0},{"Text":"points","TextBB":[477.203,870.385,499.062,877.964],"Rotation":0},{"Text":"50","TextBB":[522.983,862.499,532.094,870.078],"Rotation":0},{"Text":"0.74","TextBB":[550.825,733.04,566.769,740.618],"Rotation":0},{"Text":"0.72","TextBB":[550.825,753.66,566.769,761.239],"Rotation":0},{"Text":"0.7","TextBB":[555.4,774.281,566.788,781.86],"Rotation":0},{"Text":"0.68","TextBB":[550.825,794.902,566.769,802.481],"Rotation":0},{"Text":"0.66","TextBB":[550.825,815.523,566.769,823.102],"Rotation":0},{"Text":"0.64","TextBB":[550.825,836.144,566.769,843.722],"Rotation":0},{"Text":"0.62","TextBB":[550.825,856.73,566.769,864.308],"Rotation":0},{"Text":"(k)","TextBB":[395,885.828,409.483,897.036],"Rotation":0},{"Text":"diabetes","TextBB":[414.165,885.828,454.848,897.036],"Rotation":0},{"Text":"LGReg","TextBB":[714.8,801.798,740.756,809.377],"Rotation":0},{"Text":"LLReg","TextBB":[714.8,811.255,738.937,818.833],"Rotation":0},{"Text":"LapRLS","TextBB":[714.8,820.712,744.401,828.29],"Rotation":0},{"Text":"LLGC","TextBB":[714.8,830.169,736.2,837.747],"Rotation":0},{"Text":"GRF","TextBB":[714.8,839.626,732.096,847.204],"Rotation":0},{"Text":"SVM","TextBB":[714.8,849.083,732.554,856.661],"Rotation":0},{"Text":"10","TextBB":[583.736,862.499,592.847,870.078],"Rotation":0},{"Text":"20","TextBB":[624.431,862.499,633.541,870.078],"Rotation":0},{"Text":"30","TextBB":[665.092,862.499,674.202,870.078],"Rotation":0},{"Text":"40","TextBB":[705.787,862.499,714.898,870.078],"Rotation":0},{"Text":"percentage","TextBB":[590.29,870.385,631.28,877.964],"Rotation":0},{"Text":"of","TextBB":[633.558,870.385,640.391,877.964],"Rotation":0},{"Text":"randomly","TextBB":[642.668,870.385,676.358,877.964],"Rotation":0},{"Text":"labeled","TextBB":[678.636,870.385,705.05,877.964],"Rotation":0},{"Text":"points","TextBB":[707.328,870.385,729.187,877.964],"Rotation":0},{"Text":"(l)","TextBB":[613,885.828,624.818,897.036],"Rotation":0},{"Text":"ionosphere","TextBB":[629.338,885.828,683.694,897.036],"Rotation":0},{"Text":"50","TextBB":[746.483,862.499,755.594,870.078],"Rotation":0}],"Mention":["The experimental results are shown in figure 1. In all the\nfigures, the x-axis represents the percentage of randomly la-\nbeled points, the y-axis is the average classification accuracy\nover 50 independent runs. From the figures we can observe\n"],"Page":5,"Number":1,"Type":"Figure","CaptionBB":[273,917,576,931],"Height":1100,"Width":850,"DPI":100,"ImageBB":[92,119,758,899]}