{"Caption":"Figure 10:     With out-of-order transfers, download requests take almost constant time to complete as the load increases. When file data transfers are served sequentially, however, the download duration increases significantly as a function of the system load. We consider the case where all clients have the same network link capacity (a-c), and when clients of different link capacities are served by a single server (d-f). ","ImageText":[{"Text":"10T\/512MB","TextBB":[411.428,120.13,472.887,134.906],"Rotation":0},{"Text":"3000","TextBB":[167.393,165.788,185.04,176.42],"Rotation":0},{"Text":"Sequential","TextBB":[237.981,195.789,275.233,206.421],"Rotation":0},{"Text":"Out","TextBB":[237.981,206.376,251.216,217.009],"Rotation":0},{"Text":"of","TextBB":[253.422,206.376,260.772,217.009],"Rotation":0},{"Text":"Order","TextBB":[262.978,206.376,283.554,217.009],"Rotation":0},{"Text":"1000","TextBB":[167.393,212.847,185.04,223.479],"Rotation":0},{"Text":"0","TextBB":[180.628,236.376,185.04,247.009],"Rotation":0},{"Text":"0","TextBB":[190.676,246.867,195.088,257.499],"Rotation":0},{"Text":"20","TextBB":[223.765,246.867,232.588,257.499],"Rotation":0},{"Text":"40","TextBB":[259.059,246.867,267.882,257.499],"Rotation":0},{"Text":"3000","TextBB":[363.726,165.788,381.373,176.42],"Rotation":0},{"Text":"2000","TextBB":[363.726,189.317,381.373,199.95],"Rotation":0},{"Text":"1000","TextBB":[363.726,212.847,381.373,223.479],"Rotation":0},{"Text":"0","TextBB":[376.961,236.376,381.373,247.009],"Rotation":0},{"Text":"60","TextBB":[294.353,246.867,303.176,257.499],"Rotation":0},{"Text":"Sequential","TextBB":[434.314,139.318,471.567,149.95],"Rotation":0},{"Text":"Out","TextBB":[434.314,149.905,447.549,160.538],"Rotation":0},{"Text":"of","TextBB":[449.755,149.905,457.105,160.538],"Rotation":0},{"Text":"Order","TextBB":[459.311,149.905,479.887,160.538],"Rotation":0},{"Text":"4000","TextBB":[363.726,142.259,381.373,152.891],"Rotation":0},{"Text":"0","TextBB":[387.01,246.867,391.421,257.499],"Rotation":0},{"Text":"20","TextBB":[420.098,246.867,428.921,257.499],"Rotation":0},{"Text":"Load","TextBB":[225.534,259.333,247.328,272.088],"Rotation":0},{"Text":"(%)","TextBB":[249.779,259.333,266.113,272.088],"Rotation":0},{"Text":"Download","TextBB":[347.176,368.878,359.931,411.368],"Rotation":3},{"Text":"Time","TextBB":[347.176,344.643,359.931,366.427],"Rotation":3},{"Text":"(s)","TextBB":[347.176,331.848,359.931,342.192],"Rotation":3},{"Text":"Download","TextBB":[150.842,368.878,163.597,411.368],"Rotation":3},{"Text":"Time","TextBB":[150.842,344.643,163.597,366.427],"Rotation":3},{"Text":"(s)","TextBB":[150.842,331.848,163.597,342.192],"Rotation":3},{"Text":"3000","TextBB":[167.393,348.455,185.04,359.087],"Rotation":0},{"Text":"Sequential","TextBB":[237.981,378.455,275.233,389.088],"Rotation":0},{"Text":"Out","TextBB":[237.981,389.043,251.216,399.675],"Rotation":0},{"Text":"of","TextBB":[253.422,389.043,260.772,399.675],"Rotation":0},{"Text":"Order","TextBB":[262.978,389.043,283.554,399.675],"Rotation":0},{"Text":"0","TextBB":[190.676,429.533,195.088,440.166],"Rotation":0},{"Text":"20","TextBB":[223.765,429.533,232.588,440.166],"Rotation":0},{"Text":"2000","TextBB":[560.059,189.317,577.706,199.95],"Rotation":0},{"Text":"1000","TextBB":[560.059,212.847,577.706,223.479],"Rotation":0},{"Text":"0","TextBB":[573.294,236.376,577.706,247.009],"Rotation":0},{"Text":"60","TextBB":[490.686,246.867,499.51,257.499],"Rotation":0},{"Text":"0","TextBB":[583.343,246.867,587.755,257.499],"Rotation":0},{"Text":"40","TextBB":[259.059,429.533,267.882,440.166],"Rotation":0},{"Text":"60","TextBB":[294.353,429.533,303.176,440.166],"Rotation":0},{"Text":"2000","TextBB":[363.726,371.984,381.373,382.616],"Rotation":0},{"Text":"1000","TextBB":[363.726,395.513,381.373,406.146],"Rotation":0},{"Text":"0","TextBB":[387.01,429.533,391.421,440.166],"Rotation":0},{"Text":"Load","TextBB":[225.534,442,247.328,454.755],"Rotation":0},{"Text":"(%)","TextBB":[249.779,442,266.113,454.755],"Rotation":0},{"Text":"(d)","TextBB":[220.834,461.272,233.652,474.61],"Rotation":0},{"Text":"20","TextBB":[420.098,429.533,428.921,440.166],"Rotation":0},{"Text":"60","TextBB":[687.019,246.867,695.843,257.499],"Rotation":0},{"Text":"Mx-T3\/512MB","TextBB":[600.901,302.796,676.078,317.573],"Rotation":0},{"Text":"3000","TextBB":[363.726,348.455,381.373,359.087],"Rotation":0},{"Text":"0","TextBB":[376.961,419.043,381.373,429.675],"Rotation":0},{"Text":"40","TextBB":[651.725,246.867,660.549,257.499],"Rotation":0},{"Text":"(c)","TextBB":[613.834,278.605,625.988,291.943],"Rotation":0},{"Text":"Sequential","TextBB":[434.314,321.985,471.567,332.617],"Rotation":0},{"Text":"Out","TextBB":[434.314,332.572,447.549,343.204],"Rotation":0},{"Text":"of","TextBB":[449.755,332.572,457.105,343.204],"Rotation":0},{"Text":"Order","TextBB":[459.311,332.572,479.887,343.204],"Rotation":0},{"Text":"4000","TextBB":[363.726,324.925,381.373,335.558],"Rotation":0},{"Text":"20","TextBB":[616.431,246.867,625.255,257.499],"Rotation":0},{"Text":"Load","TextBB":[618.201,259.333,639.995,272.088],"Rotation":0},{"Text":"(%)","TextBB":[642.446,259.333,658.779,272.088],"Rotation":0},{"Text":"Mx-10T\/512MB","TextBB":[401.299,302.796,483.016,317.573],"Rotation":0},{"Text":"4000","TextBB":[167.393,324.925,185.04,335.558],"Rotation":0},{"Text":"0","TextBB":[180.628,419.043,185.04,429.675],"Rotation":0},{"Text":"3000","TextBB":[560.059,165.788,577.706,176.42],"Rotation":0},{"Text":"(b)","TextBB":[417.167,278.604,429.986,291.943],"Rotation":0},{"Text":"Mx-T1\/512MB","TextBB":[208.235,302.796,283.411,317.573],"Rotation":0},{"Text":"1000","TextBB":[167.393,395.513,185.04,406.146],"Rotation":0},{"Text":"Sequential","TextBB":[630.647,136.965,667.9,147.597],"Rotation":0},{"Text":"Out","TextBB":[630.647,147.553,643.883,158.185],"Rotation":0},{"Text":"of","TextBB":[646.088,147.553,653.438,158.185],"Rotation":0},{"Text":"Order","TextBB":[655.644,147.553,676.221,158.185],"Rotation":0},{"Text":"4000","TextBB":[560.059,142.259,577.706,152.891],"Rotation":0},{"Text":"Load","TextBB":[421.868,259.333,443.662,272.088],"Rotation":0},{"Text":"(%)","TextBB":[446.113,259.333,462.446,272.088],"Rotation":0},{"Text":"(a)","TextBB":[221.167,278.605,233.321,291.944],"Rotation":0},{"Text":"2000","TextBB":[167.393,371.984,185.04,382.616],"Rotation":0},{"Text":"40","TextBB":[455.392,246.867,464.216,257.499],"Rotation":0},{"Text":"Download","TextBB":[543.509,368.878,556.264,411.368],"Rotation":3},{"Text":"Time","TextBB":[543.509,344.643,556.264,366.427],"Rotation":3},{"Text":"(s)","TextBB":[543.509,331.848,556.264,342.192],"Rotation":3},{"Text":"2000","TextBB":[167.393,189.317,185.04,199.95],"Rotation":0},{"Text":"T3\/512MB","TextBB":[611.032,120.13,665.95,134.906],"Rotation":0},{"Text":"Download","TextBB":[543.509,186.211,556.264,228.701],"Rotation":3},{"Text":"Time","TextBB":[543.509,161.976,556.264,183.76],"Rotation":3},{"Text":"(s)","TextBB":[543.509,149.182,556.264,159.525],"Rotation":3},{"Text":"4000","TextBB":[167.393,142.259,185.04,152.891],"Rotation":0},{"Text":"Download","TextBB":[347.176,186.211,359.931,228.701],"Rotation":3},{"Text":"Time","TextBB":[347.176,161.976,359.931,183.76],"Rotation":3},{"Text":"(s)","TextBB":[347.176,149.182,359.931,159.525],"Rotation":3},{"Text":"Download","TextBB":[150.842,186.211,163.597,228.701],"Rotation":3},{"Text":"Time","TextBB":[150.842,161.976,163.597,183.76],"Rotation":3},{"Text":"(s)","TextBB":[150.842,149.182,163.597,159.525],"Rotation":3},{"Text":"T1\/512MB","TextBB":[218.365,120.13,273.283,134.906],"Rotation":0},{"Text":"40","TextBB":[455.392,429.533,464.216,440.166],"Rotation":0},{"Text":"Sequential","TextBB":[630.647,319.632,667.9,330.264],"Rotation":0},{"Text":"Out","TextBB":[630.647,330.219,643.883,340.852],"Rotation":0},{"Text":"of","TextBB":[646.088,330.219,653.438,340.852],"Rotation":0},{"Text":"Order","TextBB":[655.644,330.219,676.221,340.852],"Rotation":0},{"Text":"4000","TextBB":[560.059,324.925,577.706,335.558],"Rotation":0},{"Text":"3000","TextBB":[560.059,348.455,577.706,359.087],"Rotation":0},{"Text":"2000","TextBB":[560.059,371.984,577.706,382.616],"Rotation":0},{"Text":"1000","TextBB":[560.059,395.513,577.706,406.146],"Rotation":0},{"Text":"60","TextBB":[490.686,429.533,499.51,440.166],"Rotation":0},{"Text":"Load","TextBB":[421.868,442,443.662,454.755],"Rotation":0},{"Text":"(%)","TextBB":[446.113,442,462.446,454.755],"Rotation":0},{"Text":"(e)","TextBB":[417.5,461.271,429.655,474.61],"Rotation":0},{"Text":"0","TextBB":[573.294,419.043,577.706,429.675],"Rotation":0},{"Text":"0","TextBB":[583.343,429.533,587.755,440.166],"Rotation":0},{"Text":"20","TextBB":[616.431,429.533,625.255,440.166],"Rotation":0},{"Text":"40","TextBB":[651.725,429.533,660.549,440.166],"Rotation":0},{"Text":"60","TextBB":[687.019,429.533,695.843,440.166],"Rotation":0},{"Text":"Load","TextBB":[618.201,442,639.995,454.755],"Rotation":0},{"Text":"(%)","TextBB":[642.446,442,658.779,454.755],"Rotation":0},{"Text":"(f)","TextBB":[614.334,461.271,625.326,474.61],"Rotation":0}],"Mention":["quential case. When we mix clients of different capac-\nities (d), this behavior holds at low loads with the disk\nthroughput about 5.6 MByte\/s. At higher loads, the pro-\nportion of non-sharing (independent) clients increases,\nraising the disk throughput accordingly. Figure 10 fur-\nther veri\u0002es these observations. With out-of-order trans-\nfers, the download latencies remain roughly constant at\ndifferent system loads, according to the client rates. But\nwhen sequential transfers are used, the download latency\nincreases rapidly with the system load.\n"],"Page":8,"Number":10,"Type":"Figure","CaptionBB":[98,497,749,541],"Height":1100,"Width":850,"DPI":100,"ImageBB":[151,120,698,475]}