{"Caption":"Figure 4: (a) Time evolution of the fraction of searching robots for adaptive and reactive systems. (b) Diﬀerence between collaboration rates for adaptive and reactive systems for diﬀerent values of experimental parameters RG and γ. ","ImageText":[{"Text":"1","TextBB":[193.458,524.194,197.503,530.924],"Rotation":0},{"Text":"0.16","TextBB":[466.02,526.722,480.074,533.402],"Rotation":0},{"Text":"adaptive","TextBB":[376.587,531.036,404.086,537.765],"Rotation":0},{"Text":"reactive,","TextBB":[376.587,539.957,404.078,546.686],"Rotation":0},{"Text":"β=0.5","TextBB":[405.773,537.832,424.117,547.311],"Rotation":0},{"Text":"reactive,","TextBB":[376.587,549.396,404.078,556.126],"Rotation":0},{"Text":"β=1.0","TextBB":[405.773,547.272,424.117,556.751],"Rotation":0},{"Text":"reactive,","TextBB":[376.587,558.836,404.078,565.565],"Rotation":0},{"Text":"β=1.5","TextBB":[405.773,556.712,424.117,566.191],"Rotation":0},{"Text":"0.9","TextBB":[187.396,544.503,197.508,551.233],"Rotation":0},{"Text":"0.7","TextBB":[187.396,585.165,197.508,591.894],"Rotation":0},{"Text":"n","TextBB":[168.295,615.673,176.947,620.873],"Rotation":3},{"Text":"S","TextBB":[174.464,610.825,181.194,615.677],"Rotation":3},{"Text":"0.14","TextBB":[466.02,548.087,480.074,554.768],"Rotation":0},{"Text":"1\/γ=0.01","TextBB":[524.315,546.841,551.571,553.521],"Rotation":0},{"Text":"R","TextBB":[504.238,554.192,509.452,560.873],"Rotation":0},{"Text":"G","TextBB":[509.439,558.914,513.854,564.163],"Rotation":0},{"Text":"=0.75,1\/γ=1","TextBB":[513.824,554.192,551.29,560.872],"Rotation":0},{"Text":"0.12","TextBB":[466.02,569.453,480.074,576.134],"Rotation":0},{"Text":"1\/γ=0.01","TextBB":[524.315,566.315,551.571,572.996],"Rotation":0},{"Text":"∆","TextBB":[454.277,654.032,466.376,659.715],"Rotation":3},{"Text":"collaboration","TextBB":[456.988,598.818,465.578,651.459],"Rotation":3},{"Text":"rate","TextBB":[456.988,580.238,465.578,596.237],"Rotation":3},{"Text":"0.8","TextBB":[187.396,564.812,197.508,571.542],"Rotation":0},{"Text":"R","TextBB":[504.238,534.718,509.452,541.398],"Rotation":0},{"Text":"G","TextBB":[509.439,539.44,513.854,544.689],"Rotation":0},{"Text":"=0.35,1\/γ=1","TextBB":[513.824,534.718,551.29,541.398],"Rotation":0},{"Text":"0.6","TextBB":[187.396,605.474,197.508,612.203],"Rotation":0},{"Text":"0.1","TextBB":[470.018,590.819,480.057,597.499],"Rotation":0},{"Text":"0.08","TextBB":[466.02,612.185,480.074,618.865],"Rotation":0},{"Text":"0.5","TextBB":[187.396,625.826,197.508,632.556],"Rotation":0},{"Text":"0.06","TextBB":[466.02,633.55,480.074,640.231],"Rotation":0},{"Text":"0.4","TextBB":[187.396,646.136,197.508,652.865],"Rotation":0},{"Text":"0.04","TextBB":[466.02,654.916,480.074,661.597],"Rotation":0},{"Text":"0.3","TextBB":[187.396,666.488,197.508,673.217],"Rotation":0},{"Text":"0.02","TextBB":[466.02,676.282,480.074,682.962],"Rotation":0},{"Text":"0.2","TextBB":[187.396,686.797,197.508,693.526],"Rotation":0},{"Text":"0","TextBB":[476.037,697.648,480.052,704.328],"Rotation":0},{"Text":"0.1","TextBB":[187.396,707.149,197.508,713.879],"Rotation":0},{"Text":"0","TextBB":[197.009,712.692,201.054,719.421],"Rotation":0},{"Text":"10","TextBB":[241.351,712.692,249.441,719.421],"Rotation":0},{"Text":"20","TextBB":[287.729,712.692,295.818,719.421],"Rotation":0},{"Text":"30","TextBB":[334.106,712.692,342.196,719.421],"Rotation":0},{"Text":"40","TextBB":[380.484,712.692,388.574,719.421],"Rotation":0},{"Text":"50","TextBB":[426.905,712.692,434.994,719.421],"Rotation":0},{"Text":"0","TextBB":[479.562,713.855,483.577,720.535],"Rotation":0},{"Text":"0.5","TextBB":[512.492,713.855,522.53,720.535],"Rotation":0},{"Text":"1","TextBB":[551.483,713.855,555.498,720.535],"Rotation":0},{"Text":"1.5","TextBB":[584.456,713.855,594.495,720.535],"Rotation":0},{"Text":"β","TextBB":[594.085,718.388,599.183,730.488],"Rotation":0},{"Text":"time","TextBB":[304.314,721.636,321.983,730.288],"Rotation":0},{"Text":"(a)","TextBB":[292.613,737.591,310.288,750.238],"Rotation":0},{"Text":"2","TextBB":[623.447,713.855,627.463,720.535],"Rotation":0},{"Text":"2.5","TextBB":[656.42,713.855,666.459,720.535],"Rotation":0},{"Text":"3","TextBB":[695.412,713.855,699.427,720.535],"Rotation":0},{"Text":"(b)","TextBB":[574.506,737.591,592.956,750.238],"Rotation":0}],"Mention":["number of robots (or sticks) in the system at that time. This system is trivial \u2014 the average number\nof robots and sticks does not change in time. In other systems, however, parameters may depend\non variables that change in time, for example, the number of searching robots (Lerman, 2003). The\nrate equations for such systems will be time delay equations, since parameters will depend on the\ndelayed values of the dynamic variables.\nFigure 4(a) shows how the solution, the fraction of searching robots, relaxes in both adaptive\nand reactive systems. In all cases, solutions reach a steady-state. Note that in reactive systems, the\n"],"Page":9,"Number":4,"Type":"Figure","CaptionBB":[155,766,757,815],"Height":1100,"Width":850,"DPI":100,"ImageBB":[168,521,715,753]}