{"Caption":"Figure 2: Inferring synaptic inputs to a passive membrane. Top traces: excitatory inputs; bottom: inhibitory inputs; middle: the resulting voltage trace. Left panels: synaptic inputs inferred by ML; right: MAP estimates under the exponential (shrinkage) prior. Note the overfitting by the ML esti- mate (left) and the higher accuracy under the MAP estimate (right); in particular note that the two excitatory synapses of differing magnitudes may easily be distinguished. ","ImageText":[{"Text":"with","TextBB":[530.945,472.754,543.159,479.108],"Rotation":0},{"Text":"regularisation","TextBB":[545.069,472.754,586.299,479.108],"Rotation":0},{"Text":"without","TextBB":[296.85,473.245,318.613,479.6],"Rotation":0},{"Text":"regularisation","TextBB":[320.522,473.245,361.753,479.6],"Rotation":0},{"Text":"Inh","TextBB":[193.373,620.289,199.728,629.838],"Rotation":3},{"Text":"spikes","TextBB":[193.373,598.911,199.728,618.379],"Rotation":3},{"Text":"2","TextBB":[200.604,601.894,205.597,604.895],"Rotation":3},{"Text":"[mS\/cm","TextBB":[202.982,604.864,209.336,628.144],"Rotation":3},{"Text":"]","TextBB":[202.982,600,209.336,601.91],"Rotation":3},{"Text":"|","TextBB":[193.373,587.576,199.728,589.362],"Rotation":3},{"Text":"Voltage","TextBB":[193.373,554.733,199.728,578.028],"Rotation":3},{"Text":"[mV]","TextBB":[202.982,561.05,209.336,575.174],"Rotation":3},{"Text":"|","TextBB":[193.373,545.308,199.728,547.095],"Rotation":3},{"Text":"Exc","TextBB":[193.373,526.218,199.728,537.67],"Rotation":3},{"Text":"spikes","TextBB":[193.373,504.84,199.728,524.308],"Rotation":3},{"Text":"2","TextBB":[200.604,508.052,205.597,511.053],"Rotation":3},{"Text":"[mS\/cm","TextBB":[202.982,511.034,209.336,534.314],"Rotation":3},{"Text":"]","TextBB":[202.982,506.158,209.336,508.068],"Rotation":3},{"Text":"12","TextBB":[215.685,490.951,223.324,497.305],"Rotation":0},{"Text":"0","TextBB":[219.486,530.123,223.306,536.478],"Rotation":0},{"Text":"−49","TextBB":[211.676,539.895,223.327,546.25],"Rotation":0},{"Text":"−53","TextBB":[211.676,564.389,223.327,570.743],"Rotation":0},{"Text":"−57","TextBB":[211.676,588.84,223.327,595.194],"Rotation":0},{"Text":"23","TextBB":[215.685,598.614,223.324,604.968],"Rotation":0},{"Text":"0","TextBB":[219.486,637.786,223.306,644.14],"Rotation":0},{"Text":"0","TextBB":[222.84,652.833,226.66,659.187],"Rotation":0},{"Text":"0.05","TextBB":[244.185,652.833,257.553,659.187],"Rotation":0},{"Text":"0.1","TextBB":[272.275,652.833,281.824,659.187],"Rotation":0},{"Text":"0.15","TextBB":[296.524,652.833,309.892,659.187],"Rotation":0},{"Text":"0.2","TextBB":[324.615,652.833,334.164,659.187],"Rotation":0},{"Text":"Time","TextBB":[317.092,660.112,332.356,666.466],"Rotation":0},{"Text":"[s]","TextBB":[334.265,660.112,341.519,666.466],"Rotation":0},{"Text":"0.25","TextBB":[348.863,652.833,362.231,659.187],"Rotation":0},{"Text":"0.3","TextBB":[376.954,652.833,386.503,659.187],"Rotation":0},{"Text":"0.35","TextBB":[401.201,652.833,414.569,659.187],"Rotation":0},{"Text":"0.4","TextBB":[429.293,652.833,438.842,659.187],"Rotation":0},{"Text":"0","TextBB":[452.15,652.343,455.969,658.697],"Rotation":0},{"Text":"0.05","TextBB":[473.494,652.343,486.862,658.697],"Rotation":0},{"Text":"0.1","TextBB":[501.585,652.343,511.133,658.697],"Rotation":0},{"Text":"0.15","TextBB":[525.833,652.343,539.201,658.697],"Rotation":0},{"Text":"0.2","TextBB":[553.924,652.343,563.472,658.697],"Rotation":0},{"Text":"Time","TextBB":[546.401,659.62,561.665,665.975],"Rotation":0},{"Text":"[s]","TextBB":[563.575,659.62,570.829,665.975],"Rotation":0},{"Text":"0.25","TextBB":[578.172,652.343,591.54,658.697],"Rotation":0},{"Text":"0.3","TextBB":[606.263,652.343,615.811,658.697],"Rotation":0},{"Text":"0.35","TextBB":[630.511,652.343,643.879,658.697],"Rotation":0},{"Text":"0.4","TextBB":[658.601,652.343,668.15,658.697],"Rotation":0}],"Mention":["(figure 2, left), we observe an overfitting phenomenon: the current noise due toN\n","of uML(t) to zero. This is visible in figure 2 (right); we see that the small, noise-matching\nsynaptic activity is effectively suppressed, permitting much more accurate detection of the\n"],"Page":6,"Number":2,"Type":"Figure","CaptionBB":[173,691,675,754],"Height":1100,"Width":850,"DPI":100,"ImageBB":[191,470,670,669]}