{"Caption":"Figure 6: Comparison of efficiency of planning from scratch versus re-planning, with and without dominance ","ImageText":[{"Text":"100","TextBB":[104.698,547.432,115.2,554.784],"Rotation":0},{"Text":"#","TextBB":[252.875,608.127,262.19,612.564],"Rotation":3},{"Text":"expansions","TextBB":[252.875,562.553,262.19,606.14],"Rotation":3},{"Text":"100000","TextBB":[266.982,547.435,287.646,554.786],"Rotation":0},{"Text":"10","TextBB":[108.144,566.072,115.197,573.424],"Rotation":0},{"Text":"Time","TextBB":[88.7083,585.093,98.024,603.165],"Rotation":3},{"Text":"(s)","TextBB":[88.7083,573.715,98.024,583.106],"Rotation":3},{"Text":"1","TextBB":[111.59,585.182,115.194,592.534],"Rotation":0},{"Text":"0.1","TextBB":[106.264,603.665,115.197,611.017],"Rotation":0},{"Text":"10000","TextBB":[270.429,566.075,287.65,573.427],"Rotation":0},{"Text":"1000","TextBB":[273.875,584.244,287.653,591.596],"Rotation":0},{"Text":"100","TextBB":[277.165,602.728,287.655,610.08],"Rotation":0},{"Text":"10","TextBB":[280.611,620.897,287.659,628.249],"Rotation":0},{"Text":"0.01","TextBB":[102.818,622.305,115.199,629.657],"Rotation":0},{"Text":"8","TextBB":[133.051,631.704,136.656,639.056],"Rotation":0},{"Text":"16","TextBB":[159.993,631.704,167.046,639.056],"Rotation":0},{"Text":"32","TextBB":[189.287,631.704,196.34,639.056],"Rotation":0},{"Text":"8","TextBB":[304.108,630.14,307.713,637.492],"Rotation":0},{"Text":"64","TextBB":[218.263,631.704,225.316,639.056],"Rotation":0},{"Text":"No","TextBB":[125.374,657.08,133.367,664.432],"Rotation":0},{"Text":"Dominance","TextBB":[135.084,657.08,167.056,664.432],"Rotation":0},{"Text":"(plan-from-scratch)","TextBB":[168.78,657.08,221.872,664.432],"Rotation":0},{"Text":"No","TextBB":[125.374,664.912,133.367,672.264],"Rotation":0},{"Text":"dominance","TextBB":[135.084,664.912,166.116,672.264],"Rotation":0},{"Text":"(replanning)","TextBB":[167.84,664.912,200.869,672.264],"Rotation":0},{"Text":"Dominance","TextBB":[125.374,672.274,157.339,679.625],"Rotation":0},{"Text":"(plan-from-scratch)","TextBB":[159.057,672.274,212.135,679.625],"Rotation":0},{"Text":"Dominance","TextBB":[125.374,680.105,157.339,687.457],"Rotation":0},{"Text":"(replanning)","TextBB":[159.057,680.105,192.085,687.457],"Rotation":0},{"Text":"(a)","TextBB":[86.1664,695.606,99.989,709.715],"Rotation":0},{"Text":"Planning\/replanning","TextBB":[104.671,695.606,205.389,709.715],"Rotation":0},{"Text":"time","TextBB":[208.826,695.606,231.017,709.715],"Rotation":0},{"Text":"16","TextBB":[329.012,630.14,336.06,637.492],"Rotation":0},{"Text":"32","TextBB":[355.952,630.14,363,637.492],"Rotation":0},{"Text":"64","TextBB":[382.892,630.14,389.939,637.492],"Rotation":0},{"Text":"Map","TextBB":[317.422,642.157,332.951,651.472],"Rotation":0},{"Text":"dimension","TextBB":[334.961,642.157,374.141,651.472],"Rotation":0},{"Text":"Map","TextBB":[149.81,643.722,165.335,653.038],"Rotation":0},{"Text":"dimension","TextBB":[167.354,643.722,206.534,653.038],"Rotation":0},{"Text":"No","TextBB":[289.54,657.08,297.528,664.432],"Rotation":0},{"Text":"Dominance","TextBB":[299.246,657.08,331.185,664.432],"Rotation":0},{"Text":"(plan-from-scratch)","TextBB":[332.904,657.08,385.94,664.432],"Rotation":0},{"Text":"No","TextBB":[289.54,664.442,297.528,671.793],"Rotation":0},{"Text":"dominance","TextBB":[299.246,664.442,330.239,671.793],"Rotation":0},{"Text":"(replanning)","TextBB":[331.957,664.442,364.946,671.793],"Rotation":0},{"Text":"Dominance","TextBB":[289.54,671.804,321.479,679.156],"Rotation":0},{"Text":"(plan-from-scratch)","TextBB":[323.197,671.804,376.234,679.156],"Rotation":0},{"Text":"Dominance","TextBB":[289.54,679.01,321.479,686.361],"Rotation":0},{"Text":"(replanning)","TextBB":[323.197,679.01,356.187,686.361],"Rotation":0},{"Text":"(b)","TextBB":[271,695.606,285.483,709.715],"Rotation":0},{"Text":"#","TextBB":[290.165,695.606,296.391,709.715],"Rotation":0},{"Text":"states","TextBB":[299.492,695.606,327.174,709.715],"Rotation":0},{"Text":"expanded","TextBB":[330.325,695.606,377.546,709.715],"Rotation":0}],"Mention":["Although the ratio of plan-from-scratch time to replan-\nning time when dominance is exploited is comparable to that\nwhen dominance is not exploited, exploiting dominance re-\nsults in performance gains in absolute terms for re-planning\nas well as planning. Figure 6(a) compares the average plan-\nfrom-scratch time to the average re-planning time for 20\nruns with random start locations. Figure 6(b) compares the\nnumber of states expanded in the search for the same sce-\nnario. Both figures illustrate that exploiting dominance re-\nsults in increased efficiency in re-planning and planning.\n"],"Page":7,"Number":6,"Type":"Figure","CaptionBB":[73,727,406,760],"Height":1100,"Width":850,"DPI":100,"ImageBB":[79,539,407,712]}