{"Caption":"Figure 2. Performance evaluation on REAL workload. Left: Streaming jitter byte ratio; Middle: Delayed start request ratio; Right: Byte hit ratio. ","ImageText":[{"Text":"1","TextBB":[114.06,113.199,117.678,119.212],"Rotation":0},{"Text":"1","TextBB":[348.56,113.199,352.178,119.212],"Rotation":0},{"Text":"proxy","TextBB":[265.699,119.738,281.608,125.751],"Rotation":0},{"Text":"caching","TextBB":[283.417,119.738,305.841,125.751],"Rotation":0},{"Text":"10%","TextBB":[307.65,119.738,320.67,125.751],"Rotation":0},{"Text":"proxy","TextBB":[265.699,127.206,281.608,133.219],"Rotation":0},{"Text":"caching","TextBB":[283.417,127.206,305.841,133.219],"Rotation":0},{"Text":"3%","TextBB":[307.65,127.206,317.053,133.219],"Rotation":0},{"Text":"proxy","TextBB":[265.699,134.674,281.608,140.687],"Rotation":0},{"Text":"caching","TextBB":[283.417,134.674,305.841,140.687],"Rotation":0},{"Text":"1%","TextBB":[307.65,134.674,317.053,140.687],"Rotation":0},{"Text":"no","TextBB":[265.699,142.142,272.934,148.155],"Rotation":0},{"Text":"proxy","TextBB":[274.743,142.142,290.653,148.155],"Rotation":0},{"Text":"caching","TextBB":[292.462,142.142,314.886,148.155],"Rotation":0},{"Text":"Delayed","TextBB":[336.335,220.242,342.354,244.086],"Rotation":3},{"Text":"Start","TextBB":[336.335,204.706,342.354,218.435],"Rotation":3},{"Text":"Request","TextBB":[336.335,178.69,342.354,202.898],"Rotation":3},{"Text":"Ratio","TextBB":[336.335,161.711,342.354,176.883],"Rotation":3},{"Text":"(%)","TextBB":[336.335,149.795,342.354,159.904],"Rotation":3},{"Text":"Streaming","TextBB":[101.835,211.909,107.854,241.532],"Rotation":3},{"Text":"Jitter","TextBB":[101.835,196.015,107.854,210.102],"Rotation":3},{"Text":"Byte","TextBB":[101.835,181.2,107.854,194.208],"Rotation":3},{"Text":"Ratio","TextBB":[101.835,164.221,107.854,179.393],"Rotation":3},{"Text":"(%)","TextBB":[101.835,152.305,107.854,162.414],"Rotation":3},{"Text":"0.8","TextBB":[108.637,145.856,117.682,151.869],"Rotation":0},{"Text":"0.7","TextBB":[108.637,162.224,117.682,168.237],"Rotation":0},{"Text":"0.6","TextBB":[108.637,178.591,117.682,184.604],"Rotation":0},{"Text":"0.5","TextBB":[108.637,194.92,117.682,200.933],"Rotation":0},{"Text":"0.4","TextBB":[108.637,211.288,117.682,217.301],"Rotation":0},{"Text":"0.3","TextBB":[108.637,227.616,117.682,233.629],"Rotation":0},{"Text":"0.2","TextBB":[108.637,243.984,117.682,249.997],"Rotation":0},{"Text":"0.1","TextBB":[108.637,260.313,117.682,266.326],"Rotation":0},{"Text":"0","TextBB":[114.06,276.68,117.678,282.693],"Rotation":0},{"Text":"0","TextBB":[117.236,281.633,120.854,287.646],"Rotation":0},{"Text":"proxy","TextBB":[500.199,119.738,516.108,125.751],"Rotation":0},{"Text":"caching","TextBB":[517.917,119.738,540.341,125.751],"Rotation":0},{"Text":"10%","TextBB":[542.15,119.738,555.17,125.751],"Rotation":0},{"Text":"proxy","TextBB":[500.199,127.206,516.108,133.219],"Rotation":0},{"Text":"caching","TextBB":[517.917,127.206,540.341,133.219],"Rotation":0},{"Text":"3%","TextBB":[542.15,127.206,551.553,133.219],"Rotation":0},{"Text":"proxy","TextBB":[500.199,134.674,516.108,140.687],"Rotation":0},{"Text":"caching","TextBB":[517.917,134.674,540.341,140.687],"Rotation":0},{"Text":"1%","TextBB":[542.15,134.674,551.553,140.687],"Rotation":0},{"Text":"no","TextBB":[500.199,142.142,507.434,148.155],"Rotation":0},{"Text":"proxy","TextBB":[509.243,142.142,525.153,148.155],"Rotation":0},{"Text":"caching","TextBB":[526.962,142.142,549.386,148.155],"Rotation":0},{"Text":"0.9","TextBB":[343.137,129.528,352.182,135.541],"Rotation":0},{"Text":"0.8","TextBB":[343.137,145.856,352.182,151.869],"Rotation":0},{"Text":"80","TextBB":[577.668,124.82,584.963,130.833],"Rotation":0},{"Text":"70","TextBB":[577.668,143.82,584.963,149.833],"Rotation":0},{"Text":"0.7","TextBB":[343.137,162.224,352.182,168.237],"Rotation":0},{"Text":"60","TextBB":[577.668,162.781,584.963,168.794],"Rotation":0},{"Text":"Byte","TextBB":[570.811,209.892,576.879,222.9],"Rotation":3},{"Text":"Hit","TextBB":[570.811,200.14,576.879,208.084],"Rotation":3},{"Text":"Ratio","TextBB":[570.811,183.16,576.879,198.333],"Rotation":3},{"Text":"(%)","TextBB":[570.811,171.243,576.879,181.352],"Rotation":3},{"Text":"0.9","TextBB":[108.637,129.528,117.682,135.541],"Rotation":0},{"Text":"0.6","TextBB":[343.137,178.591,352.182,184.604],"Rotation":0},{"Text":"0.5","TextBB":[343.137,194.92,352.182,200.933],"Rotation":0},{"Text":"0.4","TextBB":[343.137,211.288,352.182,217.301],"Rotation":0},{"Text":"1","TextBB":[186.374,281.633,189.992,287.646],"Rotation":0},{"Text":"1.5","TextBB":[218.251,281.633,227.296,287.646],"Rotation":0},{"Text":"2","TextBB":[255.511,281.633,259.129,287.646],"Rotation":0},{"Text":"Total","TextBB":[190.325,288.52,204.79,294.533],"Rotation":0},{"Text":"Peer","TextBB":[206.599,288.52,220.342,294.533],"Rotation":0},{"Text":"Cache","TextBB":[222.151,288.52,240.957,294.533],"Rotation":0},{"Text":"Size","TextBB":[242.766,288.52,255.422,294.533],"Rotation":0},{"Text":"2.5","TextBB":[287.389,281.633,296.434,287.646],"Rotation":0},{"Text":"30","TextBB":[577.668,219.742,584.963,225.755],"Rotation":0},{"Text":"20","TextBB":[577.668,238.702,584.963,244.715],"Rotation":0},{"Text":"0.2","TextBB":[343.137,243.984,352.182,249.997],"Rotation":0},{"Text":"0","TextBB":[348.56,276.68,352.178,282.693],"Rotation":0},{"Text":"0","TextBB":[351.736,281.633,355.354,287.646],"Rotation":0},{"Text":"3","TextBB":[324.687,281.633,328.305,287.646],"Rotation":0},{"Text":"40","TextBB":[577.668,200.742,584.963,206.755],"Rotation":0},{"Text":"0.3","TextBB":[343.137,227.616,352.182,233.629],"Rotation":0},{"Text":"proxy","TextBB":[734.168,247.525,750.207,253.539],"Rotation":0},{"Text":"caching","TextBB":[752.031,247.525,774.636,253.539],"Rotation":0},{"Text":"10%","TextBB":[776.459,247.525,789.586,253.539],"Rotation":0},{"Text":"proxy","TextBB":[734.168,254.994,750.207,261.007],"Rotation":0},{"Text":"caching","TextBB":[752.031,254.994,774.636,261.007],"Rotation":0},{"Text":"3%","TextBB":[776.459,254.994,785.938,261.007],"Rotation":0},{"Text":"proxy","TextBB":[734.168,262.462,750.207,268.475],"Rotation":0},{"Text":"caching","TextBB":[752.031,262.462,774.636,268.475],"Rotation":0},{"Text":"1%","TextBB":[776.459,262.462,785.938,268.475],"Rotation":0},{"Text":"no","TextBB":[734.168,269.932,741.463,275.945],"Rotation":0},{"Text":"proxy","TextBB":[743.286,269.932,759.325,275.945],"Rotation":0},{"Text":"caching","TextBB":[761.149,269.932,783.754,275.945],"Rotation":0},{"Text":"10","TextBB":[577.668,257.702,584.963,263.715],"Rotation":0},{"Text":"0.1","TextBB":[343.137,260.313,352.182,266.326],"Rotation":0},{"Text":"0.5","TextBB":[149.074,281.633,158.118,287.646],"Rotation":0},{"Text":"50","TextBB":[577.668,181.781,584.963,187.794],"Rotation":0},{"Text":"0.5","TextBB":[383.574,281.633,392.618,287.646],"Rotation":0},{"Text":"1","TextBB":[420.874,281.633,424.492,287.646],"Rotation":0},{"Text":"1.5","TextBB":[452.75,281.633,461.795,287.646],"Rotation":0},{"Text":"2","TextBB":[490.011,281.633,493.629,287.646],"Rotation":0},{"Text":"Total","TextBB":[424.825,288.52,439.29,294.533],"Rotation":0},{"Text":"Peer","TextBB":[441.099,288.52,454.842,294.533],"Rotation":0},{"Text":"Cache","TextBB":[456.651,288.52,475.457,294.533],"Rotation":0},{"Text":"Size","TextBB":[477.266,288.52,489.922,294.533],"Rotation":0},{"Text":"2.5","TextBB":[521.889,281.633,530.934,287.646],"Rotation":0},{"Text":"0","TextBB":[581.3,276.702,584.947,282.715],"Rotation":0},{"Text":"0","TextBB":[584.501,281.656,588.149,287.669],"Rotation":0},{"Text":"3","TextBB":[559.188,281.633,562.805,287.646],"Rotation":0},{"Text":"0.5","TextBB":[616.599,281.656,625.717,287.669],"Rotation":0},{"Text":"1","TextBB":[654.2,281.656,657.847,287.669],"Rotation":0},{"Text":"1.5","TextBB":[686.336,281.656,695.454,287.669],"Rotation":0},{"Text":"2","TextBB":[723.898,281.656,727.546,287.669],"Rotation":0},{"Text":"Total","TextBB":[658.183,288.543,672.766,294.557],"Rotation":0},{"Text":"Peer","TextBB":[674.59,288.543,688.444,294.557],"Rotation":0},{"Text":"Cache","TextBB":[690.268,288.543,709.226,294.557],"Rotation":0},{"Text":"Size","TextBB":[711.049,288.543,723.808,294.557],"Rotation":0},{"Text":"2.5","TextBB":[756.035,281.656,765.153,287.669],"Rotation":0},{"Text":"3","TextBB":[793.636,281.656,797.283,287.669],"Rotation":0}],"Mention":["4.2.1. Overall performance Figure 2 shows the perfor-\nmance results of the three different system models (PROP,\nproxy caching, and client-based P2P system) on the REAL\nworkload. We selected the proxy cache size as 10%, 3%, and\n1% of all accessed media data in the workload, and ranged\nthe total peer cache size from 0 to about 3 times the total ac-\ncessed media data. In each ﬁgure, \u201Cno proxy caching\u201D de-\nnotes the performance results of the client-based P2P sys-\ntem. The vertical axis denotes the performance results of the\nproxy caching system since the total peer cache size is zero.\nThe results in Figure 2 show that our proposed system can\nsigniﬁcantly improve the QoS of media streaming and the\nbyte hit ratio with the increase of peer cache size. For ex-\nample, compared with the proxy caching system, our system\ncan reduce up to 87% streaming jitter bytes as shown in Fig-\nure 2 (left), reduce up to 82% delayed start requests as shown\nin Figure 2 (middle), and increase the byte hit ratio up to 2.4\ntimes as shown in Figure 2 (right). This is because more me-\n"],"Page":6,"Number":2,"Type":"Figure","CaptionBB":[115,303,783,334],"Height":1100,"Width":850,"DPI":100,"ImageBB":[99,110,799,296]}