{"Caption":"Figure 10: File sharing properties. We analyze the frequency and temporal properties of file sharing. Figure 10(a) shows the distribution of files opened by multiple clients. Figure 10(b) show the duration between shared opens. ","ImageText":[{"Text":"Fraction","TextBB":[445.375,350.664,453.634,382.914],"Rotation":3},{"Text":"of","TextBB":[445.375,340.735,453.634,348.182],"Rotation":3},{"Text":"Filess","TextBB":[445.375,314.941,453.634,338.253],"Rotation":3},{"Text":"0.9","TextBB":[461.875,326.446,474.286,334.705],"Rotation":0},{"Text":"0.7","TextBB":[461.875,352.16,474.286,360.419],"Rotation":0},{"Text":"0.5","TextBB":[461.875,377.875,474.286,386.134],"Rotation":0},{"Text":"1","TextBB":[481.446,389.875,486.411,398.134],"Rotation":0},{"Text":"2","TextBB":[545.732,389.875,550.696,398.134],"Rotation":0},{"Text":"3","TextBB":[610.018,389.875,614.982,398.134],"Rotation":0},{"Text":"4","TextBB":[674.303,389.875,679.267,398.134],"Rotation":0},{"Text":"5","TextBB":[738.589,389.875,743.553,398.134],"Rotation":0},{"Text":"Number","TextBB":[576.778,406.803,608.528,415.062],"Rotation":0},{"Text":"of","TextBB":[611.01,406.803,618.456,415.062],"Rotation":0},{"Text":"Clients","TextBB":[620.938,406.803,648.224,415.062],"Rotation":0},{"Text":"Corporate","TextBB":[548.214,417.518,587.91,425.777],"Rotation":0},{"Text":"Engineering","TextBB":[644.643,417.518,692.286,425.777],"Rotation":0},{"Text":"(a)","TextBB":[529,436.439,541.186,446.402],"Rotation":0},{"Text":"File","TextBB":[545.833,436.439,562.915,446.402],"Rotation":0},{"Text":"sharing","TextBB":[565.833,436.439,598.201,446.402],"Rotation":0},{"Text":"frequencies.","TextBB":[601.166,436.439,654.434,446.402],"Rotation":0},{"Text":"Fraction","TextBB":[445.221,496.314,453.318,527.932],"Rotation":3},{"Text":"of","TextBB":[445.221,486.58,453.318,493.881],"Rotation":3},{"Text":"Files","TextBB":[445.221,465.668,453.318,484.147],"Rotation":3},{"Text":"1","TextBB":[468.699,462.157,473.566,470.254],"Rotation":0},{"Text":"0.8","TextBB":[461.399,474.761,473.566,482.858],"Rotation":0},{"Text":"0.6","TextBB":[461.399,487.366,473.566,495.463],"Rotation":0},{"Text":"0.4","TextBB":[461.399,499.971,473.566,508.068],"Rotation":0},{"Text":"0.2","TextBB":[461.399,512.576,473.566,520.673],"Rotation":0},{"Text":"0","TextBB":[468.699,525.182,473.566,533.279],"Rotation":0},{"Text":"Concurrent","TextBB":[461.373,536.946,504.668,545.043],"Rotation":0},{"Text":"1ms","TextBB":[543.913,536.946,560.448,545.043],"Rotation":0},{"Text":"1s","TextBB":[616.701,536.946,625.945,545.043],"Rotation":0},{"Text":"1m","TextBB":[656.237,536.946,668.396,545.043],"Rotation":0},{"Text":"1hr","TextBB":[696.976,536.946,709.625,545.043],"Rotation":0},{"Text":"24hr","TextBB":[726.361,536.946,743.877,545.043],"Rotation":0},{"Text":"Open","TextBB":[560.307,553.543,581.718,561.64],"Rotation":0},{"Text":"Inter−Arrival","TextBB":[584.151,553.543,631.578,561.64],"Rotation":0},{"Text":"Times","TextBB":[634.011,553.543,657.838,561.64],"Rotation":0},{"Text":"Corporate","TextBB":[546.043,564.047,584.961,572.144],"Rotation":0},{"Text":"Engineering","TextBB":[640.581,564.047,687.289,572.144],"Rotation":0},{"Text":"(b)","TextBB":[523.833,582.773,536.686,592.735],"Rotation":0},{"Text":"Sharing","TextBB":[541.333,582.773,575.535,592.735],"Rotation":0},{"Text":"inter-arrival","TextBB":[578.5,582.773,629.911,592.735],"Rotation":0},{"Text":"times.","TextBB":[633.5,582.773,660.101,592.735],"Rotation":0}],"Mention":["In Figure 10(b) we examine inter-arrival times be-\ntween different clients opening a file. We find that con-\ncurrent (simultaneous) file sharing is rare. Only 11.4%\nand 0.2% of shared opens from different clients were\nconcurrent in corporate and engineering, respectively.\nWhen combined with the observation that most files are\nonly opened by a single client, this suggests that syn-\nchronization for shared file access is not often required,\nindicating that file systems may benefit from looser lock-\ning semantics. However, when examining the duration\nbetween shared opens we find that sharing does have a\ntemporal relationship in the corporate workload; 55.2%\nof shared opens occur within one minute of each other.\nHowever, this is not true for engineering, where only\n4.9% of shared opens occur within one minute.\n"],"Page":10,"Number":10,"Type":"Figure","CaptionBB":[435,615,750,674],"Height":1100,"Width":850,"DPI":100,"ImageBB":[443,312,746,595]}