{"Caption":"Figure 10: Comparison of space allocation schemes","ImageText":[{"Text":"18","TextBB":[461.1,81.1513,468.02,86.9069],"Rotation":0},{"Text":"16","TextBB":[461.1,90.7069,468.02,96.4625],"Rotation":0},{"Text":"14","TextBB":[461.1,100.218,468.02,105.974],"Rotation":0},{"Text":"12","TextBB":[461.1,109.774,468.02,115.529],"Rotation":0},{"Text":"6","TextBB":[464.56,138.396,468.019,144.151],"Rotation":0},{"Text":"2","TextBB":[464.56,157.463,468.019,163.218],"Rotation":0},{"Text":"0","TextBB":[464.56,167.018,468.019,172.774],"Rotation":0},{"Text":"40","TextBB":[499.582,173.241,506.501,178.996],"Rotation":0},{"Text":"60","TextBB":[530.871,173.241,537.79,178.996],"Rotation":0},{"Text":"M","TextBB":[516.004,182.574,521.187,188.329],"Rotation":0},{"Text":"(thousand)","TextBB":[522.917,182.574,552.659,188.329],"Rotation":0},{"Text":"80","TextBB":[562.16,173.241,569.079,178.996],"Rotation":0},{"Text":"100","TextBB":[591.719,173.241,602.098,178.996],"Rotation":0},{"Text":"20","TextBB":[624.948,173.241,631.867,178.996],"Rotation":0},{"Text":"40","TextBB":[656.237,173.241,663.156,178.996],"Rotation":0},{"Text":"60","TextBB":[687.526,173.241,694.445,178.996],"Rotation":0},{"Text":"M","TextBB":[672.659,182.574,677.842,188.329],"Rotation":0},{"Text":"(thousand)","TextBB":[679.571,182.574,709.314,188.329],"Rotation":0},{"Text":"80","TextBB":[718.815,173.241,725.734,178.996],"Rotation":0},{"Text":"100","TextBB":[748.374,173.241,758.753,178.996],"Rotation":0},{"Text":"(a)","TextBB":[451.557,195.063,463.847,205.029],"Rotation":0},{"Text":"(ABCD(ABC(A","TextBB":[466.604,195.063,539.185,205.029],"Rotation":0},{"Text":"BC(B","TextBB":[541.953,195.063,567.796,205.029],"Rotation":0},{"Text":"C))","TextBB":[570.564,195.063,585.324,205.029],"Rotation":0},{"Text":"D))","TextBB":[588.092,195.063,603.461,205.029],"Rotation":0},{"Text":"(b)","TextBB":[609.839,195.063,622.749,205.029],"Rotation":0},{"Text":"(ABCD(AB","TextBB":[625.517,195.063,679.031,205.029],"Rotation":0},{"Text":"BCD(BC","TextBB":[681.799,195.063,723.022,205.029],"Rotation":0},{"Text":"BD","TextBB":[725.79,195.063,741.17,205.029],"Rotation":0},{"Text":"CD)))","TextBB":[743.938,195.063,770.38,205.029],"Rotation":0},{"Text":"0","TextBB":[621.215,167.018,624.674,172.774],"Rotation":0},{"Text":"20","TextBB":[468.293,173.241,475.212,178.996],"Rotation":0},{"Text":"15","TextBB":[617.755,130.218,624.675,135.974],"Rotation":0},{"Text":"5","TextBB":[621.215,154.752,624.674,160.507],"Rotation":0},{"Text":"20","TextBB":[617.755,117.951,624.675,123.707],"Rotation":0},{"Text":"10","TextBB":[617.755,142.485,624.675,148.24],"Rotation":0},{"Text":"4","TextBB":[464.56,147.952,468.019,153.707],"Rotation":0},{"Text":"SL","TextBB":[648.354,105.685,655.964,111.44],"Rotation":0},{"Text":"SR","TextBB":[647.321,111.907,655.963,117.663],"Rotation":0},{"Text":"PL","TextBB":[648.354,118.129,655.964,123.885],"Rotation":0},{"Text":"PR","TextBB":[647.321,124.351,655.963,130.107],"Rotation":0},{"Text":"25","TextBB":[617.755,105.685,624.675,111.44],"Rotation":0},{"Text":"8","TextBB":[464.56,128.84,468.019,134.596],"Rotation":0},{"Text":"30","TextBB":[617.755,93.418,624.675,99.1736],"Rotation":0},{"Text":"10","TextBB":[461.1,119.329,468.02,125.085],"Rotation":0},{"Text":"35","TextBB":[617.755,81.1513,624.675,86.9069],"Rotation":0},{"Text":"SL","TextBB":[491.699,90.707,499.309,96.4626],"Rotation":0},{"Text":"SR","TextBB":[490.666,96.9292,499.308,102.685],"Rotation":0},{"Text":"PL","TextBB":[491.699,103.151,499.309,108.907],"Rotation":0},{"Text":"PR","TextBB":[490.666,109.374,499.308,115.129],"Rotation":0},{"Text":"error","TextBB":[607.94,125.643,613.696,138.778],"Rotation":3},{"Text":"(%)","TextBB":[607.94,114.238,613.696,123.913],"Rotation":3},{"Text":"error","TextBB":[451.285,125.643,457.041,138.778],"Rotation":3},{"Text":"(%)","TextBB":[451.285,114.238,457.041,123.913],"Rotation":3}],"Mention":["no mention found"],"Page":10,"Number":10,"Type":"Figure","CaptionBB":[468,213,742,226],"Height":1100,"Width":850,"DPI":100,"ImageBB":[449,78,772,206]}