{"Caption":"Figure 1: Percent Error evaluating with 1,000,000 samples as a function of target distribution sparsity with deterministic and","ImageText":[{"Text":"Varying","TextBB":[175.168,83.9707,200.798,91.0097],"Rotation":0},{"Text":"Degrees","TextBB":[202.753,83.9707,228.375,91.0097],"Rotation":0},{"Text":"of","TextBB":[230.33,83.9707,236.845,91.0097],"Rotation":0},{"Text":"Sparsity","TextBB":[238.8,83.9707,264.438,91.0097],"Rotation":0},{"Text":"with","TextBB":[266.393,83.9707,280.299,91.0097],"Rotation":0},{"Text":"Deterministic","TextBB":[282.255,83.9707,324.833,91.0097],"Rotation":0},{"Text":"Actions","TextBB":[326.788,83.9707,351.119,91.0097],"Rotation":0},{"Text":"0.18","TextBB":[133.063,95.7026,146.75,102.742],"Rotation":0},{"Text":"Varying","TextBB":[521.666,83.9707,547.295,91.0097],"Rotation":0},{"Text":"Degrees","TextBB":[549.251,83.9707,574.873,91.0097],"Rotation":0},{"Text":"of","TextBB":[576.828,83.9707,583.343,91.0097],"Rotation":0},{"Text":"Sparsity","TextBB":[585.298,83.9707,610.936,91.0097],"Rotation":0},{"Text":"with","TextBB":[612.891,83.9707,626.797,91.0097],"Rotation":0},{"Text":"Nondeterministic","TextBB":[628.752,83.9707,683.062,91.0097],"Rotation":0},{"Text":"Actions","TextBB":[685.017,83.9707,709.349,91.0097],"Rotation":0},{"Text":"0.9","TextBB":[487.005,95.7026,496.782,102.742],"Rotation":0},{"Text":"10x10","TextBB":[183.509,102.077,203.061,109.116],"Rotation":0},{"Text":"10x10","TextBB":[168.524,109.898,188.076,116.937],"Rotation":0},{"Text":"(5x)","TextBB":[190.032,109.898,203.062,116.937],"Rotation":0},{"Text":"9x9","TextBB":[191.331,117.719,203.062,124.758],"Rotation":0},{"Text":"7x7","TextBB":[191.331,125.54,203.062,132.579],"Rotation":0},{"Text":"5x5","TextBB":[191.331,133.361,203.062,140.4],"Rotation":0},{"Text":"0.16","TextBB":[133.063,112.401,146.75,119.44],"Rotation":0},{"Text":"0.14","TextBB":[133.063,129.06,146.75,136.099],"Rotation":0},{"Text":"0.7","TextBB":[487.005,129.06,496.782,136.099],"Rotation":0},{"Text":"0.6","TextBB":[487.005,145.758,496.782,152.797],"Rotation":0},{"Text":"L1","TextBB":[466.647,177.907,473.686,186.596],"Rotation":3},{"Text":"error","TextBB":[466.647,160.755,473.686,175.951],"Rotation":3},{"Text":"0.12","TextBB":[133.063,145.758,146.75,152.797],"Rotation":0},{"Text":"L1","TextBB":[111.922,177.907,118.961,186.596],"Rotation":3},{"Text":"error","TextBB":[111.922,160.755,118.961,175.951],"Rotation":3},{"Text":"5x5","TextBB":[682.807,102.077,694.539,109.116],"Rotation":0},{"Text":"7x7","TextBB":[682.807,109.898,694.539,116.937],"Rotation":0},{"Text":"9x9","TextBB":[682.807,117.719,694.539,124.758],"Rotation":0},{"Text":"10x10","TextBB":[674.986,125.54,694.539,132.579],"Rotation":0},{"Text":"0.8","TextBB":[487.005,112.401,496.782,119.44],"Rotation":0},{"Text":"0.1","TextBB":[136.974,162.455,146.75,169.494],"Rotation":0},{"Text":"0.08","TextBB":[133.063,179.115,146.75,186.154],"Rotation":0},{"Text":"0.5","TextBB":[487.005,162.455,496.782,169.494],"Rotation":0},{"Text":"0.4","TextBB":[487.005,179.115,496.782,186.154],"Rotation":0},{"Text":"0.06","TextBB":[133.063,195.812,146.75,202.851],"Rotation":0},{"Text":"0.3","TextBB":[487.005,195.812,496.782,202.851],"Rotation":0},{"Text":"0.04","TextBB":[133.063,212.511,146.75,219.55],"Rotation":0},{"Text":"0.2","TextBB":[487.005,212.511,496.782,219.55],"Rotation":0},{"Text":"0.02","TextBB":[133.063,229.171,146.75,236.21],"Rotation":0},{"Text":"0.1","TextBB":[487.005,229.171,496.782,236.21],"Rotation":0},{"Text":"0","TextBB":[142.84,245.868,146.751,252.907],"Rotation":0},{"Text":"0","TextBB":[492.872,245.868,496.782,252.907],"Rotation":0},{"Text":"0","TextBB":[150.465,253.689,154.376,260.728],"Rotation":0},{"Text":"0.1","TextBB":[169.901,253.689,179.678,260.728],"Rotation":0},{"Text":"0.2","TextBB":[192.269,253.689,202.046,260.728],"Rotation":0},{"Text":"0.3","TextBB":[214.637,253.689,224.414,260.728],"Rotation":0},{"Text":"0.4","TextBB":[237.005,253.689,246.782,260.728],"Rotation":0},{"Text":"0.5","TextBB":[259.375,253.689,269.151,260.728],"Rotation":0},{"Text":"0.6","TextBB":[281.743,253.689,291.519,260.728],"Rotation":0},{"Text":"0.7","TextBB":[304.111,253.689,313.887,260.728],"Rotation":0},{"Text":"0.8","TextBB":[326.479,253.689,336.255,260.728],"Rotation":0},{"Text":"0.9","TextBB":[348.847,253.689,358.623,260.728],"Rotation":0},{"Text":"1","TextBB":[374.148,253.689,378.059,260.728],"Rotation":0},{"Text":"0","TextBB":[500.497,253.689,504.407,260.728],"Rotation":0},{"Text":"Percent","TextBB":[212.635,265.421,236.09,272.46],"Rotation":0},{"Text":"of","TextBB":[238.046,265.421,244.56,272.46],"Rotation":0},{"Text":"Trajectories","TextBB":[246.516,265.421,283.869,272.46],"Rotation":0},{"Text":"Targeted","TextBB":[285.825,265.421,313.621,272.46],"Rotation":0},{"Text":"0.1","TextBB":[520.402,253.689,530.179,260.728],"Rotation":0},{"Text":"0.2","TextBB":[543.24,253.689,553.016,260.728],"Rotation":0},{"Text":"0.3","TextBB":[566.077,253.689,575.854,260.728],"Rotation":0},{"Text":"0.4","TextBB":[588.915,253.689,598.691,260.728],"Rotation":0},{"Text":"0.5","TextBB":[611.753,253.689,621.529,260.728],"Rotation":0},{"Text":"0.6","TextBB":[634.59,253.689,644.366,260.728],"Rotation":0},{"Text":"0.7","TextBB":[657.428,253.689,667.204,260.728],"Rotation":0},{"Text":"0.8","TextBB":[680.265,253.689,690.041,260.728],"Rotation":0},{"Text":"0.9","TextBB":[703.104,253.689,712.88,260.728],"Rotation":0},{"Text":"1","TextBB":[728.873,253.689,732.784,260.728],"Rotation":0},{"Text":"Percent","TextBB":[565.014,265.421,588.469,272.46],"Rotation":0},{"Text":"of","TextBB":[590.425,265.421,596.94,272.46],"Rotation":0},{"Text":"Trajectories","TextBB":[598.895,265.421,636.249,272.46],"Rotation":0},{"Text":"Targeted","TextBB":[638.204,265.421,666,272.46],"Rotation":0}],"Mention":["When all actions are deterministic, an exact policy can\nbe easily computed. We plot the results of these trials in\nFigure 1 to illustrate the effect of sampling error. Not sur-\n","A similar experimental setup was used to test the result\nof non-deterministic actions. Here, as the percentage of\ncomplete trajectories with non-zero target probability is in-\ncreased, the error is reduced; however, as one would expect,\nabsolute error is signi\u0002cantly higher (note the scale of the\ngraphs in Figure 1). Intuitively, when only a few of the tra-\njectories are desirable, any non-determinism in the outcome\nof actions may result in a trajectory with zero desired prob-\nability.\n"],"Page":4,"Number":1,"Type":"Figure","CaptionBB":[73,280,774,301],"Height":1100,"Width":850,"DPI":100,"ImageBB":[110,82,734,274]}