{"Caption":"Figure 1: Pit Props: (a) cumulative variance and (b) cumulative cardinality for first 6 sparse PCs.","ImageText":[{"Text":"1","TextBB":[230.06,256.687,232.666,261.312],"Rotation":0},{"Text":"18","TextBB":[454.042,258.421,459.254,263.046],"Rotation":0},{"Text":"SPCA","TextBB":[255.411,262.737,268.175,267.362],"Rotation":0},{"Text":"DSPCA","TextBB":[255.411,268.519,271.56,273.144],"Rotation":0},{"Text":"ESPCA","TextBB":[255.411,274.262,271.302,278.887],"Rotation":0},{"Text":"0.9","TextBB":[226.153,269.329,232.668,273.954],"Rotation":0},{"Text":"SPCA","TextBB":[482.011,262.737,494.775,267.362],"Rotation":0},{"Text":"DSPCA","TextBB":[482.011,268.519,498.16,273.144],"Rotation":0},{"Text":"ESPCA","TextBB":[482.011,274.262,497.902,278.887],"Rotation":0},{"Text":"16","TextBB":[454.042,276.035,459.254,280.66],"Rotation":0},{"Text":"Cumulative","TextBB":[446.312,321.755,451.937,349.511],"Rotation":3},{"Text":"Cardinality","TextBB":[446.312,294,451.937,320.212],"Rotation":3},{"Text":"Cumulative","TextBB":[218.423,319.635,224.048,347.39],"Rotation":3},{"Text":"Variance","TextBB":[218.423,296.191,224.048,318.092],"Rotation":3},{"Text":"0.8","TextBB":[226.153,282.008,232.668,286.633],"Rotation":0},{"Text":"0.7","TextBB":[226.153,294.65,232.668,299.275],"Rotation":0},{"Text":"0.6","TextBB":[226.153,307.33,232.668,311.955],"Rotation":0},{"Text":"0.5","TextBB":[226.153,320.011,232.668,324.636],"Rotation":0},{"Text":"0.4","TextBB":[226.153,332.653,232.668,337.278],"Rotation":0},{"Text":"0.3","TextBB":[226.153,345.333,232.668,349.958],"Rotation":0},{"Text":"14","TextBB":[454.042,293.61,459.254,298.235],"Rotation":0},{"Text":"12","TextBB":[454.042,311.184,459.254,315.809],"Rotation":0},{"Text":"10","TextBB":[454.042,328.798,459.254,333.423],"Rotation":0},{"Text":"8","TextBB":[456.66,346.373,459.266,350.998],"Rotation":0},{"Text":"0.2","TextBB":[226.153,357.975,232.668,362.6],"Rotation":0},{"Text":"6","TextBB":[456.66,363.948,459.266,368.573],"Rotation":0},{"Text":"0.1","TextBB":[226.153,370.654,232.668,375.279],"Rotation":0},{"Text":"0","TextBB":[230.06,383.335,232.666,387.96],"Rotation":0},{"Text":"4","TextBB":[456.66,381.562,459.266,386.187],"Rotation":0},{"Text":"1","TextBB":[235.84,387.228,238.447,391.853],"Rotation":0},{"Text":"2","TextBB":[267.129,387.228,269.735,391.853],"Rotation":0},{"Text":"3","TextBB":[298.419,387.228,301.026,391.853],"Rotation":0},{"Text":"4","TextBB":[329.708,387.228,332.315,391.853],"Rotation":0},{"Text":"5","TextBB":[360.997,387.228,363.603,391.853],"Rotation":0},{"Text":"6","TextBB":[392.286,387.228,394.892,391.853],"Rotation":0},{"Text":"1","TextBB":[462.44,387.228,465.047,391.853],"Rotation":0},{"Text":"2","TextBB":[493.729,387.228,496.335,391.853],"Rotation":0},{"Text":"3","TextBB":[525.019,387.228,527.626,391.853],"Rotation":0},{"Text":"4","TextBB":[556.308,387.228,558.915,391.853],"Rotation":0},{"Text":"#","TextBB":[302.95,392.721,306.077,398.271],"Rotation":0},{"Text":"of","TextBB":[309.205,392.721,313.896,398.271],"Rotation":0},{"Text":"PCs","TextBB":[317.024,392.721,327.649,398.271],"Rotation":0},{"Text":"#","TextBB":[529.55,392.721,532.677,398.271],"Rotation":0},{"Text":"of","TextBB":[535.805,392.721,540.496,398.271],"Rotation":0},{"Text":"PCs","TextBB":[543.624,392.721,554.249,398.271],"Rotation":0},{"Text":"5","TextBB":[587.597,387.228,590.203,391.853],"Rotation":0},{"Text":"6","TextBB":[618.886,387.228,621.492,391.853],"Rotation":0}],"Mention":["Using the evaluation protocol in [3], we compared the cumulative variance and cumulative\ncardinality with the published results of SPCA and DSPCA in Figure 1. Our goal was to\nmatch the explained variance but do so with a sparser representation. The ESPCA loadings\nin Table 1 are optimal under the definition given in Section 2. The run-time of ESPCA,\nincluding initialization with a bi-directional pass of GSPCA, was negligible for this dataset\n(n = 13). Computing each factor took less than 50 msec in Matlab 7.0 on a 3GHz P4.\n","(a) (b)\nFigure 1: Pit Props: (a) cumulative variance and (b) cumulative cardinality for first 6 sparse PCs.\n"],"Page":6,"Number":1,"Type":"Figure","CaptionBB":[173,416,675,437],"Height":1100,"Width":850,"DPI":100,"ImageBB":[216,254,626,417]}