{"Type":"Figure",
"Number": 2,
"Page": 8,
"DPI": 100,
"Width": 850,
"Height": 1100,
"CaptionBB": [98,768,746,799],
"Caption": "Figure 2: Cumulative distribution of matching fingerprints or super-fingerprints, using 1-KB chunks. The relative shape of the curves demonstrate the much greater similarity in the Slashdot data set than the MH data set. ",
"ImageBB": [133,488,701,742],
"ImageText" : [
{"Rotation": 0,"TextBB": [589.768,493.973,600.954,503.278], "Text": "84"},
	{"Rotation": 0,"TextBB": [603.751,493.973,653.506,503.278], "Text": "fingerprints"},
	{"Rotation": 0,"TextBB": [600.944,504.033,612.131,513.338], "Text": "21"},
	{"Rotation": 0,"TextBB": [614.927,504.033,653.506,513.338], "Text": "superfps"},
	{"Rotation": 0,"TextBB": [600.944,514.092,612.131,523.398], "Text": "14"},
	{"Rotation": 0,"TextBB": [614.927,514.092,653.506,523.398], "Text": "superfps"},
	{"Rotation": 0,"TextBB": [606.538,524.152,612.131,533.457], "Text": "6"},
	{"Rotation": 0,"TextBB": [614.927,524.152,653.506,533.457], "Text": "superfps"},
	{"Rotation": 0,"TextBB": [606.538,534.212,612.131,543.517], "Text": "4"},
	{"Rotation": 0,"TextBB": [614.927,534.212,653.506,543.517], "Text": "superfps"},
	{"Rotation": 0,"TextBB": [467.342,503.165,472.936,512.47], "Text": "1"},
	{"Rotation": 3,"TextBB": [433.841,598.034,443.146,634.369], "Text": "Fraction"},
	{"Rotation": 3,"TextBB": [433.841,586.848,443.146,595.237], "Text": "of"},
	{"Rotation": 3,"TextBB": [433.841,565.038,443.146,584.051], "Text": "total"},
	{"Rotation": 3,"TextBB": [433.841,533.733,443.146,562.242], "Text": "blocks"},
	{"Rotation": 3,"TextBB": [135.341,598.034,144.646,634.369], "Text": "Fraction"},
	{"Rotation": 3,"TextBB": [135.341,586.848,144.646,595.237], "Text": "of"},
	{"Rotation": 3,"TextBB": [135.341,565.038,144.646,584.051], "Text": "total"},
	{"Rotation": 3,"TextBB": [135.341,533.733,144.646,562.242], "Text": "blocks"},
	{"Rotation": 0,"TextBB": [168.842,503.165,174.436,512.47], "Text": "1"},
	{"Rotation": 0,"TextBB": [160.452,537.413,174.435,546.718], "Text": "0.8"},
	{"Rotation": 0,"TextBB": [160.452,571.616,174.435,580.921], "Text": "0.6"},
	{"Rotation": 0,"TextBB": [160.452,605.819,174.435,615.124], "Text": "0.4"},
	{"Rotation": 0,"TextBB": [291.268,626.121,302.454,635.426], "Text": "84"},
	{"Rotation": 0,"TextBB": [305.251,626.121,355.006,635.426], "Text": "fingerprints"},
	{"Rotation": 0,"TextBB": [302.444,636.18,313.631,645.485], "Text": "21"},
	{"Rotation": 0,"TextBB": [316.427,636.18,355.006,645.485], "Text": "superfps"},
	{"Rotation": 0,"TextBB": [302.444,646.24,313.631,655.545], "Text": "14"},
	{"Rotation": 0,"TextBB": [316.427,646.24,355.006,655.545], "Text": "superfps"},
	{"Rotation": 0,"TextBB": [308.038,656.299,313.631,665.605], "Text": "6"},
	{"Rotation": 0,"TextBB": [316.427,656.299,355.006,665.605], "Text": "superfps"},
	{"Rotation": 0,"TextBB": [308.038,666.359,313.631,675.664], "Text": "4"},
	{"Rotation": 0,"TextBB": [316.427,666.359,355.006,675.664], "Text": "superfps"},
	{"Rotation": 0,"TextBB": [160.452,640.067,174.435,649.373], "Text": "0.2"},
	{"Rotation": 0,"TextBB": [168.842,674.27,174.436,683.575], "Text": "0"},
	{"Rotation": 0,"TextBB": [179.073,684.329,184.666,693.634], "Text": "0"},
	{"Rotation": 0,"TextBB": [195.82,684.329,209.803,693.634], "Text": "0.1"},
	{"Rotation": 0,"TextBB": [216.716,684.329,230.699,693.634], "Text": "0.2"},
	{"Rotation": 0,"TextBB": [237.659,684.329,251.642,693.634], "Text": "0.3"},
	{"Rotation": 0,"TextBB": [258.555,684.329,272.538,693.634], "Text": "0.4"},
	{"Rotation": 0,"TextBB": [279.498,684.329,293.481,693.634], "Text": "0.5"},
	{"Rotation": 0,"TextBB": [300.394,684.329,314.377,693.634], "Text": "0.6"},
	{"Rotation": 0,"TextBB": [321.337,684.329,335.32,693.634], "Text": "0.7"},
	{"Rotation": 0,"TextBB": [342.234,684.329,356.217,693.634], "Text": "0.8"},
	{"Rotation": 0,"TextBB": [363.176,684.329,377.159,693.634], "Text": "0.9"},
	{"Rotation": 0,"TextBB": [458.952,537.413,472.935,546.718], "Text": "0.8"},
	{"Rotation": 0,"TextBB": [458.952,571.616,472.935,580.921], "Text": "0.6"},
	{"Rotation": 0,"TextBB": [458.952,605.819,472.935,615.124], "Text": "0.4"},
	{"Rotation": 0,"TextBB": [458.952,640.067,472.935,649.373], "Text": "0.2"},
	{"Rotation": 0,"TextBB": [467.342,674.27,472.936,683.575], "Text": "0"},
	{"Rotation": 0,"TextBB": [388.267,684.329,393.861,693.634], "Text": "1"},
	{"Rotation": 0,"TextBB": [199.732,699.419,236.067,708.724], "Text": "Fraction"},
	{"Rotation": 0,"TextBB": [238.864,699.419,247.254,708.724], "Text": "of"},
	{"Rotation": 0,"TextBB": [250.05,699.419,290.862,708.724], "Text": "matching"},
	{"Rotation": 0,"TextBB": [293.659,699.419,330.004,708.724], "Text": "features"},
	{"Rotation": 0,"TextBB": [332.801,699.419,380.876,708.724], "Text": "(threshold)"},
	{"Rotation": 0,"TextBB": [239.167,731.273,251.454,741.235], "Text": "(a)"},
	{"Rotation": 0,"TextBB": [254.287,731.871,307.421,740.571], "Text": "Slashdot"},
	{"Rotation": 0,"TextBB": [477.573,684.329,483.166,693.634], "Text": "0"},
	{"Rotation": 0,"TextBB": [494.32,684.329,508.303,693.634], "Text": "0.1"},
	{"Rotation": 0,"TextBB": [515.216,684.329,529.199,693.634], "Text": "0.2"},
	{"Rotation": 0,"TextBB": [536.159,684.329,550.142,693.634], "Text": "0.3"},
	{"Rotation": 0,"TextBB": [557.055,684.329,571.038,693.634], "Text": "0.4"},
	{"Rotation": 0,"TextBB": [577.998,684.329,591.981,693.634], "Text": "0.5"},
	{"Rotation": 0,"TextBB": [598.894,684.329,612.877,693.634], "Text": "0.6"},
	{"Rotation": 0,"TextBB": [619.837,684.329,633.82,693.634], "Text": "0.7"},
	{"Rotation": 0,"TextBB": [640.734,684.329,654.717,693.634], "Text": "0.8"},
	{"Rotation": 0,"TextBB": [661.676,684.329,675.659,693.634], "Text": "0.9"},
	{"Rotation": 0,"TextBB": [686.767,684.329,692.361,693.634], "Text": "1"},
	{"Rotation": 0,"TextBB": [498.232,699.419,534.567,708.724], "Text": "Fraction"},
	{"Rotation": 0,"TextBB": [537.364,699.419,545.754,708.724], "Text": "of"},
	{"Rotation": 0,"TextBB": [548.55,699.419,589.362,708.724], "Text": "matching"},
	{"Rotation": 0,"TextBB": [592.159,699.419,628.504,708.724], "Text": "features"},
	{"Rotation": 0,"TextBB": [631.301,699.419,679.376,708.724], "Text": "(threshold)"},
	{"Rotation": 0,"TextBB": [557.167,731.273,570.074,741.235], "Text": "(b)"},
	{"Rotation": 0,"TextBB": [573.074,731.871,586.357,740.571], "Text": "MH"}
]}
