{"Type":"Figure",
"Number": 1,
"Page": 5,
"DPI": 100,
"Width": 850,
"Height": 1100,
"CaptionBB": [425,335,752,395],
"Caption": "Figure 1. Results of our algorithm for the flight simulator. Black, dotted: desired trajectory; blue, solid: controller from model; green, dashed: controller after five iterations of our algorithm. (See text for details.) ",
"ImageBB": [439,96,728,323],
"ImageText" : [
{"Rotation": 0,"TextBB": [458.478,98.7766,467.103,105.951], "Text": "20"},
	{"Rotation": 0,"TextBB": [458.478,119.266,467.103,126.44], "Text": "10"},
	{"Rotation": 3,"TextBB": [441.646,148.493,450.256,153.147], "Text": "y"},
	{"Rotation": 3,"TextBB": [441.646,131.953,450.256,145.906], "Text": "(m)"},
	{"Rotation": 0,"TextBB": [453.953,160.375,467.108,167.55], "Text": "−10"},
	{"Rotation": 0,"TextBB": [453.953,180.931,467.108,188.106], "Text": "−20"},
	{"Rotation": 0,"TextBB": [460.546,187.459,473.701,194.633], "Text": "−30"},
	{"Rotation": 0,"TextBB": [502.561,187.459,515.716,194.633], "Text": "−20"},
	{"Rotation": 0,"TextBB": [544.64,187.459,557.795,194.633], "Text": "−10"},
	{"Rotation": 0,"TextBB": [593.378,187.459,597.69,194.633], "Text": "0"},
	{"Rotation": 0,"TextBB": [633.324,187.459,641.949,194.633], "Text": "10"},
	{"Rotation": 0,"TextBB": [675.403,187.459,684.028,194.633], "Text": "20"},
	{"Rotation": 0,"TextBB": [717.482,187.459,726.107,194.633], "Text": "30"},
	{"Rotation": 0,"TextBB": [633.324,303.291,641.949,310.465], "Text": "40"},
	{"Rotation": 0,"TextBB": [675.403,303.291,684.028,310.465], "Text": "50"},
	{"Rotation": 0,"TextBB": [717.482,303.291,726.107,310.465], "Text": "60"},
	{"Rotation": 0,"TextBB": [584.91,196.752,589.564,205.361], "Text": "x"},
	{"Rotation": 0,"TextBB": [592.151,196.752,606.104,205.361], "Text": "(m)"},
	{"Rotation": 0,"TextBB": [454.147,214.542,467.085,221.717], "Text": "102"},
	{"Rotation": 0,"TextBB": [454.147,235.097,467.085,242.272], "Text": "101"},
	{"Rotation": 3,"TextBB": [441.841,264.324,450.45,268.978], "Text": "z"},
	{"Rotation": 3,"TextBB": [441.841,247.784,450.45,261.736], "Text": "(m)"},
	{"Rotation": 0,"TextBB": [462.808,139.821,467.121,146.996], "Text": "0"},
	{"Rotation": 0,"TextBB": [454.147,255.652,467.085,262.826], "Text": "100"},
	{"Rotation": 0,"TextBB": [458.478,276.207,467.103,283.382], "Text": "99"},
	{"Rotation": 0,"TextBB": [458.478,296.763,467.103,303.938], "Text": "98"},
	{"Rotation": 0,"TextBB": [467.204,303.291,471.517,310.465], "Text": "0"},
	{"Rotation": 0,"TextBB": [507.086,303.291,515.711,310.465], "Text": "10"},
	{"Rotation": 0,"TextBB": [549.165,303.291,557.791,310.465], "Text": "20"},
	{"Rotation": 0,"TextBB": [591.244,303.291,599.87,310.465], "Text": "30"},
	{"Rotation": 0,"TextBB": [580.062,312.584,597.645,321.193], "Text": "time"},
	{"Rotation": 0,"TextBB": [600.233,312.584,611.086,321.193], "Text": "(s)"}
]}
