{"Type":"Figure",
"Number": 3,
"Page": 5,
"DPI": 100,
"Width": 826,
"Height": 1169,
"CaptionBB": [444,690,741,821],
"Caption": "Figure 3. Estimated vs. ground truth values. First row, rotation around head vertical axis (left) and horizontal translation (right). Sec- ond row, fist shape configuration weight (left) and first texture configuration weight (right). Red continuous line stands for estimated val- ues for each frame whereas blue dashed line stands for ground truth data. ",
"ImageBB": [440,440,738,672],
"ImageText" : [
{"Rotation": 0,"TextBB": [660.176,442.833,688.142,449.06], "Text": "Parameter"},
	{"Rotation": 0,"TextBB": [689.851,442.681,699.231,450.288], "Text": "tx"},
	{"Rotation": 0,"TextBB": [503.901,442.835,531.868,449.061], "Text": "Parameter"},
	{"Rotation": 0,"TextBB": [533.576,442.682,539.049,448.902], "Text": "β"},
	{"Rotation": 0,"TextBB": [610.769,449.902,613.689,454.76], "Text": "4"},
	{"Rotation": 3,"TextBB": [600.561,470.619,606.787,501.903], "Text": "Translation"},
	{"Rotation": 3,"TextBB": [600.561,455.437,606.787,468.903], "Text": "units"},
	{"Rotation": 0,"TextBB": [453.137,449.902,458.977,454.76], "Text": "25"},
	{"Rotation": 3,"TextBB": [445.859,480.691,452.086,503.27], "Text": "Degrees"},
	{"Rotation": 0,"TextBB": [453.137,465.216,458.977,470.074], "Text": "20"},
	{"Rotation": 0,"TextBB": [453.137,480.56,458.977,485.418], "Text": "15"},
	{"Rotation": 0,"TextBB": [453.137,495.906,458.977,500.764], "Text": "10"},
	{"Rotation": 0,"TextBB": [610.769,461.403,613.689,466.261], "Text": "3"},
	{"Rotation": 0,"TextBB": [610.769,472.903,613.689,477.761], "Text": "2"},
	{"Rotation": 0,"TextBB": [610.769,484.405,613.689,489.262], "Text": "1"},
	{"Rotation": 0,"TextBB": [610.769,495.906,613.689,500.764], "Text": "0"},
	{"Rotation": 0,"TextBB": [607.68,507.407,613.667,512.265], "Text": "−1"},
	{"Rotation": 0,"TextBB": [456.068,511.22,458.988,516.078], "Text": "5"},
	{"Rotation": 0,"TextBB": [607.68,518.909,613.667,523.767], "Text": "−2"},
	{"Rotation": 0,"TextBB": [456.068,526.566,458.988,531.423], "Text": "0"},
	{"Rotation": 0,"TextBB": [452.98,541.911,458.967,546.769], "Text": "−5"},
	{"Rotation": 0,"TextBB": [458.273,545.598,461.193,550.455], "Text": "0"},
	{"Rotation": 0,"TextBB": [607.68,530.41,613.667,535.268], "Text": "−3"},
	{"Rotation": 0,"TextBB": [476.361,545.598,482.201,550.455], "Text": "50"},
	{"Rotation": 0,"TextBB": [494.416,545.598,503.176,550.455], "Text": "100"},
	{"Rotation": 0,"TextBB": [456.068,564.975,458.988,569.833], "Text": "2"},
	{"Rotation": 0,"TextBB": [513.953,545.598,522.712,550.455], "Text": "150"},
	{"Rotation": 0,"TextBB": [533.49,545.598,542.25,550.455], "Text": "200"},
	{"Rotation": 0,"TextBB": [511.715,549.718,529.399,555.945], "Text": "Frame"},
	{"Rotation": 0,"TextBB": [531.128,549.718,552.282,555.945], "Text": "number"},
	{"Rotation": 0,"TextBB": [504.751,557.908,532.718,564.135], "Text": "Parameter"},
	{"Rotation": 0,"TextBB": [534.426,554.968,543.549,563.976], "Text": "cs"},
	{"Rotation": 0,"TextBB": [538.913,561.901,543.625,566.661], "Text": "1"},
	{"Rotation": 0,"TextBB": [553.026,545.598,561.786,550.455], "Text": "250"},
	{"Rotation": 0,"TextBB": [607.68,541.911,613.667,546.769], "Text": "−4"},
	{"Rotation": 0,"TextBB": [612.975,545.598,615.895,550.455], "Text": "0"},
	{"Rotation": 0,"TextBB": [572.593,545.598,581.353,550.455], "Text": "300"},
	{"Rotation": 0,"TextBB": [631.062,545.598,636.902,550.455], "Text": "50"},
	{"Rotation": 0,"TextBB": [649.116,545.598,657.876,550.455], "Text": "100"},
	{"Rotation": 0,"TextBB": [631.157,660.673,636.997,665.53], "Text": "50"},
	{"Rotation": 0,"TextBB": [649.211,660.673,657.971,665.53], "Text": "100"},
	{"Rotation": 0,"TextBB": [602.134,564.975,613.814,569.833], "Text": "3500"},
	{"Rotation": 0,"TextBB": [456.068,576.477,458.988,581.335], "Text": "0"},
	{"Rotation": 0,"TextBB": [668.654,545.598,677.414,550.455], "Text": "150"},
	{"Rotation": 0,"TextBB": [688.19,545.598,696.95,550.455], "Text": "200"},
	{"Rotation": 0,"TextBB": [707.726,545.598,716.486,550.455], "Text": "250"},
	{"Rotation": 0,"TextBB": [727.294,545.598,736.054,550.455], "Text": "300"},
	{"Rotation": 0,"TextBB": [668.716,660.673,677.476,665.53], "Text": "150"},
	{"Rotation": 0,"TextBB": [688.253,660.673,697.012,665.53], "Text": "200"},
	{"Rotation": 0,"TextBB": [707.758,660.673,716.518,665.53], "Text": "250"},
	{"Rotation": 0,"TextBB": [727.294,660.673,736.054,665.53], "Text": "300"},
	{"Rotation": 0,"TextBB": [666.416,549.718,684.101,555.945], "Text": "Frame"},
	{"Rotation": 0,"TextBB": [685.816,549.718,706.97,555.945], "Text": "number"},
	{"Rotation": 0,"TextBB": [659.389,557.908,687.355,564.135], "Text": "Parameter"},
	{"Rotation": 0,"TextBB": [689.064,554.957,697.453,563.976], "Text": "ct"},
	{"Rotation": 0,"TextBB": [693.551,561.901,698.263,566.661], "Text": "1"},
	{"Rotation": 0,"TextBB": [602.134,578.116,613.814,582.973], "Text": "3000"},
	{"Rotation": 0,"TextBB": [452.98,587.978,458.967,592.836], "Text": "−2"},
	{"Rotation": 0,"TextBB": [602.134,591.256,613.814,596.114], "Text": "2500"},
	{"Rotation": 0,"TextBB": [452.98,599.479,458.967,604.337], "Text": "−4"},
	{"Rotation": 3,"TextBB": [595.015,601.995,601.241,617.767], "Text": "Value"},
	{"Rotation": 3,"TextBB": [442.962,601.842,449.189,617.614], "Text": "Value"},
	{"Rotation": 0,"TextBB": [452.98,610.981,458.967,615.839], "Text": "−6"},
	{"Rotation": 0,"TextBB": [602.134,604.395,613.814,609.253], "Text": "2000"},
	{"Rotation": 0,"TextBB": [602.134,617.535,613.814,622.393], "Text": "1500"},
	{"Rotation": 0,"TextBB": [452.98,622.482,458.967,627.34], "Text": "−8"},
	{"Rotation": 0,"TextBB": [602.134,630.675,613.814,635.533], "Text": "1000"},
	{"Rotation": 0,"TextBB": [450.082,633.984,458.989,638.841], "Text": "−10"},
	{"Rotation": 0,"TextBB": [605.033,643.814,613.793,648.672], "Text": "500"},
	{"Rotation": 0,"TextBB": [450.082,645.485,458.989,650.343], "Text": "−12"},
	{"Rotation": 0,"TextBB": [450.082,656.986,458.989,661.844], "Text": "−14"},
	{"Rotation": 0,"TextBB": [458.273,660.673,461.193,665.53], "Text": "0"},
	{"Rotation": 0,"TextBB": [476.361,660.673,482.201,665.53], "Text": "50"},
	{"Rotation": 0,"TextBB": [494.416,660.673,503.176,665.53], "Text": "100"},
	{"Rotation": 0,"TextBB": [513.953,660.673,522.712,665.53], "Text": "150"},
	{"Rotation": 0,"TextBB": [533.49,660.673,542.25,665.53], "Text": "200"},
	{"Rotation": 0,"TextBB": [511.715,664.793,529.399,671.02], "Text": "Frame"},
	{"Rotation": 0,"TextBB": [531.128,664.793,552.282,671.02], "Text": "number"},
	{"Rotation": 0,"TextBB": [553.026,660.673,561.786,665.53], "Text": "250"},
	{"Rotation": 0,"TextBB": [572.593,660.673,581.353,665.53], "Text": "300"},
	{"Rotation": 0,"TextBB": [610.896,656.986,613.816,661.844], "Text": "0"},
	{"Rotation": 0,"TextBB": [613.101,660.673,616.021,665.53], "Text": "0"},
	{"Rotation": 0,"TextBB": [666.479,664.793,684.163,671.02], "Text": "Frame"},
	{"Rotation": 0,"TextBB": [685.879,664.793,707.033,671.02], "Text": "number"}
]}
