{"Type":"Figure",
"Number": 2,
"Page": 5,
"DPI": 100,
"Width": 850,
"Height": 1100,
"CaptionBB": [75,269,402,363],
"Caption": "Figure 2. (a) A model selection example. The blue line with error-bars show the cross-validation error on the train- ing set for one dataset; the model λ = 8.86 is chosen, which gives the minimum error. The magenta line shows the chronological test error. (b) Eigenvalue spectrums for various values of λ. ",
"ImageBB": [77,95,402,254],
"ImageText" : [
{"Rotation": 0,"TextBB": [96.5331,97.3093,106.933,105.96], "Text": "60"},
	{"Rotation": 3,"TextBB": [85.0443,163.178,93.6954,183.959], "Text": "Error"},
	{"Rotation": 3,"TextBB": [85.0443,146.035,93.6954,160.578], "Text": "(%)"},
	{"Rotation": 0,"TextBB": [96.5331,118.791,106.933,127.442], "Text": "50"},
	{"Rotation": 0,"TextBB": [137.499,106.272,155.69,114.923], "Text": "Test"},
	{"Rotation": 0,"TextBB": [137.499,117.037,162.966,125.688], "Text": "Model"},
	{"Rotation": 0,"TextBB": [165.566,117.037,204.033,125.688], "Text": "Selection"},
	{"Rotation": 0,"TextBB": [243.738,98.8941,258.024,109.708], "Text": "(b)"},
	{"Rotation": 0,"TextBB": [96.5331,140.321,106.933,148.972], "Text": "40"},
	{"Rotation": 0,"TextBB": [96.5331,161.851,106.933,170.502], "Text": "30"},
	{"Rotation": 0,"TextBB": [96.5331,183.382,106.933,192.033], "Text": "20"},
	{"Rotation": 0,"TextBB": [96.5331,204.912,106.933,213.563], "Text": "10"},
	{"Rotation": 0,"TextBB": [314.515,106.272,332.715,114.923], "Text": "0.01"},
	{"Rotation": 0,"TextBB": [314.515,117.037,348.315,125.688], "Text": "0.48329"},
	{"Rotation": 0,"TextBB": [314.515,127.802,343.115,136.453], "Text": "3.3598"},
	{"Rotation": 0,"TextBB": [314.515,138.566,343.115,147.217], "Text": "8.8587"},
	{"Rotation": 0,"TextBB": [345.715,138.566,386.772,147.217], "Text": "(selected)"},
	{"Rotation": 0,"TextBB": [267.022,140.321,272.222,148.972], "Text": "5"},
	{"Rotation": 0,"TextBB": [267.022,161.851,272.222,170.502], "Text": "0"},
	{"Rotation": 0,"TextBB": [261.566,183.382,272.228,192.033], "Text": "−5"},
	{"Rotation": 0,"TextBB": [256.354,204.912,272.216,213.563], "Text": "−10"},
	{"Rotation": 0,"TextBB": [101.745,226.442,106.945,235.093], "Text": "0"},
	{"Rotation": 0,"TextBB": [104.278,233.311,122.478,241.962], "Text": "0.01"},
	{"Rotation": 0,"TextBB": [134.625,233.311,147.625,241.962], "Text": "0.1"},
	{"Rotation": 0,"TextBB": [166.336,233.311,171.536,241.962], "Text": "1"},
	{"Rotation": 0,"TextBB": [191.52,233.311,201.92,241.962], "Text": "10"},
	{"Rotation": 0,"TextBB": [216.655,233.311,232.255,241.962], "Text": "100"},
	{"Rotation": 0,"TextBB": [113.387,242.858,173.159,251.509], "Text": "Regularization"},
	{"Rotation": 0,"TextBB": [175.759,242.858,211.111,251.509], "Text": "constant"},
	{"Rotation": 0,"TextBB": [213.711,242.858,225.176,251.509], "Text": "(λ)"},
	{"Rotation": 0,"TextBB": [256.354,226.442,272.216,235.093], "Text": "−15"},
	{"Rotation": 0,"TextBB": [271.308,233.311,276.508,241.962], "Text": "0"},
	{"Rotation": 0,"TextBB": [292.839,233.311,303.239,241.962], "Text": "10"},
	{"Rotation": 0,"TextBB": [316.951,233.311,327.351,241.962], "Text": "20"},
	{"Rotation": 0,"TextBB": [341.062,233.311,351.462,241.962], "Text": "30"},
	{"Rotation": 0,"TextBB": [365.174,233.311,375.574,241.962], "Text": "40"},
	{"Rotation": 0,"TextBB": [297.466,242.809,372.324,251.46], "Text": "Eigencomponents"},
	{"Rotation": 0,"TextBB": [389.335,233.311,399.735,241.962], "Text": "50"},
	{"Rotation": 0,"TextBB": [261.81,97.3093,272.21,105.96], "Text": "15"},
	{"Rotation": 0,"TextBB": [261.81,118.791,272.21,127.442], "Text": "10"},
	{"Rotation": 3,"TextBB": [244.865,139.543,253.516,190.487], "Text": "Eigenvalues"},
	{"Rotation": 0,"TextBB": [78.4614,98.8941,92.7473,109.708], "Text": "(a)"}
]}
