{"Type":"Figure",
"Number": 5,
"Page": 7,
"DPI": 100,
"Width": 850,
"Height": 1100,
"CaptionBB": [492,841,669,856],
"Caption": "Figure 5. Constant Density",
"ImageBB": [498,497,665,822],
"ImageText" : [
{"Rotation": 0,"TextBB": [510.946,512.859,521.672,517.441], "Text": "6400"},
	{"Rotation": 3,"TextBB": [503.293,565.624,509.135,569.792], "Text": "#"},
	{"Rotation": 3,"TextBB": [503.293,525.173,509.135,563.98], "Text": "Transmissions"},
	{"Rotation": 0,"TextBB": [510.946,531.773,521.672,536.355], "Text": "5400"},
	{"Rotation": 0,"TextBB": [510.946,550.716,521.672,555.298], "Text": "4400"},
	{"Rotation": 0,"TextBB": [510.946,569.63,521.672,574.212], "Text": "3400"},
	{"Rotation": 0,"TextBB": [510.946,588.572,521.672,593.154], "Text": "2400"},
	{"Rotation": 0,"TextBB": [531.731,593.927,537.094,598.509], "Text": "49"},
	{"Rotation": 0,"TextBB": [551.135,593.927,556.497,598.509], "Text": "64"},
	{"Rotation": 0,"TextBB": [570.538,593.927,575.901,598.509], "Text": "81"},
	{"Rotation": 0,"TextBB": [588.617,593.927,596.661,598.509], "Text": "100"},
	{"Rotation": 0,"TextBB": [608.02,593.927,616.065,598.509], "Text": "121"},
	{"Rotation": 0,"TextBB": [627.424,593.927,635.468,598.509], "Text": "144"},
	{"Rotation": 0,"TextBB": [646.827,593.927,654.871,598.509], "Text": "169"},
	{"Rotation": 0,"TextBB": [569.156,600.313,590.68,606.154], "Text": "Number"},
	{"Rotation": 0,"TextBB": [592.324,600.313,597.656,606.154], "Text": "of"},
	{"Rotation": 0,"TextBB": [599.3,600.313,616.079,606.154], "Text": "Nodes"},
	{"Rotation": 0,"TextBB": [515.833,636.756,528.12,646.652], "Text": "(a)"},
	{"Rotation": 0,"TextBB": [532.692,636.756,568.967,646.652], "Text": "Number"},
	{"Rotation": 0,"TextBB": [571.734,636.756,580.955,646.652], "Text": "of"},
	{"Rotation": 0,"TextBB": [583.722,636.756,647.294,646.652], "Text": "Transmissions"},
	{"Rotation": 0,"TextBB": [515.38,675.579,521.193,680.546], "Text": "51"},
	{"Rotation": 0,"TextBB": [511.004,684.245,521.199,689.211], "Text": "50.8"},
	{"Rotation": 0,"TextBB": [511.004,692.881,521.199,697.848], "Text": "50.6"},
	{"Rotation": 3,"TextBB": [503.293,718.817,509.135,739.855], "Text": "Latency"},
	{"Rotation": 3,"TextBB": [503.293,703.082,509.135,717.173], "Text": "(sec)"},
	{"Rotation": 0,"TextBB": [511.004,701.546,521.199,706.513], "Text": "50.4"},
	{"Rotation": 0,"TextBB": [511.004,710.183,521.199,715.15], "Text": "50.2"},
	{"Rotation": 0,"TextBB": [515.38,718.848,521.193,723.815], "Text": "50"},
	{"Rotation": 0,"TextBB": [511.004,727.485,521.199,732.452], "Text": "49.8"},
	{"Rotation": 0,"TextBB": [511.004,736.15,521.199,741.117], "Text": "49.6"},
	{"Rotation": 0,"TextBB": [511.004,744.786,521.199,749.753], "Text": "49.4"},
	{"Rotation": 0,"TextBB": [511.004,753.452,521.199,758.419], "Text": "49.2"},
	{"Rotation": 0,"TextBB": [515.38,762.088,521.193,767.055], "Text": "49"},
	{"Rotation": 0,"TextBB": [531.674,767.617,537.037,772.199], "Text": "49"},
	{"Rotation": 0,"TextBB": [551.077,767.617,556.44,772.199], "Text": "64"},
	{"Rotation": 0,"TextBB": [570.509,767.617,575.872,772.199], "Text": "81"},
	{"Rotation": 0,"TextBB": [588.588,767.617,596.632,772.199], "Text": "100"},
	{"Rotation": 0,"TextBB": [607.992,767.617,616.036,772.199], "Text": "121"},
	{"Rotation": 0,"TextBB": [627.424,767.617,635.468,772.199], "Text": "144"},
	{"Rotation": 0,"TextBB": [646.827,767.617,654.871,772.199], "Text": "169"},
	{"Rotation": 0,"TextBB": [569.127,774.003,590.651,779.844], "Text": "Number"},
	{"Rotation": 0,"TextBB": [592.296,774.003,597.627,779.844], "Text": "of"},
	{"Rotation": 0,"TextBB": [599.271,774.003,616.05,779.844], "Text": "Nodes"},
	{"Rotation": 0,"TextBB": [555.081,810.448,567.988,820.344], "Text": "(b)"},
	{"Rotation": 0,"TextBB": [572.559,810.448,608.048,820.344], "Text": "Latency"}
]}
