{"Caption":"Figure 3: The test of the top k informative genes versus the classifier accuracy.","ImageText":[{"Text":"top-k","TextBB":[277.596,94.9154,304.159,105.969],"Rotation":0},{"Text":"genes","TextBB":[307.481,94.9154,340.032,105.969],"Rotation":0},{"Text":"selected","TextBB":[179.981,106.865,224.481,117.918],"Rotation":0},{"Text":"by","TextBB":[227.803,106.865,240.421,117.918],"Rotation":0},{"Text":"significance","TextBB":[243.743,106.865,306.167,117.918],"Rotation":0},{"Text":"levels","TextBB":[309.489,106.865,340.032,117.918],"Rotation":0},{"Text":"top-k","TextBB":[627.194,94.9154,653.757,105.969],"Rotation":0},{"Text":"genes","TextBB":[657.079,94.9154,689.63,105.969],"Rotation":0},{"Text":"Selected","TextBB":[527.583,106.865,574.078,117.918],"Rotation":0},{"Text":"by","TextBB":[577.4,106.865,590.019,117.918],"Rotation":0},{"Text":"significance","TextBB":[593.341,106.865,655.765,117.918],"Rotation":0},{"Text":"levels","TextBB":[659.087,106.865,689.63,117.918],"Rotation":0},{"Text":"100","TextBB":[458.458,131.959,478.39,143.012],"Rotation":0},{"Text":"Accuracy","TextBB":[439.14,159.187,450.193,208.324],"Rotation":3},{"Text":"Accuracy","TextBB":[89.5422,159.187,100.595,208.324],"Rotation":3},{"Text":"100","TextBB":[108.861,122.532,128.792,133.585],"Rotation":0},{"Text":"90","TextBB":[115.504,160.305,128.792,171.359],"Rotation":0},{"Text":"80","TextBB":[115.504,198.012,128.792,209.066],"Rotation":0},{"Text":"90","TextBB":[465.102,179.159,478.39,190.212],"Rotation":0},{"Text":"80","TextBB":[465.102,226.359,478.39,237.412],"Rotation":0},{"Text":"70","TextBB":[115.504,235.786,128.792,246.839],"Rotation":0},{"Text":"60","TextBB":[115.504,273.56,128.792,284.613],"Rotation":0},{"Text":"70","TextBB":[465.102,273.56,478.39,284.613],"Rotation":0},{"Text":"8","TextBB":[153.951,285.509,160.595,296.562],"Rotation":0},{"Text":"16","TextBB":[179.573,285.509,192.861,296.562],"Rotation":0},{"Text":"32","TextBB":[208.518,285.509,221.805,296.562],"Rotation":0},{"Text":"64","TextBB":[237.462,285.509,250.749,296.562],"Rotation":0},{"Text":"128","TextBB":[263.084,285.509,283.016,296.562],"Rotation":0},{"Text":"256","TextBB":[292.028,285.509,311.96,296.562],"Rotation":0},{"Text":"512","TextBB":[320.972,285.509,340.904,296.562],"Rotation":0},{"Text":"1024","TextBB":[346.595,285.509,373.17,296.562],"Rotation":0},{"Text":"2048","TextBB":[375.539,285.509,402.114,296.562],"Rotation":0},{"Text":"Number","TextBB":[220.385,303.433,262.877,314.486],"Rotation":0},{"Text":"of","TextBB":[266.199,303.433,276.165,314.486],"Rotation":0},{"Text":"genes","TextBB":[279.487,303.433,312.037,314.486],"Rotation":0},{"Text":"(a)","TextBB":[186.899,318.831,203.247,331.901],"Rotation":0},{"Text":"The","TextBB":[207.504,318.831,229.543,331.901],"Rotation":0},{"Text":"colon","TextBB":[233.813,318.831,262.955,331.901],"Rotation":0},{"Text":"data","TextBB":[267.212,318.831,292.089,331.901],"Rotation":0},{"Text":"set","TextBB":[296.359,318.831,312.072,331.901],"Rotation":0},{"Text":"16","TextBB":[520.342,285.509,533.63,296.562],"Rotation":0},{"Text":"64","TextBB":[567.675,285.509,580.963,296.562],"Rotation":0},{"Text":"256","TextBB":[611.752,285.509,631.684,296.562],"Rotation":0},{"Text":"1024","TextBB":[655.763,285.509,682.339,296.562],"Rotation":0},{"Text":"Number","TextBB":[569.982,303.433,612.475,314.486],"Rotation":0},{"Text":"of","TextBB":[615.797,303.433,625.762,314.486],"Rotation":0},{"Text":"genes","TextBB":[629.084,303.433,661.635,314.486],"Rotation":0},{"Text":"(b)","TextBB":[523.811,318.831,540.87,331.901],"Rotation":0},{"Text":"The","TextBB":[545.127,318.831,567.166,331.901],"Rotation":0},{"Text":"Leukemia","TextBB":[571.436,318.831,624.937,331.901],"Rotation":0},{"Text":"data","TextBB":[629.194,318.831,654.071,331.901],"Rotation":0},{"Text":"set","TextBB":[658.329,318.831,674.042,331.901],"Rotation":0},{"Text":"4096","TextBB":[703.097,285.509,729.672,296.562],"Rotation":0}],"Mention":["no mention found"],"Page":9,"Number":3,"Type":"Figure","CaptionBB":[166,345,679,360],"Height":1169,"Width":826,"DPI":100,"ImageBB":[87,88,749,335]}