{"Type":"Figure",
"Number": 2,
"Page": 7,
"DPI": 100,
"Width": 850,
"Height": 1100,
"CaptionBB": [433,950,745,981],
"Caption": "Figure 2: Comparison of Flux BitTorrent servers with CTorrent (see Section 4.3). ",
"ImageBB": [454,142,759,911],
"ImageText" : [
{"Rotation": 0,"TextBB": [471.5,159.767,471.5,171.034], "Text": "❒"},
	{"Rotation": 0,"TextBB": [476.666,159.6,481.833,170.867], "Text": "➴✄➴"},
	{"Rotation": 0,"TextBB": [471.666,183.267,471.666,194.534], "Text": "❐"},
	{"Rotation": 0,"TextBB": [476.666,183.434,481.833,194.7], "Text": "➴✄➴"},
	{"Rotation": 0,"TextBB": [456.5,204.434,456.5,215.7], "Text": "ãäå"},
	{"Rotation": 0,"TextBB": [471.5,207.1,471.5,218.367], "Text": "✃"},
	{"Rotation": 0,"TextBB": [476.666,207.267,481.833,218.534], "Text": "➴✄➴"},
	{"Rotation": 0,"TextBB": [456.5,222.934,456.5,234.2], "Text": "áâ"},
	{"Rotation": 0,"TextBB": [471.333,231.1,481.833,242.367], "Text": "➱✟➴✄➴"},
	{"Rotation": 0,"TextBB": [459.166,234.1,459.166,245.367], "Text": "Þ"},
	{"Rotation": 0,"TextBB": [456.5,247.934,459.166,259.2], "Text": "Ûà"},
	{"Rotation": 0,"TextBB": [471.666,254.934,481.833,266.2], "Text": "➮✝➴✄➴"},
	{"Rotation": 0,"TextBB": [459.166,260.767,459.166,272.034], "Text": "ÝÞß"},
	{"Rotation": 0,"TextBB": [456.5,185.6,456.5,196.867], "Text": "ç"},
	{"Rotation": 0,"TextBB": [459.166,189.434,459.166,200.7], "Text": "æ"},
	{"Rotation": 0,"TextBB": [472.333,302.434,481.833,313.7], "Text": "➷✂➴✄➴"},
	{"Rotation": 0,"TextBB": [481.833,326.434,481.833,337.7], "Text": "➴"},
	{"Rotation": 0,"TextBB": [471.666,403.167,471.666,420.5], "Text": " "},
	{"Rotation": 0,"TextBB": [476.833,407.434,476.833,418.7], "Text": "ý"},
	{"Rotation": 0,"TextBB": [456.5,488.5,459.333,505.834], "Text": "✢✣"},
	{"Rotation": 0,"TextBB": [471.5,489.267,476.666,500.534], "Text": "ÿ✄ü"},
	{"Rotation": 0,"TextBB": [459.333,507.167,459.333,524.5], "Text": "✚✛"},
	{"Rotation": 0,"TextBB": [457.333,519.167,459.333,536.5], "Text": "✘✙"},
	{"Rotation": 0,"TextBB": [456.833,529.667,459.333,547], "Text": "✖✗"},
	{"Rotation": 0,"TextBB": [472.333,516.6,472.333,527.867], "Text": "þ"},
	{"Rotation": 0,"TextBB": [476.833,516.434,476.833,527.7], "Text": "ý"},
	{"Rotation": 0,"TextBB": [476.833,570.767,476.833,582.034], "Text": "ý"},
	{"Rotation": 0,"TextBB": [476.666,598.267,476.666,609.534], "Text": "ü"},
	{"Rotation": 0,"TextBB": [548.333,610.934,548.333,622.2], "Text": "ý"},
	{"Rotation": 0,"TextBB": [553.333,611.1,553.333,622.367], "Text": "ü"},
	{"Rotation": 0,"TextBB": [485.666,611.1,485.666,622.367], "Text": "ü"},
	{"Rotation": 0,"TextBB": [612,611.1,621.5,622.367], "Text": "þ☞ü✟ü"},
	{"Rotation": 0,"TextBB": [566.833,615.834,573.5,633.167], "Text": "✁✄✂"},
	{"Rotation": 0,"TextBB": [577,615.834,594,633.167], "Text": "☎✝✆✟✞"},
	{"Rotation": 0,"TextBB": [597.5,615.834,649.666,633.167], "Text": "✠☛✡✌☞✟✍✏✎✌✆✟✑✓✒✔✞"},
	{"Rotation": 0,"TextBB": [653.166,615.834,653.166,633.167], "Text": "✂"},
	{"Rotation": 0,"TextBB": [656.5,615.834,673,633.167], "Text": "✍✏☞✟✠✕✑"},
	{"Rotation": 0,"TextBB": [677.166,611.1,677.166,622.367], "Text": "þ"},
	{"Rotation": 0,"TextBB": [681.666,610.934,681.666,622.2], "Text": "ý"},
	{"Rotation": 0,"TextBB": [686.666,611.1,686.666,622.367], "Text": "ü"},
	{"Rotation": 0,"TextBB": [741.5,611.1,751.833,622.367], "Text": "ÿ✄ü✄ü"},
	{"Rotation": 0,"TextBB": [471.666,689.5,471.666,706.833], "Text": "❊"},
	{"Rotation": 0,"TextBB": [476.666,689.667,487.166,707], "Text": "❃❅❃❀❃"},
	{"Rotation": 0,"TextBB": [471.5,718.833,471.5,736.167], "Text": "❉"},
	{"Rotation": 0,"TextBB": [476.666,719,487.166,736.333], "Text": "❃❅❃❀❃"},
	{"Rotation": 0,"TextBB": [651.166,529.834,657.5,547.167], "Text": "✦★✧"},
	{"Rotation": 0,"TextBB": [660.5,529.834,665.166,547.167], "Text": "✩✫✪"},
	{"Rotation": 0,"TextBB": [668.333,529.834,668.333,547.167], "Text": "✪"},
	{"Rotation": 0,"TextBB": [671.833,529.834,680.833,547.167], "Text": "✬✕✭✮✧"},
	{"Rotation": 0,"TextBB": [651,541.334,656.5,558.667], "Text": "✯✏✰"},
	{"Rotation": 0,"TextBB": [661.333,541.167,661.333,558.5], "Text": "✪"},
	{"Rotation": 0,"TextBB": [664.833,541.167,682,558.5], "Text": "✬★✱✳✲✮✪"},
	{"Rotation": 0,"TextBB": [685.5,541.167,710.833,558.5], "Text": "✬✵✴✕✶✮✬✷✶✹✸"},
	{"Rotation": 0,"TextBB": [713.666,541.167,719.333,558.5], "Text": "✺✼✻"},
	{"Rotation": 0,"TextBB": [721.833,541.334,731.833,558.667], "Text": "✰✾✽✾✿"},
	{"Rotation": 0,"TextBB": [651,552.667,661.833,570], "Text": "✱✳✲✮✪"},
	{"Rotation": 0,"TextBB": [665.333,552.667,674,570], "Text": "✬✵✴✕✶"},
	{"Rotation": 0,"TextBB": [681.166,552.834,681.166,570.167], "Text": "✯"},
	{"Rotation": 0,"TextBB": [686.666,552.667,701.833,570], "Text": "✩✾✩✮✻❀✸"},
	{"Rotation": 0,"TextBB": [704.666,552.667,710.333,570], "Text": "✺✼✻"},
	{"Rotation": 0,"TextBB": [712.833,552.834,722.833,570.167], "Text": "✰✾✽✾✿"},
	{"Rotation": 0,"TextBB": [651,564.334,657.166,581.667], "Text": "❁✌❂"},
	{"Rotation": 0,"TextBB": [662,564.167,676.5,581.5], "Text": "✬✕✭✾✧❀✸"},
	{"Rotation": 0,"TextBB": [679.5,564.167,685.166,581.5], "Text": "✺✼✻"},
	{"Rotation": 0,"TextBB": [687.666,564.334,697.5,581.667], "Text": "✰✾✽✮✿"},
	{"Rotation": 0,"TextBB": [472.333,543.767,476.666,555.034], "Text": "þ✂ü"},
	{"Rotation": 0,"TextBB": [741.833,339.267,752.166,350.534], "Text": "➬✝➴✟➴"},
	{"Rotation": 0,"TextBB": [471.5,462.1,471.5,473.367], "Text": "ÿ"},
	{"Rotation": 0,"TextBB": [476.833,461.934,476.833,473.2], "Text": "ý"},
	{"Rotation": 0,"TextBB": [456.5,469.667,456.5,487], "Text": "✥"},
	{"Rotation": 0,"TextBB": [459.333,473.5,459.333,490.834], "Text": "✤"},
	{"Rotation": 0,"TextBB": [459.333,495.5,459.333,512.834], "Text": "✜"},
	{"Rotation": 0,"TextBB": [614.666,339.267,624.166,350.534], "Text": "➷☞➴✟➴"},
	{"Rotation": 0,"TextBB": [678.5,339.267,678.5,350.534], "Text": "➷"},
	{"Rotation": 0,"TextBB": [683,339.1,683,350.367], "Text": "✃"},
	{"Rotation": 0,"TextBB": [688,339.267,688,350.534], "Text": "➴"},
	{"Rotation": 0,"TextBB": [569,348.434,575.833,359.7], "Text": "❰✎Ï"},
	{"Rotation": 0,"TextBB": [579.333,348.434,596.333,359.7], "Text": "Ð✒Ñ✎Ò"},
	{"Rotation": 0,"TextBB": [599.833,348.434,652,359.7], "Text": "Ó✖Ô✘Õ✎Ö✛×✘Ñ✎Ø✣Ù✤Ò"},
	{"Rotation": 0,"TextBB": [655.5,348.434,655.5,359.7], "Text": "Ï"},
	{"Rotation": 0,"TextBB": [658.833,348.434,675.333,359.7], "Text": "Ö✛Õ✎Ó☞Ø"},
	{"Rotation": 0,"TextBB": [471.666,430.5,471.666,447.834], "Text": " "},
	{"Rotation": 0,"TextBB": [471.666,434.934,476.666,446.2], "Text": "✝ü"},
	{"Rotation": 0,"TextBB": [552.333,339.1,552.333,350.367], "Text": "✃"},
	{"Rotation": 0,"TextBB": [557.333,339.267,557.333,350.534], "Text": "➴"},
	{"Rotation": 0,"TextBB": [490.833,339.267,490.833,350.534], "Text": "➴"},
	{"Rotation": 0,"TextBB": [651.166,268.934,657.5,280.2], "Text": "è❏é"},
	{"Rotation": 0,"TextBB": [660.333,268.934,665,280.2], "Text": "êìë"},
	{"Rotation": 0,"TextBB": [668.333,268.934,668.333,280.2], "Text": "ë"},
	{"Rotation": 0,"TextBB": [671.666,268.934,680.666,280.2], "Text": "í☞î✾é"},
	{"Rotation": 0,"TextBB": [651,280.6,656.333,291.867], "Text": "ï✟ð"},
	{"Rotation": 0,"TextBB": [661.166,280.434,661.166,291.7], "Text": "ë"},
	{"Rotation": 0,"TextBB": [664.666,280.434,682,291.7], "Text": "í❽ñ▼ò✝ë"},
	{"Rotation": 0,"TextBB": [685.333,280.434,710.666,291.7], "Text": "í❿ó☞ô✾í✂ô➁õ"},
	{"Rotation": 0,"TextBB": [713.666,280.434,719.166,291.7], "Text": "ö✛÷"},
	{"Rotation": 0,"TextBB": [721.833,280.6,731.666,291.867], "Text": "ð✝ø✾ù"},
	{"Rotation": 0,"TextBB": [651,291.934,661.833,303.2], "Text": "ñ▼ò✝ë"},
	{"Rotation": 0,"TextBB": [665.166,291.934,673.833,303.2], "Text": "í❿ó☞ô"},
	{"Rotation": 0,"TextBB": [681,292.1,681,303.367], "Text": "ï"},
	{"Rotation": 0,"TextBB": [686.666,291.934,701.666,303.2], "Text": "ê✾ê✾÷✟õ"},
	{"Rotation": 0,"TextBB": [704.666,291.934,710.166,303.2], "Text": "ö✛÷"},
	{"Rotation": 0,"TextBB": [712.666,292.1,722.666,303.367], "Text": "ð✄ø✾ù"},
	{"Rotation": 0,"TextBB": [651,303.434,657,314.7], "Text": "ú✶û"},
	{"Rotation": 0,"TextBB": [662,303.267,676.5,314.534], "Text": "í☞î✾é✛õ"},
	{"Rotation": 0,"TextBB": [679.333,303.267,685,314.534], "Text": "ö❉÷"},
	{"Rotation": 0,"TextBB": [687.5,303.434,697.5,314.7], "Text": "ð✝ø✝ù"},
	{"Rotation": 0,"TextBB": [471.5,278.767,481.833,290.034], "Text": "➬✄➴✄➴"},
	{"Rotation": 0,"TextBB": [456.5,279.1,456.5,290.367], "Text": "ÚÛ"},
	{"Rotation": 0,"TextBB": [459.166,279.1,459.166,290.367], "Text": "Ü"},
	{"Rotation": 0,"TextBB": [456.5,742.5,456.5,759.833], "Text": "❴"},
	{"Rotation": 0,"TextBB": [459.166,739.833,459.166,757.167], "Text": "❫"},
	{"Rotation": 0,"TextBB": [471.333,748.333,476.666,765.667], "Text": "❀"},
	{"Rotation": 0,"TextBB": [471.333,748.333,471.333,765.667], "Text": "❈"},
	{"Rotation": 0,"TextBB": [476.666,748.333,487.166,765.667], "Text": "❃❅❃❀❃"},
	{"Rotation": 0,"TextBB": [459.166,754.167,459.166,771.5], "Text": "❪❫"},
	{"Rotation": 0,"TextBB": [456.5,770.5,456.5,787.833], "Text": "❬❭"},
	{"Rotation": 0,"TextBB": [459.166,767.5,459.166,784.833], "Text": "❱"},
	{"Rotation": 0,"TextBB": [456.5,780.167,456.5,797.5], "Text": "❨"},
	{"Rotation": 0,"TextBB": [459.166,780.167,459.166,797.5], "Text": "❩"},
	{"Rotation": 0,"TextBB": [471.666,777.667,487.166,795], "Text": "❇✾❃❅❃❀❃"},
	{"Rotation": 0,"TextBB": [459.166,790.333,459.166,807.667], "Text": "❲❳"},
	{"Rotation": 0,"TextBB": [456.5,807.167,456.5,824.5], "Text": "❯"},
	{"Rotation": 0,"TextBB": [459.166,807.167,459.166,824.5], "Text": "❱"},
	{"Rotation": 0,"TextBB": [471.5,807,487.166,824.333], "Text": "❆❅❃❅❃❀❃"},
	{"Rotation": 0,"TextBB": [656.166,801.667,662.5,819], "Text": "❵★❛"},
	{"Rotation": 0,"TextBB": [665.333,801.667,670,819], "Text": "❜✫❝"},
	{"Rotation": 0,"TextBB": [673.333,801.667,673.333,819], "Text": "❝"},
	{"Rotation": 0,"TextBB": [676.666,801.667,685.666,819], "Text": "❞✕❡✮❛"},
	{"Rotation": 0,"TextBB": [656,813.167,661.333,830.5], "Text": "❢❀❣"},
	{"Rotation": 0,"TextBB": [666.166,813,666.166,830.333], "Text": "❝"},
	{"Rotation": 0,"TextBB": [669.666,813,686.833,830.333], "Text": "❞★❤✳✐✮❝"},
	{"Rotation": 0,"TextBB": [690.333,813,715.666,830.333], "Text": "❞✵❥✕❦✮❞✷❦✹❧"},
	{"Rotation": 0,"TextBB": [718.666,813,724.166,830.333], "Text": "♠✏♥"},
	{"Rotation": 0,"TextBB": [726.666,813.167,736.666,830.5], "Text": "❣❅♦✮♣"},
	{"Rotation": 0,"TextBB": [656,824.5,666.833,841.833], "Text": "❤q✐✾❝"},
	{"Rotation": 0,"TextBB": [670.166,824.5,678.833,841.833], "Text": "❞✵❥✕❦"},
	{"Rotation": 0,"TextBB": [686,824.667,686,842], "Text": "❢"},
	{"Rotation": 0,"TextBB": [691.666,824.5,706.666,841.833], "Text": "❜✮❜✮♥❀❧"},
	{"Rotation": 0,"TextBB": [709.5,824.5,715.166,841.833], "Text": "♠✼♥"},
	{"Rotation": 0,"TextBB": [717.666,824.667,727.666,842], "Text": "❣❅♦✮♣"},
	{"Rotation": 0,"TextBB": [656,836.167,662,853.5], "Text": "r✳s"},
	{"Rotation": 0,"TextBB": [667,836,681.5,853.333], "Text": "❞✕❡✮❛✏❧"},
	{"Rotation": 0,"TextBB": [684.333,836,690,853.333], "Text": "♠✼♥"},
	{"Rotation": 0,"TextBB": [692.5,836.167,702.5,853.5], "Text": "❣✾♦✾♣"},
	{"Rotation": 0,"TextBB": [472.333,836.333,487.166,853.667], "Text": "❄✷❃❅❃❀❃"},
	{"Rotation": 0,"TextBB": [487.166,865.667,487.166,883], "Text": "❃"},
	{"Rotation": 0,"TextBB": [496.166,878.5,496.166,895.833], "Text": "❃"},
	{"Rotation": 0,"TextBB": [556.333,878.333,561.333,895.833], "Text": "❉❃"},
	{"Rotation": 0,"TextBB": [617.333,878.5,626.833,895.833], "Text": "❄✕❃❀❃"},
	{"Rotation": 0,"TextBB": [680,878.333,689.5,895.833], "Text": "❄❉❃"},
	{"Rotation": 0,"TextBB": [571.666,887.667,578.5,905], "Text": "❋✟●"},
	{"Rotation": 0,"TextBB": [581.833,887.667,599,905], "Text": "❍❏■✟❑"},
	{"Rotation": 0,"TextBB": [602.5,887.667,654.666,905], "Text": "▲☛▼✌◆✟❖✏✌■✟◗❙❘❚❑"},
	{"Rotation": 0,"TextBB": [658.166,887.667,658.166,905], "Text": "●"},
	{"Rotation": 0,"TextBB": [661.5,887.667,678,905], "Text": "❖✏◆✟▲✕◗"},
	{"Rotation": 0,"TextBB": [741.833,878.5,752.166,895.833], "Text": "❆❅❃❅❃"}
]}
