{"Caption":"Figure 1: Running times of the normalization algorithms. (a) the Frobenius scheme compared to a general Matlab QLP solver, (b) running time of the three normalization schemes. ","ImageText":[{"Text":"4000","TextBB":[230.8,100.737,247.931,109.105],"Rotation":0},{"Text":"4","TextBB":[453.415,100.737,457.697,109.105],"Rotation":0},{"Text":"Projection","TextBB":[284.361,113.536,318.607,121.903],"Rotation":0},{"Text":"Matlab","TextBB":[284.361,123.549,307.476,131.917],"Rotation":0},{"Text":"QP","TextBB":[309.618,123.549,320.748,131.917],"Rotation":0},{"Text":"2000","TextBB":[230.8,152.932,247.931,161.299],"Rotation":0},{"Text":"1000","TextBB":[230.8,179.029,247.931,187.397],"Rotation":0},{"Text":"0","TextBB":[243.638,205.158,247.92,213.525],"Rotation":0},{"Text":"L1","TextBB":[487.969,118.261,496.534,126.628],"Rotation":0},{"Text":"Frobenius","TextBB":[487.969,128.274,522.214,136.642],"Rotation":0},{"Text":"Relative","TextBB":[487.969,138.256,515.791,146.624],"Rotation":0},{"Text":"Entropy","TextBB":[517.932,138.256,544.475,146.624],"Rotation":0},{"Text":"3","TextBB":[453.415,126.835,457.697,135.202],"Rotation":0},{"Text":"seconds","TextBB":[442.401,144.31,451.937,169.48],"Rotation":3},{"Text":"seconds","TextBB":[219.787,144.31,229.323,169.48],"Rotation":3},{"Text":"3000","TextBB":[230.8,126.835,247.931,135.202],"Rotation":0},{"Text":"2","TextBB":[453.415,152.932,457.697,161.299],"Rotation":0},{"Text":"1","TextBB":[453.415,179.029,457.697,187.397],"Rotation":0},{"Text":"10","TextBB":[261.432,210.008,269.997,218.376],"Rotation":0},{"Text":"20","TextBB":[294.596,210.008,303.161,218.376],"Rotation":0},{"Text":"30","TextBB":[327.723,210.008,336.288,218.376],"Rotation":0},{"Text":"#","TextBB":[296.2,216.704,300.483,225.072],"Rotation":0},{"Text":"of","TextBB":[302.624,216.704,309.048,225.072],"Rotation":0},{"Text":"data−points","TextBB":[311.189,216.704,351.227,225.072],"Rotation":0},{"Text":"40","TextBB":[360.851,210.008,369.416,218.376],"Rotation":0},{"Text":"50","TextBB":[394.015,210.008,402.58,218.376],"Rotation":0},{"Text":"0","TextBB":[453.415,205.158,457.697,213.525],"Rotation":0},{"Text":"500","TextBB":[477.985,210.008,490.832,218.376],"Rotation":0},{"Text":"1000","TextBB":[518.28,210.008,535.41,218.376],"Rotation":0},{"Text":"1500","TextBB":[560.715,210.008,577.845,218.376],"Rotation":0},{"Text":"#","TextBB":[507.796,216.704,512.078,225.072],"Rotation":0},{"Text":"of","TextBB":[514.22,216.704,520.644,225.072],"Rotation":0},{"Text":"data−points","TextBB":[522.785,216.704,562.822,225.072],"Rotation":0},{"Text":"(a)","TextBB":[310.596,230.706,325.955,243.076],"Rotation":0},{"Text":"2000","TextBB":[603.186,210.008,620.316,218.376],"Rotation":0},{"Text":"(b)","TextBB":[523.652,230.706,539.786,243.076],"Rotation":0}],"Mention":["This algorithm is simple and very efficient. Fig. 1a shows the running time of the algorithm com-\npared to an off-the-shelf QLP Matlab solver over random matrices of increasing size \u2014 one can see\nthat the run-time of our algorithm is a fraction of the standard QLP solver and scales very well with\ndimension. In fact the standard QLP solver can handle only small problem sizes. In Fig. 1b we plot\n"],"Page":4,"Number":1,"Type":"Figure","CaptionBB":[148,265,700,293],"Height":1100,"Width":850,"DPI":100,"ImageBB":[219,100,622,245]}