{"Caption":"Figure 11: The values of D0k and K M IN D IST as a per- centage of Dk for (a) S = 0.07N, varying values of k, and (b) k = 10, varying sizes of S. ","ImageText":[{"Text":"80","TextBB":[94.5008,312.341,103.737,324.642],"Rotation":0},{"Text":"0.001","TextBB":[99.4843,360.058,120.265,372.359],"Rotation":0},{"Text":"0.01","TextBB":[153.622,360.058,169.785,372.359],"Rotation":0},{"Text":"0.05","TextBB":[189.876,360.058,206.039,372.359],"Rotation":0},{"Text":"0.2","TextBB":[223.373,360.058,234.918,372.359],"Rotation":0},{"Text":"Object","TextBB":[95.2486,371.082,124.053,385.843],"Rotation":0},{"Text":"Distribution","TextBB":[126.824,371.082,176.668,385.843],"Rotation":0},{"Text":"(S)","TextBB":[179.439,371.082,192.725,385.843],"Rotation":0},{"Text":"(log","TextBB":[195.496,371.082,212.111,385.843],"Rotation":0},{"Text":"scale)","TextBB":[214.882,371.082,241.463,385.843],"Rotation":0},{"Text":"D","TextBB":[362.26,243.902,368.257,256.203],"Rotation":0},{"Text":"k0","TextBB":[368.257,241.736,375.274,258.222],"Rotation":0},{"Text":"KMINDIST","TextBB":[335.589,252.208,375.274,264.509],"Rotation":0},{"Text":"140","TextBB":[259.716,274.426,273.57,286.727],"Rotation":0},{"Text":"100","TextBB":[259.716,284.268,273.57,296.569],"Rotation":0},{"Text":"60","TextBB":[264.334,299.259,273.57,311.56],"Rotation":0},{"Text":"10","TextBB":[277.126,360.058,286.362,372.359],"Rotation":0},{"Text":"50","TextBB":[293.28,360.058,302.516,372.359],"Rotation":0},{"Text":"100","TextBB":[311.195,360.058,325.049,372.359],"Rotation":0},{"Text":"150","TextBB":[331.42,360.058,345.274,372.359],"Rotation":0},{"Text":"200","TextBB":[351.603,360.058,365.457,372.359],"Rotation":0},{"Text":"250","TextBB":[371.827,360.058,385.681,372.359],"Rotation":0},{"Text":"300","TextBB":[392.052,360.058,405.906,372.359],"Rotation":0},{"Text":"Number","TextBB":[283.635,371.082,319.077,385.843],"Rotation":0},{"Text":"of","TextBB":[321.848,371.082,330.16,385.843],"Rotation":0},{"Text":"Neighbors","TextBB":[332.931,371.082,378.35,385.843],"Rotation":0},{"Text":"(k)","TextBB":[381.121,371.082,392.743,385.843],"Rotation":0},{"Text":"(a)","TextBB":[140.833,389.493,156.985,401.934],"Rotation":0},{"Text":"(b)","TextBB":[324.151,389.493,340.801,401.934],"Rotation":0},{"Text":"140","TextBB":[89.8828,280.489,103.737,292.789],"Rotation":0},{"Text":"120","TextBB":[89.8828,289.251,103.737,301.552],"Rotation":0},{"Text":"100","TextBB":[89.8828,299.633,103.737,311.934],"Rotation":0},{"Text":"D","TextBB":[192.427,243.902,198.424,256.203],"Rotation":0},{"Text":"k0","TextBB":[198.424,241.736,205.441,258.222],"Rotation":0},{"Text":"KMINDIST","TextBB":[165.756,252.208,205.44,264.509],"Rotation":0},{"Text":"%","TextBB":[244.207,366.689,258.968,375.55],"Rotation":3},{"Text":"Quality","TextBB":[244.207,332.902,258.968,363.919],"Rotation":3},{"Text":"of","TextBB":[244.207,321.818,258.968,330.131],"Rotation":3},{"Text":"estimates","TextBB":[244.207,276.399,258.968,319.048],"Rotation":3},{"Text":"(log","TextBB":[244.207,257.013,258.968,273.628],"Rotation":3},{"Text":"scale)","TextBB":[244.207,227.661,258.968,254.243],"Rotation":3}],"Mention":["(a)\nFigure 11: The values of D\n","k\nfrom the objects inserted into L in lines 58\u009660. Figure 11, shows\n","and varying S (Figure 11a) and also varying k and keeping S con-\n","stant at 0:07N (Figure 11b). From the Figure we see thatD\n","KNN-M are almost identical when compared to the maximum size\nfor INN. Moreover, we can see from Figure 11 that the KMINDIST\n"],"Page":11,"Number":11,"Type":"Figure","CaptionBB":[91,400,392,449],"Height":1100,"Width":850,"DPI":100,"ImageBB":[76,225,408,401]}