{"Caption":"Figure 2. Performance of the proposed tracker (MSS) and the SS tracker with respect to the density of points in the scene. The plots for MSS and SS are shown with solid black and dashed red plots respectively. (a) Normalized correct associations (NCA), (b) Incorrect-to-correct association ratio (ICAR). ","ImageText":[{"Text":"(a)","TextBB":[142.912,395.68,158.272,408.217],"Rotation":0},{"Text":"(b)","TextBB":[308.275,395.68,324.41,408.217],"Rotation":0}],"Mention":["imum number of active targets (not including false alarms\nand terminated tracks) was bounded by N . The maximum\nduration of continued absence of a point was chosen to be\n4. The average values of the performance metrics (over 20\nrandom sequences) are shown in Figure 2.\n","The results in plots of Figures 2, 3, and 4 show that the\nproposed algorithm is quite robust to the target densities,\nocclusions, and false alarms. The algorithm achieved better\nthan 90% correct links in all the cases, whereas the ratio of\n"],"Page":6,"Number":2,"Type":"Figure","CaptionBB":[68,410,398,484],"Height":1100,"Width":850,"DPI":100,"ImageBB":[51,256,408,410]}