{"Type":"Figure",
"Number": 2,
"Page": 6,
"DPI": 100,
"Width": 850,
"Height": 1100,
"CaptionBB": [462,892,715,906],
"Caption": "Figure 2. Efficiency in the synthetic domain.",
"ImageBB": [435,506,754,871],
"ImageText" : [
{"Rotation": 0,"TextBB": [437,508.289,447.847,522.126], "Text": "1."},
	{"Rotation": 0,"TextBB": [454.67,508.289,485.704,522.126], "Text": "With"},
	{"Rotation": 0,"TextBB": [490.517,508.289,556.857,522.126], "Text": "probability"},
	{"Rotation": 0,"TextBB": [561.221,508.289,582.904,522.126], "Text": "0.2,"},
	{"Rotation": 0,"TextBB": [587.393,508.289,638.37,522.126], "Text": "generate"},
	{"Rotation": 0,"TextBB": [642.887,508.289,649.806,522.126], "Text": "a"},
	{"Rotation": 0,"TextBB": [654.387,508.289,700.764,522.126], "Text": "random"},
	{"Rotation": 0,"TextBB": [705.233,508.289,735.894,522.126], "Text": "tuple"},
	{"Rotation": 0,"TextBB": [740.577,508.289,752.107,522.126], "Text": "in"},
	{"Rotation": 0,"TextBB": [454.666,524.956,473.818,538.793], "Text": "the"},
	{"Rotation": 0,"TextBB": [478.501,524.956,512.482,538.793], "Text": "query"},
	{"Rotation": 0,"TextBB": [517.012,524.956,552.491,538.793], "Text": "where"},
	{"Rotation": 0,"TextBB": [557,524.956,563.171,538.793], "Text": "q"},
	{"Rotation": 0,"TextBB": [563.166,530.069,568.678,539.755], "Text": "2"},
	{"Rotation": 0,"TextBB": [573.166,524.956,583.932,538.793], "Text": "≥"},
	{"Rotation": 0,"TextBB": [587.833,524.956,601.752,538.793], "Text": "25"},
	{"Rotation": 0,"TextBB": [606.333,524.956,626.361,538.793], "Text": "(an"},
	{"Rotation": 0,"TextBB": [630.833,525.578,665.268,538.17], "Text": "insert"},
	{"Rotation": 0,"TextBB": [671.333,524.956,712.513,538.793], "Text": "event)."},
	{"Rotation": 0,"TextBB": [437,552.289,447.847,566.126], "Text": "2."},
	{"Rotation": 0,"TextBB": [454.67,552.289,483.513,566.126], "Text": "Else,"},
	{"Rotation": 0,"TextBB": [489.336,552.289,497.407,566.126], "Text": "if"},
	{"Rotation": 0,"TextBB": [503.166,552.289,508.162,566.126], "Text": "t"},
	{"Rotation": 0,"TextBB": [508.166,557.402,513.678,567.088], "Text": "2"},
	{"Rotation": 0,"TextBB": [520.166,552.289,530.932,566.126], "Text": "<"},
	{"Rotation": 0,"TextBB": [536.5,552.289,554.346,566.126], "Text": "25,"},
	{"Rotation": 0,"TextBB": [560.17,552.289,611.147,566.126], "Text": "generate"},
	{"Rotation": 0,"TextBB": [616.664,552.289,623.582,566.126], "Text": "a"},
	{"Rotation": 0,"TextBB": [629.333,552.912,665.736,565.503], "Text": "match"},
	{"Rotation": 0,"TextBB": [672.666,552.289,708.512,566.126], "Text": "event."},
	{"Rotation": 0,"TextBB": [717.835,552.289,727.067,566.126], "Text": "If"},
	{"Rotation": 0,"TextBB": [732.839,552.289,751.991,566.126], "Text": "the"},
	{"Rotation": 0,"TextBB": [454.666,568.956,491.049,582.793], "Text": "target"},
	{"Rotation": 0,"TextBB": [496.001,568.956,526.662,582.793], "Text": "tuple"},
	{"Rotation": 0,"TextBB": [532.012,568.956,541.301,582.793], "Text": "is"},
	{"Rotation": 0,"TextBB": [546.343,568.956,556.662,582.793], "Text": "(t"},
	{"Rotation": 0,"TextBB": [556.666,574.069,562.178,583.755], "Text": "1"},
	{"Rotation": 0,"TextBB": [563,568.956,566.846,582.793], "Text": ","},
	{"Rotation": 0,"TextBB": [569.17,568.956,574.165,582.793], "Text": "t"},
	{"Rotation": 0,"TextBB": [574.166,574.069,579.678,583.755], "Text": "2"},
	{"Rotation": 0,"TextBB": [580.333,568.956,589.515,582.793], "Text": "),"},
	{"Rotation": 0,"TextBB": [594.838,568.956,613.989,582.793], "Text": "the"},
	{"Rotation": 0,"TextBB": [619.339,568.956,675.097,582.793], "Text": "matching"},
	{"Rotation": 0,"TextBB": [680.179,568.956,710.84,582.793], "Text": "tuple"},
	{"Rotation": 0,"TextBB": [716.023,568.956,727.553,582.793], "Text": "in"},
	{"Rotation": 0,"TextBB": [732.866,568.956,752.017,582.793], "Text": "the"},
	{"Rotation": 0,"TextBB": [454.666,585.456,488.647,599.293], "Text": "query"},
	{"Rotation": 0,"TextBB": [494.677,585.456,503.966,599.293], "Text": "is"},
	{"Rotation": 0,"TextBB": [510.008,585.456,520.328,599.293], "Text": "(t"},
	{"Rotation": 0,"TextBB": [520.333,590.569,525.844,600.255], "Text": "1"},
	{"Rotation": 0,"TextBB": [526.5,585.456,530.346,599.293], "Text": ","},
	{"Rotation": 0,"TextBB": [532.67,585.456,537.665,599.293], "Text": "t"},
	{"Rotation": 0,"TextBB": [537.666,590.569,543.178,600.255], "Text": "2"},
	{"Rotation": 0,"TextBB": [547.833,585.456,558.598,599.293], "Text": "+"},
	{"Rotation": 0,"TextBB": [562.669,585.456,569.588,599.293], "Text": "1"},
	{"Rotation": 0,"TextBB": [578.836,585.456,605.358,599.293], "Text": "mod"},
	{"Rotation": 0,"TextBB": [610.004,585.456,633.186,599.293], "Text": "30)."},
	{"Rotation": 0,"TextBB": [643.509,585.456,675.994,599.293], "Text": "Move"},
	{"Rotation": 0,"TextBB": [681.844,585.456,694.097,599.293], "Text": "to"},
	{"Rotation": 0,"TextBB": [700.179,585.456,719.33,599.293], "Text": "the"},
	{"Rotation": 0,"TextBB": [725.514,585.456,752.066,599.293], "Text": "next"},
	{"Rotation": 0,"TextBB": [454.666,602.122,485.327,615.959], "Text": "tuple"},
	{"Rotation": 0,"TextBB": [490.011,602.122,501.54,615.959], "Text": "in"},
	{"Rotation": 0,"TextBB": [506.187,602.122,525.338,615.959], "Text": "the"},
	{"Rotation": 0,"TextBB": [530.022,602.122,570.203,615.959], "Text": "target."},
	{"Rotation": 0,"TextBB": [437,629.456,447.847,643.293], "Text": "3."},
	{"Rotation": 0,"TextBB": [454.67,629.456,483.513,643.293], "Text": "Else,"},
	{"Rotation": 0,"TextBB": [487.17,629.456,518.479,643.293], "Text": "move"},
	{"Rotation": 0,"TextBB": [521.662,629.456,533.915,643.293], "Text": "to"},
	{"Rotation": 0,"TextBB": [537.497,629.456,556.648,643.293], "Text": "the"},
	{"Rotation": 0,"TextBB": [560.165,629.456,586.718,643.293], "Text": "next"},
	{"Rotation": 0,"TextBB": [590.337,629.456,620.997,643.293], "Text": "tuple"},
	{"Rotation": 0,"TextBB": [624.514,629.456,636.044,643.293], "Text": "in"},
	{"Rotation": 0,"TextBB": [639.523,629.456,658.675,643.293], "Text": "the"},
	{"Rotation": 0,"TextBB": [662.192,629.456,698.574,643.293], "Text": "target"},
	{"Rotation": 0,"TextBB": [701.86,629.456,714.113,643.293], "Text": "(a"},
	{"Rotation": 0,"TextBB": [717.666,630.078,751.867,642.67], "Text": "delete"},
	{"Rotation": 0,"TextBB": [454.666,646.122,495.847,659.959], "Text": "event)."},
	{"Rotation": 0,"TextBB": [492.044,698.695,495.362,704.214], "Text": "1"},
	{"Rotation": 0,"TextBB": [487.072,714.009,495.366,719.528], "Text": "0.9"},
	{"Rotation": 0,"TextBB": [487.072,729.323,495.366,734.842], "Text": "0.8"},
	{"Rotation": 3,"TextBB": [478.712,794.992,484.231,816.543], "Text": "Fraction"},
	{"Rotation": 3,"TextBB": [478.712,788.357,484.231,793.333], "Text": "of"},
	{"Rotation": 3,"TextBB": [478.712,769.455,484.231,786.698], "Text": "Target"},
	{"Rotation": 3,"TextBB": [478.712,758.84,484.231,767.796], "Text": "Set"},
	{"Rotation": 3,"TextBB": [478.712,736.949,484.231,757.182], "Text": "Ignored"},
	{"Rotation": 0,"TextBB": [487.072,744.638,495.366,750.157], "Text": "0.7"},
	{"Rotation": 0,"TextBB": [487.072,759.952,495.366,765.471], "Text": "0.6"},
	{"Rotation": 0,"TextBB": [487.072,775.266,495.366,780.785], "Text": "0.5"},
	{"Rotation": 0,"TextBB": [487.072,790.581,495.366,796.1], "Text": "0.4"},
	{"Rotation": 0,"TextBB": [487.072,805.894,495.366,811.413], "Text": "0.3"},
	{"Rotation": 0,"TextBB": [487.072,821.209,495.366,826.728], "Text": "0.2"},
	{"Rotation": 0,"TextBB": [634.646,831.701,660.177,837.22], "Text": "Efficiency"},
	{"Rotation": 0,"TextBB": [661.835,831.701,685.051,837.22], "Text": "Boosting"},
	{"Rotation": 0,"TextBB": [634.646,840.104,659.18,845.623], "Text": "Accuracy"},
	{"Rotation": 0,"TextBB": [660.839,840.104,684.055,845.623], "Text": "Boosting"},
	{"Rotation": 0,"TextBB": [487.072,836.523,495.366,842.042], "Text": "0.1"},
	{"Rotation": 0,"TextBB": [492.044,851.887,495.362,857.406], "Text": "0"},
	{"Rotation": 0,"TextBB": [495.426,856.909,498.744,862.428], "Text": "0"},
	{"Rotation": 0,"TextBB": [531.772,856.909,540.066,862.428], "Text": "0.2"},
	{"Rotation": 0,"TextBB": [570.604,856.909,578.897,862.428], "Text": "0.4"},
	{"Rotation": 0,"TextBB": [609.437,856.909,617.731,862.428], "Text": "0.6"},
	{"Rotation": 0,"TextBB": [573.886,864.019,587.144,869.538], "Text": "Error"},
	{"Rotation": 0,"TextBB": [588.802,864.019,615.33,869.538], "Text": "Tolerance"},
	{"Rotation": 0,"TextBB": [648.269,856.909,656.563,862.428], "Text": "0.8"},
	{"Rotation": 0,"TextBB": [689.587,856.909,692.905,862.428], "Text": "1"}
]}
