{"Type":"Figure",
"Number": 6,
"Page": 10,
"DPI": 100,
"Width": 850,
"Height": 1100,
"CaptionBB": [438,765,772,827],
"Caption": "Figure 6: Sweeping pbase to evaluate the tradeoffs in the hy- brid algorithms. Fraction of packets in the pbase-sampled stream that are counted (left). Fraction of total packets that are counted (right). (k = 400, pstart = pbase , µ = 0.9). ",
"ImageBB": [432,618,776,753],
"ImageText" : [
{"Rotation": 0,"TextBB": [444.001,620.676,451.11,625.406], "Text": "0.6"},
	{"Rotation": 0,"TextBB": [629.404,620.676,636.512,625.406], "Text": "0.5"},
	{"Rotation": 0,"TextBB": [557.231,624.699,566.891,629.429], "Text": "aNF"},
	{"Rotation": 0,"TextBB": [556.944,629.812,566.891,634.542], "Text": "aSH"},
	{"Rotation": 0,"TextBB": [557.518,634.926,566.892,639.656], "Text": "sNF"},
	{"Rotation": 0,"TextBB": [557.232,640.039,566.892,644.77], "Text": "sSH"},
	{"Rotation": 0,"TextBB": [444.001,636.623,451.11,641.353], "Text": "0.5"},
	{"Rotation": 3,"TextBB": [434.303,684.841,439.034,694.788], "Text": "frac."},
	{"Rotation": 3,"TextBB": [434.303,665.797,439.034,683.42], "Text": "packets"},
	{"Rotation": 3,"TextBB": [434.303,646.181,439.034,664.376], "Text": "counted"},
	{"Rotation": 0,"TextBB": [626.561,630.253,636.513,634.984], "Text": "0.45"},
	{"Rotation": 3,"TextBB": [616.637,690.384,621.367,700.331], "Text": "frac."},
	{"Rotation": 3,"TextBB": [616.637,679.297,621.367,688.963], "Text": "total"},
	{"Rotation": 3,"TextBB": [616.637,660.254,621.367,677.876], "Text": "packets"},
	{"Rotation": 3,"TextBB": [616.637,640.637,621.367,658.832], "Text": "counted"},
	{"Rotation": 0,"TextBB": [444.001,652.569,451.11,657.299], "Text": "0.4"},
	{"Rotation": 0,"TextBB": [444.001,668.513,451.11,673.243], "Text": "0.3"},
	{"Rotation": 0,"TextBB": [444.001,684.46,451.11,689.191], "Text": "0.2"},
	{"Rotation": 0,"TextBB": [444.001,700.406,451.11,705.136], "Text": "0.1"},
	{"Rotation": 0,"TextBB": [629.404,639.807,636.512,644.538], "Text": "0.4"},
	{"Rotation": 0,"TextBB": [642.193,624.699,651.853,629.429], "Text": "aNF"},
	{"Rotation": 0,"TextBB": [641.907,629.812,651.853,634.542], "Text": "aSH"},
	{"Rotation": 0,"TextBB": [642.481,634.926,651.854,639.656], "Text": "sNF"},
	{"Rotation": 0,"TextBB": [642.194,640.039,651.854,644.77], "Text": "sSH"},
	{"Rotation": 0,"TextBB": [626.561,649.384,636.513,654.114], "Text": "0.35"},
	{"Rotation": 0,"TextBB": [629.404,658.937,636.512,663.667], "Text": "0.3"},
	{"Rotation": 0,"TextBB": [626.561,668.513,636.513,673.243], "Text": "0.25"},
	{"Rotation": 0,"TextBB": [629.404,678.091,636.512,682.821], "Text": "0.2"},
	{"Rotation": 0,"TextBB": [626.561,687.644,636.513,692.374], "Text": "0.15"},
	{"Rotation": 0,"TextBB": [629.404,697.221,636.512,701.952], "Text": "0.1"},
	{"Rotation": 0,"TextBB": [626.561,706.774,636.513,711.504], "Text": "0.05"},
	{"Rotation": 0,"TextBB": [448.265,716.351,451.109,721.081], "Text": "0"},
	{"Rotation": 0,"TextBB": [450.622,721.466,457.73,726.196], "Text": "0.1"},
	{"Rotation": 0,"TextBB": [465.686,721.466,472.794,726.196], "Text": "0.2"},
	{"Rotation": 0,"TextBB": [480.772,721.466,487.88,726.196], "Text": "0.3"},
	{"Rotation": 0,"TextBB": [495.835,721.466,502.943,726.196], "Text": "0.4"},
	{"Rotation": 0,"TextBB": [510.921,721.466,518.029,726.196], "Text": "0.5"},
	{"Rotation": 0,"TextBB": [525.982,721.466,533.09,726.196], "Text": "0.6"},
	{"Rotation": 0,"TextBB": [541.068,721.466,548.176,726.196], "Text": "0.7"},
	{"Rotation": 0,"TextBB": [556.131,721.466,563.239,726.196], "Text": "0.8"},
	{"Rotation": 0,"TextBB": [571.215,721.466,578.323,726.196], "Text": "0.9"},
	{"Rotation": 0,"TextBB": [588.411,721.466,591.254,726.196], "Text": "1"},
	{"Rotation": 0,"TextBB": [633.667,716.351,636.51,721.081], "Text": "0"},
	{"Rotation": 0,"TextBB": [636.025,721.466,643.133,726.196], "Text": "0.1"},
	{"Rotation": 0,"TextBB": [650.763,721.466,657.871,726.196], "Text": "0.2"},
	{"Rotation": 0,"TextBB": [665.5,721.466,672.608,726.196], "Text": "0.3"},
	{"Rotation": 0,"TextBB": [680.214,721.466,687.322,726.196], "Text": "0.4"},
	{"Rotation": 0,"TextBB": [694.95,721.466,702.058,726.196], "Text": "0.5"},
	{"Rotation": 0,"TextBB": [515.042,729.137,528.972,733.867], "Text": "pbase"},
	{"Rotation": 0,"TextBB": [470.667,739.661,501.59,750.869], "Text": "pareto"},
	{"Rotation": 0,"TextBB": [504.696,739.661,523.309,750.869], "Text": "1.1,"},
	{"Rotation": 0,"TextBB": [526.529,739.661,558.922,750.869], "Text": "top-64"},
	{"Rotation": 0,"TextBB": [709.687,721.466,716.796,726.196], "Text": "0.6"},
	{"Rotation": 0,"TextBB": [724.424,721.466,731.532,726.196], "Text": "0.7"},
	{"Rotation": 0,"TextBB": [739.139,721.466,746.247,726.196], "Text": "0.8"},
	{"Rotation": 0,"TextBB": [753.875,721.466,760.983,726.196], "Text": "0.9"},
	{"Rotation": 0,"TextBB": [770.744,721.466,773.588,726.196], "Text": "1"},
	{"Rotation": 0,"TextBB": [698.908,729.137,712.838,733.867], "Text": "pbase"},
	{"Rotation": 0,"TextBB": [652.861,739.661,683.784,750.869], "Text": "pareto"},
	{"Rotation": 0,"TextBB": [686.89,739.661,705.504,750.869], "Text": "1.4,"},
	{"Rotation": 0,"TextBB": [708.723,739.661,741.116,750.869], "Text": "top-64"}
]}
