{"Caption":"Figure 3. Convergence for uniform (left) and exponential (right) distributions with γ = i0.1                         0.1 in round i, α = 0.8, and h = 0.2. ","ImageText":[{"Text":"1","TextBB":[74.6875,758.936,77.4011,763.451],"Rotation":0},{"Text":"1","TextBB":[251.787,758.936,254.501,763.451],"Rotation":0},{"Text":"0.9","TextBB":[247.721,771.196,254.505,775.71],"Rotation":0},{"Text":"0.8","TextBB":[70.6208,783.483,77.4048,787.998],"Rotation":0},{"Text":"0.8","TextBB":[247.721,783.483,254.505,787.998],"Rotation":0},{"Text":"0.7","TextBB":[70.6208,795.742,77.4048,800.256],"Rotation":0},{"Text":"0.7","TextBB":[247.721,795.742,254.505,800.256],"Rotation":0},{"Text":"Reward","TextBB":[241.544,826.5,246.059,843.314],"Rotation":3},{"Text":"for","TextBB":[241.544,819.448,246.059,825.144],"Rotation":3},{"Text":"Action","TextBB":[241.544,804.528,246.059,818.091],"Rotation":3},{"Text":"1","TextBB":[241.544,800.458,246.059,803.171],"Rotation":3},{"Text":"Reward","TextBB":[64.4444,826.5,68.9589,843.314],"Rotation":3},{"Text":"for","TextBB":[64.4444,819.448,68.9589,825.144],"Rotation":3},{"Text":"Action","TextBB":[64.4444,804.528,68.9589,818.091],"Rotation":3},{"Text":"1","TextBB":[64.4444,800.458,68.9589,803.171],"Rotation":3},{"Text":"0.9","TextBB":[70.6208,771.196,77.4048,775.71],"Rotation":0},{"Text":"0.6","TextBB":[70.6208,808.029,77.4048,812.544],"Rotation":0},{"Text":"0.5","TextBB":[70.6208,820.289,77.4048,824.803],"Rotation":0},{"Text":"0.4","TextBB":[70.6208,832.576,77.4048,837.091],"Rotation":0},{"Text":"0.6","TextBB":[247.721,808.029,254.505,812.544],"Rotation":0},{"Text":"0.5","TextBB":[247.721,820.289,254.505,824.803],"Rotation":0},{"Text":"0.4","TextBB":[247.721,832.576,254.505,837.091],"Rotation":0},{"Text":"0.3","TextBB":[70.6208,844.835,77.4048,849.349],"Rotation":0},{"Text":"0.3","TextBB":[247.721,844.835,254.505,849.349],"Rotation":0},{"Text":"0.2","TextBB":[70.6208,857.122,77.4048,861.637],"Rotation":0},{"Text":"0.2","TextBB":[247.721,857.122,254.505,861.637],"Rotation":0},{"Text":"0.1","TextBB":[70.6208,869.382,77.4048,873.896],"Rotation":0},{"Text":"0.1","TextBB":[247.721,869.382,254.505,873.896],"Rotation":0},{"Text":"0","TextBB":[74.6875,881.669,77.4011,886.184],"Rotation":0},{"Text":"0","TextBB":[77.0694,885.387,79.783,889.902],"Rotation":0},{"Text":"20","TextBB":[106.817,885.387,112.244,889.902],"Rotation":0},{"Text":"40","TextBB":[137.928,885.387,143.355,889.902],"Rotation":0},{"Text":"60","TextBB":[169.039,885.387,174.466,889.902],"Rotation":0},{"Text":"Rounds","TextBB":[131.74,890.558,148.559,895.073],"Rotation":0},{"Text":"(in","TextBB":[149.915,890.558,155.338,895.073],"Rotation":0},{"Text":"thousands)","TextBB":[156.695,890.558,180.839,895.073],"Rotation":0},{"Text":"80","TextBB":[200.151,885.387,205.579,889.902],"Rotation":0},{"Text":"100","TextBB":[229.926,885.387,238.067,889.902],"Rotation":0},{"Text":"0","TextBB":[251.787,881.669,254.501,886.184],"Rotation":0},{"Text":"0","TextBB":[254.169,885.387,256.883,889.902],"Rotation":0},{"Text":"20","TextBB":[283.917,885.387,289.344,889.902],"Rotation":0},{"Text":"40","TextBB":[315.028,885.387,320.455,889.902],"Rotation":0},{"Text":"60","TextBB":[346.139,885.387,351.566,889.902],"Rotation":0},{"Text":"Rounds","TextBB":[308.84,890.558,325.659,895.073],"Rotation":0},{"Text":"(in","TextBB":[327.015,890.558,332.438,895.073],"Rotation":0},{"Text":"thousands)","TextBB":[333.795,890.558,357.939,895.073],"Rotation":0},{"Text":"80","TextBB":[377.251,885.387,382.679,889.902],"Rotation":0},{"Text":"100","TextBB":[407.026,885.387,415.167,889.902],"Rotation":0}],"Mention":["no mention found"],"Page":4,"Number":3,"Type":"Figure","CaptionBB":[75,915,402,945],"Height":1100,"Width":850,"DPI":100,"ImageBB":[62,756,417,897]}