{"Type":"Figure",
"Number": 7,
"Page": 9,
"DPI": 100,
"Width": 850,
"Height": 1100,
"CaptionBB": [142,492,393,524],
"Caption": "Figure 7. Number of Packet Transmis- sions ",
"ImageBB": [184,149,352,474],
"ImageText" : [
{"Rotation": 0,"TextBB": [199.147,161.972,202.852,168.303], "Text": "6"},
	{"Rotation": 0,"TextBB": [199.147,172.739,202.852,179.07], "Text": "5"},
	{"Rotation": 0,"TextBB": [199.147,183.477,202.852,189.808], "Text": "4"},
	{"Rotation": 0,"TextBB": [199.147,194.243,202.852,200.574], "Text": "3"},
	{"Rotation": 3,"TextBB": [188.573,194.826,197.528,200.257], "Text": "Y"},
	{"Rotation": 0,"TextBB": [199.147,151.234,202.852,157.565], "Text": "7"},
	{"Rotation": 0,"TextBB": [199.147,204.981,202.852,211.312], "Text": "2"},
	{"Rotation": 0,"TextBB": [199.147,215.72,202.852,222.051], "Text": "1"},
	{"Rotation": 0,"TextBB": [199.147,226.486,202.852,232.817], "Text": "0"},
	{"Rotation": 0,"TextBB": [196.642,237.224,202.848,243.555], "Text": "-1"},
	{"Rotation": 0,"TextBB": [204.041,244.623,210.247,250.954], "Text": "-1"},
	{"Rotation": 0,"TextBB": [221.487,244.623,225.191,250.954], "Text": "0"},
	{"Rotation": 0,"TextBB": [237.666,244.623,241.37,250.954], "Text": "1"},
	{"Rotation": 0,"TextBB": [253.845,244.623,257.55,250.954], "Text": "2"},
	{"Rotation": 0,"TextBB": [270.053,244.623,273.757,250.954], "Text": "3"},
	{"Rotation": 0,"TextBB": [269.045,249.852,274.675,258.806], "Text": "X"},
	{"Rotation": 0,"TextBB": [286.232,244.623,289.936,250.954], "Text": "4"},
	{"Rotation": 0,"TextBB": [302.411,244.623,306.115,250.954], "Text": "5"},
	{"Rotation": 0,"TextBB": [318.59,244.623,322.294,250.954], "Text": "6"},
	{"Rotation": 0,"TextBB": [334.769,244.623,338.474,250.954], "Text": "7"},
	{"Rotation": 0,"TextBB": [244.028,287.92,256.315,297.816], "Text": "(a)"},
	{"Rotation": 0,"TextBB": [260.875,287.92,292.844,297.816], "Text": "Deluge"},
	{"Rotation": 0,"TextBB": [197.416,325.357,201.121,331.688], "Text": "7"},
	{"Rotation": 0,"TextBB": [197.416,336.095,201.121,342.426], "Text": "6"},
	{"Rotation": 0,"TextBB": [197.416,346.862,201.121,353.193], "Text": "5"},
	{"Rotation": 0,"TextBB": [197.416,357.6,201.121,363.931], "Text": "4"},
	{"Rotation": 0,"TextBB": [197.416,368.367,201.121,374.698], "Text": "3"},
	{"Rotation": 3,"TextBB": [186.843,368.95,195.797,374.381], "Text": "Y"},
	{"Rotation": 0,"TextBB": [197.416,379.105,201.121,385.436], "Text": "2"},
	{"Rotation": 0,"TextBB": [197.416,389.843,201.121,396.174], "Text": "1"},
	{"Rotation": 0,"TextBB": [197.416,400.61,201.121,406.941], "Text": "0"},
	{"Rotation": 0,"TextBB": [194.912,411.348,201.118,417.679], "Text": "-1"},
	{"Rotation": 0,"TextBB": [202.31,418.747,208.516,425.078], "Text": "-1"},
	{"Rotation": 0,"TextBB": [219.756,418.747,223.461,425.078], "Text": "0"},
	{"Rotation": 0,"TextBB": [235.935,418.747,239.64,425.078], "Text": "1"},
	{"Rotation": 0,"TextBB": [252.114,418.747,255.819,425.078], "Text": "2"},
	{"Rotation": 0,"TextBB": [268.322,418.747,272.027,425.078], "Text": "3"},
	{"Rotation": 0,"TextBB": [267.314,423.975,272.945,432.93], "Text": "X"},
	{"Rotation": 0,"TextBB": [284.501,418.747,288.206,425.078], "Text": "4"},
	{"Rotation": 0,"TextBB": [300.68,418.747,304.385,425.078], "Text": "5"},
	{"Rotation": 0,"TextBB": [316.859,418.747,320.564,425.078], "Text": "6"},
	{"Rotation": 0,"TextBB": [333.038,418.747,336.743,425.078], "Text": "7"},
	{"Rotation": 0,"TextBB": [237.372,462.044,250.279,471.94], "Text": "(b)"},
	{"Rotation": 0,"TextBB": [254.84,462.044,296.04,471.94], "Text": "Sprinkler"}
]}
