{"Caption":"Figure 5. Results on Iris data. Left: 25 percent features missing; Right: 50 percent features missing. The QGME implements a nonlinear classifier by using K = 3. The imputation model for SVM is Eqn.(6) with K = 3, es- timated using all incomplete data samples. The SVM results are generated by SVMlight , which is available at http:\/\/svmlight.joachims.org\/. Two SVM classifiers are used: SVM-RBF uses a radial basis function (RBF) ker- nel and SVM-linear uses a linear kernel. The affix -Mean (or -CondMean) indicates the missing features are imputed with mean (or conditional mean). ","ImageText":[{"Text":"0.9","TextBB":[83.7352,588.224,94.1602,595.161],"Rotation":0},{"Text":"0.8","TextBB":[83.7352,606.835,94.1602,613.773],"Rotation":0},{"Text":"0.7","TextBB":[83.7352,625.447,94.1602,632.384],"Rotation":0},{"Text":"0.6","TextBB":[83.7352,644.058,94.1602,650.996],"Rotation":0},{"Text":"0.5","TextBB":[83.7352,662.634,94.1602,669.572],"Rotation":0},{"Text":"0","TextBB":[93.284,676.419,97.454,683.357],"Rotation":0},{"Text":"0.2","TextBB":[117.173,676.419,127.598,683.357],"Rotation":0},{"Text":"QGME","TextBB":[147.312,629.231,170.232,636.169],"Rotation":0},{"Text":"SVM−RBF−CondMean","TextBB":[147.312,638.502,224.007,645.44],"Rotation":0},{"Text":"SVM−linear−CondMean","TextBB":[147.312,647.773,227.345,654.711],"Rotation":0},{"Text":"SVM−RBF−Mean","TextBB":[147.312,657.044,206.082,663.981],"Rotation":0},{"Text":"SVM−linear−Mean","TextBB":[147.312,666.315,209.42,673.252],"Rotation":0},{"Text":"0.4","TextBB":[144.187,676.419,154.612,683.357],"Rotation":0},{"Text":"0.6","TextBB":[171.201,676.419,181.626,683.357],"Rotation":0},{"Text":"0.8","TextBB":[198.215,676.419,208.64,683.357],"Rotation":0},{"Text":"1","TextBB":[228.354,676.419,232.524,683.357],"Rotation":0},{"Text":"Fraction","TextBB":[104.777,683.842,134.877,691.55],"Rotation":0},{"Text":"of","TextBB":[137.194,683.842,144.144,691.55],"Rotation":0},{"Text":"data","TextBB":[146.461,683.842,162.677,691.55],"Rotation":0},{"Text":"used","TextBB":[164.994,683.842,183.061,691.55],"Rotation":0},{"Text":"in","TextBB":[185.378,683.842,191.861,691.55],"Rotation":0},{"Text":"training","TextBB":[194.178,683.842,221.503,691.55],"Rotation":0},{"Text":"Iris:","TextBB":[262.988,563.841,276.413,571.549],"Rotation":0},{"Text":"50","TextBB":[278.73,563.841,287.997,571.549],"Rotation":0},{"Text":"percent","TextBB":[290.314,563.841,318.105,571.549],"Rotation":0},{"Text":"features","TextBB":[320.422,563.841,350.531,571.549],"Rotation":0},{"Text":"missing","TextBB":[352.847,563.841,381.089,571.549],"Rotation":0},{"Text":"Correct","TextBB":[232.872,644.07,240.581,671.387],"Rotation":3},{"Text":"classification","TextBB":[232.872,594.52,240.581,641.754],"Rotation":3},{"Text":"rate","TextBB":[232.872,577.845,240.581,592.204],"Rotation":3},{"Text":"Correct","TextBB":[73.9668,644.07,81.6751,671.387],"Rotation":3},{"Text":"classification","TextBB":[73.9668,594.52,81.6751,641.754],"Rotation":3},{"Text":"rate","TextBB":[73.9668,577.845,81.6751,592.204],"Rotation":3},{"Text":"Iris:","TextBB":[104.083,563.841,117.508,571.549],"Rotation":0},{"Text":"25","TextBB":[119.825,563.841,129.091,571.549],"Rotation":0},{"Text":"percent","TextBB":[131.408,563.841,159.2,571.549],"Rotation":0},{"Text":"features","TextBB":[161.516,563.841,191.625,571.549],"Rotation":0},{"Text":"missing","TextBB":[193.942,563.841,222.183,571.549],"Rotation":0},{"Text":"0.9","TextBB":[242.641,581.349,253.066,588.287],"Rotation":0},{"Text":"0.7","TextBB":[242.641,613.363,253.066,620.301],"Rotation":0},{"Text":"0.5","TextBB":[242.641,645.412,253.066,652.349],"Rotation":0},{"Text":"0.4","TextBB":[242.641,661.419,253.066,668.356],"Rotation":0},{"Text":"0","TextBB":[252.19,676.419,256.36,683.357],"Rotation":0},{"Text":"0.2","TextBB":[276.078,676.419,286.504,683.357],"Rotation":0},{"Text":"QGME","TextBB":[297.78,629.544,320.7,636.481],"Rotation":0},{"Text":"SVM−RBF−CondMean","TextBB":[297.78,638.815,374.476,645.752],"Rotation":0},{"Text":"SVM−linear−CondMean","TextBB":[297.78,648.086,377.813,655.023],"Rotation":0},{"Text":"SVM−RBF−Mean","TextBB":[297.78,657.356,356.551,664.294],"Rotation":0},{"Text":"SVM−linear−Mean","TextBB":[297.78,666.627,359.888,673.565],"Rotation":0},{"Text":"0.4","TextBB":[303.092,676.419,313.517,683.357],"Rotation":0},{"Text":"0.6","TextBB":[330.106,676.419,340.531,683.357],"Rotation":0},{"Text":"0.8","TextBB":[357.121,676.419,367.546,683.357],"Rotation":0},{"Text":"0.8","TextBB":[242.641,597.356,253.066,604.294],"Rotation":0},{"Text":"0.6","TextBB":[242.641,629.405,253.066,636.343],"Rotation":0},{"Text":"1","TextBB":[387.26,676.419,391.43,683.357],"Rotation":0},{"Text":"Fraction","TextBB":[263.683,683.842,293.783,691.55],"Rotation":0},{"Text":"of","TextBB":[296.1,683.842,303.05,691.55],"Rotation":0},{"Text":"data","TextBB":[305.366,683.842,321.583,691.55],"Rotation":0},{"Text":"used","TextBB":[323.9,683.842,341.967,691.55],"Rotation":0},{"Text":"in","TextBB":[344.283,683.842,350.767,691.55],"Rotation":0},{"Text":"training","TextBB":[353.083,683.842,380.408,691.55],"Rotation":0}],"Mention":["no mention found","no mention found","no mention found"],"Page":7,"Number":5,"Type":"Figure","CaptionBB":[75,696,402,863],"Height":1169,"Width":826,"DPI":100,"ImageBB":[71,560,392,693]}