{"Caption":"Figure 2: Log-Log Plots of E-Mail Graph Statistics. The properties of the collected data are statistically similar to many other topologies, including the AS topology seen in BGP routing. ","ImageText":[{"Text":"3","TextBB":[110.577,78.4543,113.516,83.3446],"Rotation":0},{"Text":"10","TextBB":[101.766,81.4576,110.584,88.793],"Rotation":0},{"Text":"3","TextBB":[452.898,103.364,455.785,108.167],"Rotation":0},{"Text":"10","TextBB":[444.244,106.313,452.905,113.518],"Rotation":0},{"Text":"2","TextBB":[110.577,152.194,113.516,157.084],"Rotation":0},{"Text":"Degree","TextBB":[91.2807,187.59,98.6161,213.593],"Rotation":3},{"Text":"Frequency","TextBB":[433.946,202.815,441.151,239.609],"Rotation":3},{"Text":"of","TextBB":[433.946,194.154,441.151,200.65],"Rotation":3},{"Text":"Degree","TextBB":[433.946,166.449,441.151,191.989],"Rotation":3},{"Text":"10","TextBB":[101.766,155.197,110.584,162.533],"Rotation":0},{"Text":"1","TextBB":[110.577,225.988,113.516,230.878],"Rotation":0},{"Text":"10","TextBB":[101.766,228.991,110.584,236.326],"Rotation":0},{"Text":"2","TextBB":[452.898,170.65,455.785,175.453],"Rotation":0},{"Text":"10","TextBB":[444.244,173.6,452.905,180.805],"Rotation":0},{"Text":"1","TextBB":[452.898,237.882,455.785,242.686],"Rotation":0},{"Text":"10","TextBB":[444.244,240.832,452.905,248.037],"Rotation":0},{"Text":"0","TextBB":[110.577,299.727,113.516,304.618],"Rotation":0},{"Text":"10","TextBB":[101.766,302.731,110.584,310.066],"Rotation":0},{"Text":"0","TextBB":[452.898,305.169,455.785,309.972],"Rotation":0},{"Text":"10","TextBB":[444.244,308.119,452.905,315.324],"Rotation":0},{"Text":"0","TextBB":[131.724,319.938,134.663,324.828],"Rotation":0},{"Text":"10","TextBB":[122.913,322.941,131.731,330.277],"Rotation":0},{"Text":"1","TextBB":[197.973,319.938,200.913,324.828],"Rotation":0},{"Text":"10","TextBB":[189.162,322.941,197.98,330.277],"Rotation":0},{"Text":"2","TextBB":[264.223,319.938,267.162,324.828],"Rotation":0},{"Text":"10","TextBB":[255.412,322.941,264.23,330.277],"Rotation":0},{"Text":"Rank","TextBB":[256.789,331.808,275.298,339.143],"Rotation":0},{"Text":"3","TextBB":[330.473,319.938,333.412,324.828],"Rotation":0},{"Text":"10","TextBB":[321.661,322.941,330.48,330.277],"Rotation":0},{"Text":"4","TextBB":[396.722,319.938,399.662,324.828],"Rotation":0},{"Text":"0","TextBB":[463.608,320.314,466.495,325.117],"Rotation":0},{"Text":"10","TextBB":[387.911,322.941,396.729,330.277],"Rotation":0},{"Text":"10","TextBB":[454.954,323.264,463.615,330.468],"Rotation":0},{"Text":"1","TextBB":[560.265,320.314,563.152,325.117],"Rotation":0},{"Text":"2","TextBB":[656.922,320.314,659.809,325.117],"Rotation":0},{"Text":"10","TextBB":[551.61,323.264,560.272,330.468],"Rotation":0},{"Text":"10","TextBB":[648.267,323.264,656.929,330.468],"Rotation":0},{"Text":"3","TextBB":[753.578,320.314,756.465,325.117],"Rotation":0},{"Text":"10","TextBB":[744.924,323.264,753.585,330.468],"Rotation":0},{"Text":"Degree","TextBB":[592.88,331.972,618.419,339.177],"Rotation":0},{"Text":"(a)","TextBB":[244.54,344.076,259.574,355.702],"Rotation":0},{"Text":"(b)","TextBB":[587.011,344.076,602.697,355.702],"Rotation":0}],"Mention":["no mention found"],"Page":6,"Number":2,"Type":"Figure","CaptionBB":[73,369,772,399],"Height":1100,"Width":850,"DPI":100,"ImageBB":[88,77,759,358]}