{"Caption":"Figure 4: Feature saliency is another kind of information that can be used to improve the performance of the proposed method. ","ImageText":[{"Text":"10","TextBB":[81.4524,101.421,83.9073,103.463],"Rotation":0},{"Text":"9","TextBB":[306.804,101.421,308.032,103.463],"Rotation":0},{"Text":"9","TextBB":[82.6853,109.186,83.913,111.228],"Rotation":0},{"Text":"8","TextBB":[306.804,110.051,308.032,112.093],"Rotation":0},{"Text":"8","TextBB":[82.6853,116.969,83.913,119.012],"Rotation":0},{"Text":"7","TextBB":[306.804,118.699,308.032,120.741],"Rotation":0},{"Text":"7","TextBB":[82.6853,124.753,83.913,126.795],"Rotation":0},{"Text":"6","TextBB":[306.804,127.347,308.032,129.39],"Rotation":0},{"Text":"6","TextBB":[82.6853,132.536,83.913,134.578],"Rotation":0},{"Text":"5","TextBB":[306.804,135.995,308.032,138.038],"Rotation":0},{"Text":"5","TextBB":[82.6853,140.319,83.913,142.362],"Rotation":0},{"Text":"4","TextBB":[306.804,144.625,308.032,146.667],"Rotation":0},{"Text":"4","TextBB":[82.6853,148.084,83.913,150.127],"Rotation":0},{"Text":"3","TextBB":[306.804,153.273,308.032,155.316],"Rotation":0},{"Text":"3","TextBB":[82.6853,155.868,83.913,157.91],"Rotation":0},{"Text":"2","TextBB":[306.804,161.922,308.032,163.964],"Rotation":0},{"Text":"2","TextBB":[82.6853,163.651,83.913,165.694],"Rotation":0},{"Text":"1","TextBB":[306.804,170.57,308.032,172.612],"Rotation":0},{"Text":"1","TextBB":[82.6853,171.434,83.913,173.477],"Rotation":0},{"Text":"0","TextBB":[82.6853,179.218,83.913,181.261],"Rotation":0},{"Text":"0","TextBB":[83.9364,181.076,85.1641,183.119],"Rotation":0},{"Text":"10","TextBB":[99.7608,181.076,102.216,183.119],"Rotation":0},{"Text":"20","TextBB":[116.211,181.076,118.666,183.119],"Rotation":0},{"Text":"30","TextBB":[132.661,181.076,135.116,183.119],"Rotation":0},{"Text":"40","TextBB":[149.111,181.076,151.566,183.119],"Rotation":0},{"Text":"50","TextBB":[165.561,181.076,168.016,183.119],"Rotation":0},{"Text":"0","TextBB":[306.804,179.218,308.032,181.261],"Rotation":0},{"Text":"60","TextBB":[182.011,181.076,184.466,183.119],"Rotation":0},{"Text":"0","TextBB":[308.055,181.076,309.283,183.119],"Rotation":0},{"Text":"10","TextBB":[323.88,181.076,326.334,183.119],"Rotation":0},{"Text":"20","TextBB":[340.33,181.076,342.784,183.119],"Rotation":0},{"Text":"30","TextBB":[356.78,181.076,359.234,183.119],"Rotation":0},{"Text":"40","TextBB":[373.23,181.076,375.685,183.119],"Rotation":0},{"Text":"50","TextBB":[389.68,181.076,392.135,183.119],"Rotation":0},{"Text":"60","TextBB":[406.13,181.076,408.585,183.119],"Rotation":0}],"Mention":["Feature saliency is another useful information to guide the\ngeneration of pose hypotheses. In Fig.4, the x-axis of each\nhistogram is the model id, while the y-axis is the number\nof features of a particular model that is in the top W list\n"],"Page":5,"Number":4,"Type":"Figure","CaptionBB":[79,202,409,250],"Height":1169,"Width":826,"DPI":100,"ImageBB":[79,99,411,184]}