{"Caption":"Figure 3: Classification accuracy of the SVM for test data after dimensionality reduction.","ImageText":[{"Text":"(a)","TextBB":[210.342,94.1732,224.789,105.887],"Rotation":0},{"Text":"Heart-disease","TextBB":[228.033,94.1732,298.815,105.887],"Rotation":0},{"Text":"(b)","TextBB":[368.337,94.1732,383.513,105.887],"Rotation":0},{"Text":"Ionosphere","TextBB":[386.758,94.1732,444.504,105.887],"Rotation":0},{"Text":"(c)","TextBB":[492.309,94.1732,506.756,105.887],"Rotation":0},{"Text":"Wisconsin","TextBB":[510.001,94.1732,564.436,105.887],"Rotation":0},{"Text":"Breast","TextBB":[567.692,94.1732,600.881,105.887],"Rotation":0},{"Text":"Cancer","TextBB":[604.203,94.1732,640.943,105.887],"Rotation":0},{"Text":"100","TextBB":[344.69,109.718,357.165,115.166],"Rotation":0},{"Text":"100","TextBB":[498.021,109.718,510.495,115.166],"Rotation":0},{"Text":"80","TextBB":[192.061,132.551,200.589,138.136],"Rotation":0},{"Text":"75","TextBB":[192.061,149.043,200.589,154.628],"Rotation":0},{"Text":"70","TextBB":[192.061,165.504,200.589,171.089],"Rotation":0},{"Text":"65","TextBB":[192.061,181.966,200.589,187.552],"Rotation":0},{"Text":"60","TextBB":[192.061,198.428,200.589,204.013],"Rotation":0},{"Text":"Kernel","TextBB":[245.031,208.939,270.617,214.524],"Rotation":0},{"Text":"PHD","TextBB":[245.031,215.749,257.823,221.334],"Rotation":0},{"Text":"All","TextBB":[245.031,222.558,257.823,228.144],"Rotation":0},{"Text":"variables","TextBB":[262.089,222.558,300.47,228.144],"Rotation":0},{"Text":"55","TextBB":[192.061,214.891,200.589,220.477],"Rotation":0},{"Text":"50","TextBB":[192.061,231.383,200.589,236.968],"Rotation":0},{"Text":"3","TextBB":[210.863,235.823,215.126,241.409],"Rotation":0},{"Text":"5","TextBB":[233.632,235.823,237.896,241.409],"Rotation":0},{"Text":"7","TextBB":[256.371,235.823,260.634,241.409],"Rotation":0},{"Text":"9","TextBB":[279.139,235.823,283.402,241.409],"Rotation":0},{"Text":"11","TextBB":[299.747,235.823,308.275,241.409],"Rotation":0},{"Text":"Dimensionality","TextBB":[234.343,241.568,294.047,247.153],"Rotation":0},{"Text":"13","TextBB":[322.515,235.823,331.044,241.409],"Rotation":0},{"Text":"Kernel","TextBB":[400.514,118.353,425.462,123.801],"Rotation":0},{"Text":"PHD","TextBB":[400.514,124.995,412.988,130.443],"Rotation":0},{"Text":"All","TextBB":[400.514,131.637,412.988,137.085],"Rotation":0},{"Text":"variables","TextBB":[417.145,131.637,454.567,137.085],"Rotation":0},{"Text":"98","TextBB":[348.85,130.05,357.166,135.498],"Rotation":0},{"Text":"Classification","TextBB":[491.006,162.517,496.453,220.728],"Rotation":3},{"Text":"rate","TextBB":[491.006,141.727,496.453,158.36],"Rotation":3},{"Text":"(%)","TextBB":[491.006,125.096,496.453,137.57],"Rotation":3},{"Text":"Classification","TextBB":[337.675,162.517,343.123,220.728],"Rotation":3},{"Text":"rate","TextBB":[337.675,141.727,343.123,158.36],"Rotation":3},{"Text":"(%)","TextBB":[337.675,125.096,343.123,137.57],"Rotation":3},{"Text":"Classification","TextBB":[184.868,160.338,190.453,220.042],"Rotation":3},{"Text":"rate","TextBB":[184.868,139.015,190.453,156.072],"Rotation":3},{"Text":"(%)","TextBB":[184.868,121.956,190.453,134.749],"Rotation":3},{"Text":"85","TextBB":[192.061,116.089,200.589,121.674],"Rotation":0},{"Text":"96","TextBB":[348.85,150.409,357.166,155.856],"Rotation":0},{"Text":"94","TextBB":[348.85,170.739,357.166,176.187],"Rotation":0},{"Text":"92","TextBB":[348.85,191.099,357.166,196.546],"Rotation":0},{"Text":"90","TextBB":[348.85,211.429,357.166,216.877],"Rotation":0},{"Text":"88","TextBB":[348.85,231.789,357.166,237.237],"Rotation":0},{"Text":"3","TextBB":[366.871,236.121,371.029,241.569],"Rotation":0},{"Text":"5","TextBB":[374.061,236.121,378.22,241.569],"Rotation":0},{"Text":"10","TextBB":[389.915,236.121,398.232,241.569],"Rotation":0},{"Text":"15","TextBB":[407.878,236.121,416.194,241.569],"Rotation":0},{"Text":"20","TextBB":[425.812,236.121,434.129,241.569],"Rotation":0},{"Text":"Dimensionality","TextBB":[390.089,241.724,448.3,247.171],"Rotation":0},{"Text":"34","TextBB":[476.09,236.121,484.407,241.569],"Rotation":0},{"Text":"95","TextBB":[502.181,130.05,510.497,135.498],"Rotation":0},{"Text":"90","TextBB":[502.181,150.409,510.497,155.856],"Rotation":0},{"Text":"85","TextBB":[502.181,170.739,510.497,176.187],"Rotation":0},{"Text":"80","TextBB":[502.181,191.099,510.497,196.546],"Rotation":0},{"Text":"Kernel","TextBB":[567.042,190.003,591.99,195.451],"Rotation":0},{"Text":"PHD","TextBB":[567.042,196.645,579.516,202.092],"Rotation":0},{"Text":"All","TextBB":[567.042,203.286,579.516,208.734],"Rotation":0},{"Text":"variables","TextBB":[583.673,203.286,621.095,208.734],"Rotation":0},{"Text":"75","TextBB":[502.181,211.429,510.497,216.877],"Rotation":0},{"Text":"70","TextBB":[502.181,231.789,510.497,237.237],"Rotation":0},{"Text":"0","TextBB":[509.428,236.121,513.586,241.569],"Rotation":0},{"Text":"10","TextBB":[548.039,236.121,556.355,241.569],"Rotation":0},{"Text":"20","TextBB":[588.729,236.121,597.046,241.569],"Rotation":0},{"Text":"Dimensionality","TextBB":[543.418,241.724,601.629,247.171],"Rotation":0},{"Text":"30","TextBB":[629.419,236.121,637.736,241.569],"Rotation":0}],"Mention":["In the third experiment, we investigate how much information on the classification is pre-\nserved in the estimated subspace. After reducing the dimensionality, we use the support\nvector machine (SVM) method to build a classifier in the reduced space, and compare its\naccuracy with an SVM trained using the full-dimensional vector X . We use three data sets\nfrom the UCI repository. Figure 3 shows the classification rates for the test set for sub-\nspaces of various dimensionality. We can see that KDR yields good classification even in\nlow-dimensional subspaces, while pHd is much worse in small dimensionality. It is note-\nworthy that in the Ionosphere data set the classifier in dimensions 5, 10, and 20 outperforms\n"],"Page":8,"Number":3,"Type":"Figure","CaptionBB":[177,264,643,278],"Height":1100,"Width":850,"DPI":100,"ImageBB":[182,92,643,250]}