{"Caption":"Figure 21: False positive and false negative rates.","ImageText":[{"Text":"25%    ","TextBB":[449.899,106.304,464.869,115.656],"Rotation":0},{"Text":"Hand-­\u2010Picked    ","TextBB":[361.146,112.623,401.587,121.884],"Rotation":0},{"Text":"Automa8c    ","TextBB":[361.146,125.45,394.901,134.711],"Rotation":0},{"Text":"3%    ","TextBB":[134.095,133.657,145.075,142.918],"Rotation":0},{"Text":"False    Nega)ve    Rate    ","TextBB":[438.395,131.066,447.747,195.233],"Rotation":3},{"Text":"False    Posi*ve    Rate    ","TextBB":[122.702,133.463,131.964,193.855],"Rotation":3},{"Text":"4%    ","TextBB":[134.095,106.985,145.075,116.247],"Rotation":0},{"Text":"2%    ","TextBB":[134.095,160.329,145.075,169.59],"Rotation":0},{"Text":"1%    ","TextBB":[134.095,187.001,145.075,196.262],"Rotation":0},{"Text":"Hand-­\u2010Picked    ","TextBB":[676.959,109.068,717.796,118.42],"Rotation":0},{"Text":"Automa6c    ","TextBB":[676.959,121.957,711.045,131.309],"Rotation":0},{"Text":"20%    ","TextBB":[449.899,127.697,464.869,137.049],"Rotation":0},{"Text":"15%    ","TextBB":[449.899,149.091,464.869,158.443],"Rotation":0},{"Text":"10%    ","TextBB":[449.899,170.484,464.869,179.836],"Rotation":0},{"Text":"5%    ","TextBB":[453.781,191.877,464.869,201.229],"Rotation":0},{"Text":"0%    ","TextBB":[453.781,213.271,464.869,222.623],"Rotation":0},{"Text":"0%    ","TextBB":[134.095,213.673,145.075,222.934],"Rotation":0},{"Text":"0%    ","TextBB":[145.764,223.038,156.745,232.299],"Rotation":0},{"Text":"5%    ","TextBB":[197.088,223.038,208.068,232.299],"Rotation":0},{"Text":"10%    ","TextBB":[246.489,223.038,261.314,232.299],"Rotation":0},{"Text":"15%    ","TextBB":[297.813,223.038,312.638,232.299],"Rotation":0},{"Text":"20%    ","TextBB":[349.137,223.038,363.961,232.299],"Rotation":0},{"Text":"0%    ","TextBB":[465.565,222.727,476.652,232.08],"Rotation":0},{"Text":"25%    ","TextBB":[400.461,223.038,415.285,232.299],"Rotation":0},{"Text":"5%    ","TextBB":[516.079,222.727,527.166,232.08],"Rotation":0},{"Text":"10%    ","TextBB":[564.651,222.727,579.621,232.08],"Rotation":0},{"Text":"15%    ","TextBB":[615.165,222.727,630.135,232.08],"Rotation":0},{"Text":"20%    ","TextBB":[665.679,222.727,680.649,232.08],"Rotation":0},{"Text":"25%    ","TextBB":[716.193,222.727,731.163,232.08],"Rotation":0},{"Text":"Training    Set    Frac)on    ","TextBB":[563.795,234.599,630.97,243.952],"Rotation":0},{"Text":"Training    Set    Frac*on    ","TextBB":[246.303,234.795,312.826,244.056],"Rotation":0},{"Text":"0.25%","TextBB":[136.827,289.163,156.353,296.983],"Rotation":0},{"Text":"25%","TextBB":[452.814,289.133,466.421,296.953],"Rotation":0},{"Text":"0.20%","TextBB":[136.827,312.995,156.365,320.829],"Rotation":0},{"Text":"20%","TextBB":[452.814,312.976,466.421,320.795],"Rotation":0},{"Text":"False","TextBB":[442.454,368.041,450.274,384.439],"Rotation":3},{"Text":"Negative","TextBB":[442.454,337.177,450.274,366.133],"Rotation":3},{"Text":"Rate","TextBB":[442.454,320.302,450.274,335.269],"Rotation":3},{"Text":"False","TextBB":[126.467,366.487,134.287,382.87],"Rotation":3},{"Text":"Positive","TextBB":[126.467,338.962,134.287,364.595],"Rotation":3},{"Text":"Rate","TextBB":[126.467,322.102,134.287,337.069],"Rotation":3},{"Text":"(a)","TextBB":[355.331,264.642,366.624,273.349],"Rotation":0},{"Text":"as","TextBB":[369.046,264.758,377.114,273.417],"Rotation":0},{"Text":"a","TextBB":[379.536,264.758,383.836,273.417],"Rotation":0},{"Text":"function","TextBB":[386.258,264.758,418.54,273.417],"Rotation":0},{"Text":"of","TextBB":[420.962,264.758,429.03,273.417],"Rotation":0},{"Text":"training","TextBB":[431.452,264.758,461.584,273.417],"Rotation":0},{"Text":"set","TextBB":[464.006,264.758,474.767,273.417],"Rotation":0},{"Text":"size.","TextBB":[477.188,264.758,494.671,273.417],"Rotation":0},{"Text":"0.15%","TextBB":[136.827,336.854,156.353,344.673],"Rotation":0},{"Text":"0.10%","TextBB":[136.827,360.708,156.353,368.527],"Rotation":0},{"Text":"15%","TextBB":[452.814,336.824,466.421,344.644],"Rotation":0},{"Text":"10%","TextBB":[452.814,360.655,466.43,368.489],"Rotation":0},{"Text":"5%","TextBB":[456.795,384.514,466.353,392.334],"Rotation":0},{"Text":"0.05%","TextBB":[136.827,384.556,156.353,392.376],"Rotation":0},{"Text":"0%","TextBB":[456.795,408.368,466.353,416.188],"Rotation":0},{"Text":"0.00%","TextBB":[136.827,408.387,156.365,416.221],"Rotation":0},{"Text":"0","TextBB":[161.672,418.619,165.637,426.439],"Rotation":0},{"Text":"300","TextBB":[205.45,418.619,217.414,426.439],"Rotation":0},{"Text":"600","TextBB":[253.194,418.619,265.174,426.439],"Rotation":0},{"Text":"900","TextBB":[300.956,418.619,312.936,426.439],"Rotation":0},{"Text":"1200","TextBB":[346.732,418.619,362.661,426.439],"Rotation":0},{"Text":"1500","TextBB":[394.493,418.619,410.422,426.439],"Rotation":0},{"Text":"0","TextBB":[471.691,418.56,475.662,426.395],"Rotation":0},{"Text":"300","TextBB":[516.658,418.56,528.66,426.395],"Rotation":0},{"Text":"600","TextBB":[565.615,418.56,577.585,426.395],"Rotation":0},{"Text":"900","TextBB":[614.577,418.56,626.548,426.395],"Rotation":0},{"Text":"1200","TextBB":[661.537,418.56,677.479,426.395],"Rotation":0},{"Text":"1500","TextBB":[710.481,418.56,726.439,426.395],"Rotation":0},{"Text":"Features","TextBB":[581.924,430.505,610.228,438.339],"Rotation":0},{"Text":"Features","TextBB":[268.92,430.558,297.181,438.377],"Rotation":0},{"Text":"(b)","TextBB":[356.682,466.024,368.518,474.731],"Rotation":0},{"Text":"as","TextBB":[370.939,466.14,379.007,474.799],"Rotation":0},{"Text":"a","TextBB":[381.429,466.14,385.729,474.799],"Rotation":0},{"Text":"function","TextBB":[388.151,466.14,420.433,474.799],"Rotation":0},{"Text":"of","TextBB":[422.855,466.14,430.923,474.799],"Rotation":0},{"Text":"feature","TextBB":[433.345,466.14,460.233,474.799],"Rotation":0},{"Text":"set","TextBB":[462.654,466.14,473.415,474.799],"Rotation":0},{"Text":"size.","TextBB":[475.836,466.14,493.319,474.799],"Rotation":0}],"Mention":["Training set size: To understand the impact of training\nset size on accuracy and false positive\/negative rates, we\ntrained classifiers using between 1% and 25% of our be-\nnign and malicious datasets. For each training set size,\nten classifiers were trained using different randomly se-\nlected subsets of the dataset for both hand-picked and au-\ntomatic features. These classifiers were evaluated with\nrespect to overall accuracy in Figure 20 and false posi-\ntives\/negatives in Figure 21a.\nThe figures show that training set size does have an\nimpact on the overall accuracy and error rates, but that\na relative small training set (< 5% of the overall data\nset) is sufficent to realize most of the benefit. The false\npositive negative rate using automatic feature selection\nbenefits the most from additional training data, which is\nexplained by the fact that this classifier has many more\nfeatures and benefits from more examples to fully train.\n","value, and picked only the top N features. For this ex-\nperiment (due to the fact that the training set used is ran-\ndomly selected), there were a total of 1,364 features orig-\ninally selected during automatic selection.\nFigure 21b shows how the false positive and false neg-\native rates vary as we change the size of the feature set to\ncontain 500, 300, 100, and 30 features, respectively.\nThe figures show that the false positive rate remains\nlow (and drops to 0 in some cases) as we vary the feature\nset size. Unfortunately, the false negative rate increases\n"],"Page":16,"Number":21,"Type":"Figure","CaptionBB":[312,497,535,509],"Height":1100,"Width":850,"DPI":100,"ImageBB":[122,105,731,476]}