{"Type":"Figure",
"Number": 1,
"Page": 7,
"DPI": 100,
"Width": 850,
"Height": 1100,
"CaptionBB": [172,221,675,239],
"Caption": "Figure 1: AUC of the iid baseline and the three bias-corrected filters versus size of |Un+1 |.",
"ImageBB": [155,93,691,215],
"ImageText" : [
{"Rotation": 0,"TextBB": [241.613,96.1253,271.542,103.565], "Text": "Williams"},
	{"Rotation": 0,"TextBB": [428.743,96.1253,446.623,103.565], "Text": "Beck"},
	{"Rotation": 0,"TextBB": [595.61,96.1253,624.662,103.565], "Text": "German"},
	{"Rotation": 0,"TextBB": [626.899,96.1253,653.715,103.565], "Text": "traveler"},
	{"Rotation": 0,"TextBB": [169.295,104.923,189.419,112.363], "Text": "0.996"},
	{"Rotation": 0,"TextBB": [169.295,166.101,189.419,173.541], "Text": "0.992"},
	{"Rotation": 0,"TextBB": [259.155,148.658,288.199,156.098], "Text": "Dirichlet"},
	{"Rotation": 0,"TextBB": [235.455,156.701,248.871,164.141], "Text": "one"},
	{"Rotation": 0,"TextBB": [251.107,156.701,265.408,164.141], "Text": "size"},
	{"Rotation": 0,"TextBB": [267.644,156.701,277.923,164.141], "Text": "fits"},
	{"Rotation": 0,"TextBB": [280.159,156.701,288.202,164.141], "Text": "all"},
	{"Rotation": 0,"TextBB": [254.675,164.745,288.199,172.185], "Text": "individual"},
	{"Rotation": 0,"TextBB": [247.968,172.787,256.011,180.227], "Text": "iid"},
	{"Rotation": 0,"TextBB": [258.247,172.787,288.2,180.227], "Text": "baseline"},
	{"Rotation": 0,"TextBB": [535.32,123.875,559.916,131.315], "Text": "0.9972"},
	{"Rotation": 3,"TextBB": [527.041,141.62,534.481,158.599], "Text": "AUC"},
	{"Rotation": 0,"TextBB": [169.295,135.488,189.419,142.928], "Text": "0.994"},
	{"Rotation": 3,"TextBB": [338.453,141.62,345.893,158.599], "Text": "AUC"},
	{"Rotation": 3,"TextBB": [157.347,141.62,164.787,158.599], "Text": "AUC"},
	{"Rotation": 0,"TextBB": [350.401,120.708,370.525,128.148], "Text": "0.992"},
	{"Rotation": 0,"TextBB": [354.871,141.72,370.523,149.16], "Text": "0.99"},
	{"Rotation": 0,"TextBB": [350.401,162.734,370.525,170.174], "Text": "0.988"},
	{"Rotation": 0,"TextBB": [350.401,183.746,370.525,191.186], "Text": "0.986"},
	{"Rotation": 0,"TextBB": [197.182,197.069,201.654,204.509], "Text": "1"},
	{"Rotation": 0,"TextBB": [207.588,197.069,212.06,204.509], "Text": "2"},
	{"Rotation": 0,"TextBB": [217.993,197.069,222.465,204.509], "Text": "4"},
	{"Rotation": 0,"TextBB": [228.348,197.069,232.821,204.509], "Text": "8"},
	{"Rotation": 0,"TextBB": [246.925,197.069,255.869,204.509], "Text": "32"},
	{"Rotation": 0,"TextBB": [265.452,197.069,278.868,204.509], "Text": "128"},
	{"Rotation": 0,"TextBB": [286.214,197.069,299.63,204.509], "Text": "512"},
	{"Rotation": 0,"TextBB": [304.789,197.069,322.677,204.509], "Text": "2048"},
	{"Rotation": 0,"TextBB": [203.837,206.72,218.138,214.16], "Text": "size"},
	{"Rotation": 0,"TextBB": [220.374,206.72,227.082,214.16], "Text": "of"},
	{"Rotation": 0,"TextBB": [229.318,206.72,250.769,214.16], "Text": "user’s"},
	{"Rotation": 0,"TextBB": [253.005,206.72,287.881,214.16], "Text": "unlabeled"},
	{"Rotation": 0,"TextBB": [290.117,206.72,309.34,214.16], "Text": "inbox"},
	{"Rotation": 0,"TextBB": [440.261,154.34,469.305,161.78], "Text": "Dirichlet"},
	{"Rotation": 0,"TextBB": [416.561,162.381,429.977,169.821], "Text": "one"},
	{"Rotation": 0,"TextBB": [432.213,162.381,446.514,169.821], "Text": "size"},
	{"Rotation": 0,"TextBB": [448.75,162.381,459.029,169.821], "Text": "fits"},
	{"Rotation": 0,"TextBB": [461.265,162.381,469.309,169.821], "Text": "all"},
	{"Rotation": 0,"TextBB": [435.781,170.426,469.306,177.866], "Text": "individual"},
	{"Rotation": 0,"TextBB": [429.074,178.468,437.118,185.908], "Text": "iid"},
	{"Rotation": 0,"TextBB": [439.354,178.468,469.307,185.908], "Text": "baseline"},
	{"Rotation": 0,"TextBB": [591.531,130.964,620.576,138.404], "Text": "Dirichlet"},
	{"Rotation": 0,"TextBB": [591.532,139.007,604.948,146.447], "Text": "one"},
	{"Rotation": 0,"TextBB": [607.184,139.007,621.485,146.447], "Text": "size"},
	{"Rotation": 0,"TextBB": [623.721,139.007,634,146.447], "Text": "fits"},
	{"Rotation": 0,"TextBB": [636.236,139.007,644.28,146.447], "Text": "all"},
	{"Rotation": 0,"TextBB": [539.792,147.553,559.916,154.993], "Text": "0.997"},
	{"Rotation": 0,"TextBB": [591.532,154.187,625.056,161.627], "Text": "individual"},
	{"Rotation": 0,"TextBB": [591.532,162.231,599.575,169.671], "Text": "iid"},
	{"Rotation": 0,"TextBB": [601.811,162.231,631.764,169.671], "Text": "baseline"},
	{"Rotation": 0,"TextBB": [535.32,171.28,559.916,178.72], "Text": "0.9968"},
	{"Rotation": 0,"TextBB": [378.288,197.069,382.76,204.509], "Text": "1"},
	{"Rotation": 0,"TextBB": [388.694,197.069,393.166,204.509], "Text": "2"},
	{"Rotation": 0,"TextBB": [399.099,197.069,403.571,204.509], "Text": "4"},
	{"Rotation": 0,"TextBB": [409.455,197.069,413.927,204.509], "Text": "8"},
	{"Rotation": 0,"TextBB": [428.032,197.069,436.976,204.509], "Text": "32"},
	{"Rotation": 0,"TextBB": [446.558,197.069,459.974,204.509], "Text": "128"},
	{"Rotation": 0,"TextBB": [467.32,197.069,480.736,204.509], "Text": "512"},
	{"Rotation": 0,"TextBB": [485.895,197.069,503.783,204.509], "Text": "2048"},
	{"Rotation": 0,"TextBB": [384.943,206.72,399.244,214.16], "Text": "size"},
	{"Rotation": 0,"TextBB": [401.48,206.72,408.188,214.16], "Text": "of"},
	{"Rotation": 0,"TextBB": [410.424,206.72,431.875,214.16], "Text": "user’s"},
	{"Rotation": 0,"TextBB": [434.111,206.72,468.987,214.16], "Text": "unlabeled"},
	{"Rotation": 0,"TextBB": [471.223,206.72,490.446,214.16], "Text": "inbox"},
	{"Rotation": 0,"TextBB": [567.477,197.069,571.95,204.509], "Text": "1"},
	{"Rotation": 0,"TextBB": [577.482,197.069,581.954,204.509], "Text": "2"},
	{"Rotation": 0,"TextBB": [587.486,197.069,591.958,204.509], "Text": "4"},
	{"Rotation": 0,"TextBB": [597.439,197.069,601.911,204.509], "Text": "8"},
	{"Rotation": 0,"TextBB": [615.212,197.069,624.156,204.509], "Text": "32"},
	{"Rotation": 0,"TextBB": [632.934,197.069,646.35,204.509], "Text": "128"},
	{"Rotation": 0,"TextBB": [652.89,197.069,666.306,204.509], "Text": "512"},
	{"Rotation": 0,"TextBB": [670.661,197.069,688.55,204.509], "Text": "2048"},
	{"Rotation": 0,"TextBB": [571.919,206.72,586.22,214.16], "Text": "size"},
	{"Rotation": 0,"TextBB": [588.456,206.72,595.164,214.16], "Text": "of"},
	{"Rotation": 0,"TextBB": [597.4,206.72,618.852,214.16], "Text": "user’s"},
	{"Rotation": 0,"TextBB": [621.088,206.72,655.963,214.16], "Text": "unlabeled"},
	{"Rotation": 0,"TextBB": [658.199,206.72,677.423,214.16], "Text": "inbox"}
]}
