{"Caption":"Figure 1. The results of applying Simba (solid) and Relief (dotted) on the xor synthetic problem. Top: The mar- gin value, e(w), at each iteration. The dashed line is the margin of the correct weight vector. Bottom: the angle between the weight vector and the correct feature vector at each iteration (in Radians). ","ImageText":[{"Text":"300","TextBB":[439.789,90.1947,451.978,96.9544],"Rotation":0},{"Text":"Margin","TextBB":[430.127,101.733,436.886,125.688],"Rotation":3},{"Text":"200","TextBB":[502.006,146.627,514.195,153.386],"Rotation":0},{"Text":"400","TextBB":[556.356,146.627,568.545,153.386],"Rotation":0},{"Text":"600","TextBB":[610.707,146.627,622.896,153.386],"Rotation":0},{"Text":"800","TextBB":[665.058,146.627,677.248,153.386],"Rotation":0},{"Text":"1000","TextBB":[717.431,146.627,733.683,153.386],"Rotation":0},{"Text":"1.5","TextBB":[441.818,159.618,451.976,166.378],"Rotation":0},{"Text":"Simba","TextBB":[696.421,167.535,718.351,174.295],"Rotation":0},{"Text":"Relief","TextBB":[696.421,176.162,716.32,182.922],"Rotation":0},{"Text":"1","TextBB":[447.908,179.207,451.971,185.967],"Rotation":0},{"Text":"0.5","TextBB":[441.818,198.846,451.976,205.606],"Rotation":0},{"Text":"0","TextBB":[447.908,218.485,451.971,225.245],"Rotation":0},{"Text":"0","TextBB":[451.714,224.423,455.777,231.182],"Rotation":0},{"Text":"200","TextBB":[502.006,224.423,514.195,231.182],"Rotation":0},{"Text":"400","TextBB":[556.356,224.423,568.545,231.182],"Rotation":0},{"Text":"600","TextBB":[610.707,224.423,622.896,231.182],"Rotation":0},{"Text":"800","TextBB":[665.058,224.423,677.248,231.182],"Rotation":0},{"Text":"1000","TextBB":[717.431,224.423,733.683,231.182],"Rotation":0},{"Text":"Iteration","TextBB":[575.285,232.593,604.114,239.353],"Rotation":0},{"Text":"Angle","TextBB":[432.156,196.834,438.915,217.135],"Rotation":3},{"Text":"(Radian)","TextBB":[432.156,165.572,438.915,194.802],"Rotation":3},{"Text":"100","TextBB":[439.789,123.841,451.978,130.6],"Rotation":0},{"Text":"0","TextBB":[447.908,140.689,451.971,147.449],"Rotation":0},{"Text":"0","TextBB":[451.714,146.627,455.777,153.386],"Rotation":0},{"Text":"200","TextBB":[439.789,107.043,451.978,113.803],"Rotation":0}],"Mention":["To demonstrate the quality of the margin based eval-\nuation function and the ability of Simba algorithm to\ndeal with dependent features we use a synthetic prob-\nlem. The problem consisted of 1000 sample points\nwith 10 real valued features. The target concept is\na xor function over the \frst 3 features. Hence, the\n\frst 3 features are relevant while the other features\nare irrelevant. Notice that this task is a special case\nof parity function learning and is considered hard for\nmany feature selection algorithms (Guyon & Elissee\u000B,\n2003). Thus for example, any algorithm which does\nnot consider functional dependencies between features\nfails on this task. Figures 1 and 2 present the results\nwe obtained on this problem.\n"],"Page":5,"Number":1,"Type":"Figure","CaptionBB":[425,259,752,349],"Height":1169,"Width":826,"DPI":100,"ImageBB":[427,82,736,240]}