{"Caption":"Figure 1: F1 as a function of training set size. Algorithms marked with \u201C+dict\u201D include external dictionary features, and algorithms marked with \u201C+int\u201D include internal dictionary features. We do not use internal dictionary features for CRF\/4 since they lead to reduced accuracy. ","ImageText":[{"Text":"Address_City","TextBB":[412.766,108.639,459.013,115.834],"Rotation":0},{"Text":"Email_Person","TextBB":[611.685,108.639,660.093,115.834],"Rotation":0},{"Text":"100","TextBB":[542.358,120.306,555.332,127.5],"Rotation":0},{"Text":"80","TextBB":[146.683,138.971,155.332,146.166],"Rotation":0},{"Text":"80","TextBB":[346.683,138.971,355.332,146.166],"Rotation":0},{"Text":"80","TextBB":[546.682,138.971,555.331,146.166],"Rotation":0},{"Text":"60","TextBB":[146.683,157.638,155.332,164.832],"Rotation":0},{"Text":"40","TextBB":[146.683,176.306,155.332,183.5],"Rotation":0},{"Text":"CRF\/4","TextBB":[253.14,190.693,275.61,197.888],"Rotation":0},{"Text":"SemiCRF","TextBB":[241.91,198.471,275.611,205.666],"Rotation":0},{"Text":"CRF\/1","TextBB":[253.14,206.249,275.61,213.443],"Rotation":0},{"Text":"20","TextBB":[146.683,194.971,155.332,202.166],"Rotation":0},{"Text":"0","TextBB":[151.007,213.639,155.331,220.834],"Rotation":0},{"Text":"F1","TextBB":[529.746,191.612,536.941,200.689],"Rotation":3},{"Text":"span","TextBB":[529.746,172.588,536.941,189.45],"Rotation":3},{"Text":"accuracy","TextBB":[529.746,139.307,536.941,170.426],"Rotation":3},{"Text":"100","TextBB":[342.358,120.306,355.332,127.5],"Rotation":0},{"Text":"F1","TextBB":[329.746,191.612,336.941,200.689],"Rotation":3},{"Text":"span","TextBB":[329.746,172.588,336.941,189.45],"Rotation":3},{"Text":"accuracy","TextBB":[329.746,139.307,336.941,170.426],"Rotation":3},{"Text":"F1","TextBB":[129.747,191.612,136.941,200.689],"Rotation":3},{"Text":"span","TextBB":[129.747,172.588,136.941,189.45],"Rotation":3},{"Text":"accuracy","TextBB":[129.747,139.307,136.941,170.426],"Rotation":3},{"Text":"Address_State","TextBB":[210.382,108.639,261.396,115.834],"Rotation":0},{"Text":"100","TextBB":[142.358,120.306,155.332,127.5],"Rotation":0},{"Text":"60","TextBB":[346.683,157.638,355.332,164.832],"Rotation":0},{"Text":"40","TextBB":[346.683,176.306,355.332,183.5],"Rotation":0},{"Text":"CRF\/4","TextBB":[453.14,190.693,475.61,197.888],"Rotation":0},{"Text":"SemiCRF","TextBB":[441.91,198.471,475.611,205.666],"Rotation":0},{"Text":"CRF\/1","TextBB":[453.14,206.249,475.61,213.443],"Rotation":0},{"Text":"20","TextBB":[346.683,194.971,355.332,202.166],"Rotation":0},{"Text":"0","TextBB":[351.007,213.639,355.331,220.834],"Rotation":0},{"Text":"0","TextBB":[157.836,221.417,162.161,228.611],"Rotation":0},{"Text":"0.1","TextBB":[176.26,221.417,187.071,228.611],"Rotation":0},{"Text":"0.2","TextBB":[197.982,221.417,208.793,228.611],"Rotation":0},{"Text":"0.3","TextBB":[219.649,221.417,230.46,228.611],"Rotation":0},{"Text":"0.4","TextBB":[241.315,221.417,252.126,228.611],"Rotation":0},{"Text":"0.5","TextBB":[262.982,221.417,273.793,228.611],"Rotation":0},{"Text":"0.6","TextBB":[284.704,221.417,295.515,228.611],"Rotation":0},{"Text":"Fraction","TextBB":[178.614,233.084,206.707,240.278],"Rotation":0},{"Text":"of","TextBB":[208.869,233.084,215.356,240.278],"Rotation":0},{"Text":"available","TextBB":[217.518,233.084,248.209,240.278],"Rotation":0},{"Text":"training","TextBB":[250.372,233.084,275.875,240.278],"Rotation":0},{"Text":"data","TextBB":[278.037,233.084,293.173,240.278],"Rotation":0},{"Text":"0.7","TextBB":[306.371,221.417,317.182,228.611],"Rotation":0},{"Text":"60","TextBB":[546.682,157.638,555.331,164.832],"Rotation":0},{"Text":"40","TextBB":[546.682,176.306,555.331,183.5],"Rotation":0},{"Text":"CRF\/4","TextBB":[653.14,190.693,675.61,197.888],"Rotation":0},{"Text":"SemiCRF","TextBB":[641.91,198.471,675.611,205.666],"Rotation":0},{"Text":"CRF\/1","TextBB":[653.14,206.249,675.61,213.443],"Rotation":0},{"Text":"20","TextBB":[546.683,194.971,555.332,202.166],"Rotation":0},{"Text":"0","TextBB":[551.007,213.639,555.331,220.834],"Rotation":0},{"Text":"0","TextBB":[357.836,221.417,362.161,228.611],"Rotation":0},{"Text":"0.1","TextBB":[376.26,221.417,387.071,228.611],"Rotation":0},{"Text":"0.2","TextBB":[397.982,221.417,408.793,228.611],"Rotation":0},{"Text":"0.3","TextBB":[419.649,221.417,430.46,228.611],"Rotation":0},{"Text":"0.4","TextBB":[441.315,221.417,452.126,228.611],"Rotation":0},{"Text":"0.5","TextBB":[462.982,221.417,473.793,228.611],"Rotation":0},{"Text":"0.6","TextBB":[484.704,221.417,495.515,228.611],"Rotation":0},{"Text":"Fraction","TextBB":[378.614,233.084,406.707,240.278],"Rotation":0},{"Text":"of","TextBB":[408.869,233.084,415.356,240.278],"Rotation":0},{"Text":"available","TextBB":[417.518,233.084,448.209,240.278],"Rotation":0},{"Text":"training","TextBB":[450.372,233.084,475.875,240.278],"Rotation":0},{"Text":"data","TextBB":[478.037,233.084,493.173,240.278],"Rotation":0},{"Text":"0.7","TextBB":[506.371,221.417,517.182,228.611],"Rotation":0},{"Text":"0","TextBB":[557.835,221.417,562.159,228.611],"Rotation":0},{"Text":"0.05","TextBB":[567.597,221.417,582.733,228.611],"Rotation":0},{"Text":"0.1","TextBB":[584.926,221.417,595.738,228.611],"Rotation":0},{"Text":"0.15","TextBB":[597.986,221.417,613.122,228.611],"Rotation":0},{"Text":"0.2","TextBB":[615.315,221.417,626.126,228.611],"Rotation":0},{"Text":"0.25","TextBB":[628.319,221.417,643.455,228.611],"Rotation":0},{"Text":"0.3","TextBB":[645.649,221.417,656.46,228.611],"Rotation":0},{"Text":"0.35","TextBB":[658.653,221.417,673.788,228.611],"Rotation":0},{"Text":"0.4","TextBB":[676.038,221.417,686.849,228.611],"Rotation":0},{"Text":"0.45","TextBB":[689.042,221.417,704.177,228.611],"Rotation":0},{"Text":"0.5","TextBB":[706.371,221.417,717.182,228.611],"Rotation":0},{"Text":"Fraction","TextBB":[578.614,233.084,606.707,240.278],"Rotation":0},{"Text":"of","TextBB":[608.869,233.084,615.356,240.278],"Rotation":0},{"Text":"available","TextBB":[617.518,233.084,648.209,240.278],"Rotation":0},{"Text":"training","TextBB":[650.372,233.084,675.875,240.278],"Rotation":0},{"Text":"data","TextBB":[678.037,233.084,693.173,240.278],"Rotation":0}],"Mention":["We evaluated F1-measure performance3 of CRF\/1, CRF\/4, and semi-CRFs, with and with-\nout internal and external dictionaries. A detailed tabulation of the results are shown in Ta-\nble 1, and Figure 1 shows F1 values plotted against training set size for a subset of three of\nthe tasks, and four of the learning methods. In each experiment performance was averaged\nover seven runs, and evaluation was performed on a hold-out set of 30% of the documents.\nIn the table the learners are trained with 10% of the available data\u2014as the curves show,\nperformance differences are often smaller with more training data. Gaussian priors were\nused for all algorithms, and for semi-CRFs, a fixed value of L was chosen for each dataset\nbased on observed entity lengths. This ranged between 4 and 6 for the different datasets.\n"],"Page":6,"Number":1,"Type":"Figure","CaptionBB":[173,256,675,298],"Height":1100,"Width":850,"DPI":100,"ImageBB":[127,107,719,242]}