{"Type":"Figure",
"Number": 2,
"Page": 4,
"DPI": 100,
"Width": 850,
"Height": 1100,
"CaptionBB": [425,588,752,618],
"Caption": "Figure 2. C4.5 Error vs l for imbalance ratio r = 1/2, 1/3, 1/5, 1/9, m = 25, k = 15 (left) and 25 (right) ",
"ImageBB": [424,461,755,570],
"ImageText" : [
{"Rotation": 0,"TextBB": [612.033,463.828,617.711,468.938], "Text": "50"},
	{"Rotation": 0,"TextBB": [488.707,464.125,502.894,469.235], "Text": "Error"},
	{"Rotation": 0,"TextBB": [504.313,464.125,509.36,469.235], "Text": "vs"},
	{"Rotation": 0,"TextBB": [510.78,464.125,512.358,469.235], "Text": "l"},
	{"Rotation": 0,"TextBB": [513.777,464.125,521.027,469.235], "Text": "for"},
	{"Rotation": 0,"TextBB": [522.446,464.125,534.516,469.235], "Text": "k=15"},
	{"Rotation": 0,"TextBB": [551.147,472.699,553.668,477.808], "Text": "r"},
	{"Rotation": 0,"TextBB": [555.087,472.699,558.323,477.808], "Text": "="},
	{"Rotation": 0,"TextBB": [559.742,472.699,566.998,477.808], "Text": "1/9"},
	{"Rotation": 0,"TextBB": [551.147,478.632,553.668,483.742], "Text": "r"},
	{"Rotation": 0,"TextBB": [555.087,478.632,558.323,483.742], "Text": "="},
	{"Rotation": 0,"TextBB": [559.742,478.632,566.998,483.742], "Text": "1/5"},
	{"Rotation": 0,"TextBB": [551.147,484.575,553.668,489.685], "Text": "r"},
	{"Rotation": 0,"TextBB": [555.087,484.575,558.323,489.685], "Text": "="},
	{"Rotation": 0,"TextBB": [559.742,484.575,566.998,489.685], "Text": "1/4"},
	{"Rotation": 0,"TextBB": [551.147,490.509,553.668,495.618], "Text": "r"},
	{"Rotation": 0,"TextBB": [555.087,490.509,558.323,495.618], "Text": "="},
	{"Rotation": 0,"TextBB": [559.742,490.509,566.998,495.618], "Text": "1/3"},
	{"Rotation": 0,"TextBB": [551.147,496.45,553.668,501.56], "Text": "r"},
	{"Rotation": 0,"TextBB": [555.087,496.45,558.323,501.56], "Text": "="},
	{"Rotation": 0,"TextBB": [559.742,496.45,566.998,501.56], "Text": "1/2"},
	{"Rotation": 0,"TextBB": [437.868,477.904,443.545,483.014], "Text": "40"},
	{"Rotation": 0,"TextBB": [437.868,495.507,443.545,500.617], "Text": "30"},
	{"Rotation": 0,"TextBB": [437.868,513.102,443.545,518.211], "Text": "20"},
	{"Rotation": 0,"TextBB": [437.868,530.703,443.545,535.813], "Text": "10"},
	{"Rotation": 0,"TextBB": [662.872,464.125,677.059,469.235], "Text": "Error"},
	{"Rotation": 0,"TextBB": [678.479,464.125,683.526,469.235], "Text": "vs"},
	{"Rotation": 0,"TextBB": [684.945,464.125,686.523,469.235], "Text": "l"},
	{"Rotation": 0,"TextBB": [687.943,464.125,695.192,469.235], "Text": "for"},
	{"Rotation": 0,"TextBB": [696.612,464.125,708.681,469.235], "Text": "k=25"},
	{"Rotation": 0,"TextBB": [725.312,472.699,727.833,477.808], "Text": "r"},
	{"Rotation": 0,"TextBB": [729.252,472.699,732.488,477.808], "Text": "="},
	{"Rotation": 0,"TextBB": [733.908,472.699,741.163,477.808], "Text": "1/9"},
	{"Rotation": 0,"TextBB": [725.312,478.632,727.833,483.742], "Text": "r"},
	{"Rotation": 0,"TextBB": [729.252,478.632,732.488,483.742], "Text": "="},
	{"Rotation": 0,"TextBB": [733.908,478.632,741.163,483.742], "Text": "1/5"},
	{"Rotation": 0,"TextBB": [725.312,484.575,727.833,489.685], "Text": "r"},
	{"Rotation": 0,"TextBB": [729.252,484.575,732.488,489.685], "Text": "="},
	{"Rotation": 0,"TextBB": [733.908,484.575,741.163,489.685], "Text": "1/4"},
	{"Rotation": 0,"TextBB": [725.312,490.509,727.833,495.618], "Text": "r"},
	{"Rotation": 0,"TextBB": [729.252,490.509,732.488,495.618], "Text": "="},
	{"Rotation": 0,"TextBB": [733.908,490.509,741.163,495.618], "Text": "1/3"},
	{"Rotation": 0,"TextBB": [725.312,496.45,727.833,501.56], "Text": "r"},
	{"Rotation": 0,"TextBB": [729.252,496.45,732.488,501.56], "Text": "="},
	{"Rotation": 0,"TextBB": [733.908,496.45,741.163,501.56], "Text": "1/2"},
	{"Rotation": 0,"TextBB": [612.033,480.752,617.711,485.861], "Text": "40"},
	{"Rotation": 3,"TextBB": [598.838,512.421,603.947,523.617], "Text": "C4.5"},
	{"Rotation": 3,"TextBB": [598.838,496.815,603.947,511.002], "Text": "Error"},
	{"Rotation": 3,"TextBB": [424.672,512.421,429.782,523.617], "Text": "C4.5"},
	{"Rotation": 3,"TextBB": [424.672,496.815,429.782,511.002], "Text": "Error"},
	{"Rotation": 0,"TextBB": [612.033,497.667,617.711,502.776], "Text": "30"},
	{"Rotation": 0,"TextBB": [612.033,514.591,617.711,519.7], "Text": "20"},
	{"Rotation": 0,"TextBB": [612.033,531.514,617.711,536.624], "Text": "10"},
	{"Rotation": 0,"TextBB": [440.707,548.297,443.546,553.407], "Text": "0"},
	{"Rotation": 0,"TextBB": [614.872,548.439,617.711,553.549], "Text": "0"},
	{"Rotation": 0,"TextBB": [444.1,556.277,446.939,561.386], "Text": "0"},
	{"Rotation": 0,"TextBB": [497.751,556.277,503.429,561.386], "Text": "10"},
	{"Rotation": 0,"TextBB": [552.835,556.277,558.512,561.386], "Text": "20"},
	{"Rotation": 0,"TextBB": [510.819,565.056,512.398,570.165], "Text": "l"},
	{"Rotation": 0,"TextBB": [664.908,556.277,670.585,561.386], "Text": "10"},
	{"Rotation": 0,"TextBB": [724.997,556.277,730.674,561.386], "Text": "20"},
	{"Rotation": 0,"TextBB": [684.985,565.056,686.563,570.165], "Text": "l"}
]}
