{"Type":"Figure",
"Number": 2,
"Page": 6,
"DPI": 100,
"Width": 850,
"Height": 1100,
"CaptionBB": [148,475,700,557],
"Caption": "Figure 2: Train and test set performance for the 12 variable Wine, 28 variable Dow Jones and 100 variables Crime datasets. Models compared: Sigmoid BN; CBN with a uniform correlation normal copula (single parameter); CBN with a full normal copula (0.5 ∗ d(d − 1) parameters); CBN with Frank’s single parameter copula. Shown is the 10-fold average log-probability per instance (y-axis) vs. the maximal number of parents allowed in the network (x-axis). Error bars (slightly shifted for readability) show the 10 − 90% range. The structure for all models was learned with the same search procedure using the BIC model selection score. ",
"ImageBB": [148,113,703,461],
"ImageText" : [
{"Rotation": 3,"TextBB": [150.083,233.792,156.282,254.302], "Text": "10ïfold"},
	{"Rotation": 3,"TextBB": [150.083,220.01,156.282,232.068], "Text": "train"},
	{"Rotation": 3,"TextBB": [150.083,178.138,156.282,218.286], "Text": "logïprobability"},
	{"Rotation": 3,"TextBB": [150.083,174.691,156.282,176.414], "Text": "/"},
	{"Rotation": 3,"TextBB": [150.083,149.879,156.282,172.967], "Text": "instance"},
	{"Rotation": 0,"TextBB": [216.59,116.353,246.008,128.724], "Text": "Wine"},
	{"Rotation": 0,"TextBB": [249.467,116.353,278.953,128.724], "Text": "Train"},
	{"Rotation": 0,"TextBB": [388.833,116.353,415.386,128.724], "Text": "Dow"},
	{"Rotation": 0,"TextBB": [418.845,116.353,449.591,128.724], "Text": "Jones"},
	{"Rotation": 0,"TextBB": [453.05,116.353,482.536,128.724], "Text": "Train"},
	{"Rotation": 0,"TextBB": [338.297,132.393,344.869,136.268], "Text": "ï16"},
	{"Rotation": 0,"TextBB": [520.427,133.155,526.858,137.01], "Text": "200"},
	{"Rotation": 0,"TextBB": [160.184,149.442,164.602,153.317], "Text": "ï4"},
	{"Rotation": 0,"TextBB": [338.297,149.442,344.869,153.317], "Text": "ï18"},
	{"Rotation": 0,"TextBB": [520.427,148.224,526.858,152.079], "Text": "180"},
	{"Rotation": 0,"TextBB": [160.184,166.492,164.602,170.367], "Text": "ï5"},
	{"Rotation": 0,"TextBB": [338.297,166.492,344.869,170.367], "Text": "ï20"},
	{"Rotation": 0,"TextBB": [160.184,183.541,164.602,187.416], "Text": "ï6"},
	{"Rotation": 0,"TextBB": [338.297,183.541,344.869,187.416], "Text": "ï22"},
	{"Rotation": 0,"TextBB": [160.184,200.623,164.602,204.498], "Text": "ï7"},
	{"Rotation": 0,"TextBB": [338.297,200.623,344.869,204.498], "Text": "ï24"},
	{"Rotation": 0,"TextBB": [160.184,217.672,164.602,221.547], "Text": "ï8"},
	{"Rotation": 0,"TextBB": [338.297,217.672,344.869,221.547], "Text": "ï26"},
	{"Rotation": 0,"TextBB": [160.184,234.722,164.602,238.596], "Text": "ï9"},
	{"Rotation": 0,"TextBB": [338.297,234.722,344.869,238.596], "Text": "ï28"},
	{"Rotation": 0,"TextBB": [520.427,163.324,526.858,167.18], "Text": "160"},
	{"Rotation": 0,"TextBB": [520.427,178.393,526.858,182.249], "Text": "140"},
	{"Rotation": 0,"TextBB": [520.427,193.494,526.858,197.35], "Text": "120"},
	{"Rotation": 0,"TextBB": [520.427,208.563,526.858,212.419], "Text": "100"},
	{"Rotation": 0,"TextBB": [522.579,223.664,526.867,227.519], "Text": "80"},
	{"Rotation": 0,"TextBB": [635.033,232.196,657.315,238.365], "Text": "Sigmoid"},
	{"Rotation": 0,"TextBB": [659.03,232.196,667.598,238.365], "Text": "BN"},
	{"Rotation": 0,"TextBB": [635.033,239.586,682.525,245.755], "Text": "KernelïGaussian"},
	{"Rotation": 0,"TextBB": [684.24,239.586,697.262,245.755], "Text": "CBN"},
	{"Rotation": 0,"TextBB": [635.033,246.976,679.428,253.145], "Text": "KernelïUnifCorr"},
	{"Rotation": 0,"TextBB": [681.143,246.976,694.165,253.145], "Text": "CBN"},
	{"Rotation": 0,"TextBB": [635.033,254.366,676.689,260.535], "Text": "KernelïFrank’s"},
	{"Rotation": 0,"TextBB": [678.404,254.366,691.426,260.535], "Text": "CBN"},
	{"Rotation": 0,"TextBB": [635.033,261.756,681.477,267.924], "Text": "NormalïUnifCorr"},
	{"Rotation": 0,"TextBB": [683.192,261.756,696.214,267.924], "Text": "CBN"},
	{"Rotation": 0,"TextBB": [522.579,238.733,526.867,242.588], "Text": "60"},
	{"Rotation": 0,"TextBB": [158.021,251.771,164.593,255.646], "Text": "ï10"},
	{"Rotation": 0,"TextBB": [158.021,268.853,164.593,272.727], "Text": "ï11"},
	{"Rotation": 0,"TextBB": [160.766,272.114,168.415,275.989], "Text": "ï0.5"},
	{"Rotation": 0,"TextBB": [338.297,251.771,344.869,255.646], "Text": "ï30"},
	{"Rotation": 0,"TextBB": [181.916,272.114,184.07,275.989], "Text": "0"},
	{"Rotation": 0,"TextBB": [197.609,272.114,202.995,275.989], "Text": "0.5"},
	{"Rotation": 0,"TextBB": [216.499,272.114,218.653,275.989], "Text": "1"},
	{"Rotation": 0,"TextBB": [232.192,272.114,237.578,275.989], "Text": "1.5"},
	{"Rotation": 0,"TextBB": [251.114,272.114,253.269,275.989], "Text": "2"},
	{"Rotation": 0,"TextBB": [266.775,272.114,272.161,275.989], "Text": "2.5"},
	{"Rotation": 0,"TextBB": [285.697,272.114,287.852,275.989], "Text": "3"},
	{"Rotation": 0,"TextBB": [301.358,272.114,306.744,275.989], "Text": "3.5"},
	{"Rotation": 0,"TextBB": [320.281,272.114,322.435,275.989], "Text": "4"},
	{"Rotation": 0,"TextBB": [338.297,268.853,344.869,272.727], "Text": "ï32"},
	{"Rotation": 0,"TextBB": [335.974,272.114,341.36,275.989], "Text": "4.5"},
	{"Rotation": 0,"TextBB": [341.042,272.114,348.691,275.989], "Text": "ï0.5"},
	{"Rotation": 0,"TextBB": [522.579,253.834,526.867,257.689], "Text": "40"},
	{"Rotation": 0,"TextBB": [362.192,272.114,364.346,275.989], "Text": "0"},
	{"Rotation": 0,"TextBB": [202.905,276.589,236.484,284.339], "Text": "Maximum"},
	{"Rotation": 0,"TextBB": [238.639,276.589,264.91,284.339], "Text": "number"},
	{"Rotation": 0,"TextBB": [267.065,276.589,273.528,284.339], "Text": "of"},
	{"Rotation": 0,"TextBB": [275.682,276.589,301.528,284.339], "Text": "parents"},
	{"Rotation": 0,"TextBB": [377.885,272.114,383.271,275.989], "Text": "0.5"},
	{"Rotation": 0,"TextBB": [396.775,272.114,398.929,275.989], "Text": "1"},
	{"Rotation": 0,"TextBB": [412.468,272.114,417.854,275.989], "Text": "1.5"},
	{"Rotation": 0,"TextBB": [431.39,272.114,433.545,275.989], "Text": "2"},
	{"Rotation": 0,"TextBB": [447.051,272.114,452.437,275.989], "Text": "2.5"},
	{"Rotation": 0,"TextBB": [465.974,272.114,468.128,275.989], "Text": "3"},
	{"Rotation": 0,"TextBB": [481.635,272.114,487.021,275.989], "Text": "3.5"},
	{"Rotation": 0,"TextBB": [500.557,272.114,502.711,275.989], "Text": "4"},
	{"Rotation": 0,"TextBB": [522.579,268.935,526.867,272.79], "Text": "20"},
	{"Rotation": 0,"TextBB": [516.25,272.114,521.636,275.989], "Text": "4.5"},
	{"Rotation": 0,"TextBB": [523.061,272.18,530.672,276.035], "Text": "ï0.5"},
	{"Rotation": 0,"TextBB": [544.106,272.18,546.25,276.035], "Text": "0"},
	{"Rotation": 0,"TextBB": [383.181,276.589,416.76,284.339], "Text": "Maximum"},
	{"Rotation": 0,"TextBB": [418.915,276.589,445.186,284.339], "Text": "number"},
	{"Rotation": 0,"TextBB": [447.341,276.589,453.804,284.339], "Text": "of"},
	{"Rotation": 0,"TextBB": [455.958,276.589,481.804,284.339], "Text": "parents"},
	{"Rotation": 0,"TextBB": [219.904,291.141,249.322,303.511], "Text": "Wine"},
	{"Rotation": 0,"TextBB": [252.781,291.141,275.639,303.511], "Text": "Test"},
	{"Rotation": 0,"TextBB": [559.721,272.18,565.08,276.035], "Text": "0.5"},
	{"Rotation": 0,"TextBB": [578.517,272.18,580.661,276.035], "Text": "1"},
	{"Rotation": 0,"TextBB": [612.96,272.18,615.104,276.035], "Text": "2"},
	{"Rotation": 0,"TextBB": [628.543,272.18,633.902,276.035], "Text": "2.5"},
	{"Rotation": 0,"TextBB": [647.371,272.18,649.514,276.035], "Text": "3"},
	{"Rotation": 0,"TextBB": [662.954,272.18,668.313,276.035], "Text": "3.5"},
	{"Rotation": 0,"TextBB": [681.782,272.18,683.925,276.035], "Text": "4"},
	{"Rotation": 0,"TextBB": [697.397,272.18,702.756,276.035], "Text": "4.5"},
	{"Rotation": 0,"TextBB": [586.805,291.141,621.397,303.511], "Text": "Crime"},
	{"Rotation": 0,"TextBB": [624.856,291.141,647.715,303.511], "Text": "Test"},
	{"Rotation": 0,"TextBB": [338.297,307.18,344.869,311.055], "Text": "ï18"},
	{"Rotation": 0,"TextBB": [160.184,324.23,164.602,328.105], "Text": "ï4"},
	{"Rotation": 0,"TextBB": [594.132,272.18,599.491,276.035], "Text": "1.5"},
	{"Rotation": 0,"TextBB": [564.99,276.633,598.403,284.344], "Text": "Maximum"},
	{"Rotation": 0,"TextBB": [600.546,276.633,626.687,284.344], "Text": "number"},
	{"Rotation": 0,"TextBB": [628.831,276.633,635.262,284.344], "Text": "of"},
	{"Rotation": 0,"TextBB": [637.405,276.633,663.122,284.344], "Text": "parents"},
	{"Rotation": 0,"TextBB": [392.146,291.141,418.7,303.511], "Text": "Dow"},
	{"Rotation": 0,"TextBB": [422.159,291.141,452.904,303.511], "Text": "Jones"},
	{"Rotation": 0,"TextBB": [456.364,291.141,479.222,303.511], "Text": "Test"},
	{"Rotation": 0,"TextBB": [160.184,307.18,164.602,311.055], "Text": "ï3"},
	{"Rotation": 3,"TextBB": [150.083,407.578,156.282,428.089], "Text": "10ïfold"},
	{"Rotation": 3,"TextBB": [150.083,395.861,156.282,405.855], "Text": "test"},
	{"Rotation": 3,"TextBB": [150.083,353.992,156.282,394.137], "Text": "logïprobability"},
	{"Rotation": 3,"TextBB": [150.083,350.545,156.282,352.268], "Text": "/"},
	{"Rotation": 3,"TextBB": [150.083,325.733,156.282,348.821], "Text": "instance"},
	{"Rotation": 0,"TextBB": [583.491,116.353,618.083,128.724], "Text": "Crime"},
	{"Rotation": 0,"TextBB": [621.542,116.353,651.029,128.724], "Text": "Train"},
	{"Rotation": 0,"TextBB": [160.184,132.393,164.602,136.268], "Text": "ï3"},
	{"Rotation": 0,"TextBB": [522.156,307.942,528.587,311.798], "Text": "200"},
	{"Rotation": 0,"TextBB": [522.156,323.011,528.587,326.867], "Text": "180"},
	{"Rotation": 0,"TextBB": [338.297,326.652,344.869,330.526], "Text": "ï20"},
	{"Rotation": 0,"TextBB": [522.156,338.112,528.587,341.968], "Text": "160"},
	{"Rotation": 0,"TextBB": [160.184,341.279,164.602,345.154], "Text": "ï5"},
	{"Rotation": 0,"TextBB": [338.297,346.155,344.869,350.03], "Text": "ï22"},
	{"Rotation": 0,"TextBB": [522.156,353.181,528.587,357.036], "Text": "140"},
	{"Rotation": 0,"TextBB": [160.184,358.329,164.602,362.203], "Text": "ï6"},
	{"Rotation": 0,"TextBB": [338.297,365.659,344.869,369.533], "Text": "ï24"},
	{"Rotation": 0,"TextBB": [522.156,368.282,528.587,372.137], "Text": "120"},
	{"Rotation": 0,"TextBB": [160.184,375.41,164.602,379.285], "Text": "ï7"},
	{"Rotation": 0,"TextBB": [522.156,383.35,528.587,387.206], "Text": "100"},
	{"Rotation": 0,"TextBB": [338.297,385.13,344.869,389.005], "Text": "ï26"},
	{"Rotation": 0,"TextBB": [160.184,392.46,164.602,396.335], "Text": "ï8"},
	{"Rotation": 0,"TextBB": [524.308,398.451,528.596,402.307], "Text": "80"},
	{"Rotation": 0,"TextBB": [338.297,404.633,344.869,408.508], "Text": "ï28"},
	{"Rotation": 0,"TextBB": [636.762,406.984,659.044,413.153], "Text": "Sigmoid"},
	{"Rotation": 0,"TextBB": [660.759,406.984,669.328,413.153], "Text": "BN"},
	{"Rotation": 0,"TextBB": [636.762,414.374,684.254,420.542], "Text": "KernelïGaussian"},
	{"Rotation": 0,"TextBB": [685.969,414.374,698.991,420.542], "Text": "CBN"},
	{"Rotation": 0,"TextBB": [636.762,421.763,681.157,427.932], "Text": "KernelïUnifCorr"},
	{"Rotation": 0,"TextBB": [682.872,421.763,695.895,427.932], "Text": "CBN"},
	{"Rotation": 0,"TextBB": [636.762,429.153,678.418,435.322], "Text": "KernelïFrank’s"},
	{"Rotation": 0,"TextBB": [680.133,429.153,693.156,435.322], "Text": "CBN"},
	{"Rotation": 0,"TextBB": [636.762,436.543,683.206,442.712], "Text": "NormalïUnifCorr"},
	{"Rotation": 0,"TextBB": [684.921,436.543,697.943,442.712], "Text": "CBN"},
	{"Rotation": 0,"TextBB": [160.184,409.509,164.602,413.384], "Text": "ï9"},
	{"Rotation": 0,"TextBB": [524.308,413.52,528.596,417.376], "Text": "60"},
	{"Rotation": 0,"TextBB": [338.297,424.137,344.869,428.012], "Text": "ï30"},
	{"Rotation": 0,"TextBB": [158.021,426.558,164.593,430.433], "Text": "ï10"},
	{"Rotation": 0,"TextBB": [158.021,443.64,164.593,447.515], "Text": "ï11"},
	{"Rotation": 0,"TextBB": [160.766,446.901,168.415,450.776], "Text": "ï0.5"},
	{"Rotation": 0,"TextBB": [524.308,428.621,528.596,432.477], "Text": "40"},
	{"Rotation": 0,"TextBB": [181.916,446.901,184.07,450.776], "Text": "0"},
	{"Rotation": 0,"TextBB": [197.609,446.901,202.995,450.776], "Text": "0.5"},
	{"Rotation": 0,"TextBB": [216.499,446.901,218.653,450.776], "Text": "1"},
	{"Rotation": 0,"TextBB": [232.192,446.901,237.578,450.776], "Text": "1.5"},
	{"Rotation": 0,"TextBB": [251.114,446.901,253.269,450.776], "Text": "2"},
	{"Rotation": 0,"TextBB": [266.775,446.901,272.161,450.776], "Text": "2.5"},
	{"Rotation": 0,"TextBB": [285.697,446.901,287.852,450.776], "Text": "3"},
	{"Rotation": 0,"TextBB": [301.358,446.901,306.744,450.776], "Text": "3.5"},
	{"Rotation": 0,"TextBB": [320.281,446.901,322.435,450.776], "Text": "4"},
	{"Rotation": 0,"TextBB": [338.297,443.64,344.869,447.515], "Text": "ï32"},
	{"Rotation": 0,"TextBB": [335.974,446.901,341.36,450.776], "Text": "4.5"},
	{"Rotation": 0,"TextBB": [341.042,446.901,348.691,450.776], "Text": "ï0.5"},
	{"Rotation": 0,"TextBB": [202.905,451.377,236.484,459.127], "Text": "Maximum"},
	{"Rotation": 0,"TextBB": [238.639,451.377,264.91,459.127], "Text": "number"},
	{"Rotation": 0,"TextBB": [267.065,451.377,273.528,459.127], "Text": "of"},
	{"Rotation": 0,"TextBB": [275.682,451.377,301.528,459.127], "Text": "parents"},
	{"Rotation": 0,"TextBB": [362.192,446.901,364.346,450.776], "Text": "0"},
	{"Rotation": 0,"TextBB": [377.885,446.901,383.271,450.776], "Text": "0.5"},
	{"Rotation": 0,"TextBB": [396.775,446.901,398.929,450.776], "Text": "1"},
	{"Rotation": 0,"TextBB": [412.468,446.901,417.854,450.776], "Text": "1.5"},
	{"Rotation": 0,"TextBB": [431.39,446.901,433.545,450.776], "Text": "2"},
	{"Rotation": 0,"TextBB": [447.051,446.901,452.437,450.776], "Text": "2.5"},
	{"Rotation": 0,"TextBB": [465.974,446.901,468.128,450.776], "Text": "3"},
	{"Rotation": 0,"TextBB": [481.635,446.901,487.021,450.776], "Text": "3.5"},
	{"Rotation": 0,"TextBB": [383.181,451.377,416.76,459.127], "Text": "Maximum"},
	{"Rotation": 0,"TextBB": [418.915,451.377,445.186,459.127], "Text": "number"},
	{"Rotation": 0,"TextBB": [447.341,451.377,453.804,459.127], "Text": "of"},
	{"Rotation": 0,"TextBB": [455.958,451.377,481.804,459.127], "Text": "parents"},
	{"Rotation": 0,"TextBB": [500.557,446.901,502.711,450.776], "Text": "4"},
	{"Rotation": 0,"TextBB": [524.308,443.722,528.596,447.578], "Text": "20"},
	{"Rotation": 0,"TextBB": [516.25,446.901,521.636,450.776], "Text": "4.5"},
	{"Rotation": 0,"TextBB": [524.79,446.967,532.401,450.823], "Text": "ï0.5"},
	{"Rotation": 0,"TextBB": [545.835,446.967,547.979,450.823], "Text": "0"},
	{"Rotation": 0,"TextBB": [561.45,446.967,566.809,450.823], "Text": "0.5"},
	{"Rotation": 0,"TextBB": [580.246,446.967,582.39,450.823], "Text": "1"},
	{"Rotation": 0,"TextBB": [595.861,446.967,601.22,450.823], "Text": "1.5"},
	{"Rotation": 0,"TextBB": [614.689,446.967,616.833,450.823], "Text": "2"},
	{"Rotation": 0,"TextBB": [630.272,446.967,635.631,450.823], "Text": "2.5"},
	{"Rotation": 0,"TextBB": [649.1,446.967,651.244,450.823], "Text": "3"},
	{"Rotation": 0,"TextBB": [664.683,446.967,670.042,450.823], "Text": "3.5"},
	{"Rotation": 0,"TextBB": [683.511,446.967,685.654,450.823], "Text": "4"},
	{"Rotation": 0,"TextBB": [566.719,451.42,600.132,459.131], "Text": "Maximum"},
	{"Rotation": 0,"TextBB": [602.275,451.42,628.416,459.131], "Text": "number"},
	{"Rotation": 0,"TextBB": [630.56,451.42,636.991,459.131], "Text": "of"},
	{"Rotation": 0,"TextBB": [639.135,451.42,664.851,459.131], "Text": "parents"}
]}
