{"Type":"Figure",
"Number": 3,
"Page": 12,
"DPI": 100,
"Width": 850,
"Height": 1100,
"CaptionBB": [98,271,749,355],
"Caption": "Figure 3:    X-RAY Performance. The figure presents an evaluation of X-RAY under the TPC-C benchmark. The DBMS buffer cache was set to 6000 blocks for these studies. (a) The hit rate of X-RAY is compared to other caching mechanisms. The segment size is 4 blocks, and access information is written every 1 second. (b) The corresponding execution times are compared. The times are based on a buffer cache hit time of 20 µs, a disk array cache hit time of 0.2 ms, a disk read time of 3 ms to 10 ms. (c) Hit-rate of X-RAY is measured for different segment sizes; the write period is kept at 1 second. (d) The write period is varied and the X-RAY hit rate is measured. The segment size is kept at 4 blocks. ",
"ImageBB": [93,106,754,258],
"ImageText" : [
{"Rotation": 0,"TextBB": [195.746,107.074,203.961,115.396], "Text": "(a)"},
	{"Rotation": 0,"TextBB": [205.83,107.074,214.044,115.396], "Text": "Hit"},
	{"Rotation": 0,"TextBB": [215.913,107.074,230.11,115.396], "Text": "Rate"},
	{"Rotation": 3,"TextBB": [317.546,186.381,325.869,215.899], "Text": "Execution"},
	{"Rotation": 3,"TextBB": [317.546,171.814,325.869,184.513], "Text": "time"},
	{"Rotation": 3,"TextBB": [317.546,140.435,325.869,169.946], "Text": "(seconds)"},
	{"Rotation": 0,"TextBB": [334.037,129.777,345.249,138.099], "Text": "800"},
	{"Rotation": 0,"TextBB": [112.406,162.624,121.75,170.946], "Text": "0.6"},
	{"Rotation": 0,"TextBB": [112.406,185.358,121.75,193.68], "Text": "0.4"},
	{"Rotation": 0,"TextBB": [112.406,208.091,121.75,216.413], "Text": "0.2"},
	{"Rotation": 0,"TextBB": [621.077,114.774,628.915,123.096], "Text": "(c)"},
	{"Rotation": 0,"TextBB": [630.784,114.774,657.686,123.096], "Text": "Segment"},
	{"Rotation": 0,"TextBB": [659.555,114.774,671.507,123.096], "Text": "size"},
	{"Rotation": 0,"TextBB": [673.376,114.774,698.779,123.096], "Text": "variation"},
	{"Rotation": 0,"TextBB": [479.97,122.444,493.414,130.766], "Text": "LRU"},
	{"Rotation": 0,"TextBB": [456.804,129.166,493.413,137.488], "Text": "Multi-Queue"},
	{"Rotation": 0,"TextBB": [472.871,135.888,493.414,144.21], "Text": "X-RAY"},
	{"Rotation": 0,"TextBB": [334.037,142.427,345.249,150.749], "Text": "700"},
	{"Rotation": 3,"TextBB": [541.047,153.604,549.369,161.818], "Text": "Hit"},
	{"Rotation": 3,"TextBB": [541.047,137.537,549.369,151.735], "Text": "Rate"},
	{"Rotation": 3,"TextBB": [541.047,125.216,549.369,135.669], "Text": "(%)"},
	{"Rotation": 0,"TextBB": [249.371,122.444,269.914,130.766], "Text": "X-RAY"},
	{"Rotation": 0,"TextBB": [233.304,129.166,269.913,137.488], "Text": "Multi-Queue"},
	{"Rotation": 0,"TextBB": [256.469,135.888,269.914,144.21], "Text": "LRU"},
	{"Rotation": 0,"TextBB": [112.406,139.891,121.75,148.213], "Text": "0.8"},
	{"Rotation": 3,"TextBB": [94.0465,188.254,102.369,196.468], "Text": "Hit"},
	{"Rotation": 3,"TextBB": [94.0465,172.187,102.369,186.385], "Text": "Rate"},
	{"Rotation": 3,"TextBB": [94.0465,159.866,102.369,170.319], "Text": "(%)"},
	{"Rotation": 0,"TextBB": [409.344,107.074,417.559,115.396], "Text": "(b)"},
	{"Rotation": 0,"TextBB": [419.428,107.074,448.945,115.396], "Text": "Execution"},
	{"Rotation": 0,"TextBB": [450.814,107.074,463.512,115.396], "Text": "time"},
	{"Rotation": 0,"TextBB": [334.037,117.158,345.249,125.48], "Text": "900"},
	{"Rotation": 0,"TextBB": [334.037,155.047,345.249,163.369], "Text": "600"},
	{"Rotation": 0,"TextBB": [124.849,237.547,128.586,245.869], "Text": "0"},
	{"Rotation": 0,"TextBB": [148.301,237.547,163.251,245.869], "Text": "1000"},
	{"Rotation": 0,"TextBB": [177.328,237.547,192.279,245.869], "Text": "2000"},
	{"Rotation": 0,"TextBB": [206.387,237.547,221.337,245.869], "Text": "3000"},
	{"Rotation": 0,"TextBB": [235.445,237.547,250.395,245.869], "Text": "4000"},
	{"Rotation": 0,"TextBB": [174.081,247.63,190.14,255.952], "Text": "Array"},
	{"Rotation": 0,"TextBB": [192.009,247.63,211.436,255.952], "Text": "Cache"},
	{"Rotation": 0,"TextBB": [213.305,247.63,226.379,255.952], "Text": "Size"},
	{"Rotation": 0,"TextBB": [228.248,247.63,251.776,255.952], "Text": "(blocks)"},
	{"Rotation": 0,"TextBB": [264.473,237.547,279.423,245.869], "Text": "5000"},
	{"Rotation": 0,"TextBB": [293.531,237.547,308.481,245.869], "Text": "6000"},
	{"Rotation": 0,"TextBB": [648.919,130.144,675.821,138.466], "Text": "Segment"},
	{"Rotation": 0,"TextBB": [677.69,130.144,689.642,138.466], "Text": "size"},
	{"Rotation": 0,"TextBB": [691.511,130.144,716.914,138.466], "Text": "variation"},
	{"Rotation": 0,"TextBB": [571.849,160.546,575.587,168.869], "Text": "0"},
	{"Rotation": 0,"TextBB": [594.883,160.546,602.358,168.869], "Text": "10"},
	{"Rotation": 0,"TextBB": [619.785,160.546,627.261,168.869], "Text": "20"},
	{"Rotation": 0,"TextBB": [644.688,160.546,652.163,168.869], "Text": "30"},
	{"Rotation": 0,"TextBB": [669.56,160.546,677.036,168.869], "Text": "40"},
	{"Rotation": 0,"TextBB": [694.463,160.546,701.938,168.869], "Text": "50"},
	{"Rotation": 0,"TextBB": [719.366,160.546,726.841,168.869], "Text": "60"},
	{"Rotation": 0,"TextBB": [744.269,160.546,751.744,168.869], "Text": "70"},
	{"Rotation": 0,"TextBB": [719.366,237.547,726.841,245.869], "Text": "30"},
	{"Rotation": 0,"TextBB": [744.269,237.547,751.744,245.869], "Text": "35"},
	{"Rotation": 0,"TextBB": [626.868,170.63,653.77,178.952], "Text": "Segment"},
	{"Rotation": 0,"TextBB": [655.639,170.63,667.591,178.952], "Text": "size"},
	{"Rotation": 0,"TextBB": [669.46,170.63,692.988,178.952], "Text": "(blocks)"},
	{"Rotation": 0,"TextBB": [334.037,180.316,345.249,188.638], "Text": "400"},
	{"Rotation": 0,"TextBB": [623.134,191.774,631.349,200.096], "Text": "(d)"},
	{"Rotation": 0,"TextBB": [633.218,191.774,648.901,200.096], "Text": "Write"},
	{"Rotation": 0,"TextBB": [650.769,191.774,669.45,200.096], "Text": "period"},
	{"Rotation": 0,"TextBB": [671.319,191.774,696.722,200.096], "Text": "variation"},
	{"Rotation": 0,"TextBB": [334.037,192.935,345.249,201.257], "Text": "300"},
	{"Rotation": 0,"TextBB": [334.037,205.555,345.249,213.877], "Text": "200"},
	{"Rotation": 0,"TextBB": [334.037,218.205,345.249,226.527], "Text": "100"},
	{"Rotation": 0,"TextBB": [118.013,230.824,121.75,239.146], "Text": "0"},
	{"Rotation": 0,"TextBB": [565.012,124.858,568.749,133.18], "Text": "1"},
	{"Rotation": 0,"TextBB": [559.406,130.663,568.75,138.985], "Text": "0.8"},
	{"Rotation": 0,"TextBB": [559.406,136.438,568.75,144.76], "Text": "0.6"},
	{"Rotation": 0,"TextBB": [559.406,142.244,568.75,150.566], "Text": "0.4"},
	{"Rotation": 0,"TextBB": [559.406,148.019,568.75,156.341], "Text": "0.2"},
	{"Rotation": 0,"TextBB": [565.012,153.824,568.749,162.146], "Text": "0"},
	{"Rotation": 0,"TextBB": [334.037,167.666,345.249,175.988], "Text": "500"},
	{"Rotation": 0,"TextBB": [341.512,230.824,345.249,239.146], "Text": "0"},
	{"Rotation": 0,"TextBB": [348.349,237.547,352.087,245.869], "Text": "0"},
	{"Rotation": 0,"TextBB": [371.801,237.547,386.751,245.869], "Text": "1000"},
	{"Rotation": 0,"TextBB": [400.828,237.547,415.779,245.869], "Text": "2000"},
	{"Rotation": 0,"TextBB": [429.887,237.547,444.837,245.869], "Text": "3000"},
	{"Rotation": 0,"TextBB": [458.945,237.547,473.895,245.869], "Text": "4000"},
	{"Rotation": 0,"TextBB": [397.581,247.63,413.64,255.952], "Text": "Array"},
	{"Rotation": 0,"TextBB": [415.509,247.63,434.936,255.952], "Text": "Cache"},
	{"Rotation": 0,"TextBB": [436.805,247.63,449.879,255.952], "Text": "Size"},
	{"Rotation": 0,"TextBB": [451.748,247.63,475.276,255.952], "Text": "(blocks)"},
	{"Rotation": 0,"TextBB": [487.973,237.547,502.923,245.869], "Text": "5000"},
	{"Rotation": 0,"TextBB": [517.031,237.547,531.981,245.869], "Text": "6000"},
	{"Rotation": 3,"TextBB": [541.047,230.604,549.369,238.818], "Text": "Hit"},
	{"Rotation": 3,"TextBB": [541.047,214.537,549.369,228.735], "Text": "Rate"},
	{"Rotation": 3,"TextBB": [541.047,202.216,549.369,212.669], "Text": "(%)"},
	{"Rotation": 0,"TextBB": [118.013,117.158,121.75,125.48], "Text": "1"},
	{"Rotation": 0,"TextBB": [565.012,201.858,568.749,210.18], "Text": "1"},
	{"Rotation": 0,"TextBB": [559.406,207.663,568.75,215.985], "Text": "0.8"},
	{"Rotation": 0,"TextBB": [559.406,213.438,568.75,221.76], "Text": "0.6"},
	{"Rotation": 0,"TextBB": [559.406,219.244,568.75,227.566], "Text": "0.4"},
	{"Rotation": 0,"TextBB": [559.406,225.019,568.75,233.341], "Text": "0.2"},
	{"Rotation": 0,"TextBB": [565.012,230.824,568.749,239.146], "Text": "0"},
	{"Rotation": 0,"TextBB": [670.215,207.144,689.642,215.466], "Text": "Period"},
	{"Rotation": 0,"TextBB": [691.511,207.144,716.915,215.466], "Text": "variation"},
	{"Rotation": 0,"TextBB": [571.849,237.547,575.587,245.869], "Text": "0"},
	{"Rotation": 0,"TextBB": [596.752,237.547,600.49,245.869], "Text": "5"},
	{"Rotation": 0,"TextBB": [619.785,237.547,627.261,245.869], "Text": "10"},
	{"Rotation": 0,"TextBB": [644.688,237.547,652.163,245.869], "Text": "15"},
	{"Rotation": 0,"TextBB": [669.56,237.547,677.036,245.869], "Text": "20"},
	{"Rotation": 0,"TextBB": [636.958,247.63,652.641,255.952], "Text": "Write"},
	{"Rotation": 0,"TextBB": [654.51,247.63,673.191,255.952], "Text": "period"},
	{"Rotation": 0,"TextBB": [675.06,247.63,682.898,255.952], "Text": "(s)"},
	{"Rotation": 0,"TextBB": [694.463,237.547,701.938,245.869], "Text": "25"}
]}
