{"Type":"Figure",
"Number": 3,
"Page": 7,
"DPI": 100,
"Width": 850,
"Height": 1100,
"CaptionBB": [83,736,398,996],
"Caption": "Figure 3. Comparison of various combinations of feature selection and training set reduction. Each line connects combinations that have equal memory requirements expressed in terms of the memory M required to represent the entire training, without feature selection applied. The performance varies depending on how the training algorithm reacts to the tradeoff between feature selection and sampling of the document set. If we follow a line for a particular memory requirement from left to right, the representation of documents is more and more complete (i.e., fewer features were discarded) and fewer training documents are used to train the classifier after feature selection. Feature selection is here based on the feature set ranked by normals built from the largest training set that fits the memory requirements (e.g., if the memory limit is M/4, then ¼ of all training documents is used to learn the model and apply feature selection). ",
"ImageBB": [86,100,397,732],
"ImageText" : [
{"Rotation": 0,"TextBB": [132.083,109.391,180.842,118.466], "Text": "Performance"},
	{"Rotation": 0,"TextBB": [183.164,109.391,190.165,118.466], "Text": "at"},
	{"Rotation": 0,"TextBB": [192.163,109.391,210.336,118.466], "Text": "fixed"},
	{"Rotation": 0,"TextBB": [212.747,109.391,243.425,118.466], "Text": "memory"},
	{"Rotation": 0,"TextBB": [245.831,109.391,269.008,118.466], "Text": "usage"},
	{"Rotation": 0,"TextBB": [271.33,109.391,285.421,118.466], "Text": "and"},
	{"Rotation": 0,"TextBB": [287.916,109.391,319.418,118.466], "Text": "different"},
	{"Rotation": 0,"TextBB": [321.417,109.391,351.177,118.466], "Text": "choices"},
	{"Rotation": 0,"TextBB": [145.583,120.057,182.258,129.132], "Text": "regarding"},
	{"Rotation": 0,"TextBB": [184.669,120.057,196.348,129.132], "Text": "the"},
	{"Rotation": 0,"TextBB": [198.753,120.057,228.928,129.132], "Text": "sparsity"},
	{"Rotation": 0,"TextBB": [231.25,120.057,242.419,129.132], "Text": "vs."},
	{"Rotation": 0,"TextBB": [244.332,120.057,272.926,129.132], "Text": "training"},
	{"Rotation": 0,"TextBB": [275.337,120.057,286.92,129.132], "Text": "set"},
	{"Rotation": 0,"TextBB": [288.918,120.057,304.096,129.132], "Text": "size"},
	{"Rotation": 0,"TextBB": [306.418,120.057,338.089,129.132], "Text": "tradeoff."},
	{"Rotation": 0,"TextBB": [123.583,130.724,152.259,139.799], "Text": "Feature"},
	{"Rotation": 0,"TextBB": [154.664,130.724,188.753,139.799], "Text": "selection"},
	{"Rotation": 0,"TextBB": [191.165,130.724,209.424,139.799], "Text": "uses"},
	{"Rotation": 0,"TextBB": [211.746,130.724,229.006,139.799], "Text": "SVM"},
	{"Rotation": 0,"TextBB": [231.247,130.724,259.919,139.799], "Text": "normal,"},
	{"Rotation": 0,"TextBB": [261.833,130.724,290.509,139.799], "Text": "training"},
	{"Rotation": 0,"TextBB": [292.92,130.724,308.513,139.799], "Text": "with"},
	{"Rotation": 0,"TextBB": [310.925,130.724,331.102,139.799], "Text": "naïve"},
	{"Rotation": 0,"TextBB": [333.507,130.724,359.589,139.799], "Text": "Bayes."},
	{"Rotation": 3,"TextBB": [95.684,241.549,104.192,247.417], "Text": "M"},
	{"Rotation": 3,"TextBB": [95.684,192.787,104.192,240.75], "Text": "acroaveraged"},
	{"Rotation": 3,"TextBB": [95.684,182.004,104.192,190.505], "Text": "F1"},
	{"Rotation": 0,"TextBB": [108.083,155.018,121.999,163.526], "Text": "0.55"},
	{"Rotation": 0,"TextBB": [112.083,181.434,122,189.942], "Text": "0.5"},
	{"Rotation": 0,"TextBB": [108.083,207.351,121.999,215.859], "Text": "0.45"},
	{"Rotation": 0,"TextBB": [112.083,233.767,122,242.275], "Text": "0.4"},
	{"Rotation": 0,"TextBB": [108.083,259.684,121.999,268.192], "Text": "0.35"},
	{"Rotation": 0,"TextBB": [126.084,271.85,130,280.358], "Text": "0"},
	{"Rotation": 0,"TextBB": [152.666,271.85,160.582,280.358], "Text": "10"},
	{"Rotation": 0,"TextBB": [181.164,271.85,189.08,280.358], "Text": "20"},
	{"Rotation": 0,"TextBB": [209.746,271.85,217.662,280.358], "Text": "30"},
	{"Rotation": 0,"TextBB": [238.244,271.85,246.243,280.358], "Text": "40"},
	{"Rotation": 0,"TextBB": [266.326,271.85,274.242,280.358], "Text": "50"},
	{"Rotation": 0,"TextBB": [294.907,271.85,302.823,280.358], "Text": "60"},
	{"Rotation": 0,"TextBB": [323.406,271.85,331.322,280.358], "Text": "70"},
	{"Rotation": 0,"TextBB": [351.987,271.85,359.903,280.358], "Text": "80"},
	{"Rotation": 0,"TextBB": [380.569,271.85,388.485,280.358], "Text": "90"},
	{"Rotation": 0,"TextBB": [150.084,286.1,179.08,294.608], "Text": "Average"},
	{"Rotation": 0,"TextBB": [181.664,286.1,208.489,294.608], "Text": "number"},
	{"Rotation": 0,"TextBB": [210.749,286.1,217.596,294.608], "Text": "of"},
	{"Rotation": 0,"TextBB": [219.752,286.1,249.141,294.608], "Text": "nonzero"},
	{"Rotation": 0,"TextBB": [251.339,286.1,294.843,294.608], "Text": "components"},
	{"Rotation": 0,"TextBB": [296.926,286.1,308.667,294.608], "Text": "per"},
	{"Rotation": 0,"TextBB": [310.927,286.1,337.817,294.608], "Text": "training"},
	{"Rotation": 0,"TextBB": [340.016,286.1,362.755,294.608], "Text": "vector"},
	{"Rotation": 0,"TextBB": [200.75,305.271,215.145,312.644], "Text": "M/16"},
	{"Rotation": 0,"TextBB": [233.25,305.271,244.229,312.644], "Text": "M/8"},
	{"Rotation": 0,"TextBB": [262.333,305.271,273.229,312.644], "Text": "M/4"},
	{"Rotation": 0,"TextBB": [291.417,305.271,302.313,312.644], "Text": "M/2"},
	{"Rotation": 0,"TextBB": [320.417,305.271,325.502,312.644], "Text": "M"},
	{"Rotation": 0,"TextBB": [136.583,331.072,185.342,339.307], "Text": "Performance"},
	{"Rotation": 0,"TextBB": [187.664,331.072,194.665,339.307], "Text": "at"},
	{"Rotation": 0,"TextBB": [196.747,331.072,214.836,339.307], "Text": "fixed"},
	{"Rotation": 0,"TextBB": [217.247,331.072,248.009,339.307], "Text": "memory"},
	{"Rotation": 0,"TextBB": [250.331,331.072,273.508,339.307], "Text": "usage"},
	{"Rotation": 0,"TextBB": [275.83,331.072,289.921,339.307], "Text": "and"},
	{"Rotation": 0,"TextBB": [292.416,331.072,323.918,339.307], "Text": "different"},
	{"Rotation": 0,"TextBB": [325.917,331.072,355.677,339.307], "Text": "choices"},
	{"Rotation": 0,"TextBB": [150.083,340.739,186.758,348.974], "Text": "regarding"},
	{"Rotation": 0,"TextBB": [189.169,340.739,200.931,348.974], "Text": "the"},
	{"Rotation": 0,"TextBB": [203.253,340.739,233.428,348.974], "Text": "sparsity"},
	{"Rotation": 0,"TextBB": [235.75,340.739,246.919,348.974], "Text": "vs."},
	{"Rotation": 0,"TextBB": [248.832,340.739,277.426,348.974], "Text": "training"},
	{"Rotation": 0,"TextBB": [279.837,340.739,291.42,348.974], "Text": "set"},
	{"Rotation": 0,"TextBB": [293.418,340.739,303.675,348.974], "Text": "siz"},
	{"Rotation": 0,"TextBB": [304.418,340.739,308.596,348.974], "Text": "e"},
	{"Rotation": 0,"TextBB": [310.918,340.739,342.589,348.974], "Text": "tradeoff."},
	{"Rotation": 0,"TextBB": [130.583,350.406,159.343,358.641], "Text": "Feature"},
	{"Rotation": 0,"TextBB": [161.664,350.406,195.753,358.641], "Text": "selection"},
	{"Rotation": 0,"TextBB": [198.248,350.406,216.424,358.641], "Text": "uses"},
	{"Rotation": 0,"TextBB": [218.746,350.406,236.006,358.641], "Text": "SVM"},
	{"Rotation": 0,"TextBB": [238.247,350.406,266.919,358.641], "Text": "normal,"},
	{"Rotation": 0,"TextBB": [268.832,350.406,297.509,358.641], "Text": "training"},
	{"Rotation": 0,"TextBB": [299.92,350.406,315.513,358.641], "Text": "with"},
	{"Rotation": 0,"TextBB": [317.925,350.406,362.096,358.641], "Text": "perceptron."},
	{"Rotation": 0,"TextBB": [112.083,368.822,122,376.542], "Text": "0.6"},
	{"Rotation": 3,"TextBB": [95.6558,403.534,103.376,453.5], "Text": "Macroaveraged"},
	{"Rotation": 3,"TextBB": [95.6558,393.751,103.376,401.836], "Text": "F1"},
	{"Rotation": 0,"TextBB": [108.084,380.822,122,388.542], "Text": "0.55"},
	{"Rotation": 0,"TextBB": [112.083,392.739,122,400.459], "Text": "0.5"},
	{"Rotation": 0,"TextBB": [108.084,405.239,122,412.96], "Text": "0.45"},
	{"Rotation": 0,"TextBB": [112.083,417.239,122,424.96], "Text": "0.4"},
	{"Rotation": 0,"TextBB": [108.084,429.239,122,436.96], "Text": "0.35"},
	{"Rotation": 0,"TextBB": [112.083,441.239,122,448.96], "Text": "0.3"},
	{"Rotation": 0,"TextBB": [108.084,453.656,122,461.376], "Text": "0.25"},
	{"Rotation": 0,"TextBB": [112.083,465.656,122,473.376], "Text": "0.2"},
	{"Rotation": 0,"TextBB": [126.083,476.739,130,484.46], "Text": "0"},
	{"Rotation": 0,"TextBB": [152.666,476.739,160.581,484.46], "Text": "10"},
	{"Rotation": 0,"TextBB": [181.164,476.739,189.08,484.46], "Text": "20"},
	{"Rotation": 0,"TextBB": [209.746,476.739,217.661,484.46], "Text": "30"},
	{"Rotation": 0,"TextBB": [238.244,476.739,246.243,484.46], "Text": "40"},
	{"Rotation": 0,"TextBB": [266.325,476.739,274.241,484.46], "Text": "50"},
	{"Rotation": 0,"TextBB": [294.907,476.739,302.823,484.46], "Text": "60"},
	{"Rotation": 0,"TextBB": [323.405,476.739,331.321,484.46], "Text": "70"},
	{"Rotation": 0,"TextBB": [351.987,476.739,359.903,484.46], "Text": "80"},
	{"Rotation": 0,"TextBB": [380.569,476.739,388.484,484.46], "Text": "90"},
	{"Rotation": 0,"TextBB": [150.083,489.656,179.08,497.376], "Text": "Average"},
	{"Rotation": 0,"TextBB": [181.663,489.656,208.489,497.376], "Text": "number"},
	{"Rotation": 0,"TextBB": [210.749,489.656,217.596,497.376], "Text": "of"},
	{"Rotation": 0,"TextBB": [219.751,489.656,249.14,497.376], "Text": "nonzero"},
	{"Rotation": 0,"TextBB": [251.339,489.656,294.842,497.376], "Text": "components"},
	{"Rotation": 0,"TextBB": [296.926,489.656,308.667,497.376], "Text": "per"},
	{"Rotation": 0,"TextBB": [310.926,489.656,337.817,497.376], "Text": "training"},
	{"Rotation": 0,"TextBB": [340.015,489.656,362.754,497.376], "Text": "vector"},
	{"Rotation": 0,"TextBB": [200.75,506.991,215.145,513.682], "Text": "M/16"},
	{"Rotation": 0,"TextBB": [233.25,506.991,244.229,513.682], "Text": "M/8"},
	{"Rotation": 0,"TextBB": [262.333,506.991,273.229,513.682], "Text": "M/4"},
	{"Rotation": 0,"TextBB": [291.417,506.991,302.313,513.682], "Text": "M/2"},
	{"Rotation": 0,"TextBB": [320.417,506.991,325.502,513.682], "Text": "M"},
	{"Rotation": 0,"TextBB": [131.583,529.957,180.342,538.642], "Text": "Performance"},
	{"Rotation": 0,"TextBB": [182.664,529.957,189.665,538.642], "Text": "at"},
	{"Rotation": 0,"TextBB": [191.663,529.957,209.836,538.642], "Text": "fixed"},
	{"Rotation": 0,"TextBB": [212.247,529.957,242.925,538.642], "Text": "memory"},
	{"Rotation": 0,"TextBB": [245.331,529.957,268.508,538.642], "Text": "usage"},
	{"Rotation": 0,"TextBB": [270.83,529.957,284.921,538.642], "Text": "and"},
	{"Rotation": 0,"TextBB": [287.416,529.957,318.918,538.642], "Text": "different"},
	{"Rotation": 0,"TextBB": [320.917,529.957,350.677,538.642], "Text": "choices"},
	{"Rotation": 0,"TextBB": [145.083,540.206,181.758,548.892], "Text": "regarding"},
	{"Rotation": 0,"TextBB": [184.169,540.206,195.848,548.892], "Text": "the"},
	{"Rotation": 0,"TextBB": [198.253,540.206,228.428,548.892], "Text": "sparsity"},
	{"Rotation": 0,"TextBB": [230.75,540.206,241.836,548.892], "Text": "vs."},
	{"Rotation": 0,"TextBB": [243.832,540.206,272.426,548.892], "Text": "training"},
	{"Rotation": 0,"TextBB": [274.837,540.206,286.336,548.892], "Text": "set"},
	{"Rotation": 0,"TextBB": [288.418,540.206,303.596,548.892], "Text": "size"},
	{"Rotation": 0,"TextBB": [305.918,540.206,337.589,548.892], "Text": "tradeoff."},
	{"Rotation": 0,"TextBB": [120.583,550.373,144.505,559.058], "Text": "Linear"},
	{"Rotation": 0,"TextBB": [146.582,550.373,163.925,559.058], "Text": "SVM"},
	{"Rotation": 0,"TextBB": [166.167,550.373,181.344,559.058], "Text": "was"},
	{"Rotation": 0,"TextBB": [183.666,550.373,202.344,559.058], "Text": "used"},
	{"Rotation": 0,"TextBB": [204.754,550.373,221.846,559.058], "Text": "both"},
	{"Rotation": 0,"TextBB": [224.257,550.373,234.681,559.058], "Text": "for"},
	{"Rotation": 0,"TextBB": [236.758,550.373,265.433,559.058], "Text": "training"},
	{"Rotation": 0,"TextBB": [267.843,550.373,281.934,559.058], "Text": "and"},
	{"Rotation": 0,"TextBB": [284.428,550.373,294.852,559.058], "Text": "for"},
	{"Rotation": 0,"TextBB": [296.929,550.373,323.103,559.058], "Text": "feature"},
	{"Rotation": 0,"TextBB": [325.425,550.373,362.1,559.058], "Text": "selection."},
	{"Rotation": 3,"TextBB": [95.6471,609.625,103.789,662.083], "Text": "Macroaveraged"},
	{"Rotation": 3,"TextBB": [95.6471,599.259,103.789,607.594], "Text": "F1"},
	{"Rotation": 0,"TextBB": [108.083,586.398,121.999,594.54], "Text": "0.69"},
	{"Rotation": 0,"TextBB": [108.083,599.064,121.999,607.207], "Text": "0.67"},
	{"Rotation": 0,"TextBB": [108.083,611.731,121.999,619.873], "Text": "0.65"},
	{"Rotation": 0,"TextBB": [108.083,624.314,121.999,632.456], "Text": "0.63"},
	{"Rotation": 0,"TextBB": [108.083,636.481,121.999,644.623], "Text": "0.61"},
	{"Rotation": 0,"TextBB": [108.083,649.147,121.999,657.29], "Text": "0.59"},
	{"Rotation": 0,"TextBB": [108.083,661.814,121.999,669.956], "Text": "0.57"},
	{"Rotation": 0,"TextBB": [108.083,674.48,121.999,682.623], "Text": "0.55"},
	{"Rotation": 0,"TextBB": [152.666,686.149,160.582,694.291], "Text": "10"},
	{"Rotation": 0,"TextBB": [181.164,686.149,189.08,694.291], "Text": "20"},
	{"Rotation": 0,"TextBB": [209.746,686.149,217.662,694.291], "Text": "30"},
	{"Rotation": 0,"TextBB": [238.244,686.149,246.243,694.291], "Text": "40"},
	{"Rotation": 0,"TextBB": [266.826,686.149,274.742,694.291], "Text": "50"},
	{"Rotation": 0,"TextBB": [295.408,686.149,303.323,694.291], "Text": "60"},
	{"Rotation": 0,"TextBB": [323.906,686.149,331.822,694.291], "Text": "70"},
	{"Rotation": 0,"TextBB": [352.488,686.149,360.403,694.291], "Text": "80"},
	{"Rotation": 0,"TextBB": [381.069,686.149,388.985,694.291], "Text": "90"},
	{"Rotation": 0,"TextBB": [150.084,699.733,179.08,707.875], "Text": "Average"},
	{"Rotation": 0,"TextBB": [181.664,699.733,208.489,707.875], "Text": "number"},
	{"Rotation": 0,"TextBB": [210.749,699.733,217.596,707.875], "Text": "of"},
	{"Rotation": 0,"TextBB": [219.752,699.733,249.141,707.875], "Text": "nonzero"},
	{"Rotation": 0,"TextBB": [251.339,699.733,294.843,707.875], "Text": "components"},
	{"Rotation": 0,"TextBB": [296.926,699.733,308.667,707.875], "Text": "per"},
	{"Rotation": 0,"TextBB": [310.927,699.733,337.817,707.875], "Text": "training"},
	{"Rotation": 0,"TextBB": [340.016,699.733,362.755,707.875], "Text": "vector"},
	{"Rotation": 0,"TextBB": [201.25,717.944,215.645,725.001], "Text": "M/16"},
	{"Rotation": 0,"TextBB": [233.75,717.944,244.729,725.001], "Text": "M/8"},
	{"Rotation": 0,"TextBB": [262.833,717.944,273.729,725.001], "Text": "M/4"},
	{"Rotation": 0,"TextBB": [291.917,717.944,302.812,725.001], "Text": "M/2"},
	{"Rotation": 0,"TextBB": [108.083,573.731,121.999,581.873], "Text": "0.71"},
	{"Rotation": 0,"TextBB": [126.084,686.149,130,694.291], "Text": "0"},
	{"Rotation": 0,"TextBB": [320.917,717.944,326.002,725.001], "Text": "M"}
]}
