{"Caption":"Figure 7: Upper bounds of clustering error on approximate data obtained from quantization as a function of the number of bits. (a\u2013c) Simulated data sets (1000 sample size, 2, 2, 10 features, respectively); (d) Statlog image segmentation data (2310 sample size, 19 features); (e) Handwritten digits data (10992 sample size, 16 features); (f) Wine data (178 sample size, 13 features); (g) Iris data (150 sample size, 4 features). (h) Wisconsin breast cancer data (569 sample size, 30 features); (i) Waveform data (5000 sample size, 21 features). The x-axis shows the number of quantization bits and (above the axis) the corresponding data perturbation error σ. Error bars are derived from 25 replications. In the experiments, all data values are normalized in range [0, 1]. For data sets with more than two clusters, we choose two of them for the experiments. ","ImageText":[{"Text":"(b)","TextBB":[393.907,106.29,401.488,112.029],"Rotation":0},{"Text":"Concentric","TextBB":[403.213,106.29,432.862,112.029],"Rotation":0},{"Text":"Circle","TextBB":[434.587,106.29,450.438,112.029],"Rotation":0},{"Text":"Data","TextBB":[452.163,106.29,465.266,112.029],"Rotation":0},{"Text":"(a)","TextBB":[226.678,109.071,234.1,114.689],"Rotation":0},{"Text":"Sin−sep","TextBB":[235.789,109.071,257.905,114.689],"Rotation":0},{"Text":"Data","TextBB":[259.593,109.071,272.422,114.689],"Rotation":0},{"Text":"1.4","TextBB":[352.908,115.622,361.532,121.361],"Rotation":0},{"Text":"Upper","TextBB":[281.015,121.674,297.555,127.292],"Rotation":0},{"Text":"Bound","TextBB":[299.244,121.674,316.804,127.292],"Rotation":0},{"Text":"Test","TextBB":[281.015,128.987,292.829,134.606],"Rotation":0},{"Text":"Value","TextBB":[294.518,128.987,310.049,134.606],"Rotation":0},{"Text":"1.2","TextBB":[352.908,130.822,361.532,136.561],"Rotation":0},{"Text":"0.2","TextBB":[174.44,144.022,182.883,149.641],"Rotation":0},{"Text":"0.15","TextBB":[171.049,163.636,182.869,169.255],"Rotation":0},{"Text":"0.1","TextBB":[174.44,183.25,182.883,188.868],"Rotation":0},{"Text":"0.05","TextBB":[171.049,202.864,182.869,208.482],"Rotation":0},{"Text":"0.037","TextBB":[184.741,215.651,198.418,220.707],"Rotation":0},{"Text":"0.018","TextBB":[204.507,215.651,218.184,220.707],"Rotation":0},{"Text":"3","TextBB":[190.967,226.73,194.344,232.349],"Rotation":0},{"Text":"4","TextBB":[210.758,226.73,214.136,232.349],"Rotation":0},{"Text":"0.009","TextBB":[224.299,215.651,237.976,220.707],"Rotation":0},{"Text":"0.005","TextBB":[244.09,215.651,257.767,220.707],"Rotation":0},{"Text":"0.002","TextBB":[263.881,215.651,277.559,220.707],"Rotation":0},{"Text":"0.001","TextBB":[283.672,215.651,297.35,220.707],"Rotation":0},{"Text":"1","TextBB":[358.079,146.047,361.529,151.786],"Rotation":0},{"Text":"0.8","TextBB":[352.908,161.247,361.532,166.986],"Rotation":0},{"Text":"0.6","TextBB":[352.908,176.473,361.532,182.212],"Rotation":0},{"Text":"0.4","TextBB":[352.908,191.673,361.532,197.412],"Rotation":0},{"Text":"5","TextBB":[230.55,226.73,233.927,232.349],"Rotation":0},{"Text":"6","TextBB":[250.34,226.73,253.717,232.349],"Rotation":0},{"Text":"7","TextBB":[270.132,226.73,273.509,232.349],"Rotation":0},{"Text":"8","TextBB":[289.924,226.73,293.301,232.349],"Rotation":0},{"Text":"Number","TextBB":[214.529,232.576,236.129,238.195],"Rotation":0},{"Text":"of","TextBB":[237.817,232.576,242.883,238.195],"Rotation":0},{"Text":"quantization","TextBB":[244.572,232.576,277.323,238.195],"Rotation":0},{"Text":"bits","TextBB":[279.011,232.576,288.463,238.195],"Rotation":0},{"Text":"0.001","TextBB":[303.464,215.651,317.141,220.707],"Rotation":0},{"Text":"0","TextBB":[358.079,222.125,361.529,227.863],"Rotation":0},{"Text":"9","TextBB":[309.715,226.73,313.092,232.349],"Rotation":0},{"Text":"8","TextBB":[169.094,269.41,172.786,275.552],"Rotation":0},{"Text":"0.03","TextBB":[534.261,178.744,546.081,184.363],"Rotation":0},{"Text":"0.02","TextBB":[534.261,193.322,546.081,198.941],"Rotation":0},{"Text":"0.01","TextBB":[534.261,207.9,546.081,213.518],"Rotation":0},{"Text":"0.036","TextBB":[363.43,215.151,377.401,220.316],"Rotation":0},{"Text":"0.018","TextBB":[383.619,215.151,397.589,220.316],"Rotation":0},{"Text":"3","TextBB":[369.789,226.468,373.238,232.206],"Rotation":0},{"Text":"4","TextBB":[390.004,226.468,393.454,232.206],"Rotation":0},{"Text":"0.009","TextBB":[403.834,215.151,417.804,220.316],"Rotation":0},{"Text":"0.004","TextBB":[424.049,215.151,438.019,220.316],"Rotation":0},{"Text":"0.002","TextBB":[444.264,215.151,458.234,220.316],"Rotation":0},{"Text":"0.001","TextBB":[464.479,215.151,478.449,220.316],"Rotation":0},{"Text":"0.001","TextBB":[484.694,215.151,498.664,220.316],"Rotation":0},{"Text":"5","TextBB":[410.218,226.468,413.668,232.206],"Rotation":0},{"Text":"6","TextBB":[430.433,226.468,433.883,232.206],"Rotation":0},{"Text":"7","TextBB":[450.649,226.468,454.098,232.206],"Rotation":0},{"Text":"8","TextBB":[470.862,226.468,474.312,232.206],"Rotation":0},{"Text":"Number","TextBB":[393.856,232.439,415.917,238.177],"Rotation":0},{"Text":"of","TextBB":[417.642,232.439,422.816,238.177],"Rotation":0},{"Text":"quantization","TextBB":[424.541,232.439,457.993,238.177],"Rotation":0},{"Text":"bits","TextBB":[459.718,232.439,469.371,238.177],"Rotation":0},{"Text":"0.06","TextBB":[350.229,262.001,362.461,267.815],"Rotation":0},{"Text":"0","TextBB":[542.714,222.478,546.091,228.096],"Rotation":0},{"Text":"9","TextBB":[491.079,226.468,494.529,232.206],"Rotation":0},{"Text":"0.036","TextBB":[547.954,215.651,561.631,220.707],"Rotation":0},{"Text":"0.018","TextBB":[567.72,215.651,581.398,220.707],"Rotation":0},{"Text":"3","TextBB":[554.179,226.73,557.556,232.349],"Rotation":0},{"Text":"4","TextBB":[573.971,226.73,577.348,232.349],"Rotation":0},{"Text":"0.009","TextBB":[587.511,215.651,601.189,220.707],"Rotation":0},{"Text":"0.005","TextBB":[607.302,215.651,620.98,220.707],"Rotation":0},{"Text":"0.002","TextBB":[627.094,215.651,640.771,220.707],"Rotation":0},{"Text":"0.001","TextBB":[646.885,215.651,660.563,220.707],"Rotation":0},{"Text":"5","TextBB":[593.763,226.73,597.14,232.349],"Rotation":0},{"Text":"6","TextBB":[613.554,226.73,616.931,232.349],"Rotation":0},{"Text":"7","TextBB":[633.344,226.73,636.722,232.349],"Rotation":0},{"Text":"8","TextBB":[653.136,226.73,656.513,232.349],"Rotation":0},{"Text":"Number","TextBB":[577.742,232.576,599.341,238.195],"Rotation":0},{"Text":"of","TextBB":[601.03,232.576,606.095,238.195],"Rotation":0},{"Text":"quantization","TextBB":[607.784,232.576,640.535,238.195],"Rotation":0},{"Text":"bits","TextBB":[642.224,232.576,651.675,238.195],"Rotation":0},{"Text":"0.001","TextBB":[666.677,215.651,680.354,220.707],"Rotation":0},{"Text":"9","TextBB":[672.928,226.73,676.305,232.349],"Rotation":0},{"Text":"0.07","TextBB":[531.831,282.508,544.063,288.322],"Rotation":0},{"Text":"0.04","TextBB":[350.229,298.406,362.461,304.221],"Rotation":0},{"Text":"0.03","TextBB":[350.229,316.608,362.461,322.422],"Rotation":0},{"Text":"0.02","TextBB":[350.229,334.81,362.461,340.625],"Rotation":0},{"Text":"0.01","TextBB":[350.229,353.013,362.461,358.828],"Rotation":0},{"Text":"0.056","TextBB":[174.822,362.789,189.773,368.316],"Rotation":0},{"Text":"0.029","TextBB":[196.429,362.789,211.38,368.316],"Rotation":0},{"Text":"2","TextBB":[181.626,374.901,185.318,381.043],"Rotation":0},{"Text":"3","TextBB":[203.262,374.901,206.954,381.043],"Rotation":0},{"Text":"0.015","TextBB":[218.063,362.789,233.015,368.316],"Rotation":0},{"Text":"0.008","TextBB":[239.698,362.789,254.65,368.316],"Rotation":0},{"Text":"0.004","TextBB":[261.333,362.789,276.285,368.316],"Rotation":0},{"Text":"0.002","TextBB":[282.968,362.789,297.919,368.316],"Rotation":0},{"Text":"4","TextBB":[224.897,374.901,228.589,381.043],"Rotation":0},{"Text":"5","TextBB":[246.532,374.901,250.224,381.043],"Rotation":0},{"Text":"6","TextBB":[268.167,374.901,271.858,381.043],"Rotation":0},{"Text":"7","TextBB":[289.801,374.901,293.493,381.043],"Rotation":0},{"Text":"Number","TextBB":[207.357,381.291,230.968,387.433],"Rotation":0},{"Text":"of","TextBB":[232.814,381.291,238.352,387.433],"Rotation":0},{"Text":"quantization","TextBB":[240.198,381.291,276,387.433],"Rotation":0},{"Text":"bits","TextBB":[277.845,381.291,288.177,387.433],"Rotation":0},{"Text":"0.001","TextBB":[304.603,362.789,319.555,368.316],"Rotation":0},{"Text":"0","TextBB":[358.978,371.216,362.473,377.03],"Rotation":0},{"Text":"8","TextBB":[311.436,374.901,315.128,381.043],"Rotation":0},{"Text":"0.062","TextBB":[364.399,364.149,378.553,369.382],"Rotation":0},{"Text":"0.030","TextBB":[384.854,364.149,399.008,369.382],"Rotation":0},{"Text":"2","TextBB":[370.842,375.616,374.337,381.43],"Rotation":0},{"Text":"3","TextBB":[391.322,375.616,394.817,381.43],"Rotation":0},{"Text":"0.015","TextBB":[405.335,364.149,419.489,369.382],"Rotation":0},{"Text":"0.008","TextBB":[425.815,364.149,439.97,369.382],"Rotation":0},{"Text":"0.004","TextBB":[446.297,364.149,460.451,369.382],"Rotation":0},{"Text":"0.002","TextBB":[466.777,364.149,480.931,369.382],"Rotation":0},{"Text":"4","TextBB":[411.803,375.616,415.298,381.43],"Rotation":0},{"Text":"5","TextBB":[432.285,375.616,435.78,381.43],"Rotation":0},{"Text":"6","TextBB":[452.765,375.616,456.26,381.43],"Rotation":0},{"Text":"7","TextBB":[473.247,375.616,476.742,381.43],"Rotation":0},{"Text":"Number","TextBB":[395.199,381.665,417.551,387.479],"Rotation":0},{"Text":"of","TextBB":[419.298,381.665,424.54,387.479],"Rotation":0},{"Text":"quantization","TextBB":[426.288,381.665,460.18,387.479],"Rotation":0},{"Text":"bits","TextBB":[461.928,381.665,471.708,387.479],"Rotation":0},{"Text":"0.05","TextBB":[350.229,407.817,362.461,413.632],"Rotation":0},{"Text":"Mis−Clustering","TextBB":[342.862,446.677,348.676,488.414],"Rotation":3},{"Text":"Rate","TextBB":[342.862,431.654,348.676,444.929],"Rotation":3},{"Text":"0.025","TextBB":[167.886,424.136,183.524,429.917],"Rotation":0},{"Text":"0.02","TextBB":[171.35,441.897,183.512,447.678],"Rotation":0},{"Text":"0.015","TextBB":[167.886,459.632,183.524,465.413],"Rotation":0},{"Text":"0.01","TextBB":[171.35,477.392,183.512,483.173],"Rotation":0},{"Text":"0.037","TextBB":[205.516,505.862,219.59,511.065],"Rotation":0},{"Text":"0.017","TextBB":[225.594,505.862,239.668,511.065],"Rotation":0},{"Text":"0.009","TextBB":[245.698,505.862,259.772,511.065],"Rotation":0},{"Text":"0.004","TextBB":[265.776,505.862,279.85,511.065],"Rotation":0},{"Text":"0.04","TextBB":[531.831,320.51,544.063,326.325],"Rotation":0},{"Text":"0.03","TextBB":[531.831,333.187,544.063,339.001],"Rotation":0},{"Text":"0.02","TextBB":[531.831,345.837,544.063,351.651],"Rotation":0},{"Text":"0","TextBB":[540.578,371.19,544.073,377.004],"Rotation":0},{"Text":"8","TextBB":[493.728,375.616,497.223,381.43],"Rotation":0},{"Text":"0.071","TextBB":[545.998,364.124,560.152,369.357],"Rotation":0},{"Text":"0.036","TextBB":[566.453,364.124,580.607,369.357],"Rotation":0},{"Text":"2","TextBB":[552.442,375.59,555.937,381.404],"Rotation":0},{"Text":"3","TextBB":[572.922,375.59,576.417,381.404],"Rotation":0},{"Text":"0.002","TextBB":[285.88,505.862,299.954,511.065],"Rotation":0},{"Text":"3","TextBB":[211.818,517.261,215.293,523.042],"Rotation":0},{"Text":"4","TextBB":[231.922,517.261,235.397,523.042],"Rotation":0},{"Text":"5","TextBB":[252.001,517.261,255.476,523.042],"Rotation":0},{"Text":"6","TextBB":[272.106,517.261,275.581,523.042],"Rotation":0},{"Text":"7","TextBB":[292.183,517.261,295.658,523.042],"Rotation":0},{"Text":"Number","TextBB":[215.151,523.278,237.376,529.059],"Rotation":0},{"Text":"of","TextBB":[239.114,523.278,244.326,529.059],"Rotation":0},{"Text":"quantization","TextBB":[246.064,523.278,279.764,529.059],"Rotation":0},{"Text":"bits","TextBB":[281.501,523.278,291.226,529.059],"Rotation":0},{"Text":"Upper","TextBB":[463.975,408.524,481.091,414.339],"Rotation":0},{"Text":"Bound","TextBB":[482.838,408.524,501.01,414.339],"Rotation":0},{"Text":"Test","TextBB":[463.975,416.042,476.201,421.857],"Rotation":0},{"Text":"Value","TextBB":[477.948,416.042,494.021,421.857],"Rotation":0},{"Text":"0.04","TextBB":[350.229,428.823,362.461,434.637],"Rotation":0},{"Text":"0.03","TextBB":[350.229,449.801,362.461,455.615],"Rotation":0},{"Text":"0.02","TextBB":[350.229,470.806,362.461,476.621],"Rotation":0},{"Text":"0.001","TextBB":[305.959,505.862,320.032,511.065],"Rotation":0},{"Text":"8","TextBB":[312.288,517.261,315.763,523.042],"Rotation":0},{"Text":"0","TextBB":[358.978,512.816,362.473,518.63],"Rotation":0},{"Text":"0.018","TextBB":[586.934,364.124,601.088,369.357],"Rotation":0},{"Text":"0.009","TextBB":[607.415,364.124,621.569,369.357],"Rotation":0},{"Text":"0.005","TextBB":[627.896,364.124,642.05,369.357],"Rotation":0},{"Text":"0.002","TextBB":[648.377,364.124,662.531,369.357],"Rotation":0},{"Text":"4","TextBB":[593.403,375.59,596.898,381.404],"Rotation":0},{"Text":"5","TextBB":[613.885,375.59,617.38,381.404],"Rotation":0},{"Text":"6","TextBB":[634.365,375.59,637.86,381.404],"Rotation":0},{"Text":"7","TextBB":[654.846,375.59,658.341,381.404],"Rotation":0},{"Text":"Number","TextBB":[576.799,381.64,599.151,387.454],"Rotation":0},{"Text":"of","TextBB":[600.898,381.64,606.14,387.454],"Rotation":0},{"Text":"quantization","TextBB":[607.888,381.64,641.78,387.454],"Rotation":0},{"Text":"bits","TextBB":[643.528,381.64,653.308,387.454],"Rotation":0},{"Text":"0.001","TextBB":[668.858,364.124,683.012,369.357],"Rotation":0},{"Text":"8","TextBB":[675.328,375.59,678.823,381.404],"Rotation":0},{"Text":"(i)","TextBB":[588.951,395.456,594.533,401.271],"Rotation":0},{"Text":"Waveform","TextBB":[596.281,395.456,624.918,401.271],"Rotation":0},{"Text":"Data","TextBB":[626.666,395.456,639.941,401.271],"Rotation":0},{"Text":"Upper","TextBB":[645.444,408.524,662.56,414.339],"Rotation":0},{"Text":"Bound","TextBB":[664.308,408.524,682.48,414.339],"Rotation":0},{"Text":"Test","TextBB":[645.444,416.042,657.67,421.857],"Rotation":0},{"Text":"Value","TextBB":[659.418,416.042,675.49,421.857],"Rotation":0},{"Text":"0.08","TextBB":[531.831,421.567,544.063,427.382],"Rotation":0},{"Text":"0.06","TextBB":[531.831,444.38,544.063,450.194],"Rotation":0},{"Text":"0.04","TextBB":[531.831,467.166,544.063,472.98],"Rotation":0},{"Text":"0.02","TextBB":[531.831,489.977,544.063,495.791],"Rotation":0},{"Text":"0.01","TextBB":[350.229,491.81,362.461,497.625],"Rotation":0},{"Text":"0.005","TextBB":[167.886,495.126,183.524,500.908],"Rotation":0},{"Text":"2","TextBB":[191.74,517.261,195.215,523.042],"Rotation":0},{"Text":"0.05","TextBB":[531.831,307.834,544.063,313.648],"Rotation":0},{"Text":"0.01","TextBB":[531.831,358.513,544.063,364.328],"Rotation":0},{"Text":"0.001","TextBB":[487.258,364.149,501.413,369.382],"Rotation":0},{"Text":"Mis−Clustering","TextBB":[524.462,446.677,530.276,488.414],"Rotation":3},{"Text":"Rate","TextBB":[524.462,431.654,530.276,444.929],"Rotation":3},{"Text":"Upper","TextBB":[282.469,409.215,299.488,414.997],"Rotation":0},{"Text":"Bound","TextBB":[301.226,409.215,319.294,414.997],"Rotation":0},{"Text":"Test","TextBB":[282.469,416.689,294.626,422.47],"Rotation":0},{"Text":"Value","TextBB":[296.363,416.689,312.344,422.47],"Rotation":0},{"Text":"0.070","TextBB":[185.412,505.862,199.486,511.065],"Rotation":0},{"Text":"0.06","TextBB":[531.831,295.184,544.063,300.998],"Rotation":0},{"Text":"(h)","TextBB":[390.694,395.456,398.376,401.271],"Rotation":0},{"Text":"Wisconsin","TextBB":[400.123,395.456,428.761,401.271],"Rotation":0},{"Text":"Breast","TextBB":[430.508,395.456,448.674,401.271],"Rotation":0},{"Text":"Cancer","TextBB":[450.421,395.456,470.68,401.271],"Rotation":0},{"Text":"Data","TextBB":[472.428,395.456,485.703,401.271],"Rotation":0},{"Text":"(g)","TextBB":[237.886,396.219,245.524,402.001],"Rotation":0},{"Text":"Iris","TextBB":[247.261,396.219,255.592,402.001],"Rotation":0},{"Text":"Data","TextBB":[257.33,396.219,270.53,402.001],"Rotation":0},{"Text":"0.03","TextBB":[171.35,406.403,183.512,412.184],"Rotation":0},{"Text":"Upper","TextBB":[645.444,266.926,662.56,272.74],"Rotation":0},{"Text":"Bound","TextBB":[664.308,266.926,682.48,272.74],"Rotation":0},{"Text":"Test","TextBB":[645.444,274.441,657.67,280.255],"Rotation":0},{"Text":"Value","TextBB":[659.418,274.441,675.49,280.255],"Rotation":0},{"Text":"0.08","TextBB":[531.831,269.833,544.063,275.647],"Rotation":0},{"Text":"Mis−Clustering","TextBB":[524.462,305.077,530.276,346.814],"Rotation":3},{"Text":"Rate","TextBB":[524.462,290.054,530.276,303.329],"Rotation":3},{"Text":"Mis−Clustering","TextBB":[342.862,305.077,348.676,346.814],"Rotation":3},{"Text":"Rate","TextBB":[342.862,290.054,348.676,303.329],"Rotation":3},{"Text":"4","TextBB":[169.094,319.817,172.786,325.959],"Rotation":0},{"Text":"(f)","TextBB":[600.422,253.856,606.356,259.671],"Rotation":0},{"Text":"Wine","TextBB":[608.103,253.856,622.422,259.671],"Rotation":0},{"Text":"Data","TextBB":[624.17,253.856,637.445,259.671],"Rotation":0},{"Text":"Upper","TextBB":[463.975,266.926,481.091,272.74],"Rotation":0},{"Text":"Bound","TextBB":[482.838,266.926,501.01,272.74],"Rotation":0},{"Text":"Test","TextBB":[463.975,274.441,476.201,280.255],"Rotation":0},{"Text":"Value","TextBB":[477.948,274.441,494.021,280.255],"Rotation":0},{"Text":"0.05","TextBB":[350.229,280.204,362.461,286.018],"Rotation":0},{"Text":"6","TextBB":[169.094,294.615,172.786,300.756],"Rotation":0},{"Text":"2","TextBB":[169.094,345.021,172.786,351.163],"Rotation":0},{"Text":"Mis−Clustering","TextBB":[160.56,447.15,166.341,488.65],"Rotation":3},{"Text":"Rate","TextBB":[160.56,432.212,166.341,445.412],"Rotation":3},{"Text":"0.04","TextBB":[534.261,164.167,546.081,169.785],"Rotation":0},{"Text":"(e)","TextBB":[406.671,253.856,414.352,259.671],"Rotation":0},{"Text":"Pen−digits","TextBB":[416.099,253.856,445.623,259.671],"Rotation":0},{"Text":"Data","TextBB":[447.371,253.856,460.646,259.671],"Rotation":0},{"Text":"Upper","TextBB":[280.007,260.087,298.087,266.229],"Rotation":0},{"Text":"Bound","TextBB":[299.933,260.087,319.129,266.229],"Rotation":0},{"Text":"Test","TextBB":[280.007,268.027,292.921,274.169],"Rotation":0},{"Text":"Value","TextBB":[294.767,268.027,311.745,274.169],"Rotation":0},{"Text":"0","TextBB":[180.047,512.886,183.522,518.667],"Rotation":0},{"Text":"0.05","TextBB":[534.261,149.589,546.081,155.207],"Rotation":0},{"Text":"(d)","TextBB":[209.238,246.281,217.351,252.423],"Rotation":0},{"Text":"Image","TextBB":[219.197,246.281,237.649,252.423],"Rotation":0},{"Text":"Segmentation","TextBB":[239.495,246.281,280.463,252.423],"Rotation":0},{"Text":"Data","TextBB":[282.309,246.281,296.332,252.423],"Rotation":0},{"Text":"−3","TextBB":[186.247,247.566,191.293,251.661],"Rotation":0},{"Text":"x","TextBB":[173.715,250.072,177.035,256.214],"Rotation":0},{"Text":"10","TextBB":[178.88,250.072,186.264,256.214],"Rotation":0},{"Text":"0","TextBB":[169.094,370.252,172.786,376.394],"Rotation":0},{"Text":"Upper","TextBB":[644.228,121.674,660.767,127.292],"Rotation":0},{"Text":"Bound","TextBB":[662.456,121.674,680.016,127.292],"Rotation":0},{"Text":"Test","TextBB":[644.228,128.987,656.042,134.606],"Rotation":0},{"Text":"Value","TextBB":[657.73,128.987,673.262,134.606],"Rotation":0},{"Text":"0.06","TextBB":[534.261,135.011,546.081,140.63],"Rotation":0},{"Text":"0.2","TextBB":[352.908,206.9,361.532,212.638],"Rotation":0},{"Text":"0","TextBB":[179.501,222.478,182.879,228.096],"Rotation":0},{"Text":"Mis−Clustering","TextBB":[161.312,300.388,167.454,344.476],"Rotation":3},{"Text":"Rate","TextBB":[161.312,284.519,167.454,298.542],"Rotation":3},{"Text":"0.07","TextBB":[534.261,120.433,546.081,126.052],"Rotation":0},{"Text":"Mis−Clustering","TextBB":[527.142,158.567,532.76,198.899],"Rotation":3},{"Text":"Rate","TextBB":[527.142,144.05,532.76,156.878],"Rotation":3},{"Text":"Mis−Clustering","TextBB":[345.637,156.845,351.376,198.04],"Rotation":3},{"Text":"Rate","TextBB":[345.637,142.018,351.376,155.121],"Rotation":3},{"Text":"Mis−Clustering","TextBB":[163.929,158.567,169.548,198.899],"Rotation":3},{"Text":"Rate","TextBB":[163.929,144.05,169.548,156.878],"Rotation":3},{"Text":"0.25","TextBB":[171.049,124.407,182.869,130.025],"Rotation":0},{"Text":"(c)","TextBB":[586.449,109.071,593.531,114.689],"Rotation":0},{"Text":"Gaussian","TextBB":[595.22,109.071,620.876,114.689],"Rotation":0},{"Text":"Data","TextBB":[622.565,109.071,635.393,114.689],"Rotation":0},{"Text":"Upper","TextBB":[461.764,119.164,478.658,124.902],"Rotation":0},{"Text":"Bound","TextBB":[480.382,119.164,498.318,124.902],"Rotation":0},{"Text":"Test","TextBB":[461.764,126.634,473.831,132.373],"Rotation":0},{"Text":"Value","TextBB":[475.556,126.634,491.419,132.373],"Rotation":0},{"Text":"0.074","TextBB":[364.399,505.749,378.553,510.982],"Rotation":0},{"Text":"0.036","TextBB":[384.854,505.749,399.008,510.982],"Rotation":0},{"Text":"2","TextBB":[370.842,517.216,374.337,523.03],"Rotation":0},{"Text":"3","TextBB":[391.322,517.216,394.817,523.03],"Rotation":0},{"Text":"0.018","TextBB":[405.335,505.749,419.489,510.982],"Rotation":0},{"Text":"0.009","TextBB":[425.815,505.749,439.97,510.982],"Rotation":0},{"Text":"0.005","TextBB":[446.297,505.749,460.451,510.982],"Rotation":0},{"Text":"0.002","TextBB":[466.777,505.749,480.931,510.982],"Rotation":0},{"Text":"4","TextBB":[411.803,517.216,415.298,523.03],"Rotation":0},{"Text":"5","TextBB":[432.285,517.216,435.78,523.03],"Rotation":0},{"Text":"6","TextBB":[452.765,517.216,456.26,523.03],"Rotation":0},{"Text":"7","TextBB":[473.247,517.216,476.742,523.03],"Rotation":0},{"Text":"Number","TextBB":[395.199,523.265,417.551,529.079],"Rotation":0},{"Text":"of","TextBB":[419.298,523.265,424.54,529.079],"Rotation":0},{"Text":"quantization","TextBB":[426.288,523.265,460.18,529.079],"Rotation":0},{"Text":"bits","TextBB":[461.928,523.265,471.708,529.079],"Rotation":0},{"Text":"0.001","TextBB":[487.258,505.749,501.413,510.982],"Rotation":0},{"Text":"8","TextBB":[493.728,517.216,497.223,523.03],"Rotation":0},{"Text":"0","TextBB":[540.578,512.79,544.073,518.604],"Rotation":0},{"Text":"0.072","TextBB":[545.998,505.724,560.152,510.957],"Rotation":0},{"Text":"0.036","TextBB":[566.453,505.724,580.607,510.957],"Rotation":0},{"Text":"2","TextBB":[552.442,517.19,555.937,523.004],"Rotation":0},{"Text":"3","TextBB":[572.922,517.19,576.417,523.004],"Rotation":0},{"Text":"0.018","TextBB":[586.934,505.724,601.088,510.957],"Rotation":0},{"Text":"0.009","TextBB":[607.415,505.724,621.569,510.957],"Rotation":0},{"Text":"0.005","TextBB":[627.896,505.724,642.05,510.957],"Rotation":0},{"Text":"0.002","TextBB":[648.377,505.724,662.531,510.957],"Rotation":0},{"Text":"4","TextBB":[593.403,517.19,596.898,523.004],"Rotation":0},{"Text":"5","TextBB":[613.885,517.19,617.38,523.004],"Rotation":0},{"Text":"6","TextBB":[634.365,517.19,637.86,523.004],"Rotation":0},{"Text":"7","TextBB":[654.846,517.19,658.341,523.004],"Rotation":0},{"Text":"Number","TextBB":[576.799,523.24,599.151,529.054],"Rotation":0},{"Text":"of","TextBB":[600.898,523.24,606.14,529.054],"Rotation":0},{"Text":"quantization","TextBB":[607.888,523.24,641.78,529.054],"Rotation":0},{"Text":"bits","TextBB":[643.528,523.24,653.308,529.054],"Rotation":0},{"Text":"0.001","TextBB":[668.858,505.724,683.012,510.957],"Rotation":0},{"Text":"8","TextBB":[675.328,517.19,678.823,523.004],"Rotation":0}],"Mention":["In the experiments, we use data quantization as the perturbation scheme to evaluate the upper bound\nprovided by our analysis on the clustering error. Fig. 7 plots the mis-clustering rate and the upper\nbound for data sets subject to varying degrees of quantization. As expected, the mis-clustering\nrate increases as one decreases the number of quantization bits. We find that the error bounds are\nremarkably tight, which validate the assumptions we make in the analysis. It is also interesting to\nnote that even when using as few as 3-4 bits, the clustering degrades very little in both real error and\nas assessed by our bound. The effectiveness of our bound should allow the practitioner to determine\nthe right amount of quantization given a permitted loss in clustering performance.\n"],"Page":8,"Number":7,"Type":"Figure","CaptionBB":[148,548,700,659],"Height":1100,"Width":850,"DPI":100,"ImageBB":[158,104,688,531]}