{"Type":"Figure",
"Number": 3,
"Page": 5,
"DPI": 100,
"Width": 850,
"Height": 1100,
"CaptionBB": [73,309,413,370],
"Caption": "Figure 3: Conﬁdence maps at four locations during the return home journey for Experiment 1: distance (light dotted), rela- tive orientation (dark dashed), and overall map (solid). Hori- zontal axis: ASR number; vertical axis: conﬁdence (0 to 1). ",
"ImageBB": [98,75,388,294],
"ImageText" : [
{"Rotation": 0,"TextBB": [102.607,76.7725,104.204,79.4293], "Text": "1"},
	{"Rotation": 0,"TextBB": [254.774,76.7725,256.371,79.4293], "Text": "1"},
	{"Rotation": 0,"TextBB": [100.214,86.8725,104.206,89.5293], "Text": "0.9"},
	{"Rotation": 0,"TextBB": [252.381,86.8725,256.373,89.5293], "Text": "0.9"},
	{"Rotation": 0,"TextBB": [100.214,96.9975,104.206,99.6543], "Text": "0.8"},
	{"Rotation": 0,"TextBB": [252.381,96.9975,256.373,99.6543], "Text": "0.8"},
	{"Rotation": 0,"TextBB": [100.214,107.099,104.206,109.756], "Text": "0.7"},
	{"Rotation": 0,"TextBB": [252.381,107.099,256.373,109.756], "Text": "0.7"},
	{"Rotation": 0,"TextBB": [100.214,117.224,104.206,119.881], "Text": "0.6"},
	{"Rotation": 0,"TextBB": [252.381,117.224,256.373,119.881], "Text": "0.6"},
	{"Rotation": 0,"TextBB": [100.214,127.349,104.206,130.006], "Text": "0.5"},
	{"Rotation": 0,"TextBB": [252.381,127.349,256.373,130.006], "Text": "0.5"},
	{"Rotation": 0,"TextBB": [100.214,137.45,104.206,140.107], "Text": "0.4"},
	{"Rotation": 0,"TextBB": [252.381,137.45,256.373,140.107], "Text": "0.4"},
	{"Rotation": 0,"TextBB": [100.214,147.575,104.206,150.232], "Text": "0.3"},
	{"Rotation": 0,"TextBB": [252.381,147.575,256.373,150.232], "Text": "0.3"},
	{"Rotation": 0,"TextBB": [100.214,157.677,104.206,160.333], "Text": "0.2"},
	{"Rotation": 0,"TextBB": [252.381,157.677,256.373,160.333], "Text": "0.2"},
	{"Rotation": 0,"TextBB": [100.214,167.802,104.206,170.458], "Text": "0.1"},
	{"Rotation": 0,"TextBB": [252.381,167.802,256.373,170.458], "Text": "0.1"},
	{"Rotation": 0,"TextBB": [102.607,177.927,104.204,180.583], "Text": "0"},
	{"Rotation": 0,"TextBB": [104.235,180.343,105.832,183], "Text": "0"},
	{"Rotation": 0,"TextBB": [120.248,180.343,121.845,183], "Text": "1"},
	{"Rotation": 0,"TextBB": [136.286,180.343,137.883,183], "Text": "2"},
	{"Rotation": 0,"TextBB": [152.299,180.343,153.896,183], "Text": "3"},
	{"Rotation": 0,"TextBB": [168.336,180.343,169.933,183], "Text": "4"},
	{"Rotation": 0,"TextBB": [184.35,180.343,185.947,183], "Text": "5"},
	{"Rotation": 0,"TextBB": [200.387,180.343,201.984,183], "Text": "6"},
	{"Rotation": 0,"TextBB": [216.4,180.343,217.997,183], "Text": "7"},
	{"Rotation": 0,"TextBB": [232.438,180.343,234.034,183], "Text": "8"},
	{"Rotation": 0,"TextBB": [254.774,177.927,256.371,180.583], "Text": "0"},
	{"Rotation": 0,"TextBB": [256.401,180.343,257.998,183], "Text": "0"},
	{"Rotation": 0,"TextBB": [272.415,180.343,274.012,183], "Text": "1"},
	{"Rotation": 0,"TextBB": [288.453,180.343,290.05,183], "Text": "2"},
	{"Rotation": 0,"TextBB": [304.465,180.343,306.062,183], "Text": "3"},
	{"Rotation": 0,"TextBB": [320.503,180.343,322.1,183], "Text": "4"},
	{"Rotation": 0,"TextBB": [336.515,180.343,338.112,183], "Text": "5"},
	{"Rotation": 0,"TextBB": [352.553,180.343,354.15,183], "Text": "6"},
	{"Rotation": 0,"TextBB": [368.567,180.343,370.164,183], "Text": "7"},
	{"Rotation": 0,"TextBB": [384.603,180.343,386.2,183], "Text": "8"},
	{"Rotation": 0,"TextBB": [102.607,185.439,104.204,188.096], "Text": "1"},
	{"Rotation": 0,"TextBB": [254.774,185.439,256.371,188.096], "Text": "1"},
	{"Rotation": 0,"TextBB": [100.214,195.541,104.206,198.197], "Text": "0.9"},
	{"Rotation": 0,"TextBB": [252.381,195.541,256.373,198.197], "Text": "0.9"},
	{"Rotation": 0,"TextBB": [100.214,205.664,104.206,208.321], "Text": "0.8"},
	{"Rotation": 0,"TextBB": [252.381,205.664,256.373,208.321], "Text": "0.8"},
	{"Rotation": 0,"TextBB": [100.214,215.767,104.206,218.424], "Text": "0.7"},
	{"Rotation": 0,"TextBB": [252.381,215.767,256.373,218.424], "Text": "0.7"},
	{"Rotation": 0,"TextBB": [100.214,225.891,104.206,228.547], "Text": "0.6"},
	{"Rotation": 0,"TextBB": [252.381,225.891,256.373,228.547], "Text": "0.6"},
	{"Rotation": 0,"TextBB": [100.214,236.016,104.206,238.672], "Text": "0.5"},
	{"Rotation": 0,"TextBB": [252.381,236.016,256.373,238.672], "Text": "0.5"},
	{"Rotation": 0,"TextBB": [100.214,246.117,104.206,248.774], "Text": "0.4"},
	{"Rotation": 0,"TextBB": [252.381,246.117,256.373,248.774], "Text": "0.4"},
	{"Rotation": 0,"TextBB": [100.214,256.242,104.206,258.899], "Text": "0.3"},
	{"Rotation": 0,"TextBB": [252.381,256.242,256.373,258.899], "Text": "0.3"},
	{"Rotation": 0,"TextBB": [100.214,266.343,104.206,269], "Text": "0.2"},
	{"Rotation": 0,"TextBB": [252.381,266.343,256.373,269], "Text": "0.2"},
	{"Rotation": 0,"TextBB": [100.214,276.468,104.206,279.125], "Text": "0.1"},
	{"Rotation": 0,"TextBB": [252.381,276.468,256.373,279.125], "Text": "0.1"},
	{"Rotation": 0,"TextBB": [102.607,286.593,104.204,289.25], "Text": "0"},
	{"Rotation": 0,"TextBB": [104.235,289.01,105.832,291.667], "Text": "0"},
	{"Rotation": 0,"TextBB": [120.248,289.01,121.845,291.667], "Text": "1"},
	{"Rotation": 0,"TextBB": [136.286,289.01,137.883,291.667], "Text": "2"},
	{"Rotation": 0,"TextBB": [152.299,289.01,153.896,291.667], "Text": "3"},
	{"Rotation": 0,"TextBB": [168.336,289.01,169.933,291.667], "Text": "4"},
	{"Rotation": 0,"TextBB": [184.35,289.01,185.947,291.667], "Text": "5"},
	{"Rotation": 0,"TextBB": [200.387,289.01,201.984,291.667], "Text": "6"},
	{"Rotation": 0,"TextBB": [216.4,289.01,217.997,291.667], "Text": "7"},
	{"Rotation": 0,"TextBB": [232.438,289.01,234.034,291.667], "Text": "8"},
	{"Rotation": 0,"TextBB": [254.774,286.593,256.371,289.25], "Text": "0"},
	{"Rotation": 0,"TextBB": [256.401,289.01,257.998,291.667], "Text": "0"},
	{"Rotation": 0,"TextBB": [272.415,289.01,274.012,291.667], "Text": "1"},
	{"Rotation": 0,"TextBB": [288.453,289.01,290.05,291.667], "Text": "2"},
	{"Rotation": 0,"TextBB": [304.465,289.01,306.062,291.667], "Text": "3"},
	{"Rotation": 0,"TextBB": [320.503,289.01,322.1,291.667], "Text": "4"},
	{"Rotation": 0,"TextBB": [336.515,289.01,338.112,291.667], "Text": "5"},
	{"Rotation": 0,"TextBB": [352.553,289.01,354.15,291.667], "Text": "6"},
	{"Rotation": 0,"TextBB": [368.567,289.01,370.164,291.667], "Text": "7"},
	{"Rotation": 0,"TextBB": [384.603,289.01,386.2,291.667], "Text": "8"}
]}
