{"Caption":"Figure 4. Task Completion, Response, and Feedthrough Times of the Slow Actor","ImageText":[{"Text":"Feedthrough","TextBB":[505.023,387.316,513.693,437.37],"Rotation":3},{"Text":"Time","TextBB":[505.023,364.427,513.693,384.746],"Rotation":3},{"Text":"(ms)","TextBB":[505.023,344.973,513.693,362.085],"Rotation":3},{"Text":"1000","TextBB":[354.8,345.527,372.769,354.175],"Rotation":0},{"Text":"240","TextBB":[206.512,345.585,220.114,354.233],"Rotation":0},{"Text":"Response","TextBB":[347.263,393.582,355.934,431.472],"Rotation":3},{"Text":"Time","TextBB":[347.263,370.864,355.934,391.204],"Rotation":3},{"Text":"(ms)","TextBB":[347.263,351.437,355.934,368.486],"Rotation":3},{"Text":"Task","TextBB":[192.417,424.572,201.085,443.223],"Rotation":3},{"Text":"Completion","TextBB":[192.417,374.837,201.085,421.997],"Rotation":3},{"Text":"Time","TextBB":[192.417,351.946,201.085,372.261],"Rotation":3},{"Text":"(s)","TextBB":[192.417,339.839,201.085,349.571],"Rotation":3},{"Text":"230","TextBB":[206.512,360.215,220.114,368.862],"Rotation":0},{"Text":"220","TextBB":[206.512,374.109,220.114,382.757],"Rotation":0},{"Text":"210","TextBB":[206.512,388.738,220.114,397.386],"Rotation":0},{"Text":"200","TextBB":[206.512,403.367,220.114,412.015],"Rotation":0},{"Text":"190","TextBB":[206.512,417.298,220.114,425.946],"Rotation":0},{"Text":"180","TextBB":[206.512,431.927,220.114,440.575],"Rotation":0},{"Text":"800","TextBB":[359.2,363.089,372.769,371.736],"Rotation":0},{"Text":"600","TextBB":[359.2,380.651,372.769,389.299],"Rotation":0},{"Text":"400","TextBB":[359.2,397.479,372.769,406.127],"Rotation":0},{"Text":"200","TextBB":[359.2,415.043,372.769,423.691],"Rotation":0},{"Text":"0","TextBB":[368,432.607,372.769,441.254],"Rotation":0},{"Text":"0","TextBB":[237.342,445.822,242.11,454.469],"Rotation":0},{"Text":"72","TextBB":[259.334,445.822,268.501,454.469],"Rotation":0},{"Text":"162","TextBB":[281.368,445.822,294.934,454.469],"Rotation":0},{"Text":"370","TextBB":[305.56,445.822,319.126,454.469],"Rotation":0},{"Text":"Delay","TextBB":[254.938,455.354,277.323,464.001],"Rotation":0},{"Text":"(ms)","TextBB":[279.922,455.354,297.004,464.001],"Rotation":0},{"Text":"Centralized","TextBB":[264.56,478.065,307.527,486.712],"Rotation":0},{"Text":"On","TextBB":[310.089,478.065,321.46,486.712],"Rotation":0},{"Text":"Fast","TextBB":[324.022,478.065,340.609,486.712],"Rotation":0},{"Text":"0","TextBB":[390,446.501,394.769,455.149],"Rotation":0},{"Text":"72","TextBB":[413.467,446.501,422.637,455.149],"Rotation":0},{"Text":"162","TextBB":[436.966,446.501,450.536,455.149],"Rotation":0},{"Text":"Delay","TextBB":[409.802,455.301,432.23,463.948],"Rotation":0},{"Text":"(ms)","TextBB":[434.794,455.301,451.881,463.948],"Rotation":0},{"Text":"370","TextBB":[462.634,446.501,476.203,455.149],"Rotation":0},{"Text":"700","TextBB":[519.122,345.608,532.691,354.255],"Rotation":0},{"Text":"600","TextBB":[519.122,358.035,532.691,366.682],"Rotation":0},{"Text":"500","TextBB":[519.122,370.462,532.691,379.109],"Rotation":0},{"Text":"400","TextBB":[519.122,382.928,532.691,391.574],"Rotation":0},{"Text":"300","TextBB":[519.122,394.621,532.691,403.268],"Rotation":0},{"Text":"200","TextBB":[519.122,407.048,532.691,415.695],"Rotation":0},{"Text":"100","TextBB":[519.122,419.513,532.691,428.16],"Rotation":0},{"Text":"0","TextBB":[527.922,431.942,532.691,440.589],"Rotation":0},{"Text":"0","TextBB":[549.923,445.838,554.692,454.484],"Rotation":0},{"Text":"72","TextBB":[572.693,445.838,581.862,454.484],"Rotation":0},{"Text":"162","TextBB":[594.693,445.838,608.262,454.484],"Rotation":0},{"Text":"370","TextBB":[619.625,445.838,633.194,454.484],"Rotation":0},{"Text":"Delay","TextBB":[568.291,455.369,590.681,464.016],"Rotation":0},{"Text":"(ms)","TextBB":[593.243,455.369,610.329,464.016],"Rotation":0},{"Text":"Centralized","TextBB":[412.792,478.065,455.759,486.712],"Rotation":0},{"Text":"On","TextBB":[458.321,478.065,469.691,486.712],"Rotation":0},{"Text":"Slow","TextBB":[472.254,478.065,491.607,486.712],"Rotation":0}],"Mention":["To experimentally validate this scenario, we used the median observed think \ntime of 4.5s. The results in Figure 4 confirm our analyses. As we see, centralizing \non the slow computer offers relative gains of as much as 69% for response time \nand 10% for the task completion time. As expected, when think times dominate \nthe task completion time, the relative task completion time difference is not large. \n"],"Page":17,"Number":4,"Type":"Figure","CaptionBB":[173,514,572,527],"Height":1169,"Width":826,"DPI":100,"ImageBB":[183,331,649,494]}