{"Caption":"Figure 4. Average Response Time for Sparse-      density Web Graphs (4000 objects) ","ImageText":[{"Text":"Avg.","TextBB":[94.9491,291.367,102.315,308.25],"Rotation":3},{"Text":"Respone","TextBB":[94.9491,255.481,102.315,288.665],"Rotation":3},{"Text":"Time","TextBB":[94.9491,233.978,102.315,253.163],"Rotation":3},{"Text":"Waxman","TextBB":[131.25,205.546,171.581,214.612],"Rotation":0},{"Text":"Network","TextBB":[174.128,205.546,213.249,214.612],"Rotation":0},{"Text":"Topology","TextBB":[215.712,205.546,260.428,214.612],"Rotation":0},{"Text":"-","TextBB":[262.888,205.546,266.156,214.612],"Rotation":0},{"Text":"Sparse","TextBB":[268.389,205.546,301.431,214.612],"Rotation":0},{"Text":"Graph","TextBB":[303.977,205.546,332.643,214.612],"Rotation":0},{"Text":"0,27","TextBB":[106.75,230.699,122.265,238.065],"Rotation":0},{"Text":"0,25","TextBB":[106.75,245.365,122.265,252.731],"Rotation":0},{"Text":"Popularity","TextBB":[338.25,247.865,373.481,255.231],"Rotation":0},{"Text":"0,23","TextBB":[106.75,260.116,122.265,267.482],"Rotation":0},{"Text":"Random","TextBB":[338.25,260.699,367.553,268.065],"Rotation":0},{"Text":"0,21","TextBB":[106.75,274.199,122.265,281.564],"Rotation":0},{"Text":"Lat-cdn","TextBB":[338.25,273.615,364.765,280.981],"Rotation":0},{"Text":"0,19","TextBB":[106.75,288.865,122.265,296.231],"Rotation":0},{"Text":"il2p","TextBB":[338.25,286.449,350.679,293.815],"Rotation":0},{"Text":"0,17","TextBB":[106.75,303.615,122.265,310.981],"Rotation":0},{"Text":"1%","TextBB":[122.667,315.198,134.086,322.564],"Rotation":0},{"Text":"3%","TextBB":[180.247,315.198,191.668,322.564],"Rotation":0},{"Text":"5%","TextBB":[237.246,315.198,248.583,322.564],"Rotation":0},{"Text":"10%","TextBB":[292.327,315.198,307.996,322.564],"Rotation":0},{"Text":"Cache","TextBB":[191.917,329.531,215.931,336.897],"Rotation":0},{"Text":"Size","TextBB":[218.832,329.531,235.516,336.897],"Rotation":0},{"Text":"Avg.","TextBB":[95.5378,462.867,102.897,479.75],"Rotation":3},{"Text":"Response","TextBB":[95.5378,422.648,102.897,460.165],"Rotation":3},{"Text":"Time","TextBB":[95.5378,401.229,102.897,420.414],"Rotation":3},{"Text":"AS","TextBB":[145.333,375.302,158.627,384.36],"Rotation":0},{"Text":"Network","TextBB":[161.25,375.302,200.349,384.36],"Rotation":0},{"Text":"Topology","TextBB":[202.918,375.302,247.486,384.36],"Rotation":0},{"Text":"-","TextBB":[250.055,375.302,253.323,384.36],"Rotation":0},{"Text":"Sparse","TextBB":[255.556,375.302,288.56,384.36],"Rotation":0},{"Text":"Graph","TextBB":[291.045,375.302,319.733,384.36],"Rotation":0},{"Text":"0,27","TextBB":[107.333,400.372,122.848,407.731],"Rotation":0},{"Text":"0,25","TextBB":[107.333,415.038,122.848,422.397],"Rotation":0},{"Text":"Popularity","TextBB":[338.833,417.454,374.065,424.813],"Rotation":0},{"Text":"0,23","TextBB":[107.333,429.122,122.848,436.481],"Rotation":0},{"Text":"Random","TextBB":[338.833,430.287,368.136,437.646],"Rotation":0},{"Text":"0,21","TextBB":[107.333,443.788,122.848,451.147],"Rotation":0},{"Text":"Lat-cdn","TextBB":[338.833,443.204,365.348,450.563],"Rotation":0},{"Text":"0,19","TextBB":[107.333,457.871,122.848,465.23],"Rotation":0},{"Text":"il2p","TextBB":[338.833,456.037,351.263,463.396],"Rotation":0},{"Text":"0,17","TextBB":[107.333,472.537,122.848,479.896],"Rotation":0},{"Text":"1%","TextBB":[123.25,484.205,134.67,491.564],"Rotation":0},{"Text":"3%","TextBB":[180.831,484.205,192.251,491.564],"Rotation":0},{"Text":"5%","TextBB":[237.829,484.205,249.166,491.564],"Rotation":0},{"Text":"10%","TextBB":[292.91,484.205,308.58,491.564],"Rotation":0},{"Text":"Cache","TextBB":[192.501,498.538,216.515,505.897],"Rotation":0},{"Text":"Size","TextBB":[219.415,498.538,236.099,505.897],"Rotation":0}],"Mention":["In Figure 4, we plot the results from experiments with \n4000 outsourced objects (sparse-density Web graph). The \nresults are very similar to the results from the previous \nexperiment. In general, for both network topologies, the \nil2p approach outperforms all the other heuristics.  \n"],"Page":8,"Number":4,"Type":"Figure","CaptionBB":[92,520,386,550],"Height":1169,"Width":826,"DPI":100,"ImageBB":[82,195,381,519]}