{"Caption":"Figure 11: Optimizing Rewriting Generation","ImageText":[{"Text":"300","TextBB":[454.14,114.683,472.384,124.8],"Rotation":0},{"Text":"200","TextBB":[454.14,135.882,472.384,145.999],"Rotation":0},{"Text":"100","TextBB":[454.14,157.105,472.384,167.222],"Rotation":0},{"Text":"0","TextBB":[466.303,178.329,472.384,188.446],"Rotation":0},{"Text":"3","TextBB":[483.203,185.334,489.284,195.452],"Rotation":0},{"Text":"4","TextBB":[509.14,185.334,515.222,195.452],"Rotation":0},{"Text":"5","TextBB":[535.053,185.334,541.134,195.452],"Rotation":0},{"Text":"|Q|","TextBB":[530.938,194.814,545.134,204.931],"Rotation":0},{"Text":"6","TextBB":[560.964,185.334,567.045,195.452],"Rotation":0},{"Text":"OSQR−R","TextBB":[649.333,85.6958,689.186,94.3676],"Rotation":0},{"Text":"Random","TextBB":[699.542,85.6965,734.97,94.3684],"Rotation":0},{"Text":"Worst","TextBB":[747.381,85.6965,771.859,94.3684],"Rotation":0},{"Text":"15","TextBB":[623.474,103.659,634.594,112.909],"Rotation":0},{"Text":"10","TextBB":[623.474,129.335,634.594,138.585],"Rotation":0},{"Text":"5","TextBB":[629.047,155.013,634.607,164.263],"Rotation":0},{"Text":"0","TextBB":[629.047,180.689,634.607,189.939],"Rotation":0},{"Text":"7","TextBB":[586.901,185.334,592.983,195.452],"Rotation":0},{"Text":"(a)","TextBB":[447.333,212.402,461.478,222.078],"Rotation":0},{"Text":"ASK","TextBB":[465.166,212.402,484.809,222.088],"Rotation":0},{"Text":"queries","TextBB":[488.666,212.402,522.546,222.078],"Rotation":0},{"Text":"over","TextBB":[525.995,212.402,545.977,222.078],"Rotation":0},{"Text":"query","TextBB":[549.653,212.402,576.793,222.078],"Rotation":0},{"Text":"size","TextBB":[580.313,212.402,597.734,222.078],"Rotation":0},{"Text":"3","TextBB":[646.417,187.174,651.977,196.424],"Rotation":0},{"Text":"4","TextBB":[673.76,187.174,679.32,196.424],"Rotation":0},{"Text":"5","TextBB":[701.104,187.174,706.664,196.424],"Rotation":0},{"Text":"|Q|","TextBB":[696.729,195.98,710.926,206.097],"Rotation":0},{"Text":"6","TextBB":[728.447,187.174,734.007,196.424],"Rotation":0},{"Text":"7","TextBB":[755.792,187.174,761.352,196.424],"Rotation":0},{"Text":"(b)","TextBB":[619.5,213.569,634.316,223.245],"Rotation":0},{"Text":"Eval.","TextBB":[637.826,213.569,662.279,223.245],"Rotation":0},{"Text":"time","TextBB":[667.146,213.569,688.72,223.245],"Rotation":0},{"Text":"over","TextBB":[692.3,213.569,712.282,223.245],"Rotation":0},{"Text":"query","TextBB":[716.124,213.569,743.264,223.245],"Rotation":0},{"Text":"size","TextBB":[746.784,213.569,764.205,223.245],"Rotation":0},{"Text":"400","TextBB":[454.14,93.4594,472.384,103.577],"Rotation":0},{"Text":"20","TextBB":[623.474,77.9811,634.594,87.2311],"Rotation":0},{"Text":"Worst","TextBB":[580.026,84.3786,602.873,92.4724],"Rotation":0},{"Text":"Random","TextBB":[534.479,84.3786,567.545,92.4724],"Rotation":0},{"Text":"Time","TextBB":[611.74,146.223,621.857,170.526],"Rotation":3},{"Text":"(seconds)","TextBB":[611.74,95.167,621.857,143.183],"Rotation":3},{"Text":"Number","TextBB":[442.408,130.335,452.525,169.229],"Rotation":3},{"Text":"of","TextBB":[442.408,118.173,452.525,127.295],"Rotation":3},{"Text":"ASK","TextBB":[442.408,93.2464,452.525,115.132],"Rotation":3},{"Text":"OSQR−R","TextBB":[487.058,84.3783,524.254,92.4721],"Rotation":0}],"Mention":["Optimizing the Generation of Rewritings: Here, we\ninvestigate the influence of sub-query (i.e., triple pattern)\nordering to OSQR. Since the objective of ordering is to im-\nprove the effectiveness of pruning, in OSQR we only switch\noff merging views; the algorithm is denoted as OSQR-R. We\nconsider the same experimental setup with the one used in\nour first experiment, shown in Figure 3. For this setup,\nFigure 11 compares the performance of OSQR-R using 3 dif-\nferent reordering strategies. The figure shows the number of\nASK queries issued during query rewriting (to detect empty\nrewritings), and the evaluation time of the rewritten query.\nNote that all the three reordering strategies result in the\nsame number of nonempty rewritings, and only the num-\nbers of ASK queries issued during rewriting are different; the\nlatter affects the evaluation times, as shown in Figure 10.\nUsing the proposed ordering on the size of CandV, OSQR-R\n"],"Page":9,"Number":11,"Type":"Figure","CaptionBB":[460,236,751,250],"Height":1100,"Width":850,"DPI":100,"ImageBB":[440,75,775,225]}