{"Caption":"Figure 8. Convergence for uniform (left) and exponential (right) distributions under the Bayesian approach, when the prior places probability only on distributions of the correct type (uniform or exponential). ","ImageText":[{"Text":"100","TextBB":[153.238,241.314,162.992,246.723],"Rotation":0},{"Text":"150","TextBB":[183.771,241.314,193.524,246.723],"Rotation":0},{"Text":"200","TextBB":[214.308,241.314,224.061,246.723],"Rotation":0},{"Text":"50","TextBB":[299.827,241.314,306.329,246.723],"Rotation":0},{"Text":"100","TextBB":[328.739,241.314,338.492,246.723],"Rotation":0},{"Text":"150","TextBB":[359.271,241.314,369.024,246.723],"Rotation":0},{"Text":"200","TextBB":[389.809,241.314,399.562,246.723],"Rotation":0},{"Text":"Rounds","TextBB":[324.15,255.348,344.3,260.756],"Rotation":0},{"Text":"0","TextBB":[270.915,241.314,274.166,246.723],"Rotation":0},{"Text":"Rounds","TextBB":[148.65,255.348,168.8,260.756],"Rotation":0},{"Text":"50","TextBB":[124.327,241.314,130.829,246.723],"Rotation":0},{"Text":"0","TextBB":[95.415,241.314,98.6661,246.723],"Rotation":0},{"Text":"Reward","TextBB":[416.116,182.977,421.524,203.121],"Rotation":3},{"Text":"for","TextBB":[416.116,174.528,421.524,181.352],"Rotation":3},{"Text":"Action","TextBB":[416.116,156.653,421.524,172.902],"Rotation":3},{"Text":"1","TextBB":[416.116,151.776,421.524,155.027],"Rotation":3},{"Text":"1.0","TextBB":[255.649,122.063,261.058,130.191],"Rotation":3},{"Text":"0.8","TextBB":[255.649,142.592,261.058,150.719],"Rotation":3},{"Text":"0.6","TextBB":[255.649,163.121,261.058,171.248],"Rotation":3},{"Text":"0.0","TextBB":[255.649,224.711,261.058,232.839],"Rotation":3},{"Text":"0.2","TextBB":[255.649,204.182,261.058,212.31],"Rotation":3},{"Text":"0.4","TextBB":[255.649,183.654,261.058,191.782],"Rotation":3},{"Text":"Reward","TextBB":[241.616,182.977,247.024,203.121],"Rotation":3},{"Text":"for","TextBB":[241.616,174.528,247.024,181.352],"Rotation":3},{"Text":"Action","TextBB":[241.616,156.653,247.024,172.902],"Rotation":3},{"Text":"1","TextBB":[241.616,151.776,247.024,155.027],"Rotation":3},{"Text":"0.6","TextBB":[80.1491,163.121,85.5577,171.248],"Rotation":3},{"Text":"0.4","TextBB":[80.1491,183.654,85.5577,191.782],"Rotation":3},{"Text":"0.0","TextBB":[80.1491,224.711,85.5577,232.839],"Rotation":3},{"Text":"0.2","TextBB":[80.1491,204.182,85.5577,212.31],"Rotation":3},{"Text":"Reward","TextBB":[66.1159,182.977,71.5245,203.121],"Rotation":3},{"Text":"for","TextBB":[66.1159,174.528,71.5245,181.352],"Rotation":3},{"Text":"Action","TextBB":[66.1159,156.653,71.5245,172.902],"Rotation":3},{"Text":"1","TextBB":[66.1159,151.776,71.5245,155.027],"Rotation":3},{"Text":"0.8","TextBB":[80.1491,142.592,85.5577,150.719],"Rotation":3},{"Text":"1.0","TextBB":[80.1491,122.063,85.5577,130.191],"Rotation":3}],"Mention":["Again, we run experiments on both a uniform distribution\nover [0, 1], and an exponential distribution with λ = 1.\nWe must now also specify the principal\u2019s prior beliefs, and\nwe do so as follows. In each case, the principal knows\nthe type of distribution (uniform over [0, k], or exponen-\ntial with parameter λ), but is uncertain about the param-\neter in the distribution (k or λ, respectively). Specifi-\ncally, the principal initially believes that the parameter (k\nor λ, respectively) is equally likely to be any member of\n{0.00, 0.01, . . . , 10.00}. The results are in Figures 8 and 9.\n"],"Page":7,"Number":8,"Type":"Figure","CaptionBB":[75,267,402,326],"Height":1100,"Width":850,"DPI":100,"ImageBB":[64,120,423,262]}