{"Type":"Figure",
"Number": 10,
"Page": 29,
"DPI": 100,
"Width": 850,
"Height": 1100,
"CaptionBB": [98,524,750,600],
"Caption": "Figure 10: The global rodeo averaged over 10 runs on Turlach’s example. The left plot shows the bandwidths for the five relevant variables. Since the linear effects (variables two through five) have been subtracted off, bandwidths h2 , h3 , h4 , h5 are not shrunk. The right plot shows the bandwidths for the other, irrelevant, variables. ",
"ImageBB": [152,141,679,480],
"ImageText" : [
{"Rotation": 3,"TextBB": [451.538,147.647,459.58,159.731], "Text": "1.0"},
	{"Rotation": 3,"TextBB": [176.488,147.647,184.53,159.731], "Text": "1.0"},
	{"Rotation": 0,"TextBB": [391.21,160.987,394.969,167.241], "Text": "4"},
	{"Rotation": 3,"TextBB": [451.538,201.956,459.58,214.041], "Text": "0.8"},
	{"Rotation": 0,"TextBB": [664.379,207.248,671.899,213.503], "Text": "10"},
	{"Rotation": 0,"TextBB": [391.21,246.748,394.969,253.003], "Text": "3"},
	{"Rotation": 0,"TextBB": [666.258,245.946,670.018,252.201], "Text": "6"},
	{"Rotation": 3,"TextBB": [451.538,364.878,459.58,376.963], "Text": "0.2"},
	{"Rotation": 3,"TextBB": [451.538,310.569,459.58,322.654], "Text": "0.4"},
	{"Rotation": 3,"TextBB": [429.978,266.909,438.914,312.013], "Text": "Bandwidth"},
	{"Rotation": 3,"TextBB": [176.488,310.569,184.53,322.654], "Text": "0.4"},
	{"Rotation": 3,"TextBB": [451.538,256.265,459.58,268.35], "Text": "0.6"},
	{"Rotation": 0,"TextBB": [666.258,221.009,670.018,227.264], "Text": "8"},
	{"Rotation": 0,"TextBB": [666.258,223.149,670.018,229.404], "Text": "9"},
	{"Rotation": 0,"TextBB": [666.258,227.941,670.018,234.196], "Text": "7"},
	{"Rotation": 3,"TextBB": [176.488,256.265,184.53,268.35], "Text": "0.6"},
	{"Rotation": 0,"TextBB": [391.21,221.738,394.969,227.993], "Text": "2"},
	{"Rotation": 3,"TextBB": [176.488,364.878,184.53,376.963], "Text": "0.2"},
	{"Rotation": 3,"TextBB": [154.928,266.909,163.864,312.013], "Text": "Bandwidth"},
	{"Rotation": 3,"TextBB": [176.488,201.956,184.53,214.041], "Text": "0.8"},
	{"Rotation": 0,"TextBB": [391.21,191.952,394.969,198.207], "Text": "5"},
	{"Rotation": 3,"TextBB": [451.538,419.187,459.58,431.272], "Text": "0.0"},
	{"Rotation": 3,"TextBB": [176.488,419.187,184.53,431.272], "Text": "0.0"},
	{"Rotation": 0,"TextBB": [391.21,385.245,394.969,391.5], "Text": "1"},
	{"Rotation": 0,"TextBB": [220.465,448.628,225.299,456.671], "Text": "2"},
	{"Rotation": 0,"TextBB": [260.516,448.628,265.35,456.671], "Text": "4"},
	{"Rotation": 0,"TextBB": [300.562,448.628,305.396,456.671], "Text": "6"},
	{"Rotation": 0,"TextBB": [340.613,448.628,345.447,456.671], "Text": "8"},
	{"Rotation": 0,"TextBB": [378.242,448.628,387.91,456.671], "Text": "10"},
	{"Rotation": 0,"TextBB": [495.515,448.628,500.349,456.671], "Text": "2"},
	{"Rotation": 0,"TextBB": [272.468,468.802,300.927,477.737], "Text": "Rodeo"},
	{"Rotation": 0,"TextBB": [303.612,468.802,323.483,477.737], "Text": "Step"},
	{"Rotation": 0,"TextBB": [535.566,448.628,540.4,456.671], "Text": "4"},
	{"Rotation": 0,"TextBB": [575.612,448.628,580.446,456.671], "Text": "6"},
	{"Rotation": 0,"TextBB": [615.663,448.628,620.497,456.671], "Text": "8"},
	{"Rotation": 0,"TextBB": [653.292,448.628,662.96,456.671], "Text": "10"},
	{"Rotation": 0,"TextBB": [547.518,468.802,575.977,477.737], "Text": "Rodeo"},
	{"Rotation": 0,"TextBB": [578.662,468.802,598.533,477.737], "Text": "Step"}
]}
