{"Caption":"Figure 16: CPU time versus query agility and speed","ImageText":[{"Text":"OVH","TextBB":[192.123,149.21,210.317,156.723],"Rotation":0},{"Text":"1.4","TextBB":[81.2761,166.847,87.9435,171.627],"Rotation":0},{"Text":"IMA","TextBB":[240.357,149.21,256.669,156.723],"Rotation":0},{"Text":"1.4","TextBB":[248.526,165.099,255.307,169.96],"Rotation":0},{"Text":"CPU","TextBB":[93.7749,168.684,105.838,174.297],"Rotation":0},{"Text":"time","TextBB":[107.354,168.684,118.301,174.297],"Rotation":0},{"Text":"(sec)","TextBB":[119.698,168.684,131.496,174.297],"Rotation":0},{"Text":"GMA","TextBB":[286.709,149.21,306.352,156.723],"Rotation":0},{"Text":"CPU","TextBB":[262.179,166.653,274.447,172.361],"Rotation":0},{"Text":"time","TextBB":[275.988,166.653,287.12,172.361],"Rotation":0},{"Text":"(sec)","TextBB":[288.542,166.653,300.54,172.361],"Rotation":0},{"Text":"1.2","TextBB":[248.526,178.28,255.306,183.141],"Rotation":0},{"Text":"1.2","TextBB":[81.2761,179.809,87.9435,184.589],"Rotation":0},{"Text":"1","TextBB":[85.1338,192.462,87.7892,197.242],"Rotation":0},{"Text":"1","TextBB":[252.292,191.148,254.993,196.009],"Rotation":0},{"Text":"0.8","TextBB":[81.2761,205.269,87.9435,210.049],"Rotation":0},{"Text":"0.8","TextBB":[248.526,204.172,255.306,209.033],"Rotation":0},{"Text":"0.6","TextBB":[81.2761,218.231,87.9435,223.011],"Rotation":0},{"Text":"0.6","TextBB":[248.526,217.354,255.306,222.214],"Rotation":0},{"Text":"0.4","TextBB":[248.526,230.378,255.306,235.239],"Rotation":0},{"Text":"0.4","TextBB":[81.2761,231.039,87.9435,235.818],"Rotation":0},{"Text":"0.2","TextBB":[248.526,243.246,255.306,248.107],"Rotation":0},{"Text":"query","TextBB":[190.371,250.775,204.29,256.388],"Rotation":0},{"Text":"agility","TextBB":[205.493,250.775,221.264,256.388],"Rotation":0},{"Text":"(%)","TextBB":[222.467,250.775,231.641,256.388],"Rotation":0},{"Text":"0","TextBB":[85.1338,256.499,87.7892,261.279],"Rotation":0},{"Text":"0","TextBB":[90.5344,264.523,93.1898,269.303],"Rotation":0},{"Text":"5","TextBB":[125.408,264.523,128.063,269.303],"Rotation":0},{"Text":"10","TextBB":[158.584,264.523,163.862,269.303],"Rotation":0},{"Text":"20","TextBB":[227.713,264.06,232.992,268.84],"Rotation":0},{"Text":"15","TextBB":[193.457,264.523,198.735,269.303],"Rotation":0},{"Text":"query","TextBB":[369.827,250.135,383.982,255.843],"Rotation":0},{"Text":"speed","TextBB":[385.205,250.135,399.361,255.843],"Rotation":0},{"Text":"0","TextBB":[252.292,256.27,254.993,261.131],"Rotation":0},{"Text":"0.25","TextBB":[254.489,264.43,263.937,269.291],"Rotation":0},{"Text":"0.5","TextBB":[290.895,264.43,297.675,269.291],"Rotation":0},{"Text":"(a)","TextBB":[109.892,273.957,126.24,287.027],"Rotation":0},{"Text":"Effect","TextBB":[130.447,273.957,162.968,287.027],"Rotation":0},{"Text":"of","TextBB":[167.238,273.957,177.544,287.027],"Rotation":0},{"Text":"f","TextBB":[181.842,273.957,188.051,287.027],"Rotation":0},{"Text":"qry","TextBB":[188.052,278.865,203.436,287.589],"Rotation":0},{"Text":"1","TextBB":[327.615,264.43,330.315,269.291],"Rotation":0},{"Text":"4","TextBB":[397.445,264.273,400.146,269.134],"Rotation":0},{"Text":"2","TextBB":[362.608,264.43,365.309,269.291],"Rotation":0},{"Text":"(b)","TextBB":[276.744,273.957,293.803,287.027],"Rotation":0},{"Text":"Effect","TextBB":[298.022,273.957,330.544,287.027],"Rotation":0},{"Text":"of","TextBB":[334.814,273.957,345.119,287.027],"Rotation":0},{"Text":"v","TextBB":[349.417,273.957,355.631,287.027],"Rotation":0},{"Text":"qry","TextBB":[355.627,278.865,371.019,287.589],"Rotation":0},{"Text":"0.2","TextBB":[81.2761,243.692,87.9435,248.472],"Rotation":0}],"Mention":["no mention found","no mention found"],"Page":11,"Number":16,"Type":"Figure","CaptionBB":[73,306,407,321],"Height":1100,"Width":850,"DPI":100,"ImageBB":[79,146,403,290]}