{"Caption":"Table 2. Varying the µ threshold.","ImageText":[{"Text":"300","TextBB":[229.329,725.85,244.56,732.501],"Rotation":0},{"Text":"200","TextBB":[229.329,741.577,244.56,748.228],"Rotation":0},{"Text":"100","TextBB":[229.329,757.304,244.56,763.955],"Rotation":0},{"Text":"0","TextBB":[238.218,773.03,243.295,779.681],"Rotation":0},{"Text":"0","TextBB":[248.474,786.706,253.551,793.357],"Rotation":0},{"Text":"200","TextBB":[271.431,786.706,286.662,793.357],"Rotation":0},{"Text":"400","TextBB":[299.175,786.706,314.406,793.357],"Rotation":0},{"Text":"600","TextBB":[326.235,786.706,341.466,793.357],"Rotation":0},{"Text":"800","TextBB":[353.295,786.706,368.526,793.357],"Rotation":0},{"Text":"1000","TextBB":[378.988,786.706,399.296,793.357],"Rotation":0},{"Text":"Matrix","TextBB":[301.808,801.951,335.731,809.358],"Rotation":0},{"Text":"Size","TextBB":[341.385,801.951,364.001,809.358],"Rotation":0},{"Text":"Total","TextBB":[272.406,819.729,300.675,827.135],"Rotation":0},{"Text":"C","TextBB":[322.321,819.729,327.974,827.135],"Rotation":0},{"Text":"DRs","TextBB":[333.628,819.729,350.59,827.135],"Rotation":0},{"Text":"NC","TextBB":[372.92,819.729,384.228,827.135],"Rotation":0},{"Text":"DRs","TextBB":[389.882,819.729,406.843,827.135],"Rotation":0},{"Text":"Fig.","TextBB":[231.717,845.659,258.526,860.188],"Rotation":0},{"Text":"6.","TextBB":[263.825,845.659,276.201,860.188],"Rotation":0},{"Text":"Increasing","TextBB":[280.815,845.659,342.044,860.188],"Rotation":0},{"Text":"matrix","TextBB":[346.652,845.659,387.05,860.188],"Rotation":0},{"Text":"size","TextBB":[391.657,845.659,413.257,860.188],"Rotation":0},{"Text":"Running","TextBB":[444.763,759.178,451.368,794.474],"Rotation":3},{"Text":"Time(s)","TextBB":[444.763,718.841,451.368,754.136],"Rotation":3},{"Text":"Running","TextBB":[217.271,765.622,223.922,801.16],"Rotation":3},{"Text":"Time","TextBB":[217.271,740.237,223.922,760.545],"Rotation":3},{"Text":"(s)","TextBB":[217.271,719.929,223.922,735.16],"Rotation":3},{"Text":"700","TextBB":[457.582,719.557,472.708,726.162],"Rotation":0},{"Text":"600","TextBB":[457.582,731.448,472.708,738.053],"Rotation":0},{"Text":"500","TextBB":[457.582,743.034,472.708,749.639],"Rotation":0},{"Text":"400","TextBB":[457.582,754.925,472.708,761.53],"Rotation":0},{"Text":"300","TextBB":[457.582,766.206,472.708,772.812],"Rotation":0},{"Text":"200","TextBB":[457.582,778.097,472.708,784.702],"Rotation":0},{"Text":"100","TextBB":[457.582,789.379,472.708,795.984],"Rotation":0},{"Text":"0","TextBB":[466.119,801.269,471.161,807.875],"Rotation":0},{"Text":"0","TextBB":[475.571,813.77,480.613,820.376],"Rotation":0},{"Text":"2","TextBB":[502.238,813.77,507.28,820.376],"Rotation":0},{"Text":"4","TextBB":[528.905,813.77,533.947,820.376],"Rotation":0},{"Text":"6","TextBB":[555.267,813.77,560.309,820.376],"Rotation":0},{"Text":"Dimensions","TextBB":[511.853,824.747,562.276,831.352],"Rotation":0},{"Text":"8","TextBB":[581.934,813.77,586.976,820.376],"Rotation":0},{"Text":"PMDR","TextBB":[579.541,828.405,599.71,835.011],"Rotation":0},{"Text":"10","TextBB":[606.467,813.77,616.551,820.376],"Rotation":0},{"Text":"SMDR","TextBB":[609.42,828.405,629.589,835.011],"Rotation":0},{"Text":"Fig.","TextBB":[450.973,845.659,477.781,860.188],"Rotation":0},{"Text":"7.","TextBB":[483.081,845.659,495.457,860.188],"Rotation":0},{"Text":"Increasing","TextBB":[500.07,845.659,561.3,860.188],"Rotation":0},{"Text":"dimensions","TextBB":[565.908,845.659,632.173,860.188],"Rotation":0}],"Mention":["no mention found"],"Page":11,"Number":2,"Type":"Table","CaptionBB":[329,655,524,670],"Height":1100,"Width":850,"DPI":100,"ImageBB":[213,711,644,862]}