{"Caption":"Figure 3. Results for the mazes in Figure 1. In all the above graphs, the X axis contains the diminishing sensor accuracy, and the Y axis marks average reward per agent action. The above results are averaged over 10 different executions for each observation accuracy and method. All variances were below 0.015 and in most cases below 0.005. ","ImageText":[{"Text":"   ","TextBB":[385.194,99.3749,395.23,110.92],"Rotation":0},{"Text":"    ","TextBB":[702.179,99.3749,715.999,110.92],"Rotation":0},{"Text":"    ","TextBB":[702.179,114.838,715.999,126.383],"Rotation":0},{"Text":"   ","TextBB":[385.194,121.925,395.23,133.47],"Rotation":0},{"Text":"    ","TextBB":[702.179,130.865,715.999,142.41],"Rotation":0},{"Text":"   ","TextBB":[385.194,143.912,395.23,155.457],"Rotation":0},{"Text":"    ","TextBB":[702.179,146.328,715.999,157.873],"Rotation":0},{"Text":"    ","TextBB":[702.179,162.355,715.999,173.9],"Rotation":0},{"Text":" ","TextBB":[385.194,166.543,389.285,178.088],"Rotation":0},{"Text":"    ","TextBB":[702.179,177.818,715.999,189.363],"Rotation":0},{"Text":"   ","TextBB":[385.194,189.093,395.23,200.638],"Rotation":0},{"Text":"    ","TextBB":[702.179,193.281,715.999,204.826],"Rotation":0},{"Text":"    ","TextBB":[702.179,209.308,715.999,220.853],"Rotation":0},{"Text":"   ","TextBB":[385.194,211.724,395.23,223.269],"Rotation":0},{"Text":"    ","TextBB":[702.179,224.771,715.999,236.316],"Rotation":0},{"Text":"   ","TextBB":[385.194,233.711,395.23,245.256],"Rotation":0},{"Text":" ","TextBB":[118.592,267.617,122.683,279.162],"Rotation":0},{"Text":"    ","TextBB":[165.484,267.617,179.227,279.162],"Rotation":0},{"Text":"    ","TextBB":[217.708,267.617,231.451,279.162],"Rotation":0},{"Text":"    ","TextBB":[269.391,267.617,283.211,279.162],"Rotation":0},{"Text":"    ","TextBB":[321.614,267.617,335.434,279.162],"Rotation":0},{"Text":"   ","TextBB":[374.996,267.617,384.955,279.162],"Rotation":0},{"Text":"   ","TextBB":[385.194,256.262,395.23,267.806],"Rotation":0},{"Text":"    ","TextBB":[702.179,240.879,715.999,252.424],"Rotation":0},{"Text":" ","TextBB":[439.362,267.617,443.454,279.162],"Rotation":0},{"Text":"(a)","TextBB":[158.113,301.501,171.931,312.704],"Rotation":0},{"Text":"Results","TextBB":[176.487,301.501,213.146,312.704],"Rotation":0},{"Text":"for","TextBB":[216.258,301.501,230.772,312.704],"Rotation":0},{"Text":"the","TextBB":[233.884,301.501,249.095,312.704],"Rotation":0},{"Text":"maze","TextBB":[252.207,301.501,278.473,312.704],"Rotation":0},{"Text":"in","TextBB":[281.584,301.501,291.269,312.704],"Rotation":0},{"Text":"Figure","TextBB":[294.381,301.501,326.883,312.704],"Rotation":0},{"Text":"1(a)","TextBB":[329.994,301.501,350.036,312.704],"Rotation":0},{"Text":"    ","TextBB":[485.714,267.617,499.457,279.162],"Rotation":0},{"Text":"    ","TextBB":[536.856,267.617,550.676,279.162],"Rotation":0},{"Text":"    ","TextBB":[587.998,267.617,601.818,279.162],"Rotation":0},{"Text":"    ","TextBB":[639.217,267.617,652.96,279.162],"Rotation":0},{"Text":"   ","TextBB":[691.981,267.617,701.94,279.162],"Rotation":0},{"Text":"    ","TextBB":[702.179,256.262,715.999,267.806],"Rotation":0},{"Text":"(b)","TextBB":[478.175,301.501,492.69,312.704],"Rotation":0},{"Text":"Results","TextBB":[497.258,301.501,533.917,312.704],"Rotation":0},{"Text":"for","TextBB":[537.029,301.501,551.543,312.704],"Rotation":0},{"Text":"the","TextBB":[554.655,301.501,569.867,312.704],"Rotation":0},{"Text":"maze","TextBB":[572.979,301.501,599.244,312.704],"Rotation":0},{"Text":"in","TextBB":[602.356,301.501,612.04,312.704],"Rotation":0},{"Text":"Figure","TextBB":[615.152,301.501,647.654,312.704],"Rotation":0},{"Text":"1(b)","TextBB":[650.766,301.501,671.504,312.704],"Rotation":0},{"Text":"   ","TextBB":[385.194,326.994,395.23,338.539],"Rotation":0},{"Text":"   ","TextBB":[705.964,326.994,716,338.539],"Rotation":0},{"Text":" ","TextBB":[385.194,353.169,389.285,364.714],"Rotation":0},{"Text":"   ","TextBB":[705.964,349.545,716,361.089],"Rotation":0},{"Text":" ","TextBB":[705.964,371.531,710.056,383.076],"Rotation":0},{"Text":"   ","TextBB":[385.194,379.263,395.23,390.808],"Rotation":0},{"Text":"   ","TextBB":[705.964,394.162,716,405.707],"Rotation":0},{"Text":"   ","TextBB":[385.194,405.438,395.23,416.982],"Rotation":0},{"Text":"   ","TextBB":[705.964,416.713,716,428.258],"Rotation":0},{"Text":"   ","TextBB":[385.194,431.612,395.23,443.157],"Rotation":0},{"Text":"   ","TextBB":[705.964,439.344,716,450.889],"Rotation":0},{"Text":"   ","TextBB":[385.194,457.787,395.23,469.332],"Rotation":0},{"Text":" ","TextBB":[118.592,495.237,122.683,506.781],"Rotation":0},{"Text":"    ","TextBB":[165.484,495.237,179.227,506.781],"Rotation":0},{"Text":"    ","TextBB":[217.708,495.237,231.451,506.781],"Rotation":0},{"Text":"    ","TextBB":[269.391,495.237,283.211,506.781],"Rotation":0},{"Text":"    ","TextBB":[321.614,495.237,335.434,506.781],"Rotation":0},{"Text":"   ","TextBB":[374.996,495.237,384.955,506.781],"Rotation":0},{"Text":" ","TextBB":[385.194,483.881,389.285,495.426],"Rotation":0},{"Text":"(c)","TextBB":[158.113,529.107,171.931,540.31],"Rotation":0},{"Text":"Results","TextBB":[176.487,529.107,213.146,540.31],"Rotation":0},{"Text":"for","TextBB":[216.258,529.107,230.772,540.31],"Rotation":0},{"Text":"the","TextBB":[233.884,529.107,249.095,540.31],"Rotation":0},{"Text":"maze","TextBB":[252.207,529.107,278.473,540.31],"Rotation":0},{"Text":"in","TextBB":[281.584,529.107,291.269,540.31],"Rotation":0},{"Text":"Figure","TextBB":[294.381,529.107,326.883,540.31],"Rotation":0},{"Text":"1(c)","TextBB":[329.994,529.107,350.036,540.31],"Rotation":0},{"Text":"   ","TextBB":[705.964,461.33,716,472.875],"Rotation":0},{"Text":" ","TextBB":[439.362,495.237,443.454,506.781],"Rotation":0},{"Text":"    ","TextBB":[486.255,495.237,499.998,506.781],"Rotation":0},{"Text":"    ","TextBB":[538.478,495.237,552.221,506.781],"Rotation":0},{"Text":"    ","TextBB":[590.161,495.237,603.981,506.781],"Rotation":0},{"Text":"    ","TextBB":[642.384,495.237,656.204,506.781],"Rotation":0},{"Text":"   ","TextBB":[695.767,495.237,705.726,506.781],"Rotation":0},{"Text":"   ","TextBB":[705.964,483.881,716,495.426],"Rotation":0},{"Text":"(d)","TextBB":[478.175,529.107,492.69,540.31],"Rotation":0},{"Text":"Results","TextBB":[497.258,529.107,533.917,540.31],"Rotation":0},{"Text":"for","TextBB":[537.029,529.107,551.543,540.31],"Rotation":0},{"Text":"the","TextBB":[554.655,529.107,569.867,540.31],"Rotation":0},{"Text":"maze","TextBB":[572.979,529.107,599.244,540.31],"Rotation":0},{"Text":"in","TextBB":[602.356,529.107,612.04,540.31],"Rotation":0},{"Text":"Figure","TextBB":[615.152,529.107,647.654,540.31],"Rotation":0},{"Text":"1(d)","TextBB":[650.766,529.107,671.504,540.31],"Rotation":0},{"Text":"(e)","TextBB":[332.621,586.706,346.438,597.909],"Rotation":0},{"Text":"Legend","TextBB":[350.994,586.706,388.151,597.909],"Rotation":0},{"Text":"for","TextBB":[391.25,586.706,405.765,597.909],"Rotation":0},{"Text":"the","TextBB":[408.877,586.706,424.088,597.909],"Rotation":0},{"Text":"above","TextBB":[427.2,586.706,456.565,597.909],"Rotation":0},{"Text":"graphs","TextBB":[459.664,586.706,492.85,597.909],"Rotation":0}],"Mention":["no mention found","no mention found"],"Page":6,"Number":3,"Type":"Figure","CaptionBB":[75,618,752,662],"Height":1169,"Width":826,"DPI":100,"ImageBB":[105,95,725,600]}