{"Caption":"Figure 2: The error of different budget algorithms as a function of the budget size B on the census- income (adult) dataset (left) and on the MNIST dataset (right). The Perceptron\u2019s active set reaches a size of 14,626 for census-income and 1,886 for MNIST. The Perceptron\u2019s error is marked with an horizontal dashed black line. ","ImageText":[{"Text":"0.3","TextBB":[231.175,102.6,240.262,108.648],"Rotation":0},{"Text":"Forgetron","TextBB":[370.279,109.621,398.619,115.669],"Rotation":0},{"Text":"CKS","TextBB":[370.279,117.46,383.72,123.507],"Rotation":0},{"Text":"average","TextBB":[440.85,163.422,448.913,194.915],"Rotation":3},{"Text":"error","TextBB":[440.85,142.598,448.913,160.999],"Rotation":3},{"Text":"average","TextBB":[217.683,163.422,225.746,194.915],"Rotation":3},{"Text":"error","TextBB":[217.683,142.598,225.746,160.999],"Rotation":3},{"Text":"0.25","TextBB":[227.543,125.42,240.265,131.467],"Rotation":0},{"Text":"0.2","TextBB":[231.175,148.241,240.262,154.288],"Rotation":0},{"Text":"0.15","TextBB":[227.543,171.092,240.265,177.139],"Rotation":0},{"Text":"0.1","TextBB":[231.175,193.913,240.262,199.96],"Rotation":0},{"Text":"Forgetron","TextBB":[593.446,109.621,621.786,115.669],"Rotation":0},{"Text":"CKS","TextBB":[593.446,117.46,606.887,123.507],"Rotation":0},{"Text":"0.3","TextBB":[454.342,121.395,463.429,127.442],"Rotation":0},{"Text":"0.25","TextBB":[450.71,140.191,463.432,146.238],"Rotation":0},{"Text":"0.2","TextBB":[454.342,158.987,463.429,165.034],"Rotation":0},{"Text":"0.15","TextBB":[450.71,177.812,463.432,183.859],"Rotation":0},{"Text":"0.1","TextBB":[454.342,196.607,463.429,202.655],"Rotation":0},{"Text":"0.05","TextBB":[450.71,215.402,463.432,221.449],"Rotation":0},{"Text":"0.05","TextBB":[227.543,216.764,240.265,222.812],"Rotation":0},{"Text":"1000","TextBB":[256.842,235.166,271.381,241.213],"Rotation":0},{"Text":"2000","TextBB":[282.174,235.166,296.713,241.213],"Rotation":0},{"Text":"3000","TextBB":[307.476,235.166,322.016,241.213],"Rotation":0},{"Text":"4000","TextBB":[332.81,235.166,347.349,241.213],"Rotation":0},{"Text":"budget","TextBB":[292.193,241.683,318.849,249.746],"Rotation":0},{"Text":"size","TextBB":[321.272,241.683,336.77,249.746],"Rotation":0},{"Text":"−","TextBB":[339.194,241.683,344.284,249.746],"Rotation":0},{"Text":"B","TextBB":[346.707,241.683,352.521,249.746],"Rotation":0},{"Text":"5000","TextBB":[358.143,235.166,372.683,241.213],"Rotation":0},{"Text":"6000","TextBB":[383.475,235.166,398.014,241.213],"Rotation":0},{"Text":"200","TextBB":[476.225,235.166,487.13,241.213],"Rotation":0},{"Text":"400","TextBB":[494.324,235.166,505.228,241.213],"Rotation":0},{"Text":"600","TextBB":[512.453,235.166,523.357,241.213],"Rotation":0},{"Text":"800","TextBB":[530.553,235.166,541.457,241.213],"Rotation":0},{"Text":"1000","TextBB":[546.867,235.166,561.406,241.213],"Rotation":0},{"Text":"1200","TextBB":[564.965,235.166,579.505,241.213],"Rotation":0},{"Text":"1400","TextBB":[583.096,235.166,597.635,241.213],"Rotation":0},{"Text":"1600","TextBB":[601.194,235.166,615.734,241.213],"Rotation":0},{"Text":"1800","TextBB":[619.324,235.166,633.863,241.213],"Rotation":0},{"Text":"budget","TextBB":[515.36,241.683,542.015,249.746],"Rotation":0},{"Text":"size","TextBB":[544.439,241.683,559.937,249.746],"Rotation":0},{"Text":"−","TextBB":[562.36,241.683,567.451,249.746],"Rotation":0},{"Text":"B","TextBB":[569.874,241.683,575.688,249.746],"Rotation":0}],"Mention":["are already binary, so we ran the two algorithms on 10 different permutations of the ex-\namples and averaged the results. Both algorithms used a fifth degree non-homogeneous\npolynomial kernel. The results of these experiments are summarized in Fig. 2. The ac-\ncuracy of the standard Perceptron (which does not depend on B) is marked in each plot\n"],"Page":8,"Number":2,"Type":"Figure","CaptionBB":[173,268,675,324],"Height":1100,"Width":850,"DPI":100,"ImageBB":[217,100,636,251]}