{"Type":"Figure",
"Number": 15,
"Page": 8,
"DPI": 100,
"Width": 826,
"Height": 1169,
"CaptionBB": [438,326,772,354],
"Caption": "Figure 15: History of the query ‘Easter’ during the years 2000-2002 and the bursts discovered ",
"ImageBB": [455,153,756,324],
"ImageText" : [
{"Rotation": 0,"TextBB": [578.779,154.866,597.918,160.991], "Text": "Easter"},
	{"Rotation": 0,"TextBB": [599.759,154.866,633.084,160.991], "Text": "2000−2002"},
	{"Rotation": 0,"TextBB": [700.192,168.662,714.179,174.788], "Text": "Data"},
	{"Rotation": 0,"TextBB": [700.192,176.278,721.536,182.404], "Text": "Moving"},
	{"Rotation": 0,"TextBB": [723.377,176.278,748.039,182.404], "Text": "Average"},
	{"Rotation": 0,"TextBB": [700.192,183.894,717.861,190.02], "Text": "Cutoff"},
	{"Rotation": 0,"TextBB": [499.474,232.128,514.203,238.254], "Text": "2000"},
	{"Rotation": 0,"TextBB": [597.984,232.128,612.713,238.254], "Text": "2001"},
	{"Rotation": 0,"TextBB": [696.494,232.128,711.223,238.254], "Text": "2002"},
	{"Rotation": 0,"TextBB": [713.492,256.411,727.479,262.537], "Text": "Data"},
	{"Rotation": 0,"TextBB": [713.492,264.027,728.949,270.152], "Text": "Burst"},
	{"Rotation": 0,"TextBB": [499.474,316.676,514.203,322.802], "Text": "2000"},
	{"Rotation": 0,"TextBB": [597.984,316.676,612.713,322.802], "Text": "2001"},
	{"Rotation": 0,"TextBB": [696.494,316.676,711.223,322.802], "Text": "2002"}
]}
