{"Caption":"Figure 1. Schematic illustration of the distribution change: Left block: Covariate shift in a regression problem. In- put distributions are different between the training and test phases, while the target function remains unchanged. Right block: Functional relation change in a classification problem. The target decision boundary changes, while the input distribution stays unchanged. ","ImageText":[{"Text":"y","TextBB":[82.9136,98.5443,86.4426,107.282],"Rotation":0},{"Text":"x","TextBB":[250.316,93.2592,253.845,101.997],"Rotation":0},{"Text":"2","TextBB":[253.778,97.2491,256.394,103.074],"Rotation":0},{"Text":"training","TextBB":[148.184,102.064,163.604,107.889],"Rotation":0},{"Text":"data","TextBB":[164.92,102.064,174.087,107.889],"Rotation":0},{"Text":"test","TextBB":[148.184,107.34,155.779,113.166],"Rotation":0},{"Text":"data","TextBB":[157.094,107.34,166.261,113.166],"Rotation":0},{"Text":"The","TextBB":[149.966,113.659,158.08,119.484],"Rotation":0},{"Text":"true","TextBB":[159.394,113.659,167.512,119.484],"Rotation":0},{"Text":"curve","TextBB":[168.826,113.659,180.344,119.484],"Rotation":0},{"Text":"Class","TextBB":[322.511,112.643,334.288,118.468],"Rotation":0},{"Text":"1","TextBB":[335.603,112.643,338.219,118.468],"Rotation":0},{"Text":"training","TextBB":[339.534,112.643,354.948,118.468],"Rotation":0},{"Text":"data","TextBB":[356.23,112.643,365.396,118.468],"Rotation":0},{"Text":"Class","TextBB":[322.511,117.919,334.288,123.745],"Rotation":0},{"Text":"2","TextBB":[335.603,117.919,338.219,123.745],"Rotation":0},{"Text":"training","TextBB":[339.534,117.919,354.948,123.745],"Rotation":0},{"Text":"data","TextBB":[356.23,117.919,365.396,123.745],"Rotation":0},{"Text":"Decision","TextBB":[322.511,124.238,340.534,130.063],"Rotation":0},{"Text":"boundary","TextBB":[341.85,124.238,361.469,130.063],"Rotation":0},{"Text":"Estimation","TextBB":[149.966,120.717,171.956,126.543],"Rotation":0},{"Text":"by","TextBB":[173.27,120.717,178.277,126.543],"Rotation":0},{"Text":"training","TextBB":[179.522,120.717,194.974,126.543],"Rotation":0},{"Text":"data","TextBB":[196.288,120.717,205.454,126.543],"Rotation":0},{"Text":"Estimation","TextBB":[149.966,127.775,171.952,133.601],"Rotation":0},{"Text":"by","TextBB":[173.265,127.775,178.272,133.601],"Rotation":0},{"Text":"test","TextBB":[179.517,127.775,187.109,133.601],"Rotation":0},{"Text":"data","TextBB":[188.423,127.775,197.587,133.601],"Rotation":0},{"Text":"x","TextBB":[188.113,174.369,191.642,183.107],"Rotation":0},{"Text":"Input","TextBB":[89.5402,205.639,107.301,215.525],"Rotation":0},{"Text":"density","TextBB":[89.5402,215.184,114.863,225.07],"Rotation":0},{"Text":"Training","TextBB":[270.55,181.419,296.083,190.157],"Rotation":0},{"Text":"phase","TextBB":[298.039,181.419,317.288,190.157],"Rotation":0},{"Text":"training","TextBB":[185.334,205.21,202.781,211.801],"Rotation":0},{"Text":"x","TextBB":[345.568,172.613,349.097,181.351],"Rotation":0},{"Text":"1","TextBB":[349.029,176.603,351.646,182.428],"Rotation":0},{"Text":"x","TextBB":[250.458,207.145,253.987,215.883],"Rotation":0},{"Text":"2","TextBB":[253.92,211.135,256.536,216.96],"Rotation":0},{"Text":"test","TextBB":[185.334,214.336,193.923,220.928],"Rotation":0},{"Text":"Class","TextBB":[322.652,226.529,334.425,232.354],"Rotation":0},{"Text":"1","TextBB":[335.739,226.529,338.355,232.354],"Rotation":0},{"Text":"test","TextBB":[339.669,226.529,347.261,232.354],"Rotation":0},{"Text":"data","TextBB":[348.575,226.529,357.739,232.354],"Rotation":0},{"Text":"Class","TextBB":[322.652,231.805,334.423,237.631],"Rotation":0},{"Text":"2","TextBB":[335.737,231.805,338.353,237.631],"Rotation":0},{"Text":"test","TextBB":[339.666,231.805,347.257,237.631],"Rotation":0},{"Text":"data","TextBB":[348.571,231.805,357.733,237.631],"Rotation":0},{"Text":"Decision","TextBB":[322.652,238.124,340.672,243.95],"Rotation":0},{"Text":"boundary","TextBB":[341.987,238.124,361.603,243.95],"Rotation":0},{"Text":"x","TextBB":[203.284,287.02,207.277,296.906],"Rotation":0},{"Text":"Covariate","TextBB":[103.39,304.757,156.727,317.828],"Rotation":0},{"Text":"shift","TextBB":[160.984,304.757,185.576,317.828],"Rotation":0},{"Text":"Test","TextBB":[276.607,295.305,290.332,304.043],"Rotation":0},{"Text":"phase","TextBB":[292.282,295.305,311.506,304.043],"Rotation":0},{"Text":"x","TextBB":[345.709,286.499,349.238,295.237],"Rotation":0},{"Text":"1","TextBB":[349.171,290.489,351.787,296.314],"Rotation":0},{"Text":"(b)","TextBB":[297.176,306.455,306.809,316.378],"Rotation":0},{"Text":"Functional","TextBB":[228.605,304.757,287.784,317.828],"Rotation":0},{"Text":"relation","TextBB":[292.029,304.757,334.709,317.828],"Rotation":0},{"Text":"change","TextBB":[338.979,304.757,377.017,317.828],"Rotation":0}],"Mention":["no mention found"],"Page":2,"Number":1,"Type":"Figure","CaptionBB":[75,328,402,434],"Height":1169,"Width":826,"DPI":100,"ImageBB":[79,91,379,323]}