{"Caption":"Figure 1: Left panel plots the variance factor g (λ; α) as functions of λ for different α, illustrating g (λ; α) is a convex function of λ and the optimal solution (lowest points on the curves) are between -1 and 0.5 (α < 2). Note that there is a discontinuity between α → 2− and α = 2. Right panel plots the optimal λ∗ as a function of α. Since α = 2 is not included, we only see λ∗ < 0.5 in the figure. ","ImageText":[{"Text":"3.2","TextBB":[188.562,562.431,205.555,573.739],"Rotation":0},{"Text":"1.5","TextBB":[299.199,569.922,311.943,578.403],"Rotation":0},{"Text":"1.9","TextBB":[329.863,569.974,342.607,578.455],"Rotation":0},{"Text":"3","TextBB":[198.75,574.86,205.547,586.168],"Rotation":0},{"Text":"1.95","TextBB":[331.799,585.357,349.641,593.838],"Rotation":0},{"Text":"1.2","TextBB":[294.715,586.936,307.46,595.417],"Rotation":0},{"Text":"2.8","TextBB":[188.562,587.238,205.555,598.546],"Rotation":0},{"Text":"2.6","TextBB":[188.562,599.667,205.555,610.975],"Rotation":0},{"Text":"1.999","TextBB":[350.492,604.51,373.432,612.991],"Rotation":0},{"Text":"1","TextBB":[290.692,611.997,295.789,620.478],"Rotation":0},{"Text":"2.4","TextBB":[188.562,612.043,205.555,623.351],"Rotation":0},{"Text":"2.2","TextBB":[188.562,624.472,205.555,635.781],"Rotation":0},{"Text":"0.8","TextBB":[272.303,632.015,285.047,640.497],"Rotation":0},{"Text":"2","TextBB":[358.285,637.924,363.383,646.405],"Rotation":0},{"Text":"2","TextBB":[198.75,636.85,205.547,648.158],"Rotation":0},{"Text":"0.5","TextBB":[231.604,650.964,244.349,659.445],"Rotation":0},{"Text":"1.8","TextBB":[188.562,649.279,205.555,660.588],"Rotation":0},{"Text":"1.6","TextBB":[188.562,661.657,205.555,672.965],"Rotation":0},{"Text":"1.4","TextBB":[188.562,674.085,205.555,685.393],"Rotation":0},{"Text":"0.3","TextBB":[231.451,677.604,244.196,686.085],"Rotation":0},{"Text":"1.2","TextBB":[188.562,686.463,205.555,697.771],"Rotation":0},{"Text":"2e−16","TextBB":[209.549,692.121,235.294,700.602],"Rotation":0},{"Text":"1","TextBB":[198.75,698.892,205.547,710.2],"Rotation":0},{"Text":"−1","TextBB":[193.401,710.557,207.338,721.865],"Rotation":0},{"Text":"−.8","TextBB":[214.132,710.557,231.467,721.865],"Rotation":0},{"Text":"−.6","TextBB":[233.235,710.557,250.57,721.865],"Rotation":0},{"Text":"−.4","TextBB":[252.285,710.557,269.62,721.865],"Rotation":0},{"Text":"−.2","TextBB":[271.386,710.557,288.721,721.865],"Rotation":0},{"Text":"0","TextBB":[294.207,710.557,301.004,721.865],"Rotation":0},{"Text":".2","TextBB":[314.989,710.557,325.184,721.865],"Rotation":0},{"Text":".4","TextBB":[334.039,710.557,344.234,721.865],"Rotation":0},{"Text":".6","TextBB":[353.14,710.557,363.336,721.865],"Rotation":0},{"Text":".8","TextBB":[372.19,710.557,382.386,721.865],"Rotation":0},{"Text":"1","TextBB":[389.611,710.557,396.408,721.865],"Rotation":0},{"Text":"λ","TextBB":[299.249,718.193,305.96,734.122],"Rotation":0},{"Text":"λ","TextBB":[425.143,639.944,439.479,645.985],"Rotation":3},{"Text":"opt","TextBB":[435.612,628.079,443.528,639.974],"Rotation":3},{"Text":"Variance","TextBB":[174.232,625.76,185.54,674],"Rotation":3},{"Text":"factor","TextBB":[174.232,591.787,185.54,622.362],"Rotation":3},{"Text":"0.5","TextBB":[452.199,557.106,465.793,566.152],"Rotation":0},{"Text":"0.4","TextBB":[452.199,567.293,465.793,576.34],"Rotation":0},{"Text":"0.3","TextBB":[452.199,577.481,465.793,586.527],"Rotation":0},{"Text":"0.2","TextBB":[452.199,587.668,465.793,596.715],"Rotation":0},{"Text":"0.1","TextBB":[452.199,597.907,465.793,606.954],"Rotation":0},{"Text":"0","TextBB":[460.349,608.095,465.786,617.141],"Rotation":0},{"Text":"−0.1","TextBB":[446.443,618.282,465.749,627.329],"Rotation":0},{"Text":"−0.2","TextBB":[446.443,628.47,465.749,637.516],"Rotation":0},{"Text":"−0.3","TextBB":[446.443,638.707,465.749,647.754],"Rotation":0},{"Text":"−0.4","TextBB":[446.443,648.896,465.749,657.943],"Rotation":0},{"Text":"−0.5","TextBB":[446.443,659.082,465.749,668.129],"Rotation":0},{"Text":"−0.6","TextBB":[446.443,669.27,465.749,678.316],"Rotation":0},{"Text":"−0.7","TextBB":[446.443,679.509,465.749,688.555],"Rotation":0},{"Text":"−0.8","TextBB":[446.443,689.696,465.749,698.743],"Rotation":0},{"Text":"−0.9","TextBB":[446.443,699.884,465.749,708.93],"Rotation":0},{"Text":"−1","TextBB":[454.644,710.121,465.794,719.168],"Rotation":0},{"Text":"0","TextBB":[464.832,717.304,470.27,726.351],"Rotation":0},{"Text":"0.2","TextBB":[479.144,717.304,492.739,726.351],"Rotation":0},{"Text":"0.4","TextBB":[497.533,717.304,511.127,726.351],"Rotation":0},{"Text":"0.6","TextBB":[515.922,717.304,529.516,726.351],"Rotation":0},{"Text":"0.8","TextBB":[534.361,717.304,547.955,726.351],"Rotation":0},{"Text":"1","TextBB":[556.824,717.304,562.261,726.351],"Rotation":0},{"Text":"1.2","TextBB":[571.137,717.304,584.732,726.351],"Rotation":0},{"Text":"1.4","TextBB":[589.576,717.304,603.171,726.351],"Rotation":0},{"Text":"1.6","TextBB":[607.965,717.304,621.559,726.351],"Rotation":0},{"Text":"1.8","TextBB":[626.354,717.304,639.948,726.351],"Rotation":0},{"Text":"2","TextBB":[648.868,717.304,654.306,726.351],"Rotation":0}],"Mention":["all other terms are basically constants and can be pre-computed.\nFigure 1(a) plots g (λ;α) as a function of λ for many different values of α. Figure 1(b) plots the\n"],"Page":4,"Number":1,"Type":"Figure","CaptionBB":[148,738,700,794],"Height":1100,"Width":850,"DPI":100,"ImageBB":[172,555,656,735]}