{"Caption":"Figure 2: (a) Typical variance curve v(k) for a continuous algorithm without post-processing","ImageText":[{"Text":"0","TextBB":[442.343,109.451,444.329,112.71],"Rotation":0},{"Text":"11","TextBB":[200.406,111.445,206.363,116.334],"Rotation":0},{"Text":"10","TextBB":[436.406,111.445,442.363,116.334],"Rotation":0},{"Text":"ST","TextBB":[472.611,118.317,479.457,123.207],"Rotation":0},{"Text":"SPCA","TextBB":[472.611,124.88,487.199,129.769],"Rotation":0},{"Text":"DSPCA","TextBB":[472.611,131.442,491.066,136.332],"Rotation":0},{"Text":"GSPCA","TextBB":[472.611,138.006,491.366,142.896],"Rotation":0},{"Text":"10","TextBB":[200.406,124.572,206.363,129.461],"Rotation":0},{"Text":"9","TextBB":[203.396,137.741,206.374,142.63],"Rotation":0},{"Text":"−1","TextBB":[442.343,145.613,446.414,148.873],"Rotation":0},{"Text":"10","TextBB":[436.406,147.608,442.363,152.497],"Rotation":0},{"Text":"log","TextBB":[427.905,198.971,433.852,207.432],"Rotation":3},{"Text":"−","TextBB":[427.905,193.503,433.852,197.207],"Rotation":3},{"Text":"frequency","TextBB":[427.905,163.888,433.852,191.74],"Rotation":3},{"Text":"variance","TextBB":[191.905,181.568,197.852,205.538],"Rotation":3},{"Text":"v(k)","TextBB":[191.905,165.711,197.852,176.278],"Rotation":3},{"Text":"8","TextBB":[203.396,150.912,206.374,155.801],"Rotation":0},{"Text":"7","TextBB":[203.396,164.038,206.374,168.927],"Rotation":0},{"Text":"6","TextBB":[203.396,177.208,206.374,182.097],"Rotation":0},{"Text":"5","TextBB":[203.396,190.378,206.374,195.268],"Rotation":0},{"Text":"4","TextBB":[203.396,203.548,206.374,208.437],"Rotation":0},{"Text":"3","TextBB":[203.396,216.674,206.374,221.564],"Rotation":0},{"Text":"−2","TextBB":[442.343,181.82,446.414,185.08],"Rotation":0},{"Text":"10","TextBB":[436.406,183.815,442.363,188.704],"Rotation":0},{"Text":"−3","TextBB":[442.343,217.984,446.414,221.244],"Rotation":0},{"Text":"10","TextBB":[436.406,219.978,442.363,224.868],"Rotation":0},{"Text":"2","TextBB":[203.396,229.845,206.374,234.734],"Rotation":0},{"Text":"DSPCA","TextBB":[347.369,236.012,365.825,240.901],"Rotation":0},{"Text":"(original)","TextBB":[367.314,236.012,388.148,240.901],"Rotation":0},{"Text":"DSPCA","TextBB":[347.369,242.619,365.825,247.508],"Rotation":0},{"Text":"+","TextBB":[367.314,242.619,370.442,247.508],"Rotation":0},{"Text":"Fix","TextBB":[371.932,242.619,379.073,247.508],"Rotation":0},{"Text":"Optimal","TextBB":[347.369,249.181,365.825,254.071],"Rotation":0},{"Text":"1","TextBB":[203.396,243.015,206.374,247.904],"Rotation":0},{"Text":"−4","TextBB":[442.343,254.191,446.414,257.45],"Rotation":0},{"Text":"0","TextBB":[203.396,256.185,206.374,261.075],"Rotation":0},{"Text":"1","TextBB":[216.208,260.634,219.187,265.523],"Rotation":0},{"Text":"2","TextBB":[235.762,260.634,238.741,265.523],"Rotation":0},{"Text":"3","TextBB":[255.361,260.634,258.34,265.523],"Rotation":0},{"Text":"4","TextBB":[274.914,260.634,277.892,265.523],"Rotation":0},{"Text":"5","TextBB":[294.512,260.634,297.491,265.523],"Rotation":0},{"Text":"6","TextBB":[314.065,260.634,317.044,265.523],"Rotation":0},{"Text":"7","TextBB":[333.664,260.634,336.642,265.523],"Rotation":0},{"Text":"8","TextBB":[353.217,260.634,356.195,265.523],"Rotation":0},{"Text":"9","TextBB":[372.815,260.634,375.794,265.523],"Rotation":0},{"Text":"10","TextBB":[390.94,260.634,396.897,265.523],"Rotation":0},{"Text":"10","TextBB":[436.406,256.185,442.363,261.075],"Rotation":0},{"Text":"0.85","TextBB":[442.789,260.634,453.214,265.523],"Rotation":0},{"Text":"0.9","TextBB":[506.226,260.634,513.673,265.523],"Rotation":0},{"Text":"0.95","TextBB":[566.763,260.634,577.187,265.523],"Rotation":0},{"Text":"cardinality","TextBB":[280.985,266.967,309.92,272.834],"Rotation":0},{"Text":"(k)","TextBB":[313.494,266.967,320.989,272.834],"Rotation":0},{"Text":"1","TextBB":[632.432,260.634,635.41,265.523],"Rotation":0},{"Text":"optimality","TextBB":[520.289,266.967,547.437,272.834],"Rotation":0},{"Text":"ratio","TextBB":[549.224,266.967,561.727,272.834],"Rotation":0}],"Mention":["the \u0093\u0002x\u0094 their variance curves are markedly diminished, as in Figure 2(a).\n"],"Page":7,"Number":2,"Type":"Figure","CaptionBB":[173,292,674,313],"Height":1100,"Width":850,"DPI":100,"ImageBB":[189,107,640,293]}