{"Caption":"Figure 2: Average reduction of 1-AUC risk over all nine users (left); reduction of 1-AUC risk dependent on strength of iid violation (center); number of existing users vs. training time (right). ","ImageText":[{"Text":"0.2","TextBB":[168.584,325.319,179.765,332.759],"Rotation":0},{"Text":"0.1","TextBB":[168.584,344.471,179.765,351.911],"Rotation":0},{"Text":"0","TextBB":[175.291,363.574,179.763,371.014],"Rotation":0},{"Text":"Dirichlet","TextBB":[252.922,344.12,281.966,351.56],"Rotation":0},{"Text":"one","TextBB":[229.221,352.162,242.637,359.602],"Rotation":0},{"Text":"size","TextBB":[244.873,352.162,259.174,359.602],"Rotation":0},{"Text":"fits","TextBB":[261.41,352.162,271.69,359.602],"Rotation":0},{"Text":"all","TextBB":[273.926,352.162,281.969,359.602],"Rotation":0},{"Text":"individual","TextBB":[248.443,360.207,281.967,367.647],"Rotation":0},{"Text":"1","TextBB":[187.933,375.439,192.405,382.879],"Rotation":0},{"Text":"2","TextBB":[199.142,375.439,203.614,382.879],"Rotation":0},{"Text":"4","TextBB":[210.352,375.439,214.824,382.879],"Rotation":0},{"Text":"8","TextBB":[221.513,375.439,225.985,382.879],"Rotation":0},{"Text":"32","TextBB":[241.697,375.439,250.641,382.879],"Rotation":0},{"Text":"128","TextBB":[261.832,375.439,275.248,382.879],"Rotation":0},{"Text":"512","TextBB":[284.203,375.439,297.619,382.879],"Rotation":0},{"Text":"2048","TextBB":[304.387,375.439,322.276,382.879],"Rotation":0},{"Text":"size","TextBB":[199.011,385.089,213.312,392.529],"Rotation":0},{"Text":"of","TextBB":[215.548,385.089,222.256,392.529],"Rotation":0},{"Text":"user\u2019s","TextBB":[224.492,385.089,245.943,392.529],"Rotation":0},{"Text":"unlabeled","TextBB":[248.179,385.089,283.055,392.529],"Rotation":0},{"Text":"inbox","TextBB":[285.291,385.089,304.514,392.529],"Rotation":0},{"Text":"training","TextBB":[596.276,274.495,622.65,281.935],"Rotation":0},{"Text":"time","TextBB":[624.886,274.495,640.08,281.935],"Rotation":0},{"Text":"Dirichlet-enhanced","TextBB":[583.79,289.174,650.839,296.614],"Rotation":0},{"Text":"one","TextBB":[583.79,297.218,597.206,304.658],"Rotation":0},{"Text":"size","TextBB":[599.442,297.218,613.743,304.658],"Rotation":0},{"Text":"fits","TextBB":[615.979,297.218,626.259,304.658],"Rotation":0},{"Text":"all","TextBB":[628.495,297.218,636.538,304.658],"Rotation":0},{"Text":"Dirichlet-enh.","TextBB":[583.79,305.26,631.165,312.7],"Rotation":0},{"Text":"incremental","TextBB":[633.401,305.26,674.969,312.7],"Rotation":0},{"Text":"individual","TextBB":[583.79,313.304,617.315,320.744],"Rotation":0},{"Text":"iid","TextBB":[583.79,321.347,591.834,328.787],"Rotation":0},{"Text":"baseline","TextBB":[594.07,321.347,624.023,328.787],"Rotation":0},{"Text":"800","TextBB":[533.58,290.782,546.996,298.222],"Rotation":0},{"Text":"0.4","TextBB":[349.691,298.575,360.871,306.015],"Rotation":0},{"Text":"seconds","TextBB":[522.214,313.5,529.654,343.453],"Rotation":3},{"Text":"0.3","TextBB":[168.584,306.216,179.765,313.656],"Rotation":0},{"Text":"correction","TextBB":[374.752,274.495,410.062,281.935],"Rotation":0},{"Text":"benefit","TextBB":[412.298,274.495,436.444,281.935],"Rotation":0},{"Text":"vs.","TextBB":[438.68,274.495,448.959,281.935],"Rotation":0},{"Text":"iid","TextBB":[451.196,274.495,459.239,281.935],"Rotation":0},{"Text":"violation","TextBB":[461.475,274.495,490.977,281.935],"Rotation":0},{"Text":"reduction","TextBB":[338.453,336.958,345.893,370.04],"Rotation":3},{"Text":"of","TextBB":[338.453,328.014,345.893,334.722],"Rotation":3},{"Text":"1-AUC","TextBB":[338.453,301.648,345.893,325.778],"Rotation":3},{"Text":"risk","TextBB":[338.453,286.905,345.893,299.412],"Rotation":3},{"Text":"reduction","TextBB":[157.347,336.958,164.787,370.04],"Rotation":3},{"Text":"of","TextBB":[157.347,328.014,164.787,334.722],"Rotation":3},{"Text":"1-AUC","TextBB":[157.347,301.648,164.787,325.778],"Rotation":3},{"Text":"risk","TextBB":[157.347,286.905,164.787,299.412],"Rotation":3},{"Text":"average","TextBB":[207.945,274.495,237.005,281.935],"Rotation":0},{"Text":"of","TextBB":[239.241,274.495,245.95,281.935],"Rotation":0},{"Text":"all","TextBB":[248.186,274.495,256.229,281.935],"Rotation":0},{"Text":"nine","TextBB":[258.465,274.495,273.667,281.935],"Rotation":0},{"Text":"users","TextBB":[275.903,274.495,295.568,281.935],"Rotation":0},{"Text":"0.4","TextBB":[168.584,287.113,179.765,294.553],"Rotation":0},{"Text":"0.2","TextBB":[349.691,329.188,360.871,336.629],"Rotation":0},{"Text":"0","TextBB":[356.398,359.754,360.87,367.194],"Rotation":0},{"Text":"0.9","TextBB":[404.896,375.439,416.076,382.879],"Rotation":0},{"Text":"0.99","TextBB":[447.401,375.439,463.053,382.879],"Rotation":0},{"Text":"strength","TextBB":[392.851,385.089,421.912,392.529],"Rotation":0},{"Text":"of","TextBB":[424.148,385.089,430.856,392.529],"Rotation":0},{"Text":"iid","TextBB":[433.092,385.089,441.135,392.529],"Rotation":0},{"Text":"violation","TextBB":[443.371,385.089,472.874,392.529],"Rotation":0},{"Text":"400","TextBB":[533.58,333.663,546.996,341.103],"Rotation":0},{"Text":"200","TextBB":[533.58,355.079,546.996,362.519],"Rotation":0},{"Text":"individually","TextBB":[387.988,360.207,427.319,367.647],"Rotation":0},{"Text":"corrected","TextBB":[429.555,360.207,463.08,367.647],"Rotation":0},{"Text":"0","TextBB":[367.932,375.439,372.404,382.879],"Rotation":0},{"Text":"600","TextBB":[533.58,312.198,546.996,319.638],"Rotation":0},{"Text":"1","TextBB":[493.307,375.439,497.779,382.879],"Rotation":0},{"Text":"0","TextBB":[556.732,375.439,561.204,382.879],"Rotation":0},{"Text":"1","TextBB":[571.814,375.439,576.286,382.879],"Rotation":0},{"Text":"2","TextBB":[586.895,375.439,591.367,382.879],"Rotation":0},{"Text":"3","TextBB":[601.976,375.439,606.448,382.879],"Rotation":0},{"Text":"4","TextBB":[617.107,375.439,621.579,382.879],"Rotation":0},{"Text":"5","TextBB":[632.188,375.439,636.66,382.879],"Rotation":0},{"Text":"6","TextBB":[647.27,375.439,651.742,382.879],"Rotation":0},{"Text":"number","TextBB":[589.123,385.089,616.39,392.529],"Rotation":0},{"Text":"of","TextBB":[618.626,385.089,625.334,392.529],"Rotation":0},{"Text":"users","TextBB":[627.57,385.089,647.235,392.529],"Rotation":0},{"Text":"7","TextBB":[662.35,375.439,666.822,382.879],"Rotation":0},{"Text":"8","TextBB":[677.432,375.439,681.904,382.879],"Rotation":0}],"Mention":["no mention found","no mention found","no mention found"],"Page":7,"Number":2,"Type":"Figure","CaptionBB":[148,402,700,432],"Height":1169,"Width":826,"DPI":100,"ImageBB":[155,272,687,394]}