{"Caption":"Figure 3: Predictive performance of ET-LDA compared with LDA model on 5 randomly sampled segments. ","ImageText":[{"Text":"0.66","TextBB":[445.507,420.991,454.475,425.254],"Rotation":0},{"Text":"0.64","TextBB":[445.507,434.817,454.475,439.08],"Rotation":0},{"Text":"0.62","TextBB":[614.384,421.648,623.352,425.911],"Rotation":0},{"Text":"ET−LDA","TextBB":[465.363,425.196,482.908,429.459],"Rotation":0},{"Text":"LDA","TextBB":[465.363,430.708,474.327,434.971],"Rotation":0},{"Text":"ET−LDA","TextBB":[634.24,425.853,651.785,430.117],"Rotation":0},{"Text":"LDA","TextBB":[634.24,431.364,643.204,435.628],"Rotation":0},{"Text":"0.6","TextBB":[616.957,439.545,623.363,443.808],"Rotation":0},{"Text":"0.62","TextBB":[445.507,448.663,454.475,452.926],"Rotation":0},{"Text":"Normalized","TextBB":[607.905,487.275,613.233,516.402],"Rotation":3},{"Text":"Likert","TextBB":[607.905,471.588,613.233,485.674],"Rotation":3},{"Text":"Scale","TextBB":[607.905,455.578,613.233,469.987],"Rotation":3},{"Text":"Normalized","TextBB":[439.027,486.272,444.356,515.399],"Rotation":3},{"Text":"Likert","TextBB":[439.027,470.585,444.356,484.671],"Rotation":3},{"Text":"Scale","TextBB":[439.027,454.576,444.356,468.984],"Rotation":3},{"Text":"0.6","TextBB":[448.08,462.508,454.486,466.771],"Rotation":0},{"Text":"0.58","TextBB":[445.507,476.353,454.475,480.616],"Rotation":0},{"Text":"0.56","TextBB":[445.507,490.199,454.475,494.462],"Rotation":0},{"Text":"0.54","TextBB":[445.507,504.044,454.475,508.307],"Rotation":0},{"Text":"0.58","TextBB":[614.384,457.442,623.352,461.705],"Rotation":0},{"Text":"0.56","TextBB":[614.384,475.34,623.352,479.603],"Rotation":0},{"Text":"0.54","TextBB":[614.384,493.237,623.352,497.5],"Rotation":0},{"Text":"0.52","TextBB":[614.384,511.134,623.352,515.398],"Rotation":0},{"Text":"0.52","TextBB":[445.507,517.89,454.475,522.153],"Rotation":0},{"Text":"0.5","TextBB":[616.957,529.032,623.363,533.295],"Rotation":0},{"Text":"0.5","TextBB":[448.08,531.735,454.486,535.998],"Rotation":0},{"Text":"0.48","TextBB":[445.507,545.581,454.475,549.844],"Rotation":0},{"Text":"1","TextBB":[453.879,548.807,456.442,553.07],"Rotation":0},{"Text":"2","TextBB":[489.866,548.807,492.428,553.07],"Rotation":0},{"Text":"3","TextBB":[525.852,548.807,528.415,553.07],"Rotation":0},{"Text":"Segments","TextBB":[514.138,553.279,540.074,558.608],"Rotation":0},{"Text":"(a)","TextBB":[474.107,567.849,488.628,579.044],"Rotation":0},{"Text":"MESpeech","TextBB":[491.742,567.998,546.387,579.132],"Rotation":0},{"Text":"4","TextBB":[561.839,548.807,564.401,553.07],"Rotation":0},{"Text":"5","TextBB":[597.826,548.807,600.388,553.07],"Rotation":0},{"Text":"0.48","TextBB":[614.384,546.929,623.352,551.192],"Rotation":0},{"Text":"1","TextBB":[622.756,550.155,625.319,554.418],"Rotation":0},{"Text":"2","TextBB":[659.05,550.155,661.613,554.418],"Rotation":0},{"Text":"3","TextBB":[695.363,550.155,697.926,554.418],"Rotation":0},{"Text":"4","TextBB":[731.676,550.155,734.239,554.418],"Rotation":0},{"Text":"5","TextBB":[767.99,550.155,770.552,554.418],"Rotation":0},{"Text":"Segments","TextBB":[683.649,554.628,709.585,559.957],"Rotation":0},{"Text":"(b)","TextBB":[644.272,567.849,659.49,579.044],"Rotation":0},{"Text":"ReaganDebate","TextBB":[662.603,567.998,735.156,579.132],"Rotation":0}],"Mention":["To evaluate the \u201Cgoodness\u201D of prediction results by our\nproposed model, we asked 30 graduate students from the\nengineering school of our university (who were selected as\nthey follow the news closely and tweet at least three times\nper week) to manually label the quality and strength of the\npredicted topical influences from events on the unseen tweet\ndatasets on a Likert scale of 1 to 5 rating. We then averaged\nthese ratings over the value diversity (i.e., normalization). In\nFig. 3a and 3b, we present the results of the two methods on\n5 randomly sampled segments.\n","In light of the observed differences in Fig. 3a and 3b, we\nstudy the statistical significance of ET-LDA with respect to\nLDA. We perform paired-t-tests for models with a signifi-\ncance level of α = 0.05 (p = 0.0161 and p = 0.0029 for\nMESpeech and ReaganDebate, respectively). This reveals\nthat the improvement in prediction performance of ET-LDA\nis statistically significant.\n"],"Page":6,"Number":3,"Type":"Figure","CaptionBB":[442,594,775,624],"Height":1100,"Width":850,"DPI":100,"ImageBB":[436,418,773,581]}