{"Caption":"Figure 4: ROC curves. Also shown are some of the contaminated positives used to generate the curves. These were made by sampling contamination patterns from the prior and using them to mix a face and a non-face artificially. ","ImageText":[{"Text":"1","TextBB":[239.115,110.478,244.145,118.846],"Rotation":0},{"Text":"True","TextBB":[217.92,210.173,226.288,228.772],"Rotation":3},{"Text":"positive","TextBB":[217.92,176.991,226.288,207.658],"Rotation":3},{"Text":"rate","TextBB":[217.92,158.889,226.288,174.476],"Rotation":3},{"Text":"0.95","TextBB":[226.526,138.07,244.131,146.438],"Rotation":0},{"Text":"0.9","TextBB":[231.576,165.662,244.151,174.03],"Rotation":0},{"Text":"0.85","TextBB":[226.526,193.328,244.131,201.696],"Rotation":0},{"Text":"0.8","TextBB":[231.576,220.92,244.151,229.288],"Rotation":0},{"Text":"RVM,","TextBB":[337.193,224.991,359.809,233.359],"Rotation":0},{"Text":"no","TextBB":[362.324,224.991,372.384,233.359],"Rotation":0},{"Text":"cont.","TextBB":[374.898,224.991,394.511,233.359],"Rotation":0},{"Text":"RVM","TextBB":[337.193,235.394,357.294,243.762],"Rotation":0},{"Text":"VIC","TextBB":[337.193,245.798,352.273,254.165],"Rotation":0},{"Text":"Boosted","TextBB":[337.193,256.201,370.384,264.569],"Rotation":0},{"Text":"cascade","TextBB":[372.899,256.201,406.588,264.569],"Rotation":0},{"Text":"Cascade,","TextBB":[337.193,266.604,375.405,274.972],"Rotation":0},{"Text":"no","TextBB":[377.92,266.604,387.98,274.972],"Rotation":0},{"Text":"cont.","TextBB":[390.494,266.604,410.107,274.972],"Rotation":0},{"Text":"0.75","TextBB":[226.526,248.587,244.131,256.955],"Rotation":0},{"Text":"0.7","TextBB":[231.576,276.178,244.151,284.546],"Rotation":0},{"Text":"0","TextBB":[244.242,283.867,249.271,292.235],"Rotation":0},{"Text":"0.1","TextBB":[268.893,283.867,281.468,292.235],"Rotation":0},{"Text":"0.2","TextBB":[297.314,283.867,309.888,292.235],"Rotation":0},{"Text":"0.3","TextBB":[325.735,283.867,338.309,292.235],"Rotation":0},{"Text":"0.4","TextBB":[354.156,283.867,366.73,292.235],"Rotation":0},{"Text":"0.5","TextBB":[382.576,283.867,395.151,292.235],"Rotation":0},{"Text":"False","TextBB":[312.315,292.16,334.434,300.528],"Rotation":0},{"Text":"positive","TextBB":[336.949,292.16,367.616,300.528],"Rotation":0},{"Text":"rate","TextBB":[370.131,292.16,385.718,300.528],"Rotation":0},{"Text":"0.6","TextBB":[410.997,283.867,423.572,292.235],"Rotation":0}],"Mention":["To assess the classification performance of the VIC, contaminated positives were auto-\nmatically generated (figure 4). These were combined with pure faces and pure non-faces\n(none of which were used in the training set) and tested to produce the Receiver Operating\nCharacteristic (ROC) curves are given in Figure 4 for the unaltered RVM acting on the\n"],"Page":7,"Number":4,"Type":"Figure","CaptionBB":[173,320,675,365],"Height":1169,"Width":826,"DPI":100,"ImageBB":[215,107,627,302]}