{"Caption":"Figure 14: A comparison of round trip times between two sets of node pairs using ICMP, raw application-level measure- ments, and filtered measurements. Pair (a) exhibits some variance, but shows a consistent baseline. With pair (b), the variance is so large that assigning this node a coordinate \u2014 or putting it into a consistent Meridian ring \u2014 is bound to be an error-prone process. The number in parentheses in the legend is the number of round trip time measurements in the cumulative distribution function. ","ImageText":[{"Text":"(b)","TextBB":[480.645,98.9655,490.734,106.753],"Rotation":0},{"Text":"From","TextBB":[492.898,98.9655,511.648,106.753],"Rotation":0},{"Text":"planetlab14.millennium.berkeley.edu","TextBB":[513.811,98.8963,651.07,106.649],"Rotation":0},{"Text":"To","TextBB":[653.233,98.9655,662.847,106.753],"Rotation":0},{"Text":"84.18.X.X","TextBB":[665.01,98.8963,701.3,106.649],"Rotation":0},{"Text":"1.0","TextBB":[457.159,111.945,467.975,119.732],"Rotation":0},{"Text":"0.8","TextBB":[165.702,126.469,176.518,134.257],"Rotation":0},{"Text":"0.8","TextBB":[457.159,126.469,467.975,134.257],"Rotation":0},{"Text":"0.6","TextBB":[165.702,140.993,176.518,148.781],"Rotation":0},{"Text":"0.6","TextBB":[457.159,140.993,467.975,148.781],"Rotation":0},{"Text":"0.4","TextBB":[165.702,155.579,176.518,163.367],"Rotation":0},{"Text":"CDF","TextBB":[439.858,142.895,447.646,159.724],"Rotation":3},{"Text":"CDF","TextBB":[148.401,142.895,156.189,159.724],"Rotation":3},{"Text":"(a)","TextBB":[206.134,98.9655,215.739,106.753],"Rotation":0},{"Text":"From","TextBB":[217.902,98.9655,236.653,106.753],"Rotation":0},{"Text":"planetlab2.iis.sinica.edu.tw","TextBB":[238.815,98.8963,338.34,106.649],"Rotation":0},{"Text":"To","TextBB":[340.502,98.9655,350.116,106.753],"Rotation":0},{"Text":"12.226.X.X","TextBB":[352.279,98.8963,392.895,106.649],"Rotation":0},{"Text":"1.0","TextBB":[165.702,111.945,176.518,119.732],"Rotation":0},{"Text":"ICMP","TextBB":[330.691,159.102,351.847,166.89],"Rotation":0},{"Text":"(2623)","TextBB":[354.011,159.102,377.079,166.89],"Rotation":0},{"Text":"Raw","TextBB":[344.639,167.755,360.5,175.543],"Rotation":0},{"Text":"(10)","TextBB":[362.663,167.755,377.078,175.543],"Rotation":0},{"Text":"Filter","TextBB":[341.75,176.408,360.501,184.195],"Rotation":0},{"Text":"(10)","TextBB":[362.664,176.408,377.08,184.195],"Rotation":0},{"Text":"0.2","TextBB":[165.702,170.104,176.518,177.891],"Rotation":0},{"Text":"ICMP","TextBB":[622.149,159.102,643.305,166.89],"Rotation":0},{"Text":"(2630)","TextBB":[645.468,159.102,668.536,166.89],"Rotation":0},{"Text":"Raw","TextBB":[640.423,167.755,656.283,175.543],"Rotation":0},{"Text":"(7)","TextBB":[658.446,167.755,668.535,175.543],"Rotation":0},{"Text":"Filter","TextBB":[637.534,176.408,656.284,184.195],"Rotation":0},{"Text":"(7)","TextBB":[658.447,176.408,668.537,184.195],"Rotation":0},{"Text":"0.2","TextBB":[457.159,170.104,467.975,177.891],"Rotation":0},{"Text":"0.0","TextBB":[165.702,184.628,176.518,192.416],"Rotation":0},{"Text":"0.0","TextBB":[457.159,184.628,467.975,192.416],"Rotation":0},{"Text":"200","TextBB":[223.398,193.281,236.377,201.068],"Rotation":0},{"Text":"400","TextBB":[270.555,193.281,283.535,201.068],"Rotation":0},{"Text":"600","TextBB":[317.651,193.281,330.63,201.068],"Rotation":0},{"Text":"Round","TextBB":[260.216,206.26,283.293,214.047],"Rotation":0},{"Text":"Trip","TextBB":[285.457,206.26,300.357,214.047],"Rotation":0},{"Text":"Time","TextBB":[302.52,206.26,320.786,214.047],"Rotation":0},{"Text":"(ms)","TextBB":[322.949,206.26,338.81,214.047],"Rotation":0},{"Text":"1600","TextBB":[167.866,221.364,185.172,229.152],"Rotation":0},{"Text":"1400","TextBB":[167.866,232.427,185.172,240.215],"Rotation":0},{"Text":"1200","TextBB":[167.866,243.429,185.172,251.216],"Rotation":0},{"Text":"1000","TextBB":[167.866,254.492,185.172,262.279],"Rotation":0},{"Text":"800","TextBB":[172.193,265.493,185.172,273.281],"Rotation":0},{"Text":"600","TextBB":[172.193,276.557,185.172,284.344],"Rotation":0},{"Text":"400","TextBB":[172.193,287.558,185.172,295.345],"Rotation":0},{"Text":"200","TextBB":[172.193,298.621,185.172,306.409],"Rotation":0},{"Text":"0","TextBB":[180.845,309.622,185.172,317.41],"Rotation":0},{"Text":"800","TextBB":[364.809,193.281,377.788,201.068],"Rotation":0},{"Text":"1000","TextBB":[409.741,193.281,427.047,201.068],"Rotation":0},{"Text":"ICMP","TextBB":[354.193,229.584,375.349,237.372],"Rotation":0},{"Text":"Raw","TextBB":[359.488,238.237,375.349,246.025],"Rotation":0},{"Text":"Filter","TextBB":[356.598,246.89,375.349,254.677],"Rotation":0},{"Text":"0","TextBB":[189.282,318.275,193.608,326.063],"Rotation":0},{"Text":"1","TextBB":[234.338,318.275,238.665,326.063],"Rotation":0},{"Text":"2","TextBB":[279.394,318.275,283.721,326.063],"Rotation":0},{"Text":"3","TextBB":[324.389,318.275,328.715,326.063],"Rotation":0},{"Text":"Time","TextBB":[280.265,331.254,298.531,339.042],"Rotation":0},{"Text":"(hours)","TextBB":[300.694,331.254,325.683,339.042],"Rotation":0},{"Text":"4","TextBB":[369.445,318.275,373.771,326.063],"Rotation":0},{"Text":"0","TextBB":[472.085,193.281,476.412,201.068],"Rotation":0},{"Text":"Round","TextBB":[438.129,284.735,445.916,307.812],"Rotation":3},{"Text":"Trip","TextBB":[438.129,267.672,445.916,282.572],"Rotation":3},{"Text":"Time","TextBB":[438.129,247.242,445.916,265.509],"Rotation":3},{"Text":"(ms)","TextBB":[438.129,229.219,445.916,245.079],"Rotation":3},{"Text":"0","TextBB":[180.628,193.281,184.955,201.068],"Rotation":0},{"Text":"Round","TextBB":[146.672,284.735,154.459,307.812],"Rotation":3},{"Text":"Trip","TextBB":[146.672,267.672,154.459,282.572],"Rotation":3},{"Text":"Time","TextBB":[146.672,247.242,154.459,265.509],"Rotation":3},{"Text":"(ms)","TextBB":[146.672,229.219,154.459,245.079],"Rotation":3},{"Text":"0.4","TextBB":[457.159,155.579,467.975,163.367],"Rotation":0},{"Text":"200","TextBB":[514.855,193.281,527.834,201.068],"Rotation":0},{"Text":"400","TextBB":[562.012,193.281,574.991,201.068],"Rotation":0},{"Text":"600","TextBB":[609.108,193.281,622.087,201.068],"Rotation":0},{"Text":"Round","TextBB":[551.673,206.26,574.75,214.047],"Rotation":0},{"Text":"Trip","TextBB":[576.913,206.26,591.814,214.047],"Rotation":0},{"Text":"Time","TextBB":[593.977,206.26,612.243,214.047],"Rotation":0},{"Text":"(ms)","TextBB":[614.406,206.26,630.267,214.047],"Rotation":0},{"Text":"1600","TextBB":[459.323,221.364,476.629,229.152],"Rotation":0},{"Text":"1400","TextBB":[459.323,232.427,476.629,240.215],"Rotation":0},{"Text":"1200","TextBB":[459.323,243.429,476.629,251.216],"Rotation":0},{"Text":"1000","TextBB":[459.323,254.492,476.629,262.279],"Rotation":0},{"Text":"800","TextBB":[463.65,265.493,476.629,273.281],"Rotation":0},{"Text":"600","TextBB":[463.65,276.557,476.629,284.344],"Rotation":0},{"Text":"400","TextBB":[463.65,287.558,476.629,295.345],"Rotation":0},{"Text":"200","TextBB":[463.65,298.621,476.629,306.409],"Rotation":0},{"Text":"0","TextBB":[472.303,309.622,476.629,317.41],"Rotation":0},{"Text":"5","TextBB":[414.501,318.275,418.828,326.063],"Rotation":0},{"Text":"800","TextBB":[656.266,193.281,669.245,201.068],"Rotation":0},{"Text":"1000","TextBB":[701.198,193.281,718.504,201.068],"Rotation":0},{"Text":"ICMP","TextBB":[645.65,229.584,666.806,237.372],"Rotation":0},{"Text":"Raw","TextBB":[650.945,238.237,666.806,246.025],"Rotation":0},{"Text":"Filter","TextBB":[648.055,246.89,666.806,254.677],"Rotation":0},{"Text":"0","TextBB":[480.739,318.275,485.065,326.063],"Rotation":0},{"Text":"1","TextBB":[525.795,318.275,530.122,326.063],"Rotation":0},{"Text":"2","TextBB":[570.851,318.275,575.178,326.063],"Rotation":0},{"Text":"3","TextBB":[615.846,318.275,620.172,326.063],"Rotation":0},{"Text":"Time","TextBB":[571.722,331.254,589.988,339.042],"Rotation":0},{"Text":"(hours)","TextBB":[592.151,331.254,617.14,339.042],"Rotation":0},{"Text":"4","TextBB":[660.902,318.275,665.229,326.063],"Rotation":0},{"Text":"5","TextBB":[705.958,318.275,710.285,326.063],"Rotation":0}],"Mention":["We ran an experiment where we compared ICMP, fil-\ntered, and raw latency measurements that were taken at\nthe same time. To determine which destination nodes to\nuse, we started Azureus on three PlanetLab nodes and\nchose five ping-able neighbors after a twenty-minute start-\nup period. We then let Azureus continue to run normally\nfor six hours while simultaneously measuring the latency\nto these nodes with ping. We plot the data in Figure 14.\nFigure 14 (a) illustrates a pair similar to our PlanetLab\nobservations: there was raw application-level and ICMP\nvariance, but a consistent baseline that could be described\nwith a single value. In contrast, Figure 14 (b) portrays a\nhigh variance pair: while the filter does approximate the\nmedian round trip time, it is difficult to say, at any point in\ntime, what the latency is between this pair.\n"],"Page":13,"Number":14,"Type":"Figure","CaptionBB":[98,342,765,423],"Height":1100,"Width":850,"DPI":100,"ImageBB":[144,96,721,341]}