{"Caption":"Figure 13. The number of iterations (vertical axis) vs. the total dissimilarity measure of the correspond- ing patches (left axis: \u2014◦\u2014 ) and the correctness % (right axis: · · ·\u2022· · · ). (a) Morris and Kanade. (b) Perrier et al. ","ImageText":[{"Text":"x10","TextBB":[113.006,98.8279,124.035,105.157],"Rotation":0},{"Text":"11","TextBB":[124.035,96.3895,130.122,101.452],"Rotation":0},{"Text":"x10","TextBB":[266.424,98.8279,277.453,105.157],"Rotation":0},{"Text":"4","TextBB":[277.453,96.3895,280.496,101.452],"Rotation":0},{"Text":"15","TextBB":[101.293,105.572,108.901,111.901],"Rotation":0},{"Text":"100","TextBB":[206.006,105.572,217.418,111.901],"Rotation":0},{"Text":"12","TextBB":[254.711,105.572,262.319,111.901],"Rotation":0},{"Text":"100","TextBB":[359.424,105.572,370.836,111.901],"Rotation":0},{"Text":"10","TextBB":[254.711,120.38,262.319,126.708],"Rotation":0},{"Text":"90","TextBB":[359.424,127.808,367.032,134.137],"Rotation":0},{"Text":"10","TextBB":[101.293,135.187,108.901,141.516],"Rotation":0},{"Text":"90","TextBB":[206.006,135.187,213.614,141.516],"Rotation":0},{"Text":"8","TextBB":[258.515,135.187,262.319,141.516],"Rotation":0},{"Text":"6","TextBB":[258.515,149.995,262.319,156.324],"Rotation":0},{"Text":"5","TextBB":[105.097,164.852,108.901,171.18],"Rotation":0},{"Text":"80","TextBB":[206.006,164.852,213.614,171.18],"Rotation":0},{"Text":"80","TextBB":[359.424,149.995,367.032,156.324],"Rotation":0},{"Text":"4","TextBB":[258.515,164.852,262.319,171.18],"Rotation":0},{"Text":"70","TextBB":[359.424,172.231,367.032,178.56],"Rotation":0},{"Text":"2","TextBB":[258.515,179.659,262.319,185.988],"Rotation":0},{"Text":"0","TextBB":[105.097,194.467,108.901,200.796],"Rotation":0},{"Text":"70","TextBB":[206.006,194.467,213.614,200.796],"Rotation":0},{"Text":"0","TextBB":[111.104,201.309,114.908,207.637],"Rotation":0},{"Text":"1","TextBB":[155.576,201.309,159.38,207.637],"Rotation":0},{"Text":"(a)","TextBB":[147.013,210.094,162.046,221.72],"Rotation":0},{"Text":"2","TextBB":[199.999,201.309,203.803,207.637],"Rotation":0},{"Text":"0","TextBB":[258.515,194.467,262.319,200.796],"Rotation":0},{"Text":"60","TextBB":[359.424,194.467,367.032,200.796],"Rotation":0},{"Text":"0","TextBB":[264.522,201.309,268.326,207.637],"Rotation":0},{"Text":"1","TextBB":[294.137,201.309,297.942,207.637],"Rotation":0},{"Text":"2","TextBB":[323.802,201.309,327.606,207.637],"Rotation":0},{"Text":"3","TextBB":[353.417,201.309,357.221,207.637],"Rotation":0},{"Text":"(b)","TextBB":[304.074,210.094,319.76,221.72],"Rotation":0}],"Mention":["no mention found"],"Page":6,"Number":13,"Type":"Figure","CaptionBB":[84,227,381,295],"Height":1169,"Width":826,"DPI":100,"ImageBB":[99,95,373,224]}