{"Type":"Figure",
"Number": 7,
"Page": 6,
"DPI": 100,
"Width": 850,
"Height": 1100,
"CaptionBB": [83,571,395,665],
"Caption": "Figure 7. (Left) A time series C and a shorter query Q. (Right) A visualization of the lower-bounding function LB_Keogh(Q,C). Note that any part of query time series Q that falls inside the bounding envelope is ignored. Otherwise the distance corresponds to the sum of the squared straight line distances from the query to the nearest point in the envelope (the gray hatch lines). ",
"ImageBB": [80,451,391,565],
"ImageText" : [
{"Rotation": 0,"TextBB": [196,481.983,207.117,500.433], "Text": "C"},
	{"Rotation": 0,"TextBB": [197.667,494.229,204.706,505.023], "Text": "m"},
	{"Rotation": 0,"TextBB": [206.167,494.229,211.666,505.023], "Text": "="},
	{"Rotation": 0,"TextBB": [206.167,505.646,220.876,516.439], "Text": "100"},
	{"Rotation": 0,"TextBB": [197.333,529.813,202.208,540.606], "Text": "n"},
	{"Rotation": 0,"TextBB": [203.75,529.813,209.249,540.606], "Text": "="},
	{"Rotation": 0,"TextBB": [203.75,541.229,213.542,552.023], "Text": "80"},
	{"Rotation": 0,"TextBB": [93.4167,555.49,101.095,563.209], "Text": "10"},
	{"Rotation": 0,"TextBB": [106.083,555.49,113.762,563.209], "Text": "20"},
	{"Rotation": 0,"TextBB": [118.917,555.49,126.595,563.209], "Text": "30"},
	{"Rotation": 0,"TextBB": [131.333,555.49,139.012,563.209], "Text": "40"},
	{"Rotation": 0,"TextBB": [144.083,555.49,151.762,563.209], "Text": "50"},
	{"Rotation": 0,"TextBB": [156.667,555.49,164.345,563.209], "Text": "60"},
	{"Rotation": 0,"TextBB": [169.417,555.49,177.095,563.209], "Text": "70"},
	{"Rotation": 0,"TextBB": [182.333,555.49,190.012,563.209], "Text": "80"},
	{"Rotation": 0,"TextBB": [194.667,556.074,202.345,563.793], "Text": "90"},
	{"Rotation": 0,"TextBB": [206.75,555.574,218.261,563.293], "Text": "100"},
	{"Rotation": 0,"TextBB": [197.917,513.983,209.95,532.433], "Text": "Q"},
	{"Rotation": 0,"TextBB": [82,555.49,85.8457,563.209], "Text": "0"},
	{"Rotation": 0,"TextBB": [253,555.824,256.846,563.543], "Text": "0"},
	{"Rotation": 0,"TextBB": [264.583,555.824,272.262,563.543], "Text": "10"},
	{"Rotation": 0,"TextBB": [277.083,555.824,284.762,563.543], "Text": "20"},
	{"Rotation": 0,"TextBB": [289.833,555.824,297.512,563.543], "Text": "30"},
	{"Rotation": 0,"TextBB": [302.333,555.824,310.012,563.543], "Text": "40"},
	{"Rotation": 0,"TextBB": [315.25,555.824,322.928,563.543], "Text": "50"},
	{"Rotation": 0,"TextBB": [327.833,555.824,335.512,563.543], "Text": "60"},
	{"Rotation": 0,"TextBB": [340.417,555.824,348.095,563.543], "Text": "70"},
	{"Rotation": 0,"TextBB": [353.333,555.824,361.012,563.543], "Text": "80"},
	{"Rotation": 0,"TextBB": [365.833,555.824,373.512,563.543], "Text": "90"},
	{"Rotation": 0,"TextBB": [377.833,555.824,389.344,563.543], "Text": "100"}
]}
