{"Type":"Figure",
"Number": 2,
"Page": 7,
"DPI": 100,
"Width": 850,
"Height": 1100,
"CaptionBB": [172,299,674,360],
"Caption": "Figure 2: (Left) Four iterations of the bisection method showing time taken per it- eration (outer for loop in Algorithm 3) against the value of the objective constraint. (Right) Decay of the attained objective function value while iterating through Al- gorithm 3 with a non-zero threshold of τ = 500. ",
"ImageBB": [188,101,658,279],
"ImageText" : [
{"Rotation": 0,"TextBB": [445.632,103.089,462.786,110.224], "Text": "1000"},
	{"Rotation": 0,"TextBB": [296.142,111.789,300.775,119.496], "Text": "4"},
	{"Rotation": 0,"TextBB": [199.766,133.391,220.613,140.328], "Text": "16000"},
	{"Rotation": 3,"TextBB": [189.999,189.661,197.707,208.176], "Text": "Time"},
	{"Rotation": 3,"TextBB": [189.999,178.088,197.707,187.345], "Text": "(in"},
	{"Rotation": 3,"TextBB": [189.999,157.716,197.707,175.772], "Text": "sec.)"},
	{"Rotation": 0,"TextBB": [199.766,148.459,220.613,155.395], "Text": "14000"},
	{"Rotation": 0,"TextBB": [199.766,163.491,220.613,170.428], "Text": "12000"},
	{"Rotation": 0,"TextBB": [199.766,178.559,220.613,185.495], "Text": "10000"},
	{"Rotation": 0,"TextBB": [319.09,176.363,323.723,184.071], "Text": "2"},
	{"Rotation": 0,"TextBB": [273.229,180.391,277.861,188.098], "Text": "3"},
	{"Rotation": 0,"TextBB": [203.932,193.591,220.61,200.528], "Text": "8000"},
	{"Rotation": 0,"TextBB": [203.932,208.659,220.61,215.595], "Text": "6000"},
	{"Rotation": 0,"TextBB": [203.932,223.691,220.61,230.628], "Text": "4000"},
	{"Rotation": 0,"TextBB": [203.932,238.759,220.61,245.696], "Text": "2000"},
	{"Rotation": 0,"TextBB": [216.43,253.826,220.6,260.763], "Text": "0"},
	{"Rotation": 0,"TextBB": [219.729,259.208,223.898,266.144], "Text": "0"},
	{"Rotation": 0,"TextBB": [397.76,248.749,402.393,256.457], "Text": "1"},
	{"Rotation": 0,"TextBB": [252.78,259.208,265.288,266.144], "Text": "100"},
	{"Rotation": 0,"TextBB": [289.997,259.208,302.505,266.144], "Text": "200"},
	{"Rotation": 0,"TextBB": [596.326,110.509,625.851,118.436], "Text": "Optimal"},
	{"Rotation": 0,"TextBB": [628.233,110.509,648.716,118.436], "Text": "value"},
	{"Rotation": 0,"TextBB": [352.791,114.288,381.496,121.996], "Text": "Optimal"},
	{"Rotation": 0,"TextBB": [383.812,114.288,403.726,121.996], "Text": "value"},
	{"Rotation": 3,"TextBB": [431.694,217.196,439.621,239.11], "Text": "Value"},
	{"Rotation": 3,"TextBB": [431.694,207.666,439.621,214.813], "Text": "of"},
	{"Rotation": 3,"TextBB": [431.694,171.465,439.621,205.283], "Text": "objective"},
	{"Rotation": 3,"TextBB": [431.694,139.069,439.621,169.082], "Text": "function"},
	{"Rotation": 3,"TextBB": [431.694,129.548,439.621,136.687], "Text": "(c"},
	{"Rotation": 3,"TextBB": [437.21,126.563,443.552,130.375], "Text": "0"},
	{"Rotation": 3,"TextBB": [431.694,123.736,439.621,126.59], "Text": ")"},
	{"Rotation": 0,"TextBB": [199.766,118.359,220.613,125.295], "Text": "18000"},
	{"Rotation": 0,"TextBB": [327.249,259.208,339.757,266.144], "Text": "300"},
	{"Rotation": 0,"TextBB": [364.466,259.208,376.974,266.144], "Text": "400"},
	{"Rotation": 0,"TextBB": [258.612,266.629,279.918,274.336], "Text": "Value"},
	{"Rotation": 0,"TextBB": [282.234,266.629,289.183,274.336], "Text": "of"},
	{"Rotation": 0,"TextBB": [291.499,266.629,324.378,274.336], "Text": "objective"},
	{"Rotation": 0,"TextBB": [326.695,266.629,355.874,274.336], "Text": "function"},
	{"Rotation": 0,"TextBB": [358.19,266.629,365.131,274.336], "Text": "(c"},
	{"Rotation": 0,"TextBB": [364.327,271.992,368.033,278.157], "Text": "0"},
	{"Rotation": 0,"TextBB": [368.007,266.629,370.782,274.336], "Text": ")"},
	{"Rotation": 0,"TextBB": [401.718,259.208,414.226,266.144], "Text": "500"},
	{"Rotation": 0,"TextBB": [449.917,121.944,462.783,129.079], "Text": "900"},
	{"Rotation": 0,"TextBB": [449.917,140.799,462.783,147.933], "Text": "800"},
	{"Rotation": 0,"TextBB": [449.917,159.689,462.783,166.824], "Text": "700"},
	{"Rotation": 0,"TextBB": [449.917,178.544,462.783,185.679], "Text": "600"},
	{"Rotation": 0,"TextBB": [449.917,197.398,462.783,204.533], "Text": "500"},
	{"Rotation": 0,"TextBB": [449.917,216.289,462.783,223.423], "Text": "400"},
	{"Rotation": 0,"TextBB": [449.917,235.143,462.783,242.278], "Text": "300"},
	{"Rotation": 0,"TextBB": [449.917,254.033,462.783,261.168], "Text": "200"},
	{"Rotation": 0,"TextBB": [461.88,259.569,466.168,266.703], "Text": "0"},
	{"Rotation": 0,"TextBB": [493.304,259.569,501.881,266.703], "Text": "10"},
	{"Rotation": 0,"TextBB": [526.907,259.569,535.484,266.703], "Text": "20"},
	{"Rotation": 0,"TextBB": [560.509,259.569,569.086,266.703], "Text": "30"},
	{"Rotation": 0,"TextBB": [594.077,259.569,602.654,266.703], "Text": "40"},
	{"Rotation": 0,"TextBB": [627.679,259.569,636.256,266.703], "Text": "50"},
	{"Rotation": 0,"TextBB": [542.19,267.202,577.44,275.13], "Text": "Iterations"}
]}
