{"Caption":"Figure 4. Final weights mr on rewards for uniform (left) and ex- ponential (right) distributions with γ = i0.1                                           0.1 in round i, α = 0.8, and h = 0.2. ","ImageText":[{"Text":"56","TextBB":[441.047,95.1145,444.665,98.1241],"Rotation":0},{"Text":"2.5","TextBB":[424.053,100.338,430.837,104.852],"Rotation":0},{"Text":"44","TextBB":[612.682,95.2164,616.297,98.2238],"Rotation":0},{"Text":"x","TextBB":[431.838,96.9679,434.278,101.482],"Rotation":0},{"Text":"10","TextBB":[435.635,96.9679,441.062,101.482],"Rotation":0},{"Text":"9","TextBB":[599.764,100.436,602.475,104.947],"Rotation":0},{"Text":"x","TextBB":[603.48,97.0684,605.918,101.58],"Rotation":0},{"Text":"10","TextBB":[607.274,97.0684,612.697,101.58],"Rotation":0},{"Text":"8","TextBB":[599.764,114.05,602.475,118.561],"Rotation":0},{"Text":"2","TextBB":[428.119,124.885,430.833,129.399],"Rotation":0},{"Text":"7","TextBB":[599.764,127.665,602.475,132.176],"Rotation":0},{"Text":"6","TextBB":[599.764,141.309,602.475,145.821],"Rotation":0},{"Text":"1.5","TextBB":[424.053,149.403,430.837,153.917],"Rotation":0},{"Text":"Weights","TextBB":[593.591,154.628,598.103,172.243],"Rotation":3},{"Text":"3","TextBB":[599.764,182.183,602.475,186.694],"Rotation":0},{"Text":"2","TextBB":[599.764,195.826,602.475,200.337],"Rotation":0},{"Text":"0.5","TextBB":[424.053,198.526,430.837,203.041],"Rotation":0},{"Text":"1","TextBB":[599.764,209.44,602.475,213.951],"Rotation":0},{"Text":"0","TextBB":[428.119,223.074,430.833,227.588],"Rotation":0},{"Text":"0","TextBB":[430.503,226.793,433.216,231.307],"Rotation":0},{"Text":"5","TextBB":[469.4,226.793,472.114,231.307],"Rotation":0},{"Text":"10","TextBB":[506.933,226.793,512.36,231.307],"Rotation":0},{"Text":"Reward","TextBB":[481.689,231.964,498.502,236.478],"Rotation":0},{"Text":"in","TextBB":[499.859,231.964,503.656,236.478],"Rotation":0},{"Text":"nickels","TextBB":[505.012,231.964,519.927,236.478],"Rotation":0},{"Text":"(x","TextBB":[521.284,231.964,525.349,236.478],"Rotation":0},{"Text":"0.05)","TextBB":[526.706,231.964,537.828,236.478],"Rotation":0},{"Text":"15","TextBB":[545.831,226.793,551.258,231.307],"Rotation":0},{"Text":"20","TextBB":[584.729,226.793,590.156,231.307],"Rotation":0},{"Text":"0","TextBB":[599.764,223.084,602.475,227.596],"Rotation":0},{"Text":"0","TextBB":[602.144,226.801,604.856,231.312],"Rotation":0},{"Text":"5","TextBB":[641.015,226.801,643.727,231.312],"Rotation":0},{"Text":"10","TextBB":[678.521,226.801,683.944,231.312],"Rotation":0},{"Text":"Reward","TextBB":[653.294,231.968,670.095,236.479],"Rotation":0},{"Text":"in","TextBB":[671.451,231.968,675.245,236.479],"Rotation":0},{"Text":"nickels","TextBB":[676.601,231.968,691.505,236.479],"Rotation":0},{"Text":"(x","TextBB":[692.861,231.968,696.923,236.479],"Rotation":0},{"Text":"0.05)","TextBB":[698.279,231.968,709.394,236.479],"Rotation":0},{"Text":"15","TextBB":[717.39,226.801,722.813,231.312],"Rotation":0},{"Text":"4","TextBB":[599.764,168.568,602.475,173.079],"Rotation":0},{"Text":"1","TextBB":[428.119,173.979,430.833,178.494],"Rotation":0},{"Text":"5","TextBB":[599.764,154.923,602.475,159.435],"Rotation":0},{"Text":"20","TextBB":[756.261,226.801,761.684,231.312],"Rotation":0}],"Mention":["The next results (Figures 3 and 4) show that the spikes\ncan be minimized by decreasing γ over time according to\na fixed schedule. However, we cannot decrease γ too fast\nwithout hurting the algorithm\u2019s convergence. (We show the\nresults for the best setting of the parameters that we found.)\n"],"Page":4,"Number":4,"Type":"Figure","CaptionBB":[425,256,752,300],"Height":1100,"Width":850,"DPI":100,"ImageBB":[424,92,764,238]}