{"Caption":"Figure 6: Plot❤ of pdf and log of pdf of a path duration                          Ü with ②❝❘❲❚ ❇ ✒  m\/s, ②❝❘ ✶ ✒➐④❾✛ m\/s, and ◗❝❘❯❚ ❇ ✒ 250 m. ","ImageText":[{"Text":"pdf","TextBB":[532.456,100.883,540.812,106.444],"Rotation":0},{"Text":"of","TextBB":[542.484,100.883,547.498,106.444],"Rotation":0},{"Text":"path","TextBB":[549.169,100.883,560.868,106.444],"Rotation":0},{"Text":"duration","TextBB":[562.54,100.883,584.261,106.444],"Rotation":0},{"Text":"(v","TextBB":[585.933,100.883,590.941,106.444],"Rotation":0},{"Text":"min","TextBB":[590.872,104.753,598.621,109.202],"Rotation":0},{"Text":"=","TextBB":[600.259,100.883,603.77,106.444],"Rotation":0},{"Text":"2","TextBB":[605.442,100.883,608.784,106.444],"Rotation":0},{"Text":"m\/s,","TextBB":[610.456,100.883,621.812,106.444],"Rotation":0},{"Text":"v","TextBB":[623.484,100.883,626.49,106.444],"Rotation":0},{"Text":"max","TextBB":[626.394,104.753,635.479,109.202],"Rotation":0},{"Text":"=","TextBB":[637.133,100.883,640.644,106.444],"Rotation":0},{"Text":"30","TextBB":[642.315,100.883,649.001,106.444],"Rotation":0},{"Text":"m\/s)","TextBB":[650.672,100.883,662.359,106.444],"Rotation":0},{"Text":"n=2","TextBB":[714.519,117.467,724.716,123.028],"Rotation":0},{"Text":"n=4","TextBB":[714.519,124.381,724.716,129.942],"Rotation":0},{"Text":"n=7","TextBB":[714.519,131.294,724.716,136.856],"Rotation":0},{"Text":"0.2","TextBB":[452.696,129.79,461.053,135.351],"Rotation":0},{"Text":"0.18","TextBB":[449.339,149.029,461.038,154.59],"Rotation":0},{"Text":"0.16","TextBB":[449.339,168.268,461.038,173.829],"Rotation":0},{"Text":"log","TextBB":[440.914,222.731,446.475,230.751],"Rotation":3},{"Text":"of","TextBB":[440.914,216.046,446.475,221.06],"Rotation":3},{"Text":"pdf","TextBB":[440.914,206.018,446.475,214.375],"Rotation":3},{"Text":"0.14","TextBB":[449.339,187.506,461.038,193.067],"Rotation":0},{"Text":"0.12","TextBB":[449.339,206.744,461.038,212.306],"Rotation":0},{"Text":"0.1","TextBB":[452.696,225.983,461.053,231.544],"Rotation":0},{"Text":"0.08","TextBB":[449.339,245.222,461.038,250.783],"Rotation":0},{"Text":"0.06","TextBB":[449.339,264.46,461.038,270.021],"Rotation":0},{"Text":"0.04","TextBB":[449.339,283.699,461.038,289.26],"Rotation":0},{"Text":"0.02","TextBB":[449.339,302.938,461.038,308.499],"Rotation":0},{"Text":"0","TextBB":[457.706,322.225,461.048,327.786],"Rotation":0},{"Text":"0","TextBB":[461.112,327.286,464.455,332.847],"Rotation":0},{"Text":"20","TextBB":[504.149,327.286,510.834,332.847],"Rotation":0},{"Text":"40","TextBB":[548.888,327.286,555.573,332.847],"Rotation":0},{"Text":"60","TextBB":[593.628,327.286,600.313,332.847],"Rotation":0},{"Text":"time","TextBB":[578.848,334.45,590.205,340.011],"Rotation":0},{"Text":"(second)","TextBB":[591.876,334.45,615.263,340.011],"Rotation":0},{"Text":"80","TextBB":[638.317,327.286,645.002,332.847],"Rotation":0},{"Text":"100","TextBB":[681.353,327.286,691.381,332.847],"Rotation":0},{"Text":"120","TextBB":[726.093,327.286,736.121,332.847],"Rotation":0},{"Text":"(a)","TextBB":[580.5,348.688,595.984,361.142],"Rotation":0},{"Text":"log","TextBB":[523.478,366.748,531.53,372.331],"Rotation":0},{"Text":"of","TextBB":[533.208,366.748,538.242,372.331],"Rotation":0},{"Text":"pdf","TextBB":[539.92,366.748,548.311,372.331],"Rotation":0},{"Text":"of","TextBB":[549.989,366.748,555.023,372.331],"Rotation":0},{"Text":"path","TextBB":[556.701,366.748,568.448,372.331],"Rotation":0},{"Text":"duration","TextBB":[570.126,366.748,591.935,372.331],"Rotation":0},{"Text":"(v","TextBB":[593.613,366.748,598.641,372.331],"Rotation":0},{"Text":"min","TextBB":[598.578,370.633,606.358,375.1],"Rotation":0},{"Text":"=","TextBB":[608.003,366.748,611.528,372.331],"Rotation":0},{"Text":"2","TextBB":[613.206,366.748,616.562,372.331],"Rotation":0},{"Text":"m\/s,","TextBB":[618.24,366.748,629.643,372.331],"Rotation":0},{"Text":"v","TextBB":[631.321,366.748,634.339,372.331],"Rotation":0},{"Text":"max","TextBB":[634.242,370.633,643.364,375.1],"Rotation":0},{"Text":"=","TextBB":[645.025,366.748,648.55,372.331],"Rotation":0},{"Text":"30","TextBB":[650.228,366.748,656.941,372.331],"Rotation":0},{"Text":"m\/s)","TextBB":[658.619,366.748,670.353,372.331],"Rotation":0},{"Text":"0","TextBB":[456.576,376.456,459.933,382.04],"Rotation":0},{"Text":"n=2","TextBB":[714.424,383.398,724.661,388.981],"Rotation":0},{"Text":"n=4","TextBB":[714.424,390.34,724.661,395.923],"Rotation":0},{"Text":"n=7","TextBB":[714.424,397.281,724.661,402.865],"Rotation":0},{"Text":"−5","TextBB":[453.056,411.869,459.937,417.452],"Rotation":0},{"Text":"log","TextBB":[441.227,489.087,446.811,497.139],"Rotation":3},{"Text":"of","TextBB":[441.227,482.374,446.811,487.408],"Rotation":3},{"Text":"pdf","TextBB":[441.227,472.306,446.811,480.696],"Rotation":3},{"Text":"−10","TextBB":[449.686,447.281,459.924,452.865],"Rotation":0},{"Text":"−15","TextBB":[449.686,482.694,459.924,488.277],"Rotation":0},{"Text":"−20","TextBB":[449.686,518.106,459.924,523.69],"Rotation":0},{"Text":"−25","TextBB":[449.686,553.519,459.924,559.102],"Rotation":0},{"Text":"−30","TextBB":[449.686,588.981,459.924,594.565],"Rotation":0},{"Text":"0","TextBB":[459.997,594.062,463.353,599.645],"Rotation":0},{"Text":"20","TextBB":[503.207,594.062,509.919,599.645],"Rotation":0},{"Text":"40","TextBB":[548.126,594.062,554.839,599.645],"Rotation":0},{"Text":"60","TextBB":[593.046,594.062,599.758,599.645],"Rotation":0},{"Text":"time","TextBB":[578.206,601.255,589.609,606.838],"Rotation":0},{"Text":"(second)","TextBB":[591.287,601.255,614.768,606.838],"Rotation":0},{"Text":"80","TextBB":[637.915,594.062,644.628,599.645],"Rotation":0},{"Text":"100","TextBB":[681.125,594.062,691.193,599.645],"Rotation":0},{"Text":"120","TextBB":[726.044,594.062,736.113,599.645],"Rotation":0},{"Text":"(b)","TextBB":[580.167,615.355,596.48,627.808],"Rotation":0}],"Mention":["The results indicate that when the number of hops is\nlarge, the distribution of path duration can be accurately\napproximated by an exponential rv under a set of mild\nconditions. In fact, in the i.i.d. case the only assumption\nrequired for convergence is that the link duration satis-\nfies\n\u0098\n\u0002\nﬀ\n\f\n\u0012ﬁﬀ . In addition, as noted earlier, (5) tells us\nthat the PDF of the duration of an one-hop path is a non-\nincreasing function. This observation contrasts with the\nnumerical results (Figure 6) in [8], where the authors sug-\ngest, based on simulation results, that the one-hop path\nduration may not have a non-increasing PDF. We suspect\nthat this might be due to (i) the limited number of statis-\ntics they collected from the simulation as a result of low\nmobility or to (ii) the slightly different definition of path\nduration used in the paper. Note that the PDF plots be-\ncome much smoother with increasing mobility or speed\nof nodes in [8], thereby yielding a larger number of col-\nlected samples (e.g., Figure 6 and 7 vs. Figure 8 - 10\nin [8]).\n","¹jºI»\nwhere\n\u0098\nis the link duration distribution, i.e.,\n\u0098\n\u0002\nz\n\f\n\u0012\n\n! \nK\n\"\nz\n& . These are plotted in Figures 5(b) and 6, re-\nspectively, for the example in Figure 5(a). As one can\nsee, the PDF of the excess life is non-increasing and is\nquite different from that of a link duration. Therefore, in\n"],"Page":8,"Number":6,"Type":"Figure","CaptionBB":[429,634,746,665],"Height":1169,"Width":826,"DPI":100,"ImageBB":[438,98,738,629]}