{"Type":"Figure",
"Number": 13,
"Page": 7,
"DPI": 100,
"Width": 850,
"Height": 1100,
"CaptionBB": [438,417,772,460],
"Caption": "Figure 13: Cumulative distribution of daily traﬃc per user: a metropolitan prefecture (top) and a ru- ral prefecture (bottom) ",
"ImageBB": [496,73,716,402],
"ImageText" : [
{"Rotation": 0,"TextBB": [508.865,78.6667,518.195,87.2126], "Text": "10"},
	{"Rotation": 3,"TextBB": [498.136,147.738,506.682,191.279], "Text": "Cumulative"},
	{"Rotation": 3,"TextBB": [498.136,102.378,506.682,145.406], "Text": "distribution"},
	{"Rotation": 0,"TextBB": [506.695,123.087,516.024,131.633], "Text": "10"},
	{"Rotation": 0,"TextBB": [516.043,119.406,521.531,125.44], "Text": "-2"},
	{"Rotation": 0,"TextBB": [506.999,145.307,516.329,153.853], "Text": "10"},
	{"Rotation": 0,"TextBB": [506.695,167.508,516.024,176.054], "Text": "10"},
	{"Rotation": 0,"TextBB": [516.329,141.625,521.817,147.66], "Text": "-3"},
	{"Rotation": 0,"TextBB": [516.043,163.826,521.531,169.861], "Text": "-4"},
	{"Rotation": 0,"TextBB": [516.253,186.122,521.741,192.157], "Text": "-5"},
	{"Rotation": 0,"TextBB": [516.101,208.304,521.588,214.338], "Text": "-6"},
	{"Rotation": 0,"TextBB": [526.344,215.234,529.638,221.269], "Text": "4"},
	{"Rotation": 0,"TextBB": [517.015,218.916,526.344,227.462], "Text": "10"},
	{"Rotation": 0,"TextBB": [543.194,219.068,552.524,227.614], "Text": "10"},
	{"Rotation": 0,"TextBB": [552.524,215.387,555.818,221.421], "Text": "5"},
	{"Rotation": 0,"TextBB": [578.533,215.311,581.827,221.345], "Text": "6"},
	{"Rotation": 0,"TextBB": [604.656,215.158,607.95,221.193], "Text": "7"},
	{"Rotation": 0,"TextBB": [630.76,215.234,634.054,221.269], "Text": "8"},
	{"Rotation": 0,"TextBB": [656.769,215.234,660.063,221.269], "Text": "9"},
	{"Rotation": 0,"TextBB": [681.159,215.234,687.747,221.269], "Text": "10"},
	{"Rotation": 0,"TextBB": [578.533,378.477,581.827,384.512], "Text": "6"},
	{"Rotation": 0,"TextBB": [604.656,378.325,607.95,384.359], "Text": "7"},
	{"Rotation": 0,"TextBB": [630.76,378.401,634.054,384.436], "Text": "8"},
	{"Rotation": 0,"TextBB": [656.769,378.401,660.063,384.436], "Text": "9"},
	{"Rotation": 0,"TextBB": [681.159,378.401,687.747,384.436], "Text": "10"},
	{"Rotation": 0,"TextBB": [595.307,218.84,604.637,227.385], "Text": "10"},
	{"Rotation": 0,"TextBB": [621.43,218.916,630.76,227.462], "Text": "10"},
	{"Rotation": 0,"TextBB": [647.439,218.916,656.769,227.462], "Text": "10"},
	{"Rotation": 0,"TextBB": [671.829,218.916,681.159,227.462], "Text": "10"},
	{"Rotation": 0,"TextBB": [569.203,218.992,578.533,227.538], "Text": "10"},
	{"Rotation": 0,"TextBB": [565.719,227.541,586.45,236.087], "Text": "Daily"},
	{"Rotation": 0,"TextBB": [588.782,227.541,611.574,236.087], "Text": "traffic"},
	{"Rotation": 0,"TextBB": [613.907,227.541,625.82,236.087], "Text": "per"},
	{"Rotation": 0,"TextBB": [628.153,227.541,643.696,236.087], "Text": "user"},
	{"Rotation": 0,"TextBB": [646.028,227.541,671.937,236.087], "Text": "[bytes]"},
	{"Rotation": 0,"TextBB": [698.181,218.916,707.51,227.462], "Text": "10"},
	{"Rotation": 0,"TextBB": [707.51,215.234,714.098,221.269], "Text": "11"},
	{"Rotation": 0,"TextBB": [518.195,238.152,521.489,244.187], "Text": "0"},
	{"Rotation": 0,"TextBB": [516.557,260.353,522.045,266.387], "Text": "-1"},
	{"Rotation": 0,"TextBB": [507.228,264.034,516.558,272.58], "Text": "10"},
	{"Rotation": 0,"TextBB": [506.695,286.254,516.024,294.8], "Text": "10"},
	{"Rotation": 0,"TextBB": [516.043,282.573,521.531,288.607], "Text": "-2"},
	{"Rotation": 0,"TextBB": [506.999,308.474,516.329,317.02], "Text": "10"},
	{"Rotation": 0,"TextBB": [506.695,330.674,516.024,339.22], "Text": "10"},
	{"Rotation": 0,"TextBB": [516.329,304.792,521.817,310.827], "Text": "-3"},
	{"Rotation": 0,"TextBB": [516.043,326.993,521.531,333.027], "Text": "-4"},
	{"Rotation": 0,"TextBB": [516.253,349.289,521.741,355.323], "Text": "-5"},
	{"Rotation": 0,"TextBB": [564.653,349.943,571.911,358.489], "Text": "in"},
	{"Rotation": 0,"TextBB": [564.653,357.235,576.576,365.781], "Text": "out"},
	{"Rotation": 0,"TextBB": [506.923,352.97,516.253,361.516], "Text": "10"},
	{"Rotation": 0,"TextBB": [506.771,375.152,516.101,383.698], "Text": "10"},
	{"Rotation": 0,"TextBB": [564.653,186.776,571.911,195.322], "Text": "in"},
	{"Rotation": 0,"TextBB": [564.653,194.068,576.576,202.614], "Text": "out"},
	{"Rotation": 0,"TextBB": [506.923,189.803,516.253,198.349], "Text": "10"},
	{"Rotation": 0,"TextBB": [508.865,241.833,518.195,250.379], "Text": "10"},
	{"Rotation": 0,"TextBB": [516.557,97.186,522.045,103.221], "Text": "-1"},
	{"Rotation": 0,"TextBB": [507.228,100.867,516.558,109.413], "Text": "10"},
	{"Rotation": 0,"TextBB": [506.771,211.985,516.101,220.531], "Text": "10"},
	{"Rotation": 3,"TextBB": [498.136,310.905,506.682,354.446], "Text": "Cumulative"},
	{"Rotation": 3,"TextBB": [498.136,265.544,506.682,308.572], "Text": "distribution"},
	{"Rotation": 0,"TextBB": [518.195,74.9853,521.489,81.0199], "Text": "0"},
	{"Rotation": 0,"TextBB": [516.101,371.471,521.588,377.505], "Text": "-6"},
	{"Rotation": 0,"TextBB": [526.344,378.401,529.638,384.436], "Text": "4"},
	{"Rotation": 0,"TextBB": [517.015,382.082,526.344,390.628], "Text": "10"},
	{"Rotation": 0,"TextBB": [543.194,382.235,552.524,390.781], "Text": "10"},
	{"Rotation": 0,"TextBB": [552.524,378.553,555.818,384.588], "Text": "5"},
	{"Rotation": 0,"TextBB": [595.307,382.006,604.637,390.552], "Text": "10"},
	{"Rotation": 0,"TextBB": [621.43,382.082,630.76,390.628], "Text": "10"},
	{"Rotation": 0,"TextBB": [647.439,382.082,656.769,390.628], "Text": "10"},
	{"Rotation": 0,"TextBB": [671.829,382.082,681.159,390.628], "Text": "10"},
	{"Rotation": 0,"TextBB": [569.203,382.159,578.533,390.705], "Text": "10"},
	{"Rotation": 0,"TextBB": [565.719,390.708,586.45,399.254], "Text": "Daily"},
	{"Rotation": 0,"TextBB": [588.782,390.708,611.574,399.254], "Text": "traffic"},
	{"Rotation": 0,"TextBB": [613.907,390.708,625.82,399.254], "Text": "per"},
	{"Rotation": 0,"TextBB": [628.153,390.708,643.696,399.254], "Text": "user"},
	{"Rotation": 0,"TextBB": [646.028,390.708,671.937,399.254], "Text": "[bytes]"},
	{"Rotation": 0,"TextBB": [698.181,382.082,707.51,390.628], "Text": "10"},
	{"Rotation": 0,"TextBB": [707.51,378.401,714.098,384.436], "Text": "11"}
]}
