{"Caption":"Figure 2: (a) Average values of control policies for ALP, least-squares (LS), and grid (GMDP) approaches for different sample sizes. Random policy is used as a baseline. (b) Average running times. ","ImageText":[{"Text":"Expected","TextBB":[214.308,164.673,228.185,211.401],"Rotation":3},{"Text":"reward","TextBB":[214.308,127.303,228.185,161.557],"Rotation":3},{"Text":"(a)","TextBB":[185.333,161.667,201.625,179.736],"Rotation":0},{"Text":"Time","TextBB":[214.308,304.093,228.185,328.999],"Rotation":3},{"Text":"(sec)","TextBB":[214.308,276.072,228.185,300.977],"Rotation":3},{"Text":"25−star","TextBB":[420.954,101.524,458.649,115.4],"Rotation":0},{"Text":"155","TextBB":[366.218,114.507,384.914,128.383],"Rotation":0},{"Text":"random","TextBB":[305.506,159.622,343.503,173.499],"Rotation":0},{"Text":"GMDP","TextBB":[305.506,172.512,339.131,186.388],"Rotation":0},{"Text":"LS","TextBB":[305.506,185.402,319.214,199.278],"Rotation":0},{"Text":"ALP","TextBB":[305.506,198.292,326.69,212.168],"Rotation":0},{"Text":"135","TextBB":[230.128,179.238,248.824,193.114],"Rotation":0},{"Text":"0","TextBB":[248.994,221.082,255.226,234.958],"Rotation":0},{"Text":"140","TextBB":[502.31,146.825,521.006,160.701],"Rotation":0},{"Text":"145","TextBB":[366.218,163.078,384.914,176.954],"Rotation":0},{"Text":"135","TextBB":[502.31,179.238,521.006,193.114],"Rotation":0},{"Text":"140","TextBB":[366.218,187.363,384.914,201.239],"Rotation":0},{"Text":"500","TextBB":[345.762,221.082,364.458,234.958],"Rotation":0},{"Text":"135","TextBB":[366.218,211.649,384.914,225.525],"Rotation":0},{"Text":"0","TextBB":[385.086,221.082,391.318,234.958],"Rotation":0},{"Text":"500","TextBB":[481.854,221.082,500.55,234.958],"Rotation":0},{"Text":"130","TextBB":[502.31,211.649,521.006,225.525],"Rotation":0},{"Text":"400","TextBB":[230.128,247.517,248.824,261.393],"Rotation":0},{"Text":"400","TextBB":[366.218,247.517,384.914,261.393],"Rotation":0},{"Text":"400","TextBB":[502.31,247.517,521.006,261.393],"Rotation":0},{"Text":"300","TextBB":[230.128,271.802,248.824,285.678],"Rotation":0},{"Text":"300","TextBB":[366.218,271.802,384.914,285.678],"Rotation":0},{"Text":"300","TextBB":[502.31,271.802,521.006,285.678],"Rotation":0},{"Text":"200","TextBB":[230.128,296.086,248.824,309.963],"Rotation":0},{"Text":"200","TextBB":[366.218,296.086,384.914,309.963],"Rotation":0},{"Text":"200","TextBB":[502.31,296.086,521.006,309.963],"Rotation":0},{"Text":"100","TextBB":[230.128,320.372,248.824,334.249],"Rotation":0},{"Text":"100","TextBB":[366.218,320.372,384.914,334.249],"Rotation":0},{"Text":"100","TextBB":[502.31,320.372,521.006,334.249],"Rotation":0},{"Text":"0","TextBB":[242.643,344.657,248.875,358.533],"Rotation":0},{"Text":"0","TextBB":[248.994,354.092,255.226,367.968],"Rotation":0},{"Text":"24−ring−of−rings","TextBB":[533.881,101.524,618.304,115.4],"Rotation":0},{"Text":"145","TextBB":[502.31,114.507,521.006,128.383],"Rotation":0},{"Text":"150","TextBB":[366.218,138.793,384.914,152.669],"Rotation":0},{"Text":"140","TextBB":[230.128,146.825,248.824,160.701],"Rotation":0},{"Text":"130","TextBB":[230.128,211.649,248.824,225.525],"Rotation":0},{"Text":"(b)","TextBB":[184.667,291,201.625,309.069],"Rotation":0},{"Text":"24−ring","TextBB":[284.863,101.524,322.557,115.4],"Rotation":0},{"Text":"145","TextBB":[230.128,114.507,248.824,128.383],"Rotation":0},{"Text":"500","TextBB":[345.762,354.092,364.458,367.968],"Rotation":0},{"Text":"Number","TextBB":[255.347,367.449,295.205,381.325],"Rotation":0},{"Text":"of","TextBB":[298.321,367.449,307.669,381.325],"Rotation":0},{"Text":"samples","TextBB":[310.785,367.449,352.515,381.325],"Rotation":0},{"Text":"0","TextBB":[378.735,344.657,384.967,358.533],"Rotation":0},{"Text":"0","TextBB":[385.086,354.092,391.318,367.968],"Rotation":0},{"Text":"500","TextBB":[481.854,354.092,500.55,367.968],"Rotation":0},{"Text":"Number","TextBB":[391.437,367.449,431.295,381.325],"Rotation":0},{"Text":"of","TextBB":[434.411,367.449,443.759,381.325],"Rotation":0},{"Text":"samples","TextBB":[446.875,367.449,488.605,381.325],"Rotation":0},{"Text":"0","TextBB":[514.826,344.657,521.058,358.533],"Rotation":0},{"Text":"0","TextBB":[521.178,221.082,527.41,234.958],"Rotation":0},{"Text":"500","TextBB":[618.039,221.082,636.735,234.958],"Rotation":0},{"Text":"0","TextBB":[521.178,354.092,527.41,367.968],"Rotation":0},{"Text":"500","TextBB":[618.039,354.092,636.735,367.968],"Rotation":0},{"Text":"Number","TextBB":[527.622,367.449,567.48,381.325],"Rotation":0},{"Text":"of","TextBB":[570.596,367.449,579.944,381.325],"Rotation":0},{"Text":"samples","TextBB":[583.06,367.449,624.79,381.325],"Rotation":0}],"Mention":["problems with three network structures from Figure 1a, each with 24 or 25 nodes. Figure\n2a illustrates the average quality (value) of a policy obtained by different approximation\nmethods while varying the number of samples. The average is computed over 30 solutions\nobtained for 30 different sample sets and 100 different (random) start states. The simulation\ntrajectories of length 50 are used. Figure 2b illustrates the scale-up potential of the methods\nin terms of running times. Results are averaged over 30 solutions.\n"],"Page":7,"Number":2,"Type":"Figure","CaptionBB":[173,397,675,446],"Height":1100,"Width":850,"DPI":100,"ImageBB":[183,101,639,383]}