{"Caption":"Figure 9: Instantaneous delay behavior (N = 10).","ImageText":[{"Text":"4","TextBB":[160.178,64.6236,165.583,73.6167],"Rotation":0},{"Text":"4","TextBB":[463.678,64.6236,469.083,73.6167],"Rotation":0},{"Text":"class","TextBB":[319.264,73.8597,341.411,82.8528],"Rotation":0},{"Text":"1","TextBB":[344.114,73.8597,349.519,82.8528],"Rotation":0},{"Text":"class","TextBB":[319.264,83.5819,341.411,92.575],"Rotation":0},{"Text":"2","TextBB":[344.114,83.5819,349.519,92.575],"Rotation":0},{"Text":"3.5","TextBB":[152.069,85.7347,165.583,94.7278],"Rotation":0},{"Text":"3","TextBB":[463.678,106.915,469.083,115.908],"Rotation":0},{"Text":"2.5","TextBB":[152.069,128.026,165.583,137.019],"Rotation":0},{"Text":"2.5","TextBB":[455.569,128.026,469.083,137.019],"Rotation":0},{"Text":"delay","TextBB":[431.318,141.326,440.311,164.562],"Rotation":3},{"Text":"3","TextBB":[160.178,106.915,165.583,115.908],"Rotation":0},{"Text":"delay","TextBB":[127.818,141.326,136.811,164.562],"Rotation":3},{"Text":"class","TextBB":[622.764,73.8597,644.911,82.8528],"Rotation":0},{"Text":"1","TextBB":[647.614,73.8597,653.019,82.8528],"Rotation":0},{"Text":"class","TextBB":[622.764,83.5819,644.911,92.575],"Rotation":0},{"Text":"2","TextBB":[647.614,83.5819,653.019,92.575],"Rotation":0},{"Text":"3.5","TextBB":[455.569,85.7347,469.083,94.7278],"Rotation":0},{"Text":"2","TextBB":[160.178,149.207,165.583,158.2],"Rotation":0},{"Text":"2","TextBB":[463.678,149.207,469.083,158.2],"Rotation":0},{"Text":"1.5","TextBB":[152.069,170.318,165.583,179.311],"Rotation":0},{"Text":"1.5","TextBB":[455.569,170.318,469.083,179.311],"Rotation":0},{"Text":"1","TextBB":[160.178,191.499,165.583,200.492],"Rotation":0},{"Text":"1","TextBB":[463.678,191.499,469.083,200.492],"Rotation":0},{"Text":"0.5","TextBB":[152.069,212.61,165.583,221.603],"Rotation":0},{"Text":"0.5","TextBB":[455.569,212.61,469.083,221.603],"Rotation":0},{"Text":"0","TextBB":[160.178,233.79,165.583,242.783],"Rotation":0},{"Text":"0","TextBB":[463.678,233.79,469.083,242.783],"Rotation":0},{"Text":"0","TextBB":[170.065,243.513,175.471,252.506],"Rotation":0},{"Text":"20","TextBB":[214.168,243.513,224.979,252.506],"Rotation":0},{"Text":"40","TextBB":[260.904,243.513,271.715,252.506],"Rotation":0},{"Text":"60","TextBB":[307.71,243.513,318.521,252.506],"Rotation":0},{"Text":"time(sec)","TextBB":[268.376,258.096,308.344,267.089],"Rotation":0},{"Text":"80","TextBB":[354.446,243.513,365.257,252.506],"Rotation":0},{"Text":"100","TextBB":[398.549,243.513,414.765,252.506],"Rotation":0},{"Text":"0","TextBB":[473.565,243.513,478.971,252.506],"Rotation":0},{"Text":"(a)","TextBB":[170.5,273.744,185.984,286.197],"Rotation":0},{"Text":"linear","TextBB":[189.317,273.744,220.948,286.197],"Rotation":0},{"Text":"mapping","TextBB":[224.282,273.744,273.043,286.197],"Rotation":0},{"Text":"20","TextBB":[517.668,243.513,528.479,252.506],"Rotation":0},{"Text":"40","TextBB":[564.404,243.513,575.215,252.506],"Rotation":0},{"Text":"60","TextBB":[611.21,243.513,622.021,252.506],"Rotation":0},{"Text":"time(sec)","TextBB":[571.876,258.096,611.844,267.089],"Rotation":0},{"Text":"80","TextBB":[657.946,243.513,668.757,252.506],"Rotation":0},{"Text":"100","TextBB":[702.049,243.513,718.265,252.506],"Rotation":0},{"Text":"(b)","TextBB":[515.709,273.744,532.023,286.197],"Rotation":0},{"Text":"piecewise","TextBB":[535.357,273.744,589.624,286.197],"Rotation":0},{"Text":"linear","TextBB":[592.957,273.744,624.589,286.197],"Rotation":0},{"Text":"mapping","TextBB":[627.922,273.744,676.684,286.197],"Rotation":0}],"Mention":["Then we show the instantaneous delay behaviors with N = 10 in Fig. 9. From these results, we observe\n","centralized implementation in terms of service differentiation. Fig. 19 further illustrates the instantaneous\n"],"Page":20,"Number":9,"Type":"Figure","CaptionBB":[270,302,574,319],"Height":1100,"Width":850,"DPI":100,"ImageBB":[125,63,720,288]}