{"Caption":"tion lasts ✽ ✻✩✻ units of time in the interval of ✌ ❑ ❯ ✼❑ ✼❑ ✽ ✩✻ ✻ ✕                                                       ✝                                                          ✥   ✲✥                                                                 ✝                                                                        .                                  ❏ ✏ ❊❑                 ✏ ❊❑ Figure 4 illustrates the bandwidth assignment ✞ ☛ and their re-   ✱ spective contribution values ✞ ☛ during the simulation period. ","ImageText":[{"Text":"3","TextBB":[624.669,414.995,627.476,419.664],"Rotation":0},{"Text":"160","TextBB":[441.122,416.042,449.494,420.685],"Rotation":0},{"Text":"140","TextBB":[441.122,429.844,449.494,434.486],"Rotation":0},{"Text":"servent","TextBB":[738.219,420.215,758.909,426.052],"Rotation":0},{"Text":"1","TextBB":[760.663,420.215,764.171,426.052],"Rotation":0},{"Text":"servent","TextBB":[738.219,427.498,758.909,433.334],"Rotation":0},{"Text":"2","TextBB":[760.663,427.498,764.171,433.334],"Rotation":0},{"Text":"servent","TextBB":[738.219,434.78,758.909,440.617],"Rotation":0},{"Text":"3","TextBB":[760.663,434.78,764.171,440.617],"Rotation":0},{"Text":"servent","TextBB":[738.219,442.063,758.909,447.899],"Rotation":0},{"Text":"4","TextBB":[760.663,442.063,764.171,447.899],"Rotation":0},{"Text":"2.5","TextBB":[620.462,433.503,627.479,438.173],"Rotation":0},{"Text":"Contribution","TextBB":[612.004,463.035,619.008,503.854],"Rotation":3},{"Text":"Value","TextBB":[612.004,441.569,619.008,460.93],"Rotation":3},{"Text":"120","TextBB":[441.122,443.646,449.494,448.289],"Rotation":0},{"Text":"100","TextBB":[441.122,457.449,449.494,462.092],"Rotation":0},{"Text":"80","TextBB":[443.919,471.251,449.501,475.893],"Rotation":0},{"Text":"60","TextBB":[443.919,485.053,449.501,489.696],"Rotation":0},{"Text":"servent","TextBB":[559.593,498.451,580.165,504.254],"Rotation":0},{"Text":"1","TextBB":[581.909,498.451,585.397,504.254],"Rotation":0},{"Text":"servent","TextBB":[559.593,505.692,580.165,511.495],"Rotation":0},{"Text":"2","TextBB":[581.909,505.692,585.397,511.495],"Rotation":0},{"Text":"servent","TextBB":[559.593,512.933,580.165,518.736],"Rotation":0},{"Text":"3","TextBB":[581.909,512.933,585.397,518.736],"Rotation":0},{"Text":"servent","TextBB":[559.593,520.174,580.165,525.977],"Rotation":0},{"Text":"4","TextBB":[581.909,520.174,585.397,525.977],"Rotation":0},{"Text":"40","TextBB":[443.919,498.856,449.501,503.499],"Rotation":0},{"Text":"20","TextBB":[443.919,512.657,449.501,517.3],"Rotation":0},{"Text":"0","TextBB":[446.717,526.487,449.507,531.129],"Rotation":0},{"Text":"0","TextBB":[446.926,530.171,449.717,534.814],"Rotation":0},{"Text":"20","TextBB":[474.922,530.171,480.503,534.814],"Rotation":0},{"Text":"40","TextBB":[502.919,530.171,508.501,534.814],"Rotation":0},{"Text":"60","TextBB":[530.917,530.171,536.498,534.814],"Rotation":0},{"Text":"80","TextBB":[558.912,530.171,564.494,534.814],"Rotation":0},{"Text":"2","TextBB":[624.669,452.012,627.476,456.681],"Rotation":0},{"Text":"1.5","TextBB":[620.462,470.522,627.479,475.191],"Rotation":0},{"Text":"1","TextBB":[624.669,489.03,627.476,493.699],"Rotation":0},{"Text":"0.5","TextBB":[620.462,507.538,627.479,512.207],"Rotation":0},{"Text":"0","TextBB":[624.669,526.073,627.476,530.742],"Rotation":0},{"Text":"0","TextBB":[624.879,529.78,627.686,534.449],"Rotation":0},{"Text":"100","TextBB":[586.229,530.171,594.601,534.814],"Rotation":0},{"Text":"20","TextBB":[653.038,529.78,658.651,534.449],"Rotation":0},{"Text":"40","TextBB":[681.194,529.78,686.808,534.449],"Rotation":0},{"Text":"Time","TextBB":[511.886,535.481,528.614,542.445],"Rotation":0},{"Text":"60","TextBB":[709.378,529.78,714.991,534.449],"Rotation":0},{"Text":"80","TextBB":[737.535,529.78,743.148,534.449],"Rotation":0},{"Text":"100","TextBB":[765.008,529.78,773.428,534.449],"Rotation":0},{"Text":"Time","TextBB":[689.186,535.593,706.01,542.597],"Rotation":0},{"Text":"Bandwidth","TextBB":[433.156,459.283,440.12,494.433],"Rotation":3}],"Mention":["In this section, we present simulation results showing that\nour mechanism can fairly distribute transfer bandwidth among\nthe requesting servents and can provide higher aggregate utility\nthan other scheduling disciplines such as FCFS and processor-\nsharing.\nExperiment A: servents with similar connection type but\ndifferent contribution values: Four servents make requests to\nservent 2 , which has a transfer resource of ﬂ\n1\n\b =\n6$6\n. The\ncontribution values of these requesting servents at time K \u0006 are\n\r\nJ\nﬃ! \nJ\n\"$ \nJ\n\u0013  \nJ\n\u0015 \u0015 \b \r 8  \u00168 % \u0017; :9B A9B%ﬁ\u0017!\u0015 . The connection types of all\nthe requesting servents are the same and their maximal down-\nload bandwidth are + ﬃ \b + \" \b +\u0014\u00135\b +\u0016\u0015 \b@8 \u0017\n6\n. Each simula-\ntion lasts 8\n6$6\nunits of time in the interval of \r K \u0006  7K- 7K \u0006\n,\n8\n6$6\n\u0015 .\nFigure 4 illustrates the bandwidth assignment U \u0010 \u0007EK \u000B and their re-\nJ\n","Fig. 4. (a) Instantaneous bandwidth assignment and (b) instantaneous contri-\nbution values for competing servents.\n"],"Page":9,"Number":4,"Type":"Figure","CaptionBB":[422,344,773,394],"Height":1100,"Width":850,"DPI":100,"ImageBB":[431,412,776,544]}