{"Caption":"Figure 4. Macro-average F-measure for IG variants averaged over all 19 datasets for SVM (left) and Naïve Bayes (right).","ImageText":[{"Text":"all","TextBB":[126.292,108.787,139.473,120.025],"Rotation":0},{"Text":"features","TextBB":[142.594,108.787,185.572,120.025],"Rotation":0},{"Text":"80","TextBB":[437.236,125.367,449.719,136.601],"Rotation":0},{"Text":"75","TextBB":[86.2363,168.65,98.719,179.887],"Rotation":0},{"Text":"75","TextBB":[437.236,168.706,449.719,179.939],"Rotation":0},{"Text":"F-measure","TextBB":[427.948,175.091,439.182,231.932],"Rotation":3},{"Text":"F-measure","TextBB":[76.9477,175.037,88.1822,231.897],"Rotation":3},{"Text":"80","TextBB":[86.2363,125.296,98.719,136.533],"Rotation":0},{"Text":"70","TextBB":[86.2363,212.073,98.719,223.31],"Rotation":0},{"Text":"70","TextBB":[437.236,212.114,449.719,223.347],"Rotation":0},{"Text":"Round-Robin.IG","TextBB":[245.922,250.848,336.447,262.085],"Rotation":0},{"Text":"Rand-Robin.IG","TextBB":[252.863,263.334,336.447,274.571],"Rotation":0},{"Text":"Max.IG","TextBB":[294.493,275.819,336.448,287.057],"Rotation":0},{"Text":"IG","TextBB":[321.88,288.305,336.448,299.542],"Rotation":0},{"Text":"65","TextBB":[86.2363,255.495,98.719,266.733],"Rotation":0},{"Text":"60","TextBB":[86.2363,298.918,98.719,310.155],"Rotation":0},{"Text":"20","TextBB":[111.132,311.751,123.615,322.988],"Rotation":0},{"Text":"100","TextBB":[218.832,311.404,237.556,322.641],"Rotation":0},{"Text":"50","TextBB":[174.24,311.751,186.723,322.988],"Rotation":0},{"Text":"200","TextBB":[266.544,311.751,285.268,322.988],"Rotation":0},{"Text":"number","TextBB":[198.731,322.641,241.035,333.878],"Rotation":0},{"Text":"of","TextBB":[244.156,322.641,254.554,333.878],"Rotation":0},{"Text":"features","TextBB":[257.675,322.641,300.653,333.878],"Rotation":0},{"Text":"500","TextBB":[329.582,311.751,348.306,322.988],"Rotation":0},{"Text":"all","TextBB":[625.144,228.617,638.326,239.851],"Rotation":0},{"Text":"features","TextBB":[641.446,228.617,684.424,239.851],"Rotation":0},{"Text":"Round-Robin.IG","TextBB":[596.922,250.876,687.447,262.109],"Rotation":0},{"Text":"Rand-Robin.IG","TextBB":[603.863,263.358,687.447,274.591],"Rotation":0},{"Text":"Max.IG","TextBB":[645.493,275.839,687.448,287.073],"Rotation":0},{"Text":"IG","TextBB":[672.88,288.321,687.448,299.554],"Rotation":0},{"Text":"65","TextBB":[437.236,255.522,449.719,266.755],"Rotation":0},{"Text":"60","TextBB":[437.236,298.93,449.719,310.163],"Rotation":0},{"Text":"1000","TextBB":[374.174,311.404,399.139,322.641],"Rotation":0},{"Text":"20","TextBB":[462.132,311.758,474.615,322.992],"Rotation":0},{"Text":"50","TextBB":[525.24,311.758,537.723,322.992],"Rotation":0},{"Text":"100","TextBB":[569.832,311.412,588.556,322.645],"Rotation":0},{"Text":"200","TextBB":[617.544,311.758,636.268,322.992],"Rotation":0},{"Text":"number","TextBB":[549.731,322.645,592.035,333.878],"Rotation":0},{"Text":"of","TextBB":[595.156,322.645,605.554,333.878],"Rotation":0},{"Text":"features","TextBB":[608.675,322.645,651.653,333.878],"Rotation":0},{"Text":"500","TextBB":[680.582,311.758,699.306,322.992],"Rotation":0},{"Text":"1000","TextBB":[725.173,311.412,750.139,322.645],"Rotation":0}],"Mention":["Even in a task with fairly homogeneous and uniform-\nsized classes, there is significant variation in the difficulty \nof the individual classes.  To illustrate this, we measured \nthe precision, recall, and F-measure for each individual \nclass. (Precision P = true positives \/ all guessed positives. \nRecall R = true positives \/ all positives in ground truth. F-\nmeasure is their harmonic average = 2 P R\/(P+R).) We \nused a state-of-the-art classifier: a multi-class one-vs-all \nSupport Vector Machine (SVM, linear kernel, C=1) \n(Witten & Frank, 2000). We selected the top 500 features \nvia IG (after determining 500 is sufficient for acceptable \nperformance; see Figure 4). We used 4-fold stratified \ncross-validation to reduce random fluctuations in the \nmeasurements due to randomized splits. For each fold, the \nfeature selector must be re-run from scratch so that no \ninformation leaks from the test set. \n"],"Page":8,"Number":4,"Type":"Figure","CaptionBB":[106,341,719,357],"Height":1100,"Width":850,"DPI":100,"ImageBB":[74,102,752,334]}