{"Caption":"Figure 12. Duration of each conversation","ImageText":[{"Text":"10","TextBB":[243.708,241.849,251.014,247.927],"Rotation":0},{"Text":"Conversation","TextBB":[237.251,310.158,242.113,341.121],"Rotation":3},{"Text":"duration","TextBB":[237.251,289.707,242.113,308.697],"Rotation":3},{"Text":"in","TextBB":[237.251,284.156,242.113,288.245],"Rotation":3},{"Text":"sec","TextBB":[237.251,274.517,242.113,282.695],"Rotation":3},{"Text":"(log)","TextBB":[237.251,262.544,242.113,273.056],"Rotation":3},{"Text":"4","TextBB":[77.137,268.97,79.5492,272.984],"Rotation":0},{"Text":"10","TextBB":[69.924,271.426,77.1607,277.446],"Rotation":0},{"Text":"3","TextBB":[77.137,297.307,79.5492,301.32],"Rotation":0},{"Text":"10","TextBB":[69.924,299.762,77.1607,305.782],"Rotation":0},{"Text":"2","TextBB":[77.137,325.643,79.5492,329.656],"Rotation":0},{"Text":"10","TextBB":[69.924,328.098,77.1607,334.118],"Rotation":0},{"Text":"1","TextBB":[77.137,353.979,79.5492,357.992],"Rotation":0},{"Text":"4","TextBB":[250.99,268.279,253.426,272.331],"Rotation":0},{"Text":"10","TextBB":[243.708,270.758,251.014,276.835],"Rotation":0},{"Text":"3","TextBB":[250.99,297.187,253.426,301.238],"Rotation":0},{"Text":"10","TextBB":[243.708,299.666,251.014,305.743],"Rotation":0},{"Text":"2","TextBB":[250.99,326.095,253.426,330.147],"Rotation":0},{"Text":"10","TextBB":[243.708,328.574,251.014,334.652],"Rotation":0},{"Text":"1","TextBB":[250.99,355.03,253.426,359.081],"Rotation":0},{"Text":"1","TextBB":[119.193,360.513,121.606,364.527],"Rotation":0},{"Text":"10","TextBB":[111.981,362.969,119.217,368.989],"Rotation":0},{"Text":"2","TextBB":[155.501,360.513,157.914,364.527],"Rotation":0},{"Text":"10","TextBB":[148.289,362.969,155.526,368.989],"Rotation":0},{"Text":"Rank","TextBB":[138.066,369.233,153.255,375.253],"Rotation":0},{"Text":"(log)","TextBB":[155.064,369.233,168.08,375.253],"Rotation":0},{"Text":"3","TextBB":[191.81,360.513,194.222,364.527],"Rotation":0},{"Text":"10","TextBB":[184.597,362.969,191.834,368.989],"Rotation":0},{"Text":"4","TextBB":[228.118,360.513,230.53,364.527],"Rotation":0},{"Text":"10","TextBB":[220.906,362.969,228.142,368.989],"Rotation":0},{"Text":"10","TextBB":[243.708,357.509,251.014,363.586],"Rotation":0},{"Text":"0","TextBB":[256.793,361.627,259.228,365.679],"Rotation":0},{"Text":"10","TextBB":[249.511,364.106,256.817,370.184],"Rotation":0},{"Text":"(a)","TextBB":[126.833,384.828,139.019,394.791],"Rotation":0},{"Text":"AIM","TextBB":[143.666,384.828,165.218,394.791],"Rotation":0},{"Text":"1","TextBB":[293.448,361.627,295.883,365.679],"Rotation":0},{"Text":"10","TextBB":[286.167,364.106,293.473,370.184],"Rotation":0},{"Text":"2","TextBB":[330.104,361.627,332.539,365.679],"Rotation":0},{"Text":"10","TextBB":[322.822,364.106,330.128,370.184],"Rotation":0},{"Text":"3","TextBB":[366.758,361.627,369.194,365.679],"Rotation":0},{"Text":"10","TextBB":[359.476,364.106,366.782,370.184],"Rotation":0},{"Text":"4","TextBB":[403.414,361.627,405.849,365.679],"Rotation":0},{"Text":"10","TextBB":[396.132,364.106,403.438,370.184],"Rotation":0},{"Text":"Conversation","TextBB":[300.483,370.415,331.446,375.277],"Rotation":0},{"Text":"rank","TextBB":[332.908,370.415,343.131,375.277],"Rotation":0},{"Text":"(log)","TextBB":[344.592,370.415,355.104,375.277],"Rotation":0},{"Text":"(b)","TextBB":[300.667,384.828,313.519,394.791],"Rotation":0},{"Text":"MSN","TextBB":[318,384.828,342.058,394.791],"Rotation":0},{"Text":"5","TextBB":[250.99,239.371,253.426,243.422],"Rotation":0},{"Text":"5","TextBB":[77.137,240.662,79.5492,244.675],"Rotation":0},{"Text":"10","TextBB":[69.924,243.118,77.1607,249.137],"Rotation":0},{"Text":"10","TextBB":[69.924,356.434,77.1607,362.454],"Rotation":0},{"Text":"0","TextBB":[82.8858,360.513,85.298,364.527],"Rotation":0},{"Text":"10","TextBB":[75.6728,362.969,82.9094,368.989],"Rotation":0},{"Text":"Conversation","TextBB":[62.2957,312.167,68.3154,350.504],"Rotation":3},{"Text":"duration","TextBB":[62.2957,286.845,68.3154,310.358],"Rotation":3},{"Text":"in","TextBB":[62.2957,279.973,68.3154,285.036],"Rotation":3},{"Text":"sec","TextBB":[62.2957,268.037,68.3154,278.164],"Rotation":3},{"Text":"(log)","TextBB":[62.2957,253.213,68.3154,266.228],"Rotation":3}],"Mention":["tribution. Instead, the CCDF follows a Weibull distribution.\nFigure 11 shows the CDF distribution of chat message in-\ntervals for AIM and MSN.\nFigure 12 shows the distribution of IM conversation du-\nration for AIM and MSN users. The conversation duration\nis the duration from the first IM chat message to the last IM\nchat message in the conversation (conversations less than\n10 seconds are excluded). The distributions of conversation\nduration for AIM and MSN look different.\n"],"Page":7,"Number":12,"Type":"Figure","CaptionBB":[98,415,367,430],"Height":1100,"Width":850,"DPI":100,"ImageBB":[59,236,408,396]}