{"Caption":"Figure 12: Cache results for writing or reading the final portion of each dataset. For writes, the cache consists just of metadata, while for reads it includes the full data as well and must be larger to have the same hit ratio. Differences in marks represent the datasets, while differences in color represent the granularity of caching (containers, chunks, or in the case of reads, compression regions). ","ImageText":[{"Text":"100%","TextBB":[150.205,108.332,176.174,117.726],"Rotation":0},{"Text":"Hit","TextBB":[136.722,206.638,146.116,219.049],"Rotation":3},{"Text":"Ratio","TextBB":[136.722,180.11,146.116,203.815],"Rotation":3},{"Text":"80%","TextBB":[155.851,143.269,176.174,152.664],"Rotation":0},{"Text":"60%","TextBB":[155.851,178.207,176.174,187.601],"Rotation":0},{"Text":"containers","TextBB":[641.504,195.625,688.355,205.019],"Rotation":0},{"Text":"40%","TextBB":[155.851,213.094,176.174,222.488],"Rotation":0},{"Text":"chunks","TextBB":[656.179,230.562,688.354,239.957],"Rotation":0},{"Text":"20%","TextBB":[155.851,248.031,176.174,257.426],"Rotation":0},{"Text":"0%","TextBB":[161.498,282.969,176.174,292.363],"Rotation":0},{"Text":"32M","TextBB":[172.39,293.125,192.144,302.52],"Rotation":0},{"Text":"1G","TextBB":[347.794,293.125,361.342,302.52],"Rotation":0},{"Text":"32G","TextBB":[517.271,293.125,536.466,302.52],"Rotation":0},{"Text":"1T","TextBB":[693.243,293.125,705.096,302.52],"Rotation":0},{"Text":"Size","TextBB":[365.627,308.359,385.381,317.754],"Rotation":0},{"Text":"of","TextBB":[388.204,308.359,396.675,317.754],"Rotation":0},{"Text":"(Metadata)","TextBB":[399.498,308.248,448.603,317.815],"Rotation":0},{"Text":"Cache","TextBB":[451.427,308.359,480.778,317.754],"Rotation":0},{"Text":"(Bytes)","TextBB":[483.602,308.359,515.767,317.754],"Rotation":0},{"Text":"(a)","TextBB":[402.717,326.605,415.004,336.501],"Rotation":0},{"Text":"Writes","TextBB":[417.771,326.605,447.283,336.501],"Rotation":0},{"Text":"100%","TextBB":[150.205,361.605,176.174,371],"Rotation":0},{"Text":"Hit","TextBB":[136.722,443.662,146.116,456.073],"Rotation":3},{"Text":"Ratio","TextBB":[136.722,417.134,146.116,440.838],"Rotation":3},{"Text":"80%","TextBB":[155.851,390.043,176.174,399.437],"Rotation":0},{"Text":"60%","TextBB":[155.851,418.48,176.174,427.875],"Rotation":0},{"Text":"40%","TextBB":[155.851,446.867,176.174,456.262],"Rotation":0},{"Text":"containers","TextBB":[205.728,432.648,252.579,442.043],"Rotation":0},{"Text":"compression","TextBB":[205.728,446.867,263.294,456.262],"Rotation":0},{"Text":"regions","TextBB":[266.117,446.867,299.419,456.262],"Rotation":0},{"Text":"chunks","TextBB":[205.728,461.086,237.903,470.48],"Rotation":0},{"Text":"20%","TextBB":[155.851,475.305,176.174,484.699],"Rotation":0},{"Text":"0%","TextBB":[161.498,503.742,176.174,513.137],"Rotation":0},{"Text":"32M","TextBB":[172.39,513.899,192.144,523.293],"Rotation":0},{"Text":"1G","TextBB":[304.731,513.899,318.28,523.293],"Rotation":0},{"Text":"database1","TextBB":[288.148,548.785,335.578,558.18],"Rotation":0},{"Text":"database2","TextBB":[288.148,559.957,335.578,569.352],"Rotation":0},{"Text":"32G","TextBB":[431.146,513.899,450.341,523.293],"Rotation":0},{"Text":"Size","TextBB":[343.609,529.133,363.363,538.528],"Rotation":0},{"Text":"of","TextBB":[366.187,529.133,374.657,538.528],"Rotation":0},{"Text":"(Data","TextBB":[377.48,529.021,402.312,538.588],"Rotation":0},{"Text":"and","TextBB":[405.136,529.021,422.076,538.588],"Rotation":0},{"Text":"Metadata)","TextBB":[424.9,529.021,470.623,538.588],"Rotation":0},{"Text":"Cache","TextBB":[473.447,529.133,502.798,538.528],"Rotation":0},{"Text":"(Bytes)","TextBB":[505.622,529.133,537.787,538.528],"Rotation":0},{"Text":"email","TextBB":[400.434,548.785,424.698,558.18],"Rotation":0},{"Text":"fileservers","TextBB":[378.427,559.957,424.699,569.352],"Rotation":0},{"Text":"homedirs","TextBB":[472.057,548.785,513.82,558.18],"Rotation":0},{"Text":"mixed1","TextBB":[481.085,559.957,513.819,569.352],"Rotation":0},{"Text":"1T","TextBB":[564.005,513.899,575.857,523.293],"Rotation":0},{"Text":"32T","TextBB":[690.421,513.899,707.92,523.293],"Rotation":0},{"Text":"mixed2","TextBB":[570.206,548.785,602.94,558.18],"Rotation":0},{"Text":"workstations","TextBB":[546.503,559.957,602.941,569.352],"Rotation":0},{"Text":"(b)","TextBB":[403.636,579.88,416.543,589.776],"Rotation":0},{"Text":"Reads","TextBB":[419.311,579.88,446.365,589.776],"Rotation":0}],"Mention":["this sampling against unsampled runs using smaller datasets. The cache\nsize is a multiple of the cache unit for a type; therefore, data points of\nsimilar cache size do not align completely within Figure 12(a) and (b).\n"],"Page":13,"Number":12,"Type":"Figure","CaptionBB":[98,607,750,671],"Height":1100,"Width":850,"DPI":100,"ImageBB":[134,105,710,591]}