{"Caption":"Figure 3. Histogram of density of similarities shown on a logarith- mic grid. Density is defined as the number of nonzero similarities given a pixel. a) An image of a church with large homogenous regions, b) corresponding density histogram. c) A flower image, which contains a lot of edges, d) corresponding density histogram. ","ImageText":[{"Text":"3000","TextBB":[223.487,115.563,233.066,119.547],"Rotation":0},{"Text":"alpha=10","TextBB":[346.961,125.254,364.801,129.238],"Rotation":0},{"Text":"alpha=20","TextBB":[346.961,131.894,364.801,135.879],"Rotation":0},{"Text":"2500","TextBB":[223.487,133.94,233.066,137.925],"Rotation":0},{"Text":"Number","TextBB":[216.653,173.319,221.434,191.699],"Rotation":3},{"Text":"of","TextBB":[216.653,167.572,221.434,171.882],"Rotation":3},{"Text":"pixels","TextBB":[216.653,152.924,221.434,166.135],"Rotation":3},{"Text":"alpha=30","TextBB":[346.961,138.499,364.801,142.483],"Rotation":0},{"Text":"2000","TextBB":[223.487,152.354,233.066,156.338],"Rotation":0},{"Text":"1500","TextBB":[223.487,170.731,233.066,174.715],"Rotation":0},{"Text":"1000","TextBB":[223.487,189.145,233.066,193.129],"Rotation":0},{"Text":"500","TextBB":[225.856,207.558,233.04,211.542],"Rotation":0},{"Text":"0","TextBB":[230.666,225.935,233.06,229.92],"Rotation":0},{"Text":"0","TextBB":[235.906,229.479,237.503,232.135],"Rotation":0},{"Text":"10","TextBB":[231.132,231.104,235.922,235.088],"Rotation":0},{"Text":"1","TextBB":[292.474,229.479,294.071,232.135],"Rotation":0},{"Text":"2","TextBB":[349.042,229.479,350.639,232.135],"Rotation":0},{"Text":"10","TextBB":[287.7,231.104,292.49,235.088],"Rotation":0},{"Text":"10","TextBB":[344.269,231.104,349.058,235.088],"Rotation":0},{"Text":"Density","TextBB":[295.705,236.265,312.937,241.046],"Rotation":0},{"Text":"(a)","TextBB":[133.271,251.695,145.558,261.591],"Rotation":0},{"Text":"(b)","TextBB":[292.279,251.695,305.186,261.591],"Rotation":0},{"Text":"10000","TextBB":[221.082,284.994,233.056,288.978],"Rotation":0},{"Text":"9000","TextBB":[223.487,296.085,233.066,300.069],"Rotation":0},{"Text":"alpha=10","TextBB":[341.72,297.054,359.561,301.038],"Rotation":0},{"Text":"alpha=30","TextBB":[341.72,303.407,359.561,307.391],"Rotation":0},{"Text":"alpha=50","TextBB":[341.72,309.76,359.561,313.744],"Rotation":0},{"Text":"Number","TextBB":[214.248,343.073,219.029,361.453],"Rotation":3},{"Text":"of","TextBB":[214.248,337.325,219.029,341.636],"Rotation":3},{"Text":"Pixels","TextBB":[214.248,322.104,219.029,335.888],"Rotation":3},{"Text":"8000","TextBB":[223.487,307.14,233.066,311.124],"Rotation":0},{"Text":"7000","TextBB":[223.487,318.195,233.066,322.179],"Rotation":0},{"Text":"6000","TextBB":[223.487,329.25,233.066,333.235],"Rotation":0},{"Text":"5000","TextBB":[223.487,340.306,233.066,344.29],"Rotation":0},{"Text":"4000","TextBB":[223.487,351.361,233.066,355.345],"Rotation":0},{"Text":"3000","TextBB":[223.487,362.416,233.066,366.4],"Rotation":0},{"Text":"2000","TextBB":[223.487,373.471,233.066,377.455],"Rotation":0},{"Text":"1000","TextBB":[223.487,384.526,233.066,388.511],"Rotation":0},{"Text":"0","TextBB":[230.666,395.618,233.06,399.602],"Rotation":0},{"Text":"0","TextBB":[235.906,398.946,237.503,401.602],"Rotation":0},{"Text":"10","TextBB":[231.132,400.571,235.922,404.555],"Rotation":0},{"Text":"1","TextBB":[296.817,398.946,298.414,401.602],"Rotation":0},{"Text":"10","TextBB":[292.043,400.571,296.833,404.555],"Rotation":0},{"Text":"2","TextBB":[357.729,398.946,359.325,401.602],"Rotation":0},{"Text":"10","TextBB":[352.955,400.571,357.744,404.555],"Rotation":0},{"Text":"Density","TextBB":[295.705,405.731,312.937,410.512],"Rotation":0},{"Text":"(c)","TextBB":[133.271,421.162,145.558,431.058],"Rotation":0},{"Text":"(d)","TextBB":[292.279,421.162,305.186,431.058],"Rotation":0}],"Mention":["Let us define density for a pixel pj as the number of nonzero\nsimilarities from pj to all the pixels. Fig. 3 shows the distri-\n","bution of densities for two images: a church image with\nlarge homogenous areas, and a flower images with large\nnumber of edges. It is expected that the pixels of the church\nimage has larger densities than the flower image for a given\nα. In Fig. 3(b) we see that for α = 10 and α = 20, there is\na peak towards right. This shows that we have stopped Fast\nMarching too early. Increasing α to 30 shows that this peak\ndisappears and the densities are more evenly distributed. In\ncontrast, for the flower image we don\u2019t observe such a peak\neven for α = 10, which suggests that a large α may not be\nnecessary.\nTable 1 and Fig. 4 display and compare the calculation\ntimes for Fast Marching-based similarities, simple gray-\n"],"Page":4,"Number":3,"Type":"Figure","CaptionBB":[68,437,398,511],"Height":1100,"Width":850,"DPI":100,"ImageBB":[74,112,377,432]}