{"Caption":"Figure 12. Effects of anti-correlated data size","ImageText":[{"Text":"Involved","TextBB":[204.462,456.266,226.802,461.816],"Rotation":0},{"Text":"Nodes","TextBB":[228.469,456.266,245.807,461.816],"Rotation":0},{"Text":"Comparison","TextBB":[247.474,456.266,279.809,461.816],"Rotation":0},{"Text":"Avg.","TextBB":[145.63,524.829,151.179,536.833],"Rotation":3},{"Text":"Involved","TextBB":[145.63,500.822,151.179,523.161],"Rotation":3},{"Text":"Nodes","TextBB":[145.63,481.817,151.179,499.154],"Rotation":3},{"Text":"450","TextBB":[158.931,465.266,168.938,470.816],"Rotation":0},{"Text":"SSP","TextBB":[174.933,469.841,186.938,475.391],"Rotation":0},{"Text":"400","TextBB":[158.931,477.191,168.938,482.741],"Rotation":0},{"Text":"DSL","TextBB":[175.269,475.841,186.938,481.391],"Rotation":0},{"Text":"350","TextBB":[158.931,489.116,168.938,494.666],"Rotation":0},{"Text":"300","TextBB":[158.931,501.041,168.938,506.591],"Rotation":0},{"Text":"250","TextBB":[158.931,512.991,168.938,518.541],"Rotation":0},{"Text":"200","TextBB":[158.931,524.916,168.938,530.466],"Rotation":0},{"Text":"150","TextBB":[158.931,536.841,168.938,542.391],"Rotation":0},{"Text":"100","TextBB":[158.931,548.766,168.938,554.316],"Rotation":0},{"Text":"1024","TextBB":[165.866,554.766,179.209,560.316],"Rotation":0},{"Text":"2048","TextBB":[200.666,554.766,214.009,560.316],"Rotation":0},{"Text":"4096","TextBB":[235.466,554.766,248.809,560.316],"Rotation":0},{"Text":"8192","TextBB":[270.266,554.766,283.609,560.316],"Rotation":0},{"Text":"Total","TextBB":[212.3,563.766,225.636,569.316],"Rotation":0},{"Text":"Cardinality(*100)","TextBB":[227.303,563.766,271.97,569.316],"Rotation":0},{"Text":"16384","TextBB":[303.399,554.766,320.076,560.316],"Rotation":0},{"Text":"(a)","TextBB":[190.45,577.936,202.739,588.076],"Rotation":0},{"Text":"Involved","TextBB":[207.303,577.936,245.841,588.076],"Rotation":0},{"Text":"Nodes","TextBB":[248.594,577.936,276.876,588.076],"Rotation":0},{"Text":"Avg.","TextBB":[145.63,662.521,151.179,674.525],"Rotation":3},{"Text":"Search","TextBB":[145.63,641.848,151.179,660.853],"Rotation":3},{"Text":"Msgs","TextBB":[145.63,625.849,151.179,640.181],"Rotation":3},{"Text":"Message","TextBB":[214.766,598.203,239.105,603.753],"Rotation":0},{"Text":"Comparison","TextBB":[240.772,598.203,273.107,603.753],"Rotation":0},{"Text":"1300","TextBB":[159.195,607.203,172.538,612.753],"Rotation":0},{"Text":"1200","TextBB":[159.195,614.603,172.538,620.153],"Rotation":0},{"Text":"SSP","TextBB":[178.533,611.778,190.538,617.328],"Rotation":0},{"Text":"DSL","TextBB":[178.869,617.778,190.538,623.328],"Rotation":0},{"Text":"1100","TextBB":[159.195,622.003,172.538,627.553],"Rotation":0},{"Text":"1000","TextBB":[159.195,629.378,172.538,634.928],"Rotation":0},{"Text":"900","TextBB":[162.531,636.778,172.538,642.328],"Rotation":0},{"Text":"800","TextBB":[162.531,644.178,172.538,649.728],"Rotation":0},{"Text":"700","TextBB":[162.531,651.578,172.538,657.128],"Rotation":0},{"Text":"600","TextBB":[162.531,658.978,172.538,664.528],"Rotation":0},{"Text":"500","TextBB":[162.531,666.378,172.538,671.928],"Rotation":0},{"Text":"400","TextBB":[162.531,673.753,172.538,679.303],"Rotation":0},{"Text":"300","TextBB":[162.531,681.153,172.538,686.703],"Rotation":0},{"Text":"200","TextBB":[162.531,688.553,172.538,694.103],"Rotation":0},{"Text":"1024","TextBB":[169.466,694.553,182.808,700.103],"Rotation":0},{"Text":"2048","TextBB":[203.366,694.553,216.709,700.103],"Rotation":0},{"Text":"4096","TextBB":[237.266,694.553,250.609,700.103],"Rotation":0},{"Text":"8192","TextBB":[271.166,694.553,284.509,700.103],"Rotation":0},{"Text":"Total","TextBB":[214.1,703.553,227.436,709.103],"Rotation":0},{"Text":"Cardinality(*100)","TextBB":[229.103,703.553,273.77,709.103],"Rotation":0},{"Text":"16384","TextBB":[303.399,694.553,320.076,700.103],"Rotation":0},{"Text":"(b)","TextBB":[198.337,717.723,211.242,727.863],"Rotation":0},{"Text":"Search","TextBB":[215.794,717.723,245.906,727.863],"Rotation":0},{"Text":"Cost","TextBB":[248.684,717.723,268.982,727.863],"Rotation":0}],"Mention":["In this experiment, we would like to study the effects of\ndata size. We fix the other parameters and change the total\ncardinality from 102400 to 1638400, in which case the av-\nerage data size per node increases from 100 to 1600. Figure\n12 witnesses that both SSP and DSL are not very sensitive\nto data size, but SSP is more stable than DSL in terms of\nboth involved nodes and search messages. We see the costs\ntaken by SSP decline in the larger data size. This is because\nthe average load per node is more likely to be distributed\nuniformly when increasing data size without changing the\nnumber of queries, in which case it is possible to get the\nskyline answers by visiting fewer nodes.\n"],"Page":9,"Number":12,"Type":"Figure","CaptionBB":[84,738,380,753],"Height":1169,"Width":826,"DPI":100,"ImageBB":[143,453,322,729]}