{"Caption":"Figure 6: Trained gaussian examples for two separate per- formances of \u201DEn Echo\u201D of Manoury for soprano and elec- tronics, performed by Michel-Dansac Donatienne, Valerie Philippin and Francoise Kubler. ","ImageText":[{"Text":"Log","TextBB":[536.002,139.379,552.682,148.629],"Rotation":0},{"Text":"of","TextBB":[555.463,139.379,563.803,148.629],"Rotation":0},{"Text":"energy","TextBB":[566.583,139.379,597.153,148.629],"Rotation":0},{"Text":"gaussians","TextBB":[599.933,139.379,644.953,148.629],"Rotation":0},{"Text":"for","TextBB":[647.733,139.379,659.403,148.629],"Rotation":0},{"Text":"Release","TextBB":[662.183,139.379,698.863,148.629],"Rotation":0},{"Text":"Donatienne","TextBB":[688.411,157.384,716.822,162.523],"Rotation":0},{"Text":"Philippin","TextBB":[688.411,163.773,709.406,168.912],"Rotation":0},{"Text":"Kubler","TextBB":[688.411,170.162,704.467,175.301],"Rotation":0},{"Text":"4","TextBB":[488.549,170.764,491.637,175.903],"Rotation":0},{"Text":"3.5","TextBB":[483.919,192.708,491.641,197.847],"Rotation":0},{"Text":"3","TextBB":[488.549,214.653,491.637,219.792],"Rotation":0},{"Text":"2.5","TextBB":[483.919,236.644,491.641,241.783],"Rotation":0},{"Text":"pdf","TextBB":[475.104,245.163,481.271,254.43],"Rotation":3},{"Text":"2","TextBB":[488.549,258.589,491.637,263.728],"Rotation":0},{"Text":"1.5","TextBB":[483.919,280.533,491.641,285.672],"Rotation":0},{"Text":"1","TextBB":[488.549,302.524,491.637,307.663],"Rotation":0},{"Text":"0.5","TextBB":[483.919,324.468,491.641,329.607],"Rotation":0},{"Text":"0","TextBB":[492.252,350.349,495.341,355.488],"Rotation":0},{"Text":"0.5","TextBB":[539.336,350.349,547.058,355.488],"Rotation":0},{"Text":"1","TextBB":[591.095,350.349,594.184,355.488],"Rotation":0},{"Text":"1.5","TextBB":[638.179,350.349,645.901,355.488],"Rotation":0},{"Text":"2","TextBB":[689.938,350.349,693.027,355.488],"Rotation":0},{"Text":"2.5","TextBB":[737.022,350.349,744.744,355.488],"Rotation":0},{"Text":"Feature","TextBB":[595.308,357.004,618.282,363.171],"Rotation":0},{"Text":"values","TextBB":[620.135,357.004,639.402,363.171],"Rotation":0},{"Text":"Log","TextBB":[530.446,371.274,547.126,380.524],"Rotation":0},{"Text":"of","TextBB":[549.906,371.274,558.246,380.524],"Rotation":0},{"Text":"energy","TextBB":[561.026,371.274,591.596,380.524],"Rotation":0},{"Text":"gaussians","TextBB":[594.376,371.274,639.396,380.524],"Rotation":0},{"Text":"for","TextBB":[642.176,371.274,653.846,380.524],"Rotation":0},{"Text":"note","TextBB":[656.626,371.274,676.086,380.524],"Rotation":0},{"Text":"Sustain","TextBB":[678.866,371.274,712.217,380.524],"Rotation":0},{"Text":"0.35","TextBB":[484.982,382.474,495.794,387.613],"Rotation":0},{"Text":"Donatienne","TextBB":[711.558,388.863,739.969,394.002],"Rotation":0},{"Text":"Philippin","TextBB":[711.558,395.252,732.552,400.391],"Rotation":0},{"Text":"Kubler","TextBB":[711.558,401.641,727.613,406.779],"Rotation":0},{"Text":"0.3","TextBB":[488.084,410.391,495.806,415.53],"Rotation":0},{"Text":"0.25","TextBB":[484.982,438.354,495.794,443.493],"Rotation":0},{"Text":"pdf","TextBB":[470.797,478.493,476.964,487.76],"Rotation":3},{"Text":"0.2","TextBB":[488.084,466.317,495.806,471.456],"Rotation":0},{"Text":"0.15","TextBB":[484.982,494.28,495.794,499.419],"Rotation":0},{"Text":"0.1","TextBB":[488.084,522.243,495.806,527.382],"Rotation":0},{"Text":"0.05","TextBB":[484.982,550.206,495.794,555.345],"Rotation":0},{"Text":"0","TextBB":[492.714,578.169,495.803,583.308],"Rotation":0},{"Text":"−5","TextBB":[492.621,582.845,498.955,587.984],"Rotation":0},{"Text":"0","TextBB":[578.594,582.845,581.683,587.984],"Rotation":0},{"Text":"5","TextBB":[661.326,582.845,664.415,587.984],"Rotation":0},{"Text":"10","TextBB":[742.576,582.845,748.754,587.984],"Rotation":0},{"Text":"Feature","TextBB":[599.196,593.668,622.169,599.834],"Rotation":0},{"Text":"values","TextBB":[624.023,593.668,643.29,599.834],"Rotation":0},{"Text":"Log","TextBB":[544.288,608.215,560.969,617.465],"Rotation":0},{"Text":"of","TextBB":[563.749,608.215,572.089,617.465],"Rotation":0},{"Text":"energy","TextBB":[574.869,608.215,605.439,617.465],"Rotation":0},{"Text":"gaussians","TextBB":[608.219,608.215,653.239,617.465],"Rotation":0},{"Text":"for","TextBB":[656.019,608.215,667.689,617.465],"Rotation":0},{"Text":"Attack","TextBB":[670.469,608.215,698.259,617.465],"Rotation":0},{"Text":"0.35","TextBB":[484.982,619.416,495.794,624.555],"Rotation":0},{"Text":"Donatienne","TextBB":[711.558,625.804,739.969,630.943],"Rotation":0},{"Text":"Philippin","TextBB":[711.558,632.193,732.552,637.332],"Rotation":0},{"Text":"Kubler","TextBB":[711.558,638.582,727.613,643.721],"Rotation":0},{"Text":"0.3","TextBB":[488.084,647.332,495.806,652.471],"Rotation":0},{"Text":"0.25","TextBB":[484.982,675.295,495.794,680.434],"Rotation":0},{"Text":"0.2","TextBB":[488.084,703.258,495.806,708.397],"Rotation":0},{"Text":"pdf","TextBB":[470.797,715.435,476.964,724.701],"Rotation":3},{"Text":"0.15","TextBB":[484.982,731.221,495.794,736.36],"Rotation":0},{"Text":"0.1","TextBB":[488.084,759.185,495.806,764.324],"Rotation":0},{"Text":"0.05","TextBB":[484.982,787.148,495.794,792.287],"Rotation":0},{"Text":"0","TextBB":[492.714,815.111,495.803,820.25],"Rotation":0},{"Text":"−5","TextBB":[492.621,819.787,498.955,824.926],"Rotation":0},{"Text":"5","TextBB":[661.326,819.787,664.415,824.926],"Rotation":0},{"Text":"10","TextBB":[742.576,819.787,748.754,824.926],"Rotation":0},{"Text":"Feature","TextBB":[599.196,830.61,622.17,836.776],"Rotation":0},{"Text":"values","TextBB":[624.023,830.61,643.29,836.776],"Rotation":0},{"Text":"0","TextBB":[578.594,819.787,581.683,824.926],"Rotation":0}],"Mention":["Having the system trained and tested on different perfor-\nmances of the same piece with different musicians, the sys-\ntem tends to respond better in critical situations which are\nmostly due to the style of performance and adaptability of\nthe new system. This becomes more clear when using one\nperformer\u2019s parameters on another and on the same piece,\nwhich would lead to imprecise alignment on critical phrases.\nThis is mainly due to the fact that there are eight differ-\nent gaussians trained on different attributes of acoustic data\nand mostly thanks to the discriminative training which em-\nphasizes the distinction between each class rather than con-\nstructing an accurate model.\nFigure 6 compares the gaussians obtained for Log of En-\nergy on three different performances of \u201DEn Echo\u201D for voice\nand computer of the composer Philippe Manoury, performed\nby Michel-Dansac Donatienne, Valerie Philippin and Fran-\ncoise Kubler in different sessions as an example.\nNote that there are major differences for the release states\nof the two performances. This is due to the fact that release\n"],"Page":5,"Number":6,"Type":"Figure","CaptionBB":[442,856,775,916],"Height":1100,"Width":850,"DPI":100,"ImageBB":[468,136,751,838]}