{"Caption":"Figure 5: Measured BM-velocity frequency responses at six locations. A Amplitude. B Phase. Dashed lines: Biological data (adapted from [13]). Dots mark peaks. ","ImageText":[{"Text":"BM","TextBB":[197.96,428.897,207.142,444.77],"Rotation":3},{"Text":"Velocity","TextBB":[197.96,388.842,207.142,423.975],"Rotation":3},{"Text":"Amplitude","TextBB":[212.429,406.131,221.61,449.773],"Rotation":3},{"Text":"dB","TextBB":[212.429,388.871,221.61,400.776],"Rotation":3},{"Text":"40","TextBB":[232.34,379.127,242.541,388.308],"Rotation":0},{"Text":"Stage","TextBB":[250.819,368.293,271.743,376.768],"Rotation":0},{"Text":"0","TextBB":[472.709,373.333,477.675,382.27],"Rotation":0},{"Text":"230","TextBB":[256.16,382.871,270.285,391.346],"Rotation":0},{"Text":"190","TextBB":[278.807,382.871,292.932,391.346],"Rotation":0},{"Text":"150","TextBB":[303.304,382.871,317.429,391.346],"Rotation":0},{"Text":"110","TextBB":[337.828,382.871,351.953,391.346],"Rotation":0},{"Text":"70","TextBB":[364.213,382.871,373.63,391.346],"Rotation":0},{"Text":"30","TextBB":[391.054,382.871,400.47,391.346],"Rotation":0},{"Text":"30","TextBB":[232.34,396.277,242.541,405.458],"Rotation":0},{"Text":"20","TextBB":[232.34,413.427,242.541,422.608],"Rotation":0},{"Text":"10","TextBB":[232.34,430.579,242.541,439.76],"Rotation":0},{"Text":"0","TextBB":[237.392,447.729,242.492,456.91],"Rotation":0},{"Text":"BM","TextBB":[439.196,428.027,448.134,443.479],"Rotation":3},{"Text":"Velocity","TextBB":[439.196,389.035,448.134,423.236],"Rotation":3},{"Text":"Phase","TextBB":[453.281,427.616,462.218,450.784],"Rotation":3},{"Text":"Π","TextBB":[453.489,416.935,462.079,422.138],"Rotation":3},{"Text":"radians","TextBB":[453.281,385.82,462.218,414.5],"Rotation":3},{"Text":"50","TextBB":[232.34,361.975,242.541,371.156],"Rotation":0},{"Text":"2","TextBB":[472.709,404.663,477.675,413.601],"Rotation":0},{"Text":"4","TextBB":[472.709,435.994,477.675,444.932],"Rotation":0},{"Text":"10","TextBB":[232.34,464.879,242.541,474.06],"Rotation":0},{"Text":"0.1","TextBB":[242.948,475.317,255.699,484.498],"Rotation":0},{"Text":"0.2","TextBB":[263.251,475.317,276.003,484.498],"Rotation":0},{"Text":"0.5","TextBB":[290.091,475.317,302.843,484.498],"Rotation":0},{"Text":"1","TextBB":[314.172,475.317,319.272,484.498],"Rotation":0},{"Text":"2","TextBB":[334.474,475.317,339.575,484.498],"Rotation":0},{"Text":"5","TextBB":[361.314,475.317,366.415,484.498],"Rotation":0},{"Text":"Frequency","TextBB":[296.681,488.461,339.741,497.642],"Rotation":0},{"Text":"kHz","TextBB":[347.491,488.461,364.487,497.642],"Rotation":0},{"Text":"10","TextBB":[379.092,475.317,389.293,484.498],"Rotation":0},{"Text":"20","TextBB":[399.396,475.317,409.597,484.498],"Rotation":0},{"Text":"0.1","TextBB":[478.193,475.909,490.606,484.846],"Rotation":0},{"Text":"0.2","TextBB":[497.844,475.909,510.258,484.846],"Rotation":0},{"Text":"0.5","TextBB":[523.82,475.909,536.233,484.846],"Rotation":0},{"Text":"1","TextBB":[547.148,475.909,552.113,484.846],"Rotation":0},{"Text":"2","TextBB":[566.799,475.909,571.764,484.846],"Rotation":0},{"Text":"5","TextBB":[592.776,475.909,597.742,484.846],"Rotation":0},{"Text":"Frequency","TextBB":[535.441,488.704,577.357,497.642],"Rotation":0},{"Text":"kHz","TextBB":[582.468,488.704,599.012,497.642],"Rotation":0},{"Text":"10","TextBB":[609.967,475.909,619.898,484.846],"Rotation":0},{"Text":"20","TextBB":[629.618,475.909,639.549,484.846],"Rotation":0}],"Mention":["We first investigated BM-velocity frequency responses at six linearly spaced cochlear posi-\ntions (Figure 5). The frequency that maximally excites the first position (Stage 30), defined\nas its characteristic frequency (CF), is 12.1kHz. The remaining five CFs, from early to later\nstages, are 8.2k, 1.7k, 905, 366, and 218Hz, respectively. Phase accumulation at the CFs\nranges from 0.56 to 2.67pi radians, comparable to 1.67pi radians in the mammalian cochlea\n"],"Page":7,"Number":5,"Type":"Figure","CaptionBB":[173,524,675,554],"Height":1100,"Width":850,"DPI":100,"ImageBB":[195,359,659,516]}