{"Caption":"Figure 16:       We examine the sensitivity of the system performance to the client threshold when mixing download requests over T1 and T3 network links. We found the client thresholds equal to 75% or higher to keep both the download time over T3 links and the miss ratio low. ","ImageText":[{"Text":"Mixed-T3\/512MB","TextBB":[150.806,413.831,245.456,429.005],"Rotation":0},{"Text":"Miss","TextBB":[264.862,491.363,278.801,512.792],"Rotation":3},{"Text":"Ratio","TextBB":[264.862,463.688,278.801,488.685],"Rotation":3},{"Text":"(%)","TextBB":[264.862,443.159,278.801,461.009],"Rotation":3},{"Text":"Download","TextBB":[100.601,480.479,113.698,524.11],"Rotation":3},{"Text":"Time","TextBB":[100.601,455.593,113.698,477.962],"Rotation":3},{"Text":"(s)","TextBB":[100.601,442.455,113.698,453.076],"Rotation":3},{"Text":"40%","TextBB":[211.493,434.139,228.101,445.057],"Rotation":0},{"Text":"20%","TextBB":[211.493,445.012,228.101,455.929],"Rotation":0},{"Text":"800","TextBB":[122.124,445.012,135.715,455.93],"Rotation":0},{"Text":"600","TextBB":[122.124,466.757,135.715,477.675],"Rotation":0},{"Text":"400","TextBB":[122.124,488.502,135.715,499.42],"Rotation":0},{"Text":"200","TextBB":[122.124,510.247,135.715,521.165],"Rotation":0},{"Text":"30","TextBB":[283.333,450.92,292.976,462.54],"Rotation":0},{"Text":"20","TextBB":[283.333,477.219,292.976,488.839],"Rotation":0},{"Text":"60","TextBB":[178.775,542.763,187.836,553.681],"Rotation":0},{"Text":"70","TextBB":[198.543,542.763,207.604,553.681],"Rotation":0},{"Text":"80","TextBB":[218.312,542.763,227.372,553.681],"Rotation":0},{"Text":"90","TextBB":[238.08,542.763,247.14,553.681],"Rotation":0},{"Text":"Client","TextBB":[151.989,555.564,178.275,568.662],"Rotation":0},{"Text":"Threshold","TextBB":[180.791,555.564,224.986,568.662],"Rotation":0},{"Text":"(%)","TextBB":[227.503,555.564,244.275,568.662],"Rotation":0},{"Text":"(a)","TextBB":[171,574.938,183.155,588.277],"Rotation":0},{"Text":"20%","TextBB":[373.625,497.732,391.3,509.351],"Rotation":0},{"Text":"40%","TextBB":[373.625,509.304,391.3,520.924],"Rotation":0},{"Text":"10","TextBB":[283.333,503.518,292.976,515.137],"Rotation":0},{"Text":"0","TextBB":[288.154,529.816,292.976,541.436],"Rotation":0},{"Text":"50","TextBB":[159.007,542.763,168.067,553.681],"Rotation":0},{"Text":"40","TextBB":[296.726,541.28,306.369,552.9],"Rotation":0},{"Text":"50","TextBB":[317.765,541.28,327.408,552.9],"Rotation":0},{"Text":"60","TextBB":[338.804,541.28,348.447,552.9],"Rotation":0},{"Text":"70","TextBB":[359.843,541.28,369.486,552.9],"Rotation":0},{"Text":"80","TextBB":[380.882,541.28,390.525,552.9],"Rotation":0},{"Text":"90","TextBB":[401.921,541.28,411.564,552.9],"Rotation":0},{"Text":"Client","TextBB":[310.296,554.905,338.271,568.844],"Rotation":0},{"Text":"Threshold","TextBB":[340.949,554.905,387.985,568.844],"Rotation":0},{"Text":"(%)","TextBB":[390.664,554.905,408.514,568.844],"Rotation":0},{"Text":"(b)","TextBB":[335.333,574.939,348.151,588.278],"Rotation":0},{"Text":"T1-T3\/512MB","TextBB":[319.753,410.372,399.056,426.521],"Rotation":0},{"Text":"40","TextBB":[283.333,424.621,292.976,436.241],"Rotation":0},{"Text":"40","TextBB":[139.239,542.763,148.299,553.681],"Rotation":0},{"Text":"0","TextBB":[131.185,531.992,135.715,542.91],"Rotation":0},{"Text":"1000","TextBB":[117.594,423.267,135.715,434.185],"Rotation":0}],"Mention":["Client Threshold. The client threshold controls the cre-\nation of independent clients according to the percentage\nof \u0002le blocks the client has received. From our experi-\nments we found the system to perform well with client\nthreshold around 0.75. Lower client thresholds reduce\ndata sharing, increase disk access activity and lead to\nlonger download duration (Figure 16), while higher client\nthresholds make the system operation less stable espe-\ncially with large number of clients.\n"],"Page":10,"Number":16,"Type":"Figure","CaptionBB":[98,597,415,654],"Height":1100,"Width":850,"DPI":100,"ImageBB":[101,410,420,589]}