{"Caption":"Figure 7: Server space required, after 201 deployment days.","ImageText":[{"Text":"Storage","TextBB":[140.324,549.87,151.129,592.186],"Rotation":3},{"Text":"space","TextBB":[140.324,514.273,151.129,546.511],"Rotation":3},{"Text":"required","TextBB":[140.324,466.592,151.129,510.914],"Rotation":3},{"Text":"(GB)","TextBB":[140.324,437.725,151.129,463.233],"Rotation":3},{"Text":"700","TextBB":[166.244,441.408,185.728,452.585],"Rotation":0},{"Text":"700","TextBB":[454.162,441.408,472.973,452.585],"Rotation":0},{"Text":"600","TextBB":[166.244,462.949,185.728,474.126],"Rotation":0},{"Text":"delta","TextBB":[188.398,468.073,213.722,479.25],"Rotation":0},{"Text":"delta","TextBB":[221.506,468.073,246.83,479.25],"Rotation":0},{"Text":"ip","TextBB":[237.742,478.324,246.829,489.501],"Rotation":0},{"Text":"500","TextBB":[166.244,484.449,185.728,495.626],"Rotation":0},{"Text":"all","TextBB":[235.149,488.574,246.829,499.751],"Rotation":0},{"Text":"delta","TextBB":[263.557,468.073,288.88,479.25],"Rotation":0},{"Text":"ip","TextBB":[279.792,468.074,288.879,479.251],"Rotation":0},{"Text":"delta","TextBB":[338.715,468.073,364.039,479.25],"Rotation":0},{"Text":"delta(gzip)","TextBB":[309.514,468.074,364.039,479.251],"Rotation":0},{"Text":"all","TextBB":[352.357,468.074,364.038,479.251],"Rotation":0},{"Text":"ip","TextBB":[354.95,468.074,364.037,479.251],"Rotation":0},{"Text":"delta(gzip)","TextBB":[309.514,478.324,364.039,489.501],"Rotation":0},{"Text":"ip(gzip)","TextBB":[325.75,478.324,364.039,489.501],"Rotation":0},{"Text":"all(gzip)","TextBB":[323.157,488.574,364.039,499.751],"Rotation":0},{"Text":"600","TextBB":[454.162,462.949,472.973,474.126],"Rotation":0},{"Text":"500","TextBB":[454.162,484.449,472.973,495.626],"Rotation":0},{"Text":"400","TextBB":[166.244,505.991,185.728,517.168],"Rotation":0},{"Text":"400","TextBB":[454.162,505.991,472.973,517.168],"Rotation":0},{"Text":"300","TextBB":[166.244,527.491,185.728,538.668],"Rotation":0},{"Text":"300","TextBB":[454.162,527.491,472.973,538.668],"Rotation":0},{"Text":"200","TextBB":[166.244,549.033,185.728,560.21],"Rotation":0},{"Text":"200","TextBB":[454.162,549.033,472.973,560.21],"Rotation":0},{"Text":"100","TextBB":[166.244,570.533,185.728,581.71],"Rotation":0},{"Text":"100","TextBB":[454.162,570.533,472.973,581.71],"Rotation":0},{"Text":"4","TextBB":[214.512,601.991,221.007,613.168],"Rotation":0},{"Text":"8","TextBB":[237.914,601.991,244.408,613.168],"Rotation":0},{"Text":"16","TextBB":[258.068,601.991,271.057,613.168],"Rotation":0},{"Text":"32","TextBB":[281.469,601.991,294.458,613.168],"Rotation":0},{"Text":"64","TextBB":[304.832,601.991,317.821,613.168],"Rotation":0},{"Text":"128","TextBB":[324.986,601.991,344.469,613.168],"Rotation":0},{"Text":"256","TextBB":[348.386,601.991,367.869,613.168],"Rotation":0},{"Text":"512","TextBB":[371.789,601.991,391.272,613.168],"Rotation":0},{"Text":"Chunksize","TextBB":[257.457,620.116,311.982,631.293],"Rotation":0},{"Text":"(KB)","TextBB":[315.229,620.116,338.59,631.293],"Rotation":0},{"Text":"(a)","TextBB":[208,649.606,220.186,659.569],"Rotation":0},{"Text":"Without","TextBB":[222.999,649.606,258.577,659.569],"Rotation":0},{"Text":"meta-data","TextBB":[261.665,649.606,304.914,659.569],"Rotation":0},{"Text":"overhead","TextBB":[307.998,649.606,347.866,659.569],"Rotation":0},{"Text":"4","TextBB":[502.009,601.991,508.279,613.168],"Rotation":0},{"Text":"8","TextBB":[525.849,601.991,532.12,613.168],"Rotation":0},{"Text":"16","TextBB":[546.552,601.991,559.093,613.168],"Rotation":0},{"Text":"32","TextBB":[570.389,601.991,582.93,613.168],"Rotation":0},{"Text":"64","TextBB":[594.269,601.991,606.809,613.168],"Rotation":0},{"Text":"128","TextBB":[614.973,601.991,633.784,613.168],"Rotation":0},{"Text":"256","TextBB":[638.812,601.991,657.623,613.168],"Rotation":0},{"Text":"512","TextBB":[662.65,601.991,681.462,613.168],"Rotation":0},{"Text":"Chunksize","TextBB":[547.865,620.116,600.51,631.293],"Rotation":0},{"Text":"(KB)","TextBB":[603.645,620.116,626.201,631.293],"Rotation":0},{"Text":"(b)","TextBB":[510,649.606,522.853,659.569],"Rotation":0},{"Text":"With","TextBB":[525.666,649.606,547.201,659.569],"Rotation":0},{"Text":"meta-data","TextBB":[550.165,649.606,593.414,659.569],"Rotation":0},{"Text":"overhead","TextBB":[596.664,649.606,636.532,659.569],"Rotation":0}],"Mention":["this figure. For example, Figure 7(a), which ignores\nthe increased meta-data required for smaller chunksizes,\nclearly indicates that smaller chunksizes expose more re-\ndundancy. These gains for small chunk sizes, however,\nare erased when the meta-data cost is introduced to the\nstorage requirements in Figure 7(b). Finally, the reduced\nopportunities for compression due to smaller chunksize\ncan be observed in Figure 7(b) by comparing the IP and\nIP(gzip) or ALL and ALL(gzip) curves.\n","CAS is more important than compression. In Fig-\nure 7(a), the Delta curve with compression intersects the\nIP and ALL curves without compression. The same\nis true in Figure 7(b) with respect to the ALL curve.\nThis indicates, that given appropriate chunksizes, a CAS-\nbased policy can outperform compression applied to a\nnon-CAS-based policy.\n","To better understand the effect of chunksize, we an-\nalyzed the deployment data for all three storage poli-\ncies with and without compression under several differ-\nent chunksizes. The results are shown in Figure 7.\n","sion is applied to the basic data. Yet, from Figure 7(b),\nwe observe from the IP and ALL curves that reducing\nchunksize always yields a reduction in storage require-\nments. This indicates that the gains through CAS-based\nredundancy elimination far exceed the additional meta-\ndata overhead incurred from smaller chunksize.\n","The picture changes slightly with the introduction of\ntraditional compression. The IP(gzip) and ALL(gzip)\ncurves of Figure 7(b) indicate that the smallest chunk-\nsize is not optimal. In fact, we see from Figure 8 that\nthe meta-data volume becomes comparable to the data\nvolume at small chunksizes.\n"],"Page":6,"Number":7,"Type":"Figure","CaptionBB":[253,677,595,691],"Height":1100,"Width":850,"DPI":100,"ImageBB":[137,433,697,661]}