{"Caption":"Figure 6: Learning curves for the EDSGC (left) and SDSS (right) sets.","ImageText":[{"Text":"1","TextBB":[189.631,103.546,192.063,107.593],"Rotation":0},{"Text":"1","TextBB":[443.981,103.546,446.413,107.593],"Rotation":0},{"Text":"lowlik","TextBB":[467.22,107.703,477.912,111.75],"Rotation":0},{"Text":"random","TextBB":[463.082,112.078,477.913,116.125],"Rotation":0},{"Text":"interleave","TextBB":[458.949,116.453,477.914,120.5],"Rotation":0},{"Text":"0.95","TextBB":[437.9,123.421,446.414,127.468],"Rotation":0},{"Text":"0.9","TextBB":[185.982,126.734,192.063,130.781],"Rotation":0},{"Text":"0.9","TextBB":[440.332,143.296,446.413,147.343],"Rotation":0},{"Text":"%classes","TextBB":[429.395,176.758,433.442,195.233],"Rotation":3},{"Text":"discovered","TextBB":[429.395,154.388,433.442,175.541],"Rotation":3},{"Text":"%classes","TextBB":[177.67,176.758,181.717,195.233],"Rotation":3},{"Text":"discovered","TextBB":[177.67,154.388,181.717,175.541],"Rotation":3},{"Text":"0.8","TextBB":[185.982,149.921,192.063,153.968],"Rotation":0},{"Text":"0.7","TextBB":[185.982,173.109,192.063,177.156],"Rotation":0},{"Text":"0.85","TextBB":[437.9,163.171,446.414,167.218],"Rotation":0},{"Text":"0.8","TextBB":[440.332,183.046,446.413,187.093],"Rotation":0},{"Text":"0.6","TextBB":[185.982,196.296,192.063,200.343],"Rotation":0},{"Text":"0.75","TextBB":[437.9,202.921,446.414,206.968],"Rotation":0},{"Text":"0.5","TextBB":[185.982,219.484,192.063,223.531],"Rotation":0},{"Text":"0.7","TextBB":[440.332,222.796,446.413,226.843],"Rotation":0},{"Text":"lowlik","TextBB":[361.526,229.765,372.219,233.812],"Rotation":0},{"Text":"random","TextBB":[357.389,234.141,372.22,238.188],"Rotation":0},{"Text":"interleave","TextBB":[353.254,238.516,372.22,242.563],"Rotation":0},{"Text":"0.4","TextBB":[185.982,242.671,192.063,246.718],"Rotation":0},{"Text":"0.65","TextBB":[437.9,242.671,446.414,246.718],"Rotation":0},{"Text":"50","TextBB":[192.256,247.046,197.121,251.093],"Rotation":0},{"Text":"100","TextBB":[213.039,247.046,220.336,251.093],"Rotation":0},{"Text":"150","TextBB":[235.007,247.046,242.304,251.093],"Rotation":0},{"Text":"200","TextBB":[257.007,247.046,264.304,251.093],"Rotation":0},{"Text":"250","TextBB":[278.976,247.046,286.274,251.093],"Rotation":0},{"Text":"300","TextBB":[300.975,247.046,308.272,251.093],"Rotation":0},{"Text":"350","TextBB":[322.944,247.046,330.242,251.093],"Rotation":0},{"Text":"400","TextBB":[344.946,247.046,352.243,251.093],"Rotation":0},{"Text":"450","TextBB":[366.913,247.046,374.21,251.093],"Rotation":0},{"Text":"500","TextBB":[388.914,247.046,396.211,251.093],"Rotation":0},{"Text":"20","TextBB":[446.604,247.046,451.469,251.093],"Rotation":0},{"Text":"40","TextBB":[468.292,247.046,473.157,251.093],"Rotation":0},{"Text":"60","TextBB":[489.979,247.046,494.844,251.093],"Rotation":0},{"Text":"hints","TextBB":[289.006,253.609,298.246,257.656],"Rotation":0},{"Text":"80","TextBB":[511.699,247.046,516.564,251.093],"Rotation":0},{"Text":"100","TextBB":[532.169,247.046,539.467,251.093],"Rotation":0},{"Text":"120","TextBB":[553.857,247.046,561.154,251.093],"Rotation":0},{"Text":"140","TextBB":[575.544,247.046,582.842,251.093],"Rotation":0},{"Text":"160","TextBB":[597.262,247.046,604.56,251.093],"Rotation":0},{"Text":"180","TextBB":[618.95,247.046,626.248,251.093],"Rotation":0},{"Text":"200","TextBB":[640.638,247.046,647.935,251.093],"Rotation":0},{"Text":"hints","TextBB":[542.042,253.609,551.282,257.656],"Rotation":0}],"Mention":["The EDSGC set, as distributed, is unlabeled. The class labels relate to the shape and size of\nthe sky object. We see in Figure 6 that for the purpose of class discovery, we can do a good\njob in a small number of rounds: here, a human would have had to label just 250 objects\nbefore being presented with a member of the smallest class - comprising just 24 records\nout of a set of 1.4 million.\n"],"Page":7,"Number":6,"Type":"Figure","CaptionBB":[233,260,616,274],"Height":1100,"Width":850,"DPI":100,"ImageBB":[175,100,650,259]}