{"Caption":"Figure 6: Average variance estimation errors of the most- stable-over-scales methods over 100 independent tests. The same types of data in Fig.3 with different random noise are used for each test. The errors are plotted against varying sampling ranges. Dot and solid lines denote errors by the ﬁrst- and the second-order methods, respectively. ","ImageText":[{"Text":"(a)","TextBB":[479.665,480.108,495.814,492.386],"Rotation":0},{"Text":"(b)","TextBB":[595.819,480.108,612.812,492.386],"Rotation":0},{"Text":"4","TextBB":[446.082,495.838,448.04,499.096],"Rotation":0},{"Text":"(c)","TextBB":[713.15,480.108,728.673,492.386],"Rotation":0},{"Text":"4","TextBB":[679.415,495.642,681.374,498.9],"Rotation":0},{"Text":"0.3","TextBB":[561.626,497.06,566.429,500.255],"Rotation":0},{"Text":"3.5","TextBB":[676.479,504.171,681.375,507.429],"Rotation":0},{"Text":"3.5","TextBB":[443.146,504.333,448.042,507.592],"Rotation":0},{"Text":"0.25","TextBB":[559.707,508.208,566.43,511.404],"Rotation":0},{"Text":"3","TextBB":[679.415,512.683,681.374,515.942],"Rotation":0},{"Text":"3","TextBB":[446.082,512.829,448.04,516.087],"Rotation":0},{"Text":"Average","TextBB":[438.938,528.399,442.196,541.517],"Rotation":3},{"Text":"Error","TextBB":[438.938,519.593,442.196,527.42],"Rotation":3},{"Text":"Average","TextBB":[555.579,529.269,558.775,542.135],"Rotation":3},{"Text":"Error","TextBB":[555.579,520.632,558.775,528.308],"Rotation":3},{"Text":"2.5","TextBB":[443.146,521.326,448.042,524.585],"Rotation":0},{"Text":"2","TextBB":[446.082,529.822,448.04,533.08],"Rotation":0},{"Text":"1.5","TextBB":[443.146,538.318,448.042,541.576],"Rotation":0},{"Text":"0.2","TextBB":[561.626,519.372,566.429,522.568],"Rotation":0},{"Text":"Average","TextBB":[672.271,528.399,675.529,541.517],"Rotation":3},{"Text":"Error","TextBB":[672.271,519.593,675.529,527.42],"Rotation":3},{"Text":"0.15","TextBB":[559.707,530.536,566.43,533.732],"Rotation":0},{"Text":"2","TextBB":[679.415,529.725,681.374,532.983],"Rotation":0},{"Text":"1.5","TextBB":[676.479,538.254,681.375,541.512],"Rotation":0},{"Text":"0.1","TextBB":[561.626,541.685,566.429,544.88],"Rotation":0},{"Text":"1","TextBB":[679.415,546.767,681.374,550.025],"Rotation":0},{"Text":"1","TextBB":[446.082,546.815,448.04,550.074],"Rotation":0},{"Text":"0.05","TextBB":[559.707,552.85,566.43,556.046],"Rotation":0},{"Text":"0.5","TextBB":[443.146,555.311,448.042,558.569],"Rotation":0},{"Text":"0","TextBB":[446.082,563.825,448.04,567.083],"Rotation":0},{"Text":"2.5","TextBB":[676.479,521.212,681.375,524.471],"Rotation":0},{"Text":"0.5","TextBB":[458.214,566.351,463.11,569.61],"Rotation":0},{"Text":"1","TextBB":[474.767,566.351,476.725,569.61],"Rotation":0},{"Text":"1.5","TextBB":[488.385,566.351,493.281,569.61],"Rotation":0},{"Text":"Range","TextBB":[487.128,569.842,497.505,573.1],"Rotation":0},{"Text":"2","TextBB":[504.921,566.351,506.879,569.61],"Rotation":0},{"Text":"2.5","TextBB":[518.538,566.351,523.434,569.61],"Rotation":0},{"Text":"3","TextBB":[535.09,566.351,537.049,569.61],"Rotation":0},{"Text":"0","TextBB":[564.506,564.014,566.426,567.209],"Rotation":0},{"Text":"0.5","TextBB":[676.479,555.296,681.375,558.554],"Rotation":0},{"Text":"0.5","TextBB":[576.407,566.493,581.209,569.689],"Rotation":0},{"Text":"1","TextBB":[592.642,566.493,594.563,569.689],"Rotation":0},{"Text":"1.5","TextBB":[605.997,566.493,610.799,569.689],"Rotation":0},{"Text":"Range","TextBB":[604.765,569.917,614.943,573.112],"Rotation":0},{"Text":"2","TextBB":[622.215,566.493,624.136,569.689],"Rotation":0},{"Text":"2.5","TextBB":[635.571,566.493,640.373,569.689],"Rotation":0},{"Text":"3","TextBB":[651.807,566.493,653.728,569.689],"Rotation":0},{"Text":"0","TextBB":[679.415,563.825,681.374,567.083],"Rotation":0},{"Text":"0.5","TextBB":[691.547,566.351,696.443,569.61],"Rotation":0},{"Text":"1","TextBB":[708.1,566.351,710.059,569.61],"Rotation":0},{"Text":"1.5","TextBB":[721.717,566.351,726.613,569.61],"Rotation":0},{"Text":"Range","TextBB":[720.461,569.842,730.838,573.1],"Rotation":0},{"Text":"2","TextBB":[738.254,566.351,740.213,569.61],"Rotation":0},{"Text":"2.5","TextBB":[751.871,566.351,756.766,569.61],"Rotation":0},{"Text":"3","TextBB":[768.424,566.351,770.382,569.61],"Rotation":0}],"Mention":["Fig.6 shows average estimation errors of the most-stable-\nover-scales methods over 100 tests. The errors are plot-\nted against continuously varying sampling ranges and com-\npared with the aforementioned three data types. It demon-\nstrates that both the ﬁrst- and second-order methods achieve\nmuch higher accuracy than the maximum-over-scales crite-\nrion within the ±2=2\u001E sampling range that roughly corre-\nsponds to the target\u2019s basin of attraction. Also observed\nwas a tendency that the ﬁrst-order (second-order) method is\nmore accurate with a larger (smaller) sampling range.\nFig.7 illustrates 2D examples comparing the proposed\nscale selection methods. The test data consists of a centered\ntarget Gaussian with additive random noise and a neighbor-\ning structure as shown in Fig.7a. Fig.7b-e show results with\nthe maximum-over-scales methods. We use a set of 144\nanalysis scale matrices sampled along the two eigenvec-\ntors of the ground-truth matrix by setting the correspond-\n"],"Page":6,"Number":6,"Type":"Figure","CaptionBB":[439,592,769,690],"Height":1100,"Width":850,"DPI":100,"ImageBB":[436,477,773,575]}