{"Caption":"Figure 5: lpbcast - path length distribution test (T otalScore versus n)","ImageText":[{"Text":"log(n)","TextBB":[167.886,403.462,183.858,409.242],"Rotation":0},{"Text":"gossip","TextBB":[185.595,403.462,203.653,409.242],"Rotation":0},{"Text":"rounds","TextBB":[205.39,403.462,224.492,409.242],"Rotation":0},{"Text":"2log(n)","TextBB":[167.886,410.648,187.332,416.428],"Rotation":0},{"Text":"gossip","TextBB":[189.069,410.648,207.127,416.428],"Rotation":0},{"Text":"rounds","TextBB":[208.864,410.648,227.966,416.428],"Rotation":0},{"Text":"4log(n)","TextBB":[167.886,417.834,187.332,423.614],"Rotation":0},{"Text":"gossip","TextBB":[189.069,417.834,207.127,423.614],"Rotation":0},{"Text":"rounds","TextBB":[208.864,417.834,227.966,423.614],"Rotation":0},{"Text":"8log(n)","TextBB":[167.886,425.02,187.332,430.8],"Rotation":0},{"Text":"gossip","TextBB":[189.069,425.02,207.127,430.8],"Rotation":0},{"Text":"rounds","TextBB":[208.864,425.02,227.966,430.8],"Rotation":0},{"Text":"16log(n)","TextBB":[167.886,432.206,190.806,437.986],"Rotation":0},{"Text":"gossip","TextBB":[192.543,432.206,210.602,437.986],"Rotation":0},{"Text":"rounds","TextBB":[212.339,432.206,231.441,437.986],"Rotation":0},{"Text":"40","TextBB":[133.675,404.817,140.623,410.596],"Rotation":0},{"Text":"35","TextBB":[133.675,430.852,140.623,436.632],"Rotation":0},{"Text":"log(n)","TextBB":[463.188,401.172,479.159,406.952],"Rotation":0},{"Text":"gossip","TextBB":[480.896,401.172,498.955,406.952],"Rotation":0},{"Text":"rounds","TextBB":[500.692,401.172,519.794,406.952],"Rotation":0},{"Text":"2log(n)","TextBB":[463.188,408.357,482.633,414.137],"Rotation":0},{"Text":"gossip","TextBB":[484.37,408.357,502.429,414.137],"Rotation":0},{"Text":"rounds","TextBB":[504.166,408.357,523.268,414.137],"Rotation":0},{"Text":"4log(n)","TextBB":[463.188,415.543,482.633,421.323],"Rotation":0},{"Text":"gossip","TextBB":[484.37,415.543,502.429,421.323],"Rotation":0},{"Text":"rounds","TextBB":[504.166,415.543,523.268,421.323],"Rotation":0},{"Text":"8log(n)","TextBB":[463.188,422.729,482.633,428.509],"Rotation":0},{"Text":"gossip","TextBB":[484.37,422.729,502.429,428.509],"Rotation":0},{"Text":"rounds","TextBB":[504.166,422.729,523.268,428.509],"Rotation":0},{"Text":"16log(n)","TextBB":[463.188,429.915,486.107,435.695],"Rotation":0},{"Text":"gossip","TextBB":[487.845,429.915,505.903,435.695],"Rotation":0},{"Text":"rounds","TextBB":[507.64,429.915,526.742,435.695],"Rotation":0},{"Text":"5","TextBB":[435.902,421.584,439.376,427.364],"Rotation":0},{"Text":"30","TextBB":[133.675,456.836,140.623,462.616],"Rotation":0},{"Text":"4","TextBB":[435.902,459.804,439.376,465.584],"Rotation":0},{"Text":"TotalScore","TextBB":[428.552,489.899,434.332,520.111],"Rotation":3},{"Text":"TotalScore","TextBB":[126.325,489.899,132.104,520.111],"Rotation":3},{"Text":"25","TextBB":[133.675,482.871,140.623,488.651],"Rotation":0},{"Text":"20","TextBB":[133.675,508.855,140.623,514.635],"Rotation":0},{"Text":"15","TextBB":[133.675,534.839,140.623,540.619],"Rotation":0},{"Text":"3","TextBB":[435.902,498.077,439.376,503.857],"Rotation":0},{"Text":"2","TextBB":[435.902,536.349,439.376,542.129],"Rotation":0},{"Text":"10","TextBB":[133.675,560.875,140.623,566.655],"Rotation":0},{"Text":"1","TextBB":[435.902,574.622,439.376,580.402],"Rotation":0},{"Text":"5","TextBB":[137.164,586.858,140.638,592.638],"Rotation":0},{"Text":"0","TextBB":[137.164,612.894,140.638,618.674],"Rotation":0},{"Text":"0","TextBB":[140.705,618.153,144.179,623.933],"Rotation":0},{"Text":"100","TextBB":[170.021,618.153,180.443,623.933],"Rotation":0},{"Text":"200","TextBB":[202.826,618.153,213.248,623.933],"Rotation":0},{"Text":"300","TextBB":[235.631,618.153,246.054,623.933],"Rotation":0},{"Text":"400","TextBB":[268.436,618.153,278.859,623.933],"Rotation":0},{"Text":"500","TextBB":[301.241,618.153,311.664,623.933],"Rotation":0},{"Text":"network","TextBB":[264.583,625.6,286.459,631.38],"Rotation":0},{"Text":"size","TextBB":[288.197,625.6,299.306,631.38],"Rotation":0},{"Text":"600","TextBB":[334.046,618.153,344.469,623.933],"Rotation":0},{"Text":"700","TextBB":[366.851,618.153,377.274,623.933],"Rotation":0},{"Text":"0","TextBB":[435.902,612.895,439.376,618.674],"Rotation":0},{"Text":"800","TextBB":[399.656,618.153,410.079,623.933],"Rotation":0},{"Text":"0","TextBB":[439.443,618.153,442.917,623.933],"Rotation":0},{"Text":"100","TextBB":[468.759,618.153,479.182,623.933],"Rotation":0},{"Text":"200","TextBB":[501.564,618.153,511.987,623.933],"Rotation":0},{"Text":"(a)","TextBB":[228.939,637.679,242.756,648.882],"Rotation":0},{"Text":"Static","TextBB":[246.976,637.679,275.332,648.882],"Rotation":0},{"Text":"network","TextBB":[278.444,637.679,319.124,648.882],"Rotation":0},{"Text":"300","TextBB":[534.369,618.153,544.792,623.933],"Rotation":0},{"Text":"400","TextBB":[567.174,618.153,577.597,623.933],"Rotation":0},{"Text":"500","TextBB":[599.979,618.153,610.402,623.933],"Rotation":0},{"Text":"network","TextBB":[563.321,625.6,585.197,631.38],"Rotation":0},{"Text":"size","TextBB":[586.934,625.6,598.044,631.38],"Rotation":0},{"Text":"600","TextBB":[632.784,618.153,643.207,623.933],"Rotation":0},{"Text":"700","TextBB":[665.589,618.153,676.012,623.933],"Rotation":0},{"Text":"800","TextBB":[698.394,618.153,708.817,623.933],"Rotation":0},{"Text":"(b)","TextBB":[525.397,637.679,539.911,648.882],"Rotation":0},{"Text":"Mobile","TextBB":[544.131,637.679,580.093,648.882],"Rotation":0},{"Text":"network","TextBB":[583.205,637.679,623.885,648.882],"Rotation":0}],"Mention":["no mention found","no mention found"],"Page":11,"Number":5,"Type":"Figure","CaptionBB":[236,667,609,682],"Height":1169,"Width":826,"DPI":100,"ImageBB":[124,390,722,651]}