{"Caption":"Figure 4: Comparison of the performance of coloring algorithms under attack. Plots (a) through (c) examines the impact of nodes that lie about their color on the algorithms, (d) through (f) examines the impact of nodes that lie about defect improvements. Plots (g) through (i) examines the impact of nodes that lie about both defect improvements and their color. The vertical line indicates the time when malicious nodes are added to the network. ","ImageText":[{"Text":"4000","TextBB":[326.509,111.46,342.501,118.111],"Rotation":0},{"Text":"Defective","TextBB":[86.7836,189.283,93.4347,219.253],"Rotation":3},{"Text":"Edge","TextBB":[86.7836,170.494,93.4347,187.284],"Rotation":3},{"Text":"Count","TextBB":[86.7836,149.311,93.4347,168.495],"Rotation":3},{"Text":"7000","TextBB":[95.3751,131.533,111.367,138.184],"Rotation":0},{"Text":"6000","TextBB":[95.3751,151.64,111.367,158.291],"Rotation":0},{"Text":"5000","TextBB":[95.3751,171.746,111.367,178.397],"Rotation":0},{"Text":"4000","TextBB":[95.3751,191.82,111.367,198.471],"Rotation":0},{"Text":"3000","TextBB":[95.3751,211.926,111.367,218.577],"Rotation":0},{"Text":"2000","TextBB":[95.3751,232.033,111.367,238.684],"Rotation":0},{"Text":"1000","TextBB":[95.3751,252.139,111.367,258.79],"Rotation":0},{"Text":"0","TextBB":[110.522,257.299,114.519,263.95],"Rotation":0},{"Text":"200","TextBB":[142.213,257.299,154.206,263.95],"Rotation":0},{"Text":"400","TextBB":[177.898,257.299,189.892,263.95],"Rotation":0},{"Text":"600","TextBB":[213.584,257.299,225.578,263.95],"Rotation":0},{"Text":"Cycles","TextBB":[176.8,264.423,198.371,271.074],"Rotation":0},{"Text":"(2500","TextBB":[200.37,264.423,218.756,271.074],"Rotation":0},{"Text":"s)","TextBB":[220.755,264.423,226.744,271.074],"Rotation":0},{"Text":"800","TextBB":[249.27,257.299,261.263,263.95],"Rotation":0},{"Text":"10000","TextBB":[555.168,135.905,575.011,142.507],"Rotation":0},{"Text":"3500","TextBB":[326.509,146.613,342.501,153.264],"Rotation":0},{"Text":"3000","TextBB":[326.509,181.8,342.501,188.451],"Rotation":0},{"Text":"2500","TextBB":[326.509,216.953,342.501,223.604],"Rotation":0},{"Text":"8000","TextBB":[559.134,159.168,575.008,165.771],"Rotation":0},{"Text":"6000","TextBB":[559.134,182.465,575.008,189.067],"Rotation":0},{"Text":"4000","TextBB":[559.134,205.728,575.008,212.33],"Rotation":0},{"Text":"2000","TextBB":[559.134,228.991,575.008,235.594],"Rotation":0},{"Text":"2000","TextBB":[326.509,252.139,342.501,258.79],"Rotation":0},{"Text":"0","TextBB":[341.656,257.299,345.654,263.95],"Rotation":0},{"Text":"1000","TextBB":[282.992,257.299,298.983,263.95],"Rotation":0},{"Text":"12000","TextBB":[555.168,112.641,575.011,119.244],"Rotation":0},{"Text":"Vulnerable","TextBB":[546.64,187.871,553.242,221.989],"Rotation":3},{"Text":"Node","TextBB":[546.64,168.828,553.242,185.887],"Rotation":3},{"Text":"Count","TextBB":[546.64,147.801,553.242,166.844],"Rotation":3},{"Text":"Average","TextBB":[317.918,219.406,324.569,246.183],"Rotation":3},{"Text":"Connected","TextBB":[317.918,182.635,324.569,217.407],"Rotation":3},{"Text":"Component","TextBB":[317.918,143.468,324.569,180.636],"Rotation":3},{"Text":"Count","TextBB":[317.918,122.286,324.569,141.47],"Rotation":3},{"Text":"8000","TextBB":[95.3751,111.46,111.367,118.111],"Rotation":0},{"Text":"200","TextBB":[373.347,257.299,385.34,263.95],"Rotation":0},{"Text":"(a)","TextBB":[184.76,275.418,199.793,287.044],"Rotation":0},{"Text":"400","TextBB":[409.032,257.299,421.026,263.95],"Rotation":0},{"Text":"600","TextBB":[444.718,257.299,456.712,263.95],"Rotation":0},{"Text":"Cycles","TextBB":[407.934,264.423,429.505,271.074],"Rotation":0},{"Text":"(2500","TextBB":[431.504,264.423,449.89,271.074],"Rotation":0},{"Text":"s)","TextBB":[451.889,264.423,457.878,271.074],"Rotation":0},{"Text":"800","TextBB":[480.404,257.299,492.397,263.95],"Rotation":0},{"Text":"0","TextBB":[571.029,252.288,574.998,258.89],"Rotation":0},{"Text":"0","TextBB":[574.169,257.41,578.137,264.012],"Rotation":0},{"Text":"1000","TextBB":[514.126,257.299,530.117,263.95],"Rotation":0},{"Text":"200","TextBB":[605.627,257.41,617.533,264.012],"Rotation":0},{"Text":"(b)","TextBB":[415.63,275.418,431.317,287.044],"Rotation":0},{"Text":"400","TextBB":[641.051,257.41,652.956,264.012],"Rotation":0},{"Text":"600","TextBB":[676.475,257.41,688.38,264.012],"Rotation":0},{"Text":"Cycles","TextBB":[639.96,264.481,661.373,271.083],"Rotation":0},{"Text":"(2500","TextBB":[663.357,264.481,681.608,271.083],"Rotation":0},{"Text":"s)","TextBB":[683.593,264.481,689.538,271.083],"Rotation":0},{"Text":"800","TextBB":[711.898,257.41,723.804,264.012],"Rotation":0},{"Text":"1000","TextBB":[745.373,257.41,761.247,264.012],"Rotation":0},{"Text":"800","TextBB":[711.898,449.088,723.804,455.691],"Rotation":0},{"Text":"1000","TextBB":[745.373,449.088,761.247,455.691],"Rotation":0},{"Text":"800","TextBB":[711.898,629.111,723.804,635.713],"Rotation":0},{"Text":"1000","TextBB":[745.373,629.111,761.247,635.713],"Rotation":0},{"Text":"(c)","TextBB":[647.475,275.418,661.854,287.044],"Rotation":0},{"Text":"4","TextBB":[121.133,291.144,123.874,295.705],"Rotation":0},{"Text":"4000","TextBB":[326.509,303.139,342.501,309.79],"Rotation":0},{"Text":"Defective","TextBB":[86.8575,378.592,93.6983,409.416],"Rotation":3},{"Text":"Edge","TextBB":[86.8575,359.268,93.6983,376.536],"Rotation":3},{"Text":"Count","TextBB":[86.8575,337.481,93.6983,357.212],"Rotation":3},{"Text":"1.5","TextBB":[95.694,334.705,105.974,341.546],"Rotation":0},{"Text":"1","TextBB":[101.857,370.895,105.969,377.736],"Rotation":0},{"Text":"0.5","TextBB":[95.694,407.051,105.974,413.892],"Rotation":0},{"Text":"0","TextBB":[101.857,443.241,105.969,450.081],"Rotation":0},{"Text":"0","TextBB":[105.109,448.548,109.221,455.388],"Rotation":0},{"Text":"200","TextBB":[137.704,448.548,150.04,455.388],"Rotation":0},{"Text":"400","TextBB":[174.407,448.548,186.743,455.388],"Rotation":0},{"Text":"600","TextBB":[211.111,448.548,223.447,455.388],"Rotation":0},{"Text":"Cycles","TextBB":[173.278,455.874,195.464,462.715],"Rotation":0},{"Text":"(2500","TextBB":[197.52,455.874,216.43,462.715],"Rotation":0},{"Text":"s)","TextBB":[218.486,455.874,224.646,462.715],"Rotation":0},{"Text":"800","TextBB":[247.814,448.548,260.15,455.388],"Rotation":0},{"Text":"14000","TextBB":[555.168,304.32,575.011,310.922],"Rotation":0},{"Text":"3500","TextBB":[326.509,320.715,342.501,327.366],"Rotation":0},{"Text":"12000","TextBB":[555.168,332.243,575.011,338.845],"Rotation":0},{"Text":"3000","TextBB":[326.509,338.292,342.501,344.943],"Rotation":0},{"Text":"Vulnerable","TextBB":[546.64,379.55,553.242,413.668],"Rotation":3},{"Text":"Node","TextBB":[546.64,360.507,553.242,377.565],"Rotation":3},{"Text":"Count","TextBB":[546.64,339.479,553.242,358.522],"Rotation":3},{"Text":"Average","TextBB":[317.918,411.085,324.569,437.862],"Rotation":3},{"Text":"Connected","TextBB":[317.918,374.313,324.569,409.086],"Rotation":3},{"Text":"Component","TextBB":[317.918,335.147,324.569,372.314],"Rotation":3},{"Text":"Count","TextBB":[317.918,313.964,324.569,333.148],"Rotation":3},{"Text":"2","TextBB":[101.857,298.55,105.969,305.391],"Rotation":0},{"Text":"x","TextBB":[107.164,293.962,110.861,300.803],"Rotation":0},{"Text":"10","TextBB":[112.917,293.962,121.141,300.803],"Rotation":0},{"Text":"2500","TextBB":[326.509,355.868,342.501,362.519],"Rotation":0},{"Text":"2000","TextBB":[326.509,373.478,342.501,380.13],"Rotation":0},{"Text":"1500","TextBB":[326.509,391.055,342.501,397.706],"Rotation":0},{"Text":"1000","TextBB":[326.509,408.631,342.501,415.283],"Rotation":0},{"Text":"6000","TextBB":[559.134,416.011,575.008,422.613],"Rotation":0},{"Text":"0","TextBB":[338.493,443.818,342.491,450.469],"Rotation":0},{"Text":"0","TextBB":[341.656,448.978,345.654,455.629],"Rotation":0},{"Text":"200","TextBB":[373.347,448.978,385.34,455.629],"Rotation":0},{"Text":"(d)","TextBB":[184.44,467.097,200.127,478.723],"Rotation":0},{"Text":"800","TextBB":[480.404,448.978,492.397,455.629],"Rotation":0},{"Text":"4000","TextBB":[559.134,443.966,575.008,450.569],"Rotation":0},{"Text":"0","TextBB":[574.169,449.088,578.137,455.691],"Rotation":0},{"Text":"1000","TextBB":[514.126,448.978,530.117,455.629],"Rotation":0},{"Text":"5000","TextBB":[95.3751,543.448,111.367,550.099],"Rotation":0},{"Text":"4000","TextBB":[95.3751,563.521,111.367,570.172],"Rotation":0},{"Text":"3000","TextBB":[95.3751,583.627,111.367,590.278],"Rotation":0},{"Text":"2000","TextBB":[95.3751,603.734,111.367,610.385],"Rotation":0},{"Text":"800","TextBB":[249.27,629,261.263,635.651],"Rotation":0},{"Text":"1000","TextBB":[282.992,629,298.983,635.651],"Rotation":0},{"Text":"400","TextBB":[641.051,449.088,652.956,455.691],"Rotation":0},{"Text":"600","TextBB":[676.475,449.088,688.38,455.691],"Rotation":0},{"Text":"Cycles","TextBB":[639.96,456.16,661.373,462.762],"Rotation":0},{"Text":"(2500","TextBB":[663.357,456.16,681.608,462.762],"Rotation":0},{"Text":"s)","TextBB":[683.593,456.16,689.538,462.762],"Rotation":0},{"Text":"(f)","TextBB":[647.852,467.097,661.472,478.723],"Rotation":0},{"Text":"12000","TextBB":[555.168,484.343,575.011,490.945],"Rotation":0},{"Text":"10000","TextBB":[555.168,507.606,575.011,514.208],"Rotation":0},{"Text":"3500","TextBB":[326.509,518.314,342.501,524.965],"Rotation":0},{"Text":"Vulnerable","TextBB":[546.64,559.572,553.242,593.69],"Rotation":3},{"Text":"Node","TextBB":[546.64,540.529,553.242,557.588],"Rotation":3},{"Text":"Count","TextBB":[546.64,519.502,553.242,538.545],"Rotation":3},{"Text":"Average","TextBB":[317.918,591.108,324.569,617.885],"Rotation":3},{"Text":"Connected","TextBB":[317.918,554.336,324.569,589.109],"Rotation":3},{"Text":"Component","TextBB":[317.918,515.17,324.569,552.337],"Rotation":3},{"Text":"Count","TextBB":[317.918,493.987,324.569,513.171],"Rotation":3},{"Text":"6000","TextBB":[95.3751,523.341,111.367,529.992],"Rotation":0},{"Text":"400","TextBB":[177.898,629,189.892,635.651],"Rotation":0},{"Text":"600","TextBB":[213.584,629,225.578,635.651],"Rotation":0},{"Text":"Cycles","TextBB":[176.8,636.124,198.371,642.775],"Rotation":0},{"Text":"(2500","TextBB":[200.37,636.124,218.756,642.775],"Rotation":0},{"Text":"s)","TextBB":[220.755,636.124,226.744,642.775],"Rotation":0},{"Text":"200","TextBB":[605.627,449.088,617.533,455.691],"Rotation":0},{"Text":"(e)","TextBB":[416.285,467.097,430.664,478.723],"Rotation":0},{"Text":"7000","TextBB":[95.3751,503.234,111.367,509.886],"Rotation":0},{"Text":"Defective","TextBB":[86.7836,560.984,93.4347,590.954],"Rotation":3},{"Text":"Edge","TextBB":[86.7836,542.196,93.4347,558.985],"Rotation":3},{"Text":"Count","TextBB":[86.7836,521.013,93.4347,540.197],"Rotation":3},{"Text":"400","TextBB":[409.032,448.978,421.026,455.629],"Rotation":0},{"Text":"600","TextBB":[444.718,448.978,456.712,455.629],"Rotation":0},{"Text":"Cycles","TextBB":[407.934,456.101,429.505,462.752],"Rotation":0},{"Text":"(2500","TextBB":[431.504,456.101,449.89,462.752],"Rotation":0},{"Text":"s)","TextBB":[451.889,456.101,457.878,462.752],"Rotation":0},{"Text":"4000","TextBB":[326.509,483.161,342.501,489.812],"Rotation":0},{"Text":"200","TextBB":[142.213,629,154.206,635.651],"Rotation":0},{"Text":"8000","TextBB":[559.134,388.088,575.008,394.69],"Rotation":0},{"Text":"500","TextBB":[330.504,426.208,342.497,432.859],"Rotation":0},{"Text":"1000","TextBB":[282.497,448.548,298.945,455.388],"Rotation":0},{"Text":"8000","TextBB":[95.3751,483.161,111.367,489.812],"Rotation":0},{"Text":"1000","TextBB":[95.3751,623.84,111.367,630.491],"Rotation":0},{"Text":"0","TextBB":[110.522,629,114.519,635.651],"Rotation":0},{"Text":"10000","TextBB":[555.168,360.166,575.011,366.768],"Rotation":0},{"Text":"3000","TextBB":[326.509,553.501,342.501,560.152],"Rotation":0},{"Text":"2500","TextBB":[326.509,588.654,342.501,595.305],"Rotation":0},{"Text":"8000","TextBB":[559.134,530.87,575.008,537.472],"Rotation":0},{"Text":"6000","TextBB":[559.134,554.166,575.008,560.768],"Rotation":0},{"Text":"4000","TextBB":[559.134,577.429,575.008,584.031],"Rotation":0},{"Text":"2000","TextBB":[559.134,600.693,575.008,607.295],"Rotation":0},{"Text":"2000","TextBB":[326.509,623.84,342.501,630.491],"Rotation":0},{"Text":"0","TextBB":[341.656,629,345.654,635.651],"Rotation":0},{"Text":"200","TextBB":[373.347,629,385.34,635.651],"Rotation":0},{"Text":"(g)","TextBB":[184.76,647.133,199.793,658.759],"Rotation":0},{"Text":"400","TextBB":[409.032,629,421.026,635.651],"Rotation":0},{"Text":"600","TextBB":[444.718,629,456.712,635.651],"Rotation":0},{"Text":"Cycles","TextBB":[407.934,636.124,429.505,642.775],"Rotation":0},{"Text":"(2500","TextBB":[431.504,636.124,449.89,642.775],"Rotation":0},{"Text":"s)","TextBB":[451.889,636.124,457.878,642.775],"Rotation":0},{"Text":"(h)","TextBB":[415.63,647.133,431.317,658.759],"Rotation":0},{"Text":"800","TextBB":[480.404,629,492.397,635.651],"Rotation":0},{"Text":"1000","TextBB":[514.126,629,530.117,635.651],"Rotation":0},{"Text":"0","TextBB":[571.029,623.989,574.998,630.591],"Rotation":0},{"Text":"0","TextBB":[574.169,629.111,578.137,635.713],"Rotation":0},{"Text":"200","TextBB":[605.627,629.111,617.533,635.713],"Rotation":0},{"Text":"400","TextBB":[641.051,629.111,652.956,635.713],"Rotation":0},{"Text":"600","TextBB":[676.475,629.111,688.38,635.713],"Rotation":0},{"Text":"Cycles","TextBB":[639.96,636.182,661.373,642.785],"Rotation":0},{"Text":"(2500","TextBB":[663.357,636.182,681.608,642.785],"Rotation":0},{"Text":"s)","TextBB":[683.593,636.182,689.538,642.785],"Rotation":0},{"Text":"(i)","TextBB":[648.46,647.133,660.878,658.759],"Rotation":0}],"Mention":["no mention found","no mention found"],"Page":9,"Number":4,"Type":"Figure","CaptionBB":[73,672,772,731],"Height":1100,"Width":850,"DPI":100,"ImageBB":[84,74,763,661]}