{"Type":"Figure",
"Number": 8,
"Page": 10,
"DPI": 100,
"Width": 850,
"Height": 1100,
"CaptionBB": [84,337,740,386],
"Caption": "Figure 8. Average response time for high- and low-priority transactions for POW, PAbort, and NPri- oinher as a function of load (8(a) and 8(b)). Aggregate high- and low-priority average response time relative to Standard (8(c)). ",
"ImageBB": [97,129,732,313],
"ImageText" : [
{"Rotation": 0,"TextBB": [118.823,155.696,122.645,162.055], "Text": "8"},
	{"Rotation": 0,"TextBB": [451.815,137.851,479.714,144.21], "Text": "Standard"},
	{"Rotation": 0,"TextBB": [432.726,144.726,465.197,151.086], "Text": "NPrioinher"},
	{"Rotation": 0,"TextBB": [467.108,144.726,469.398,151.086], "Text": "-"},
	{"Rotation": 0,"TextBB": [471.309,144.726,479.717,151.086], "Text": "LP"},
	{"Rotation": 0,"TextBB": [444.179,151.6,465.196,157.959], "Text": "PAbort"},
	{"Rotation": 0,"TextBB": [467.107,151.6,469.397,157.959], "Text": "-"},
	{"Rotation": 0,"TextBB": [471.308,151.6,479.716,157.959], "Text": "LP"},
	{"Rotation": 0,"TextBB": [448.769,158.475,465.194,164.834], "Text": "POW"},
	{"Rotation": 0,"TextBB": [467.105,158.475,469.394,164.834], "Text": "-"},
	{"Rotation": 0,"TextBB": [471.306,158.475,479.714,164.834], "Text": "LP"},
	{"Rotation": 0,"TextBB": [334.997,147.046,342.642,153.405], "Text": "14"},
	{"Rotation": 3,"TextBB": [320.058,220.695,326.418,232.54], "Text": "Avg"},
	{"Rotation": 3,"TextBB": [320.058,187.832,326.418,218.783], "Text": "Response"},
	{"Rotation": 3,"TextBB": [320.058,170.645,326.418,185.921], "Text": "Time"},
	{"Rotation": 3,"TextBB": [320.058,153.457,326.418,168.733], "Text": "(sec)"},
	{"Rotation": 3,"TextBB": [100.062,220.693,106.421,232.539], "Text": "Avg"},
	{"Rotation": 3,"TextBB": [100.062,187.831,106.421,218.782], "Text": "Response"},
	{"Rotation": 3,"TextBB": [100.062,170.643,106.421,185.92], "Text": "Time"},
	{"Rotation": 3,"TextBB": [100.062,153.456,106.421,168.732], "Text": "(sec)"},
	{"Rotation": 0,"TextBB": [118.823,144.151,122.645,150.511], "Text": "9"},
	{"Rotation": 0,"TextBB": [567.875,130.155,571.015,135.379], "Text": "6"},
	{"Rotation": 0,"TextBB": [334.997,132.608,342.642,138.968], "Text": "16"},
	{"Rotation": 0,"TextBB": [231.819,137.849,259.718,144.209], "Text": "Standard"},
	{"Rotation": 0,"TextBB": [211.587,144.723,244.058,151.083], "Text": "NPrioinher"},
	{"Rotation": 0,"TextBB": [245.969,144.723,248.259,151.083], "Text": "-"},
	{"Rotation": 0,"TextBB": [250.17,144.723,259.719,151.083], "Text": "HP"},
	{"Rotation": 0,"TextBB": [223.04,151.598,244.057,157.958], "Text": "PAbort"},
	{"Rotation": 0,"TextBB": [245.968,151.598,248.258,157.958], "Text": "-"},
	{"Rotation": 0,"TextBB": [250.169,151.598,259.718,157.958], "Text": "HP"},
	{"Rotation": 0,"TextBB": [227.632,158.473,244.056,164.833], "Text": "POW"},
	{"Rotation": 0,"TextBB": [245.968,158.473,248.257,164.833], "Text": "-"},
	{"Rotation": 0,"TextBB": [250.168,158.473,259.718,164.833], "Text": "HP"},
	{"Rotation": 0,"TextBB": [118.823,167.268,122.645,173.627], "Text": "7"},
	{"Rotation": 0,"TextBB": [118.823,178.812,122.645,185.172], "Text": "6"},
	{"Rotation": 0,"TextBB": [118.823,190.357,122.645,196.716], "Text": "5"},
	{"Rotation": 0,"TextBB": [118.823,201.901,122.645,208.261], "Text": "4"},
	{"Rotation": 0,"TextBB": [118.823,213.446,122.645,219.805], "Text": "3"},
	{"Rotation": 0,"TextBB": [118.823,225.018,122.645,231.377], "Text": "2"},
	{"Rotation": 0,"TextBB": [334.997,161.483,342.642,167.843], "Text": "12"},
	{"Rotation": 3,"TextBB": [560.939,230.737,566.162,240.467], "Text": "Avg"},
	{"Rotation": 3,"TextBB": [560.939,203.746,566.162,229.168], "Text": "Response"},
	{"Rotation": 3,"TextBB": [560.939,189.63,566.162,202.177], "Text": "Time"},
	{"Rotation": 3,"TextBB": [560.939,165.784,566.162,188.06], "Text": "(Relative"},
	{"Rotation": 3,"TextBB": [560.939,159.505,566.162,164.214], "Text": "to"},
	{"Rotation": 3,"TextBB": [560.939,147.579,566.162,157.935], "Text": "Std)"},
	{"Rotation": 0,"TextBB": [115,132.607,122.645,138.966], "Text": "10"},
	{"Rotation": 0,"TextBB": [334.997,175.921,342.642,182.28], "Text": "10"},
	{"Rotation": 0,"TextBB": [338.82,190.358,342.642,196.718], "Text": "8"},
	{"Rotation": 0,"TextBB": [338.82,204.796,342.642,211.155], "Text": "6"},
	{"Rotation": 0,"TextBB": [338.82,219.233,342.642,225.593], "Text": "4"},
	{"Rotation": 0,"TextBB": [338.82,233.671,342.642,240.03], "Text": "2"},
	{"Rotation": 0,"TextBB": [118.823,236.562,122.645,242.922], "Text": "1"},
	{"Rotation": 0,"TextBB": [118.823,248.107,122.645,254.466], "Text": "0"},
	{"Rotation": 0,"TextBB": [338.82,248.108,342.642,254.468], "Text": "0"},
	{"Rotation": 0,"TextBB": [125.815,254.982,129.637,261.341], "Text": "1"},
	{"Rotation": 0,"TextBB": [144.004,254.982,147.827,261.341], "Text": "2"},
	{"Rotation": 0,"TextBB": [162.167,254.982,165.989,261.341], "Text": "3"},
	{"Rotation": 0,"TextBB": [180.357,254.982,184.18,261.341], "Text": "4"},
	{"Rotation": 0,"TextBB": [198.547,254.982,202.37,261.341], "Text": "5"},
	{"Rotation": 0,"TextBB": [216.708,254.982,220.531,261.341], "Text": "6"},
	{"Rotation": 0,"TextBB": [234.897,254.982,238.72,261.341], "Text": "7"},
	{"Rotation": 0,"TextBB": [176.115,265.294,187.961,271.654], "Text": "Avg"},
	{"Rotation": 0,"TextBB": [189.872,265.294,206.682,271.654], "Text": "Think"},
	{"Rotation": 0,"TextBB": [208.593,265.294,223.869,271.654], "Text": "Time"},
	{"Rotation": 0,"TextBB": [225.78,265.294,241.057,271.654], "Text": "(sec)"},
	{"Rotation": 0,"TextBB": [147.497,286.533,162.397,297.602], "Text": "(a)"},
	{"Rotation": 0,"TextBB": [166.496,287.086,246.815,297.071], "Text": "High-Priority"},
	{"Rotation": 0,"TextBB": [253.088,254.982,256.91,261.341], "Text": "8"},
	{"Rotation": 0,"TextBB": [271.25,254.982,275.073,261.341], "Text": "9"},
	{"Rotation": 0,"TextBB": [287.529,254.982,295.174,261.341], "Text": "10"},
	{"Rotation": 0,"TextBB": [345.811,254.983,349.634,261.343], "Text": "1"},
	{"Rotation": 0,"TextBB": [364.002,254.983,367.824,261.343], "Text": "2"},
	{"Rotation": 0,"TextBB": [382.163,254.983,385.985,261.343], "Text": "3"},
	{"Rotation": 0,"TextBB": [400.354,254.983,404.177,261.343], "Text": "4"},
	{"Rotation": 0,"TextBB": [418.543,254.983,422.366,261.343], "Text": "5"},
	{"Rotation": 0,"TextBB": [436.704,254.983,440.527,261.343], "Text": "6"},
	{"Rotation": 0,"TextBB": [454.895,254.983,458.717,261.343], "Text": "7"},
	{"Rotation": 0,"TextBB": [396.111,265.296,407.957,271.655], "Text": "Avg"},
	{"Rotation": 0,"TextBB": [409.868,265.296,426.677,271.655], "Text": "Think"},
	{"Rotation": 0,"TextBB": [428.589,265.296,443.865,271.655], "Text": "Time"},
	{"Rotation": 0,"TextBB": [445.776,265.296,461.052,271.655], "Text": "(sec)"},
	{"Rotation": 0,"TextBB": [473.085,254.983,476.907,261.343], "Text": "8"},
	{"Rotation": 0,"TextBB": [491.246,254.983,495.068,261.343], "Text": "9"},
	{"Rotation": 0,"TextBB": [507.525,254.983,515.17,261.343], "Text": "10"},
	{"Rotation": 0,"TextBB": [567.875,150.86,571.015,156.083], "Text": "5"},
	{"Rotation": 0,"TextBB": [589.462,135.567,603.579,140.79], "Text": "NPrio"},
	{"Rotation": 0,"TextBB": [589.462,142.066,616.132,147.289], "Text": "NPrioinher"},
	{"Rotation": 0,"TextBB": [589.462,148.566,606.724,153.789], "Text": "PAbort"},
	{"Rotation": 0,"TextBB": [589.462,155.065,602.952,160.288], "Text": "POW"},
	{"Rotation": 0,"TextBB": [567.875,171.564,571.015,176.787], "Text": "4"},
	{"Rotation": 0,"TextBB": [567.875,192.298,571.015,197.522], "Text": "3"},
	{"Rotation": 0,"TextBB": [567.875,213.003,571.015,218.226], "Text": "2"},
	{"Rotation": 0,"TextBB": [567.875,233.707,571.015,238.93], "Text": "1"},
	{"Rotation": 0,"TextBB": [567.875,254.44,571.015,259.663], "Text": "0"},
	{"Rotation": 0,"TextBB": [590.139,258.587,593.278,263.811], "Text": "1"},
	{"Rotation": 0,"TextBB": [609.843,258.587,612.983,263.811], "Text": "2"},
	{"Rotation": 0,"TextBB": [629.518,258.587,632.658,263.811], "Text": "3"},
	{"Rotation": 0,"TextBB": [649.222,258.587,652.362,263.811], "Text": "4"},
	{"Rotation": 0,"TextBB": [668.899,258.587,672.038,263.811], "Text": "5"},
	{"Rotation": 0,"TextBB": [629.842,264.351,643.648,269.574], "Text": "Think"},
	{"Rotation": 0,"TextBB": [645.218,264.351,657.764,269.574], "Text": "Time"},
	{"Rotation": 0,"TextBB": [659.334,264.351,671.881,269.574], "Text": "(sec)"},
	{"Rotation": 0,"TextBB": [686.25,258.587,694.099,263.811], "Text": "7.5"},
	{"Rotation": 0,"TextBB": [706.718,258.587,712.997,263.811], "Text": "10"},
	{"Rotation": 0,"TextBB": [369.331,286.534,384.897,297.604], "Text": "(b)"},
	{"Rotation": 0,"TextBB": [388.996,287.087,465.151,297.072], "Text": "Low-Priority"},
	{"Rotation": 0,"TextBB": [605.496,299.703,619.73,310.773], "Text": "(c)"},
	{"Rotation": 0,"TextBB": [623.829,300.257,680.532,310.242], "Text": "Overhead"}
]}
