{"Caption":"Figure 3: Relative size and total execution time as a function of the number of super-fingerprints, for two data sets, using DERD and REBL. ","ImageText":[{"Text":"40","TextBB":[152.113,185.383,161.266,192.997],"Rotation":0},{"Text":"MH(rebl-1K-BF)","TextBB":[510.938,134.17,569.005,141.783],"Rotation":0},{"Text":"MH(derd-BF)","TextBB":[520.996,142.402,569.005,150.015],"Rotation":0},{"Text":"MH(derd-FF)","TextBB":[521.457,150.632,569.005,158.245],"Rotation":0},{"Text":"MH(rebl-1K-FF)","TextBB":[511.399,158.863,569.005,166.476],"Rotation":0},{"Text":"slashdot(rebl-1K-BF)","TextBB":[493.086,167.093,569.005,174.707],"Rotation":0},{"Text":"slashdot(derd-BF)","TextBB":[503.143,175.324,569.004,182.937],"Rotation":0},{"Text":"slashdot(derd-FF)","TextBB":[503.604,183.554,569.005,191.168],"Rotation":0},{"Text":"slashdot(rebl-1K-FF)","TextBB":[493.546,191.785,569.004,199.398],"Rotation":0},{"Text":"100000","TextBB":[452.062,152.735,479.519,160.348],"Rotation":0},{"Text":"Execution","TextBB":[432.731,224.39,440.344,260.531],"Rotation":3},{"Text":"time","TextBB":[432.731,206.554,440.344,222.102],"Rotation":3},{"Text":"(secs)","TextBB":[432.731,181.862,440.344,204.266],"Rotation":3},{"Text":"Relative","TextBB":[134.231,222.336,141.844,252.065],"Rotation":3},{"Text":"size","TextBB":[134.231,205.414,141.844,220.048],"Rotation":3},{"Text":"(%)","TextBB":[134.231,190.327,141.844,203.126],"Rotation":3},{"Text":"1e+06","TextBB":[456.408,120.086,479.519,127.7],"Rotation":0},{"Text":"MH(derd-FF)","TextBB":[318.249,127.082,365.798,134.695],"Rotation":0},{"Text":"MH(derd-BF)","TextBB":[317.788,135.314,365.797,142.927],"Rotation":0},{"Text":"MH(rebl-1K-FF)","TextBB":[308.19,143.545,365.796,151.158],"Rotation":0},{"Text":"MH(rebl-1K-BF)","TextBB":[307.731,151.775,365.798,159.388],"Rotation":0},{"Text":"slashdot(derd-FF)","TextBB":[300.396,160.006,365.796,167.619],"Rotation":0},{"Text":"slashdot(derd-BF)","TextBB":[299.936,168.236,365.797,175.85],"Rotation":0},{"Text":"slashdot(rebl-1K-FF)","TextBB":[290.339,176.467,365.797,184.08],"Rotation":0},{"Text":"slashdot(rebl-1K-BF)","TextBB":[289.878,184.697,365.797,192.311],"Rotation":0},{"Text":"✲","TextBB":[432.917,198.097,432.917,228.069],"Rotation":0},{"Text":"30","TextBB":[152.113,218.031,161.266,225.644],"Rotation":0},{"Text":"20","TextBB":[152.113,250.679,161.266,258.293],"Rotation":0},{"Text":"10000","TextBB":[456.638,185.383,479.519,192.997],"Rotation":0},{"Text":"1000","TextBB":[461.214,218.031,479.519,225.644],"Rotation":0},{"Text":"100","TextBB":[465.791,250.679,479.52,258.293],"Rotation":0},{"Text":"10","TextBB":[152.113,283.328,161.266,290.941],"Rotation":0},{"Text":"10","TextBB":[470.367,283.328,479.52,290.941],"Rotation":0},{"Text":"0","TextBB":[156.689,315.975,161.266,323.588],"Rotation":0},{"Text":"1","TextBB":[474.944,315.975,479.52,323.588],"Rotation":0},{"Text":"0","TextBB":[165.06,324.206,169.637,331.819],"Rotation":0},{"Text":"10","TextBB":[190.664,324.206,199.817,331.819],"Rotation":0},{"Text":"20","TextBB":[218.558,324.206,227.71,331.819],"Rotation":0},{"Text":"30","TextBB":[246.451,324.206,255.603,331.819],"Rotation":0},{"Text":"40","TextBB":[274.342,324.206,283.495,331.819],"Rotation":0},{"Text":"50","TextBB":[302.189,324.206,311.342,331.819],"Rotation":0},{"Text":"60","TextBB":[330.083,324.206,339.235,331.819],"Rotation":0},{"Text":"Number","TextBB":[233.725,336.552,262.993,344.165],"Rotation":0},{"Text":"of","TextBB":[265.281,336.552,272.145,344.165],"Rotation":0},{"Text":"superfingerprints","TextBB":[274.434,336.552,335.727,344.165],"Rotation":0},{"Text":"70","TextBB":[357.976,324.206,367.128,331.819],"Rotation":0},{"Text":"80","TextBB":[385.867,324.206,395.02,331.819],"Rotation":0},{"Text":"0","TextBB":[483.313,324.206,487.889,331.819],"Rotation":0},{"Text":"(a)","TextBB":[222.5,366.773,234.787,376.735],"Rotation":0},{"Text":"Relative","TextBB":[237.787,367.371,290.921,376.071],"Rotation":0},{"Text":"size","TextBB":[297.254,367.371,323.821,376.071],"Rotation":0},{"Text":"10","TextBB":[506.587,324.206,515.739,331.819],"Rotation":0},{"Text":"20","TextBB":[532.146,324.206,541.299,331.819],"Rotation":0},{"Text":"30","TextBB":[557.708,324.206,566.86,331.819],"Rotation":0},{"Text":"40","TextBB":[583.269,324.206,592.421,331.819],"Rotation":0},{"Text":"50","TextBB":[608.828,324.206,617.981,331.819],"Rotation":0},{"Text":"60","TextBB":[634.389,324.206,643.542,331.819],"Rotation":0},{"Text":"Number","TextBB":[542.101,336.552,571.369,344.165],"Rotation":0},{"Text":"of","TextBB":[573.658,336.552,580.522,344.165],"Rotation":0},{"Text":"superfingerprints","TextBB":[582.81,336.552,644.103,344.165],"Rotation":0},{"Text":"70","TextBB":[659.951,324.206,669.103,331.819],"Rotation":0},{"Text":"80","TextBB":[685.51,324.206,694.663,331.819],"Rotation":0},{"Text":"(b)","TextBB":[480.833,366.773,493.74,376.735],"Rotation":0},{"Text":"Execution","TextBB":[496.574,367.371,556.35,376.071],"Rotation":0},{"Text":"time","TextBB":[562.849,367.371,589.416,376.071],"Rotation":0},{"Text":"(logscale)","TextBB":[595.916,367.371,662.334,376.071],"Rotation":0}],"Mention":["As discussed in Section 4.1, REBL has two variants,\nBestFit and FirstFit. In this section, we compare them\nby contrasting relative effectiveness and efficiency.\nFigure 3(a) plots the sizes of the MH and Slashdot\ndata sets, encoded using the FirstFit and BestFit vari-\nants, and reported relative to the original data set sizes.\nThe experiment uses 84 fingerprints per chunk and two\nchunking methods, whole files (DERD) and an average\n","duce the number of files identified as being similar.\nReferring again to Figure 3(a), but this time consid-\n","REBL are plotted in Figure 3(b). As expected, the great-\nest execution time is for REBL with BestFit; breaking\n"],"Page":9,"Number":3,"Type":"Figure","CaptionBB":[98,403,746,434],"Height":1100,"Width":850,"DPI":100,"ImageBB":[132,118,705,378]}