{"Caption":"Figure 3: For mining frequent generators, our Gr-growth algorithm is signifi cantly faster than the traditional breadth-fi rst search strategy on the four benchmark datasets. Gr-growth is also faster than closed pattern mining algorithms. ","ImageText":[{"Text":"(a)","TextBB":[145.425,80.0823,153.355,86.4457],"Rotation":0},{"Text":"On","TextBB":[155.16,80.0823,163.817,86.4457],"Rotation":0},{"Text":"mushroom","TextBB":[165.622,80.0823,196.274,86.4457],"Rotation":0},{"Text":"dataset","TextBB":[198.078,80.0823,219.365,86.4457],"Rotation":0},{"Text":"8","TextBB":[122.975,88.3376,126.584,94.7011],"Rotation":0},{"Text":"(b)","TextBB":[314.299,80.0823,322.796,86.4457],"Rotation":0},{"Text":"On","TextBB":[324.729,80.0823,334.006,86.4457],"Rotation":0},{"Text":"connect-4","TextBB":[335.939,80.0823,366.472,86.4457],"Rotation":0},{"Text":"dataset","TextBB":[368.405,80.0823,391.213,86.4457],"Rotation":0},{"Text":"10000","TextBB":[281.971,88.3376,301.302,94.7011],"Rotation":0},{"Text":"Gr-growth","TextBB":[172.968,93.5688,201.816,99.9323],"Rotation":0},{"Text":"breadth-first","TextBB":[167.197,99.1112,201.821,105.475],"Rotation":0},{"Text":"FPclose","TextBB":[178.381,104.654,201.822,111.018],"Rotation":0},{"Text":"CLOSET+","TextBB":[172.065,110.199,201.822,116.562],"Rotation":0},{"Text":"7","TextBB":[122.975,105.441,126.584,111.804],"Rotation":0},{"Text":"6","TextBB":[122.975,122.545,126.584,128.908],"Rotation":0},{"Text":"(c)","TextBB":[487.349,80.0823,495.457,86.4457],"Rotation":0},{"Text":"On","TextBB":[497.39,80.0823,506.666,86.4457],"Rotation":0},{"Text":"chess","TextBB":[508.599,80.0823,526.762,86.4457],"Rotation":0},{"Text":"dataset","TextBB":[528.695,80.0823,551.503,86.4457],"Rotation":0},{"Text":"10000","TextBB":[448.637,88.3376,467.968,94.7011],"Rotation":0},{"Text":"Gr-growth","TextBB":[334.312,93.5688,365.22,99.9323],"Rotation":0},{"Text":"breadth-first","TextBB":[328.129,99.1112,365.227,105.475],"Rotation":0},{"Text":"FPclose","TextBB":[340.11,104.654,365.226,111.018],"Rotation":0},{"Text":"CLOSET+","TextBB":[333.344,110.199,365.227,116.562],"Rotation":0},{"Text":"1000","TextBB":[452.504,111.142,467.969,117.505],"Rotation":0},{"Text":"1000","TextBB":[285.837,122.545,301.302,128.908],"Rotation":0},{"Text":"Gr-growth","TextBB":[667.485,93.5688,698.394,99.9323],"Rotation":0},{"Text":"breadth-first","TextBB":[661.296,99.1112,698.393,105.475],"Rotation":0},{"Text":"FPclose","TextBB":[673.276,104.654,698.393,111.018],"Rotation":0},{"Text":"CLOSET+","TextBB":[666.511,110.199,698.393,116.562],"Rotation":0},{"Text":"100","TextBB":[618.698,122.545,630.297,128.908],"Rotation":0},{"Text":"time","TextBB":[431.098,158.845,439.137,169.243],"Rotation":3},{"Text":"(s)","TextBB":[431.098,150.896,439.137,157.314],"Rotation":3},{"Text":"time","TextBB":[264.432,158.845,272.47,169.243],"Rotation":3},{"Text":"(s)","TextBB":[264.432,150.896,272.47,157.314],"Rotation":3},{"Text":"4","TextBB":[122.975,156.753,126.584,163.116],"Rotation":0},{"Text":"100","TextBB":[289.704,156.753,301.303,163.116],"Rotation":0},{"Text":"3","TextBB":[122.975,173.857,126.584,180.221],"Rotation":0},{"Text":"time","TextBB":[597.597,158.845,605.635,169.243],"Rotation":3},{"Text":"(s)","TextBB":[597.597,150.896,605.635,157.314],"Rotation":3},{"Text":"100","TextBB":[456.371,133.947,467.969,140.311],"Rotation":0},{"Text":"5","TextBB":[122.975,139.649,126.584,146.012],"Rotation":0},{"Text":"time","TextBB":[107.747,158.845,115.249,169.243],"Rotation":3},{"Text":"(s)","TextBB":[107.747,150.896,115.249,157.314],"Rotation":3},{"Text":"(d)","TextBB":[639.198,80.0823,647.695,86.4457],"Rotation":0},{"Text":"On","TextBB":[649.628,80.0823,658.904,86.4457],"Rotation":0},{"Text":"T40I10D100K","TextBB":[660.838,80.0823,703.741,86.4457],"Rotation":0},{"Text":"dataset","TextBB":[705.674,80.0823,728.482,86.4457],"Rotation":0},{"Text":"1000","TextBB":[614.832,88.3376,630.297,94.7011],"Rotation":0},{"Text":"Gr-growth","TextBB":[500.985,93.5688,531.894,99.9323],"Rotation":0},{"Text":"breadth-first","TextBB":[494.796,99.1112,531.893,105.475],"Rotation":0},{"Text":"FPclose","TextBB":[506.776,104.654,531.893,111.018],"Rotation":0},{"Text":"CLOSET+","TextBB":[500.011,110.199,531.893,116.562],"Rotation":0},{"Text":"10","TextBB":[460.236,156.753,467.968,163.116],"Rotation":0},{"Text":"10","TextBB":[622.565,156.753,630.297,163.116],"Rotation":0},{"Text":"1","TextBB":[464.103,179.558,467.969,185.922],"Rotation":0},{"Text":"2","TextBB":[122.975,190.961,126.584,197.325],"Rotation":0},{"Text":"10","TextBB":[293.569,190.961,301.302,197.325],"Rotation":0},{"Text":"1","TextBB":[626.43,190.961,630.297,197.325],"Rotation":0},{"Text":"0.1","TextBB":[458.304,202.364,467.969,208.727],"Rotation":0},{"Text":"1","TextBB":[122.975,208.065,126.584,214.429],"Rotation":0},{"Text":"0","TextBB":[122.975,225.17,126.584,231.533],"Rotation":0},{"Text":"0.0625","TextBB":[121.457,230.674,141.303,237.037],"Rotation":0},{"Text":"0.125","TextBB":[144.029,230.674,160.267,237.037],"Rotation":0},{"Text":"0.25","TextBB":[166.601,230.674,179.231,237.037],"Rotation":0},{"Text":"0.5","TextBB":[189.174,230.674,198.195,237.037],"Rotation":0},{"Text":"1","TextBB":[212.649,230.674,216.257,237.037],"Rotation":0},{"Text":"2","TextBB":[233.417,230.674,237.025,237.037],"Rotation":0},{"Text":"minimum","TextBB":[137.319,238.932,163.636,245.296],"Rotation":0},{"Text":"support","TextBB":[165.44,238.932,187.084,245.296],"Rotation":0},{"Text":"threshold","TextBB":[188.888,238.932,215.582,245.296],"Rotation":0},{"Text":"(%)","TextBB":[217.386,238.932,227.478,245.296],"Rotation":0},{"Text":"1","TextBB":[297.436,225.17,301.302,231.533],"Rotation":0},{"Text":"20","TextBB":[302.575,230.674,310.307,237.037],"Rotation":0},{"Text":"25","TextBB":[314.396,230.674,322.128,237.037],"Rotation":0},{"Text":"30","TextBB":[326.218,230.674,333.95,237.037],"Rotation":0},{"Text":"40","TextBB":[349.859,230.674,357.592,237.037],"Rotation":0},{"Text":"50","TextBB":[373.503,230.674,381.235,237.037],"Rotation":0},{"Text":"0.01","TextBB":[454.437,225.17,467.969,231.533],"Rotation":0},{"Text":"60","TextBB":[397.144,230.674,404.877,237.037],"Rotation":0},{"Text":"minimum","TextBB":[304.46,238.932,332.657,245.296],"Rotation":0},{"Text":"support","TextBB":[334.59,238.932,357.78,245.296],"Rotation":0},{"Text":"threshold","TextBB":[359.713,238.932,388.313,245.296],"Rotation":0},{"Text":"(%)","TextBB":[390.246,238.932,401.059,245.296],"Rotation":0},{"Text":"30","TextBB":[469.241,230.674,476.974,237.037],"Rotation":0},{"Text":"40","TextBB":[488.165,230.674,495.897,237.037],"Rotation":0},{"Text":"50","TextBB":[507.089,230.674,514.821,237.037],"Rotation":0},{"Text":"60","TextBB":[525.964,230.674,533.696,237.037],"Rotation":0},{"Text":"70","TextBB":[544.887,230.674,552.62,237.037],"Rotation":0},{"Text":"80","TextBB":[563.811,230.674,571.543,237.037],"Rotation":0},{"Text":"minimum","TextBB":[471.126,238.932,499.323,245.296],"Rotation":0},{"Text":"support","TextBB":[501.256,238.932,524.447,245.296],"Rotation":0},{"Text":"threshold","TextBB":[526.38,238.932,554.98,245.296],"Rotation":0},{"Text":"(%)","TextBB":[556.913,238.932,567.726,245.296],"Rotation":0},{"Text":"0.1","TextBB":[620.632,225.17,630.297,231.533],"Rotation":0},{"Text":"0.5","TextBB":[630.603,230.674,640.268,237.037],"Rotation":0},{"Text":"1","TextBB":[653.271,230.674,657.137,237.037],"Rotation":0},{"Text":"4","TextBB":[692.757,230.674,696.623,237.037],"Rotation":0},{"Text":"8","TextBB":[712.476,230.674,716.342,237.037],"Rotation":0},{"Text":"12","TextBB":[722.115,230.674,729.847,237.037],"Rotation":0},{"Text":"16","TextBB":[730.311,230.674,738.043,237.037],"Rotation":0},{"Text":"minimum","TextBB":[635.54,238.932,663.737,245.296],"Rotation":0},{"Text":"support","TextBB":[665.67,238.932,688.861,245.296],"Rotation":0},{"Text":"threshold","TextBB":[690.794,238.932,719.394,245.296],"Rotation":0},{"Text":"(%)","TextBB":[721.327,238.932,732.14,245.296],"Rotation":0}],"Mention":["The performance results are depicted in Figure 3. We can\nsee that Gr-growth is consistently faster than the traditional\ngenerator mining algorithm. For some datasets, especially\nwhen the minimum support threshold is low, the speed-up\nbyGr-growth is at least an order of magnitude or even 2 or-\nders sometimes. For example, in the case of ms = 20% on\nthe connect-4 dataset, the speed-up is around 190.0 times.\nOther similar cases can be also observed from the connect-4\nand chess datasets. All these results clearly indicate that our\ndepth-fi rst searching strategy is indeed effi cient for mining\nfrequent generators with signifi cant speed-up over the tradi-\ntional algorithms.\n"],"Page":6,"Number":3,"Type":"Figure","CaptionBB":[73,257,780,290],"Height":1100,"Width":850,"DPI":100,"ImageBB":[107,79,740,248]}