{"Caption":"Figure 2: Nonparametric GMR model selection. a) The value of our model selection criteria rises from the initial model with K = L components, to a peak around 67 components, after which it falls off. b) The three series of plots show the current parameters of the model (blue ellipses), layered over the set of regression test points (in green), and the minimum spanning tree (red lines) between neighboring components. Shown here is a projection of the 14-dimensional data (projected onto the first two principal components of the training data). ","ImageText":[{"Text":"a)","TextBB":[351.602,96.0974,358.392,103.963],"Rotation":0},{"Text":"4","TextBB":[387.883,99.7247,389.296,102.076],"Rotation":0},{"Text":"5","TextBB":[377.941,103.543,380.062,107.07],"Rotation":0},{"Text":"x","TextBB":[380.678,101.178,382.585,104.704],"Rotation":0},{"Text":"10","TextBB":[383.646,101.178,387.887,104.704],"Rotation":0},{"Text":"4.5","TextBB":[374.762,112.862,380.064,116.389],"Rotation":0},{"Text":"Likelihood","TextBB":[367.326,127.552,372.715,156.691],"Rotation":3},{"Text":"4","TextBB":[377.941,122.182,380.062,125.708],"Rotation":0},{"Text":"3.5","TextBB":[374.762,131.502,380.064,135.028],"Rotation":0},{"Text":"3","TextBB":[377.941,140.839,380.062,144.366],"Rotation":0},{"Text":"2.5","TextBB":[374.762,150.159,380.064,153.686],"Rotation":0},{"Text":"2","TextBB":[377.941,159.478,380.062,163.005],"Rotation":0},{"Text":"1.5","TextBB":[374.762,168.798,380.064,172.324],"Rotation":0},{"Text":"1","TextBB":[377.941,178.136,380.062,181.662],"Rotation":0},{"Text":"b)","TextBB":[215.648,179.904,222.928,187.769],"Rotation":0},{"Text":"100","TextBB":[404.517,180.871,410.879,184.398],"Rotation":0},{"Text":"50","TextBB":[439.357,180.871,443.599,184.398],"Rotation":0},{"Text":"1","TextBB":[473.509,180.871,475.63,184.398],"Rotation":0},{"Text":"K","TextBB":[427.007,186.205,431.214,191.594],"Rotation":0},{"Text":"3","TextBB":[218.125,196.22,220.996,200.977],"Rotation":0},{"Text":"3","TextBB":[360.099,196.22,362.972,200.977],"Rotation":0},{"Text":"K=140","TextBB":[229.389,203.685,246.717,209.074],"Rotation":0},{"Text":"3","TextBB":[502.122,196.22,504.994,200.977],"Rotation":0},{"Text":"K=67","TextBB":[372.626,203.685,386.715,209.074],"Rotation":0},{"Text":"K=1","TextBB":[513.435,203.685,524.284,209.074],"Rotation":0},{"Text":"2","TextBB":[218.125,213.003,220.996,217.76],"Rotation":0},{"Text":"2","TextBB":[360.099,213.003,362.972,217.76],"Rotation":0},{"Text":"2","TextBB":[502.122,213.003,504.994,217.76],"Rotation":0},{"Text":"1","TextBB":[218.125,229.763,220.996,234.52],"Rotation":0},{"Text":"1","TextBB":[360.099,229.763,362.972,234.52],"Rotation":0},{"Text":"1","TextBB":[502.122,229.763,504.994,234.52],"Rotation":0},{"Text":"0","TextBB":[218.125,246.523,220.996,251.28],"Rotation":0},{"Text":"0","TextBB":[360.099,246.523,362.972,251.28],"Rotation":0},{"Text":"0","TextBB":[502.122,246.523,504.994,251.28],"Rotation":0},{"Text":"−1","TextBB":[215.112,263.307,221,268.063],"Rotation":0},{"Text":"−1","TextBB":[357.086,263.307,362.976,268.063],"Rotation":0},{"Text":"−1","TextBB":[499.109,263.307,504.997,268.063],"Rotation":0},{"Text":"−2","TextBB":[215.112,280.066,221,284.823],"Rotation":0},{"Text":"−2","TextBB":[357.086,280.066,362.976,284.823],"Rotation":0},{"Text":"−2","TextBB":[499.109,280.066,504.997,284.823],"Rotation":0},{"Text":"−2","TextBB":[230.343,298.183,236.231,302.94],"Rotation":0},{"Text":"−1","TextBB":[255.975,298.183,261.863,302.94],"Rotation":0},{"Text":"0","TextBB":[284.596,298.183,287.467,302.94],"Rotation":0},{"Text":"1","TextBB":[310.204,298.183,313.075,302.94],"Rotation":0},{"Text":"2","TextBB":[335.812,298.183,338.684,302.94],"Rotation":0},{"Text":"−2","TextBB":[372.322,298.183,378.212,302.94],"Rotation":0},{"Text":"−1","TextBB":[397.963,298.183,403.852,302.94],"Rotation":0},{"Text":"0","TextBB":[426.594,298.183,429.466,302.94],"Rotation":0},{"Text":"1","TextBB":[452.212,298.183,455.084,302.94],"Rotation":0},{"Text":"2","TextBB":[477.828,298.183,480.701,302.94],"Rotation":0},{"Text":"−2","TextBB":[514.34,298.183,520.228,302.94],"Rotation":0},{"Text":"−1","TextBB":[539.972,298.183,545.86,302.94],"Rotation":0},{"Text":"0","TextBB":[568.593,298.183,571.465,302.94],"Rotation":0},{"Text":"1","TextBB":[594.201,298.183,597.072,302.94],"Rotation":0},{"Text":"2","TextBB":[619.809,298.183,622.68,302.94],"Rotation":0}],"Mention":["The model of size K which maximizes this criteria is returned for use in our inference procedure.\nFig. 2 demonstrates the learning of a forward model for the biomechanical arm model from Section\n4.1. We found the regression-based model selection criteria to be effective at generalizing well\noutside both the basis and regression sets.\n"],"Page":4,"Number":2,"Type":"Figure","CaptionBB":[148,320,700,411],"Height":1100,"Width":850,"DPI":100,"ImageBB":[213,94,636,304]}