{"Caption":"Figure 14. Accuracy & Speedup (Letter-recognition)","ImageText":[{"Text":"100","TextBB":[101.106,864.301,112.822,872.996],"Rotation":0},{"Text":"99.8","TextBB":[99.1536,873.683,112.822,882.378],"Rotation":0},{"Text":"99.6","TextBB":[99.1536,883.014,112.822,891.71],"Rotation":0},{"Text":"99.4","TextBB":[99.1536,892.396,112.822,901.092],"Rotation":0},{"Text":"99.2","TextBB":[99.1536,901.778,112.822,910.474],"Rotation":0},{"Text":"99","TextBB":[105.012,911.11,112.822,919.806],"Rotation":0},{"Text":"98.8","TextBB":[99.1536,920.492,112.822,929.188],"Rotation":0},{"Text":"98.6","TextBB":[99.1536,929.874,112.822,938.57],"Rotation":0},{"Text":"98.4","TextBB":[99.1536,939.206,112.822,947.902],"Rotation":0},{"Text":"98.2","TextBB":[99.1536,948.588,112.822,957.284],"Rotation":0},{"Text":"3.5","TextBB":[268.069,864.301,277.833,872.996],"Rotation":0},{"Text":"Speedup","TextBB":[336.061,870.973,364.178,879.669],"Rotation":0},{"Text":"3","TextBB":[273.928,881.158,277.833,889.853],"Rotation":0},{"Text":"Speedup","TextBB":[248.863,896.772,257.559,924.889],"Rotation":3},{"Text":"Accuracy","TextBB":[79.6379,896.388,88.3336,925.271],"Rotation":3},{"Text":"5","TextBB":[138.186,955.612,142.091,964.308],"Rotation":0},{"Text":"10","TextBB":[158.358,955.612,166.169,964.308],"Rotation":0},{"Text":"15","TextBB":[180.435,955.612,188.245,964.308],"Rotation":0},{"Text":"Class","TextBB":[163.546,966.148,181.106,974.844],"Rotation":0},{"Text":"2","TextBB":[273.928,914.873,277.833,923.569],"Rotation":0},{"Text":"1.5","TextBB":[268.069,931.731,277.833,940.427],"Rotation":0},{"Text":"Subset","TextBB":[173.087,934.891,194.953,943.587],"Rotation":0},{"Text":"Original","TextBB":[170.756,941.916,194.953,950.612],"Rotation":0},{"Text":"0","TextBB":[116.06,955.612,119.966,964.308],"Rotation":0},{"Text":"2.5","TextBB":[268.069,898.016,277.833,906.712],"Rotation":0},{"Text":"20","TextBB":[202.56,955.612,210.37,964.308],"Rotation":0},{"Text":"25","TextBB":[224.686,955.612,232.497,964.308],"Rotation":0},{"Text":"1","TextBB":[273.928,948.588,277.833,957.284],"Rotation":0},{"Text":"0","TextBB":[285.336,955.612,289.241,964.308],"Rotation":0},{"Text":"5","TextBB":[306.558,955.612,310.464,964.308],"Rotation":0},{"Text":"10","TextBB":[325.878,955.612,333.688,964.308],"Rotation":0},{"Text":"15","TextBB":[347.15,955.612,354.961,964.308],"Rotation":0},{"Text":"Class","TextBB":[330.664,966.148,348.224,974.844],"Rotation":0},{"Text":"20","TextBB":[368.424,955.612,376.234,964.308],"Rotation":0},{"Text":"25","TextBB":[389.646,955.612,397.456,964.308],"Rotation":0}],"Mention":["Similar experiments were also performed with the\nLetter-recognition, the 25K-image and the image\ndatasets. Because of space limitations, we present only\nresults with the highest percentage (99% of G) of se-\nlected instances for these datasets. Figure 14 presents\nthe variation of the accuracy and speedup over the\n26 di®erent categories in the letter-recognition dataset\n(We include concept-independent preprocessing time\nin all cases). Figures 15, 17 and 16 present the results\nover di®erent categories of the image datasets. Aver-\nage speedup values for these datasets were about 3:5,\n3 and 10 times respectively. Accuracy results for both\nthe datasets were close to those obtained by SVMs on\nthe entire dataset.\n"],"Page":7,"Number":14,"Type":"Figure","CaptionBB":[90,977,387,991],"Height":1100,"Width":850,"DPI":100,"ImageBB":[79,863,400,975]}