{"Type":"Figure",
"Number": 10,
"Page": 6,
"DPI": 100,
"Width": 850,
"Height": 1100,
"CaptionBB": [443,675,740,706],
"Caption": "Figure 10. Number of messages in each IM conversation ",
"ImageBB": [424,499,772,657],
"ImageText" : [
{"Rotation": 0,"TextBB": [445.833,645.162,458.02,655.124], "Text": "(a)"},
	{"Rotation": 0,"TextBB": [462.666,645.162,484.198,655.124], "Text": "CDF"},
	{"Rotation": 0,"TextBB": [487.043,645.162,529.244,655.124], "Text": "(semi-log"},
	{"Rotation": 0,"TextBB": [532.209,645.162,557.728,655.124], "Text": "scale)"},
	{"Rotation": 0,"TextBB": [622.667,645.162,635.519,655.124], "Text": "(b)"},
	{"Rotation": 0,"TextBB": [640.166,645.162,669.032,655.124], "Text": "CCDF"},
	{"Rotation": 0,"TextBB": [671.876,645.162,709.953,655.124], "Text": "(Weibull"},
	{"Rotation": 0,"TextBB": [712.875,645.162,738.395,655.124], "Text": "scale)"}
]}
