{"Caption":"Figure 3: Plots of the normalized probability of the surfer of being located in a page of a given cluster before and after learning. (a) results on the crawl for the topic \u201Cwine\u201D with 100 clusters. (b) results on a random graph with 200.000 nodes and 25 clusters. ","ImageText":[{"Text":"(a)","TextBB":[598.5,123.744,613.941,136.197],"Rotation":0},{"Text":"(b)","TextBB":[598.167,259.41,614.441,271.864],"Rotation":0}],"Mention":["In figure 3-(a) and 3-(b), there are plotted the probabilities\nthat the surfer is located in a page of a specific cluster. In\nparticular we show the results for the dataset on topic \u201Cwine\u201D\nclustered into 100 groups and a random graph with 200.000\nnodes clustered into 25 groups. The learning algorithm is able\nto increase the likelihood of the random surfer to visit pages\nbelonging to a set of clusters, while decreasing its probability\nof visiting pages belonging to other clusters.\n"],"Page":5,"Number":3,"Type":"Figure","CaptionBB":[436,294,776,350],"Height":1100,"Width":850,"DPI":100,"ImageBB":[466,4,746,273]}