{"Caption":"Figure 5: Learning curves for the meeting scenario models.","ImageText":[],"Mention":["We trained 15 different models, the first based off the first \ntraining sample, the second based off the first and second \ntraining samples, and so on. We repeated this in creating a \nnew set of models for the 1-person meeting samples. We did \nthis to determine the number of demonstrations needed to \ncreate a robust model with a CAPpella: approximately 6 \n(Figure 5). Training a model with a new demonstration took \napproximately 8 seconds with our data samples. \n"],"Page":6,"Number":5,"Type":"Figure","CaptionBB":[438,769,747,785],"Height":1100,"Width":850,"DPI":100,"ImageBB":[445,607,775,768]}