{"Type":"Figure",
"Number": 7,
"Page": 11,
"DPI": 100,
"Width": 826,
"Height": 1169,
"CaptionBB": [166,486,692,503],
"Caption": "Figure 7: Change in load of a host and replica count of a fragment after a burst of read traffic.",
"ImageBB": [155,305,702,475],
"ImageText" : [
{"Rotation": 0,"TextBB": [182.038,308.245,199.909,318.156], "Text": "100"},
	{"Rotation": 0,"TextBB": [311.062,316.977,355.109,326.888], "Text": "Proximity"},
	{"Rotation": 0,"TextBB": [333.09,327.691,355.108,337.602], "Text": "RRT"},
	{"Rotation": 0,"TextBB": [314.617,338.406,355.107,348.317], "Text": "Random"},
	{"Rotation": 0,"TextBB": [187.995,330.102,199.91,340.013], "Text": "80"},
	{"Rotation": 3,"TextBB": [444.897,375.941,454.808,414.042], "Text": "Number"},
	{"Rotation": 3,"TextBB": [444.897,364.027,454.808,372.963], "Text": "of"},
	{"Rotation": 3,"TextBB": [444.897,319.97,454.808,361.048], "Text": "Replicas"},
	{"Rotation": 3,"TextBB": [158.289,395.881,168.2,419.71], "Text": "Load"},
	{"Rotation": 3,"TextBB": [158.289,314.302,168.2,392.903], "Text": "(objects/second)"},
	{"Rotation": 0,"TextBB": [187.995,351.96,199.91,361.871], "Text": "60"},
	{"Rotation": 0,"TextBB": [187.995,373.817,199.91,383.728], "Text": "40"},
	{"Rotation": 0,"TextBB": [187.995,395.674,199.91,405.585], "Text": "20"},
	{"Rotation": 0,"TextBB": [193.952,417.532,199.91,427.442], "Text": "0"},
	{"Rotation": 0,"TextBB": [204.848,428.246,210.806,438.157], "Text": "0"},
	{"Rotation": 0,"TextBB": [241.299,428.246,253.213,438.157], "Text": "20"},
	{"Rotation": 0,"TextBB": [280.727,428.246,292.642,438.157], "Text": "40"},
	{"Rotation": 0,"TextBB": [320.156,428.246,332.07,438.157], "Text": "60"},
	{"Rotation": 0,"TextBB": [359.585,428.246,371.499,438.157], "Text": "80"},
	{"Rotation": 0,"TextBB": [396.035,428.246,413.907,438.157], "Text": "100"},
	{"Rotation": 0,"TextBB": [269.194,444.318,293.002,454.229], "Text": "Time"},
	{"Rotation": 0,"TextBB": [295.98,444.318,340.627,454.229], "Text": "(minutes)"},
	{"Rotation": 0,"TextBB": [240.206,458.384,255.565,472.913], "Text": "(a)"},
	{"Rotation": 0,"TextBB": [259.025,458.384,301.297,472.913], "Text": "Current"},
	{"Rotation": 0,"TextBB": [304.756,458.384,333.192,472.913], "Text": "Load"},
	{"Rotation": 0,"TextBB": [468.175,308.245,480.089,318.156], "Text": "16"},
	{"Rotation": 0,"TextBB": [468.175,321.906,480.089,331.817], "Text": "14"},
	{"Rotation": 0,"TextBB": [468.175,335.567,480.089,345.477], "Text": "12"},
	{"Rotation": 0,"TextBB": [468.175,349.227,480.089,359.138], "Text": "10"},
	{"Rotation": 0,"TextBB": [474.132,362.889,480.089,372.799], "Text": "8"},
	{"Rotation": 0,"TextBB": [474.132,376.549,480.089,386.46], "Text": "6"},
	{"Rotation": 0,"TextBB": [474.132,390.21,480.089,400.121], "Text": "4"},
	{"Rotation": 0,"TextBB": [474.132,403.871,480.089,413.782], "Text": "2"},
	{"Rotation": 0,"TextBB": [474.132,417.532,480.089,427.442], "Text": "0"},
	{"Rotation": 0,"TextBB": [619.697,316.977,641.715,326.888], "Text": "RRT"},
	{"Rotation": 0,"TextBB": [601.225,327.691,641.715,337.602], "Text": "Random"},
	{"Rotation": 0,"TextBB": [597.67,338.406,641.717,348.317], "Text": "Proximity"},
	{"Rotation": 0,"TextBB": [485.028,428.246,490.985,438.157], "Text": "0"},
	{"Rotation": 0,"TextBB": [522.764,428.246,534.678,438.157], "Text": "20"},
	{"Rotation": 0,"TextBB": [563.479,428.246,575.393,438.157], "Text": "40"},
	{"Rotation": 0,"TextBB": [604.193,428.246,616.107,438.157], "Text": "60"},
	{"Rotation": 0,"TextBB": [644.908,428.246,656.822,438.157], "Text": "80"},
	{"Rotation": 0,"TextBB": [682.643,428.246,700.515,438.157], "Text": "100"},
	{"Rotation": 0,"TextBB": [552.589,444.318,576.396,454.229], "Text": "Time"},
	{"Rotation": 0,"TextBB": [579.375,444.318,624.021,454.229], "Text": "(minutes)"},
	{"Rotation": 0,"TextBB": [523.716,458.384,539.851,472.913], "Text": "(b)"},
	{"Rotation": 0,"TextBB": [543.31,458.384,585.583,472.913], "Text": "Replica"},
	{"Rotation": 0,"TextBB": [589.042,458.384,622.874,472.913], "Text": "Count"}
]}
