{"Caption":"Figure 3. Simulation results using several network sizes, on both the fully connected topology and on a random topology with a fixed view size of 20. Values are averages over 50 independent                                                                                        √        runs. Dotted lines show the two theoretically predicted reduction rates: 1\/e ≈ 0.368 and 1\/(2 e) ≈ 0.303. ","ImageText":[{"Text":"0.44","TextBB":[123.905,119.499,142.627,131.41],"Rotation":0},{"Text":"0.42","TextBB":[123.905,140.665,142.627,152.575],"Rotation":0},{"Text":"0.38","TextBB":[123.905,183.04,142.627,194.95],"Rotation":0},{"Text":"0.36","TextBB":[123.905,204.205,142.627,216.116],"Rotation":0},{"Text":"0.34","TextBB":[123.905,225.372,142.627,237.282],"Rotation":0},{"Text":"0.32","TextBB":[123.905,246.537,142.627,258.447],"Rotation":0},{"Text":"0.4","TextBB":[465.587,161.83,478.96,173.741],"Rotation":0},{"Text":"0.38","TextBB":[460.237,183.04,478.959,194.95],"Rotation":0},{"Text":"0.36","TextBB":[460.237,204.205,478.959,216.116],"Rotation":0},{"Text":"0.34","TextBB":[460.237,225.372,478.959,237.282],"Rotation":0},{"Text":"0.32","TextBB":[460.237,246.537,478.959,258.447],"Rotation":0},{"Text":"0.3","TextBB":[129.254,267.747,142.627,279.657],"Rotation":0},{"Text":"0.3","TextBB":[465.587,267.747,478.96,279.657],"Rotation":0},{"Text":"0.28","TextBB":[123.905,288.912,142.627,300.822],"Rotation":0},{"Text":"0.28","TextBB":[460.237,288.912,478.959,300.822],"Rotation":0},{"Text":"100","TextBB":[159.136,309.116,175.184,321.027],"Rotation":0},{"Text":"1000","TextBB":[218.821,309.116,240.217,321.027],"Rotation":0},{"Text":"10000","TextBB":[278.507,309.116,305.253,321.027],"Rotation":0},{"Text":"network","TextBB":[246.387,323.547,280.07,335.457],"Rotation":0},{"Text":"size","TextBB":[282.744,323.547,299.85,335.457],"Rotation":0},{"Text":"100000","TextBB":[338.192,309.116,370.286,321.027],"Rotation":0},{"Text":"(a)","TextBB":[113.167,354.105,125.321,367.444],"Rotation":0},{"Text":"Average","TextBB":[128.821,354.105,164.938,367.444],"Rotation":0},{"Text":"variance","TextBB":[168.771,354.105,205.388,367.444],"Rotation":0},{"Text":"reduction","TextBB":[209.388,354.105,250.666,367.444],"Rotation":0},{"Text":"after","TextBB":[254.5,354.105,274.48,367.444],"Rotation":0},{"Text":"one","TextBB":[278.147,354.105,293.954,367.444],"Rotation":0},{"Text":"execution","TextBB":[297.621,354.105,339.728,367.444],"Rotation":0},{"Text":"of","TextBB":[343.728,354.105,352.883,367.444],"Rotation":0},{"Text":"A","TextBB":[356.716,354.105,364.708,367.444],"Rotation":0},{"Text":"VG","TextBB":[364.042,356.151,377.205,366.822],"Rotation":0},{"Text":"on","TextBB":[380.705,354.105,391.686,367.444],"Rotation":0},{"Text":"a","TextBB":[395.186,354.105,400.013,367.444],"Rotation":0},{"Text":"vector","TextBB":[113.167,369.438,140.298,382.777],"Rotation":0},{"Text":"of","TextBB":[143.298,369.438,152.452,382.777],"Rotation":0},{"Text":"uncorrelated","TextBB":[155.286,369.438,209.881,382.777],"Rotation":0},{"Text":"values","TextBB":[213.381,369.438,241.009,382.777],"Rotation":0},{"Text":"(σ","TextBB":[244.009,369.438,254.337,382.777],"Rotation":0},{"Text":"1","TextBB":[254.5,377.646,259.498,383.341],"Rotation":0},{"Text":"2","TextBB":[254.834,370.312,259.831,376.008],"Rotation":0},{"Text":"\/σ","TextBB":[260.834,371.364,273.32,382.434],"Rotation":0},{"Text":"0","TextBB":[273.334,377.646,278.331,383.341],"Rotation":0},{"Text":"2","TextBB":[273.667,370.312,278.665,376.008],"Rotation":0},{"Text":").","TextBB":[279.5,369.438,285.987,382.777],"Rotation":0},{"Text":"getPair_rand,","TextBB":[591.551,127.065,649.305,138.975],"Rotation":0},{"Text":"complete","TextBB":[651.979,127.065,691.011,138.975],"Rotation":0},{"Text":"getPair_rand,","TextBB":[564.815,136.686,622.569,148.596],"Rotation":0},{"Text":"20-reg.","TextBB":[625.243,136.686,655.722,148.596],"Rotation":0},{"Text":"random","TextBB":[658.396,136.686,691.011,148.596],"Rotation":0},{"Text":"getPair_seq,","TextBB":[595.293,146.306,649.304,158.217],"Rotation":0},{"Text":"complete","TextBB":[651.979,146.306,691.01,158.217],"Rotation":0},{"Text":"getPair_seq,","TextBB":[568.557,155.927,622.568,167.838],"Rotation":0},{"Text":"20-reg.","TextBB":[625.242,155.927,655.721,167.838],"Rotation":0},{"Text":"random","TextBB":[658.396,155.927,691.01,167.838],"Rotation":0},{"Text":"0.42","TextBB":[460.237,140.665,478.959,152.575],"Rotation":0},{"Text":"variance","TextBB":[439.311,218.417,451.221,254.774],"Rotation":3},{"Text":"reduction","TextBB":[439.311,176.172,451.221,215.742],"Rotation":3},{"Text":"0.4","TextBB":[129.254,161.83,142.627,173.741],"Rotation":0},{"Text":"variance","TextBB":[102.978,218.417,114.888,254.774],"Rotation":3},{"Text":"reduction","TextBB":[102.978,176.172,114.888,215.742],"Rotation":3},{"Text":"0.44","TextBB":[460.237,119.499,478.959,131.41],"Rotation":0},{"Text":"getPair_rand,","TextBB":[255.218,127.065,312.971,138.975],"Rotation":0},{"Text":"complete","TextBB":[315.646,127.065,354.677,138.975],"Rotation":0},{"Text":"getPair_rand,","TextBB":[228.482,136.686,286.235,148.596],"Rotation":0},{"Text":"20-reg.","TextBB":[288.91,136.686,319.388,148.596],"Rotation":0},{"Text":"random","TextBB":[322.063,136.686,354.677,148.596],"Rotation":0},{"Text":"getPair_seq,","TextBB":[258.96,146.306,312.971,158.217],"Rotation":0},{"Text":"complete","TextBB":[315.645,146.306,354.677,158.217],"Rotation":0},{"Text":"getPair_seq,","TextBB":[232.225,155.927,286.236,167.838],"Rotation":0},{"Text":"20-reg.","TextBB":[288.91,155.927,319.389,167.838],"Rotation":0},{"Text":"random","TextBB":[322.064,155.927,354.678,167.838],"Rotation":0},{"Text":"5","TextBB":[516.474,309.116,521.823,321.027],"Rotation":0},{"Text":"10","TextBB":[556.786,309.116,567.484,321.027],"Rotation":0},{"Text":"15","TextBB":[599.818,309.116,610.516,321.027],"Rotation":0},{"Text":"cycle","TextBB":[598.494,323.547,620.411,335.457],"Rotation":0},{"Text":"20","TextBB":[642.806,309.116,653.504,321.027],"Rotation":0},{"Text":"25","TextBB":[685.836,309.116,696.534,321.027],"Rotation":0},{"Text":"30","TextBB":[728.824,309.116,739.522,321.027],"Rotation":0},{"Text":"(b)","TextBB":[449.667,354.105,462.485,367.444],"Rotation":0},{"Text":"Average","TextBB":[466.319,354.105,502.435,367.444],"Rotation":0},{"Text":"variance","TextBB":[506.602,354.105,543.219,367.444],"Rotation":0},{"Text":"reduction","TextBB":[547.552,354.105,588.83,367.444],"Rotation":0},{"Text":"for","TextBB":[593.164,354.105,605.982,367.444],"Rotation":0},{"Text":"network","TextBB":[609.982,354.105,645.77,367.444],"Rotation":0},{"Text":"size","TextBB":[649.936,354.105,666.917,367.444],"Rotation":0},{"Text":"N","TextBB":[670.917,356.031,680.249,367.101],"Rotation":0},{"Text":"=","TextBB":[686.749,356.972,695.914,364.566],"Rotation":0},{"Text":"100000","TextBB":[701.414,356.972,736.35,364.566],"Rotation":0},{"Text":"2","TextBB":[615.001,370.312,619.998,376.008],"Rotation":0},{"Text":").","TextBB":[632.167,369.438,638.654,382.777],"Rotation":0},{"Text":"when","TextBB":[449.667,369.438,473.467,382.777],"Rotation":0},{"Text":"iterating","TextBB":[476.3,369.438,512.597,382.777],"Rotation":0},{"Text":"algorithm","TextBB":[515.931,369.438,558.549,382.777],"Rotation":0},{"Text":"A","TextBB":[562.048,369.438,570.041,382.777],"Rotation":0},{"Text":"VG","TextBB":[569.374,371.484,582.538,382.155],"Rotation":0},{"Text":"(σ","TextBB":[585.371,369.438,595.699,382.777],"Rotation":0},{"Text":"i","TextBB":[595.834,377.821,599.495,383.416],"Rotation":0},{"Text":"2","TextBB":[596.167,370.312,601.165,376.008],"Rotation":0},{"Text":"\/σ","TextBB":[602.167,371.364,614.654,382.434],"Rotation":0},{"Text":"i−1","TextBB":[614.667,377.821,631.321,383.416],"Rotation":0}],"Mention":["sizes, on both the fully connected topology and on a ran-\ndom topology with a \u0002xed view size of 20. The results are\nshown if Figure 3. On Figure 3(a) we can see that conver-\ngence is independent of network size and also that theory\npredicts the observed convergence rate with very high accu-\nracy in the case of the fully connected topology. As could\nbe expected, in the case of the random 20-regular graph we\ncan observe a slightly slower convergence due to the viola-\ntion of the constraints of Theorem 1, but the difference is\ninsigni\u0002cant.\n","eral network sizes, on both the fully connected topology and\non a random topology with a \u0002xed view size of 20.\nSimilarly to GETPAIR RAND, on Figure 3(a) we can see\nthat convergence seems to be independent of network size.\nWhat is more interesting however is that both topologies re-\nsult in a slightly better convergence than predicted. This\neffect is due to the fact that to derive the convergence rate\nGETPAIR PMRAND was used instead of GETPAIR SEQ. We\ncan also notice that there is no observable difference be-\ntween the random and fully connected topologies.\nThe difference becomes more signi\u0002cant when iterating\nAVG as Figure 3(b) shows, just like in the case of GET-\n"],"Page":7,"Number":3,"Type":"Figure","CaptionBB":[96,402,752,463],"Height":1100,"Width":850,"DPI":100,"ImageBB":[103,119,741,386]}