{"Caption":"Figure 2: Frequency of Price Changes","ImageText":[{"Text":"35","TextBB":[102.171,158.997,113.528,172.302],"Rotation":0},{"Text":"0.8","TextBB":[495.173,157.422,509.528,170.727],"Rotation":0},{"Text":"30","TextBB":[102.171,186.726,114.095,200.031],"Rotation":0},{"Text":"0.6","TextBB":[495.173,185.154,509.493,198.459],"Rotation":0},{"Text":"25","TextBB":[102.171,214.554,113.741,227.859],"Rotation":0},{"Text":"0.4","TextBB":[495.173,212.978,509.268,226.283],"Rotation":0},{"Text":"20","TextBB":[102.171,242.283,114.059,255.588],"Rotation":0},{"Text":"0.2","TextBB":[495.173,240.711,509.8,254.016],"Rotation":0},{"Text":"15","TextBB":[102.171,270.017,111.71,283.321],"Rotation":0},{"Text":"0","TextBB":[495.173,268.441,501.075,281.746],"Rotation":0},{"Text":"10","TextBB":[102.171,297.855,111.993,311.159],"Rotation":0},{"Text":"\u20130.2","TextBB":[490.249,296.279,511.309,309.583],"Rotation":0},{"Text":"5","TextBB":[106.505,325.56,112.408,338.865],"Rotation":0},{"Text":"\u20130.4","TextBB":[490.249,323.988,510.778,337.292],"Rotation":0},{"Text":"Inlation","TextBB":[513.111,234.875,526.416,275.724],"Rotation":3},{"Text":"in","TextBB":[513.111,222.477,526.416,231.933],"Rotation":3},{"Text":"%","TextBB":[513.111,209.561,526.416,219.525],"Rotation":3},{"Text":"Frequency","TextBB":[87.4386,234.909,100.743,283.154],"Rotation":3},{"Text":"in","TextBB":[87.4386,222.505,100.743,231.961],"Rotation":3},{"Text":"%","TextBB":[87.4386,209.59,100.743,219.554],"Rotation":3},{"Text":"(a)","TextBB":[226.796,137.033,238.731,150.338],"Rotation":0},{"Text":"Overall","TextBB":[241.673,137.033,276.794,150.338],"Rotation":0},{"Text":"frequency","TextBB":[279.736,137.033,325.532,150.338],"Rotation":0},{"Text":"and","TextBB":[328.474,137.033,345.843,150.338],"Rotation":0},{"Text":"inlation","TextBB":[348.784,137.033,388.714,150.338],"Rotation":0},{"Text":"1993","TextBB":[121.546,340.944,143.126,354.249],"Rotation":0},{"Text":"1994","TextBB":[150.138,340.944,171.903,354.249],"Rotation":0},{"Text":"1995","TextBB":[178.608,340.944,200.295,354.249],"Rotation":0},{"Text":"1996","TextBB":[207.214,340.944,229.011,354.249],"Rotation":0},{"Text":"1997","TextBB":[235.727,340.944,257.492,354.249],"Rotation":0},{"Text":"1998","TextBB":[264.27,340.944,285.897,354.249],"Rotation":0},{"Text":"1999","TextBB":[292.802,340.944,314.567,354.249],"Rotation":0},{"Text":"2000","TextBB":[321.345,340.944,345.444,354.249],"Rotation":0},{"Text":"2001","TextBB":[349.905,340.944,371.95,354.249],"Rotation":0},{"Text":"2002","TextBB":[378.538,340.944,402.449,354.249],"Rotation":0},{"Text":"2003","TextBB":[407.099,340.944,430.89,354.249],"Rotation":0},{"Text":"2004","TextBB":[435.719,340.944,459.912,354.249],"Rotation":0},{"Text":"2005","TextBB":[464.292,340.944,488.202,354.249],"Rotation":0},{"Text":"Overall","TextBB":[214.806,359.928,249.931,373.233],"Rotation":0},{"Text":"frequency","TextBB":[252.882,359.928,298.671,373.233],"Rotation":0},{"Text":"Inlation","TextBB":[332.918,360.394,373.785,373.699],"Rotation":0},{"Text":"(q\/q,","TextBB":[376.743,360.394,398.17,373.699],"Rotation":0},{"Text":"rhs)","TextBB":[401.129,360.394,418.667,373.699],"Rotation":0},{"Text":"(b)","TextBB":[201.555,394.914,214.931,408.219],"Rotation":0},{"Text":"Frequency","TextBB":[217.879,394.914,266.124,408.219],"Rotation":0},{"Text":"of","TextBB":[269.072,394.914,278.23,408.219],"Rotation":0},{"Text":"price","TextBB":[281.178,394.914,303.979,408.219],"Rotation":0},{"Text":"increases","TextBB":[306.927,394.914,348.033,408.219],"Rotation":0},{"Text":"and","TextBB":[350.981,394.914,368.355,408.219],"Rotation":0},{"Text":"decreases","TextBB":[371.303,394.914,413.908,408.219],"Rotation":0},{"Text":"30","TextBB":[102.692,416.9,114.497,430.205],"Rotation":0},{"Text":"Frequency","TextBB":[87.4636,497.273,100.768,544.354],"Rotation":3},{"Text":"in","TextBB":[87.4636,485.09,100.768,494.322],"Rotation":3},{"Text":"%","TextBB":[87.4636,472.175,100.768,482.138],"Rotation":3},{"Text":"25","TextBB":[102.692,450.191,114.497,463.496],"Rotation":0},{"Text":"20","TextBB":[102.692,483.497,114.497,496.802],"Rotation":0},{"Text":"15","TextBB":[102.692,516.704,114.497,530.009],"Rotation":0},{"Text":"10","TextBB":[102.692,550.008,114.497,563.313],"Rotation":0},{"Text":"5","TextBB":[107.484,583.3,113.387,596.605],"Rotation":0},{"Text":"1993","TextBB":[120.754,598.634,144.365,611.939],"Rotation":0},{"Text":"1994","TextBB":[149.465,598.634,173.076,611.939],"Rotation":0},{"Text":"1995","TextBB":[178.105,598.634,201.716,611.939],"Rotation":0},{"Text":"1996","TextBB":[206.829,598.634,230.44,611.939],"Rotation":0},{"Text":"1997","TextBB":[235.469,598.634,259.08,611.939],"Rotation":0},{"Text":"1998","TextBB":[264.11,598.634,287.721,611.939],"Rotation":0},{"Text":"1999","TextBB":[292.832,598.634,316.443,611.939],"Rotation":0},{"Text":"2000","TextBB":[321.472,598.634,345.083,611.939],"Rotation":0},{"Text":"2001","TextBB":[350.112,598.634,373.723,611.939],"Rotation":0},{"Text":"2002","TextBB":[378.836,598.634,402.447,611.939],"Rotation":0},{"Text":"2003","TextBB":[407.477,598.634,431.088,611.939],"Rotation":0},{"Text":"2004","TextBB":[436.127,598.634,459.739,611.939],"Rotation":0},{"Text":"2005","TextBB":[464.851,598.634,488.462,611.939],"Rotation":0},{"Text":"Positive","TextBB":[216.75,617.372,251.541,630.677],"Rotation":0},{"Text":"changes","TextBB":[254.492,617.372,290.015,630.677],"Rotation":0},{"Text":"Negative","TextBB":[333.876,617.796,373.838,631.101],"Rotation":0},{"Text":"changes","TextBB":[376.789,617.796,412.312,631.101],"Rotation":0}],"Mention":["size of the price changes also exhibits some variability. The general trend is flat \nfor all series.\nIt is interesting to view the patterns in Figures 2 and 3 against the backdrop \nof the implications of TDP and SDP models. TDP models assume that the price \nadjustment frequency is given exogenously. In Calvo (1983), for example, the firm \n","Changes in the rate of inflation are a prominent candidate for a factor affecting \nthe frequency of price changes. SDP models suggest that the frequency of price \nchanges increases with rising inflation. Working with data on Mexico, Gagnon \n(2007) found strong evidence in support of such an effect. In Figure 2, quarter-\non-quarter percentage changes in Switzerland\u2019s CPI are shown together with \n"],"Page":18,"Number":2,"Type":"Figure","CaptionBB":[210,105,401,119],"Height":886,"Width":610,"DPI":100,"ImageBB":[87,136,526,633]}