{"Caption":"Figure 14: Normalized load for cs.mshmro.com and the international beverage company website","ImageText":[{"Text":"cs.mshmro.com","TextBB":[587.072,109.578,649.316,122.643],"Rotation":0},{"Text":"Beverage","TextBB":[587.072,120.833,624.828,133.898],"Rotation":0},{"Text":"manufacturer","TextBB":[627.28,120.833,679.247,133.898],"Rotation":0},{"Text":"web","TextBB":[681.699,120.833,697.878,133.898],"Rotation":0},{"Text":"site","TextBB":[700.33,120.833,714.056,133.898],"Rotation":0},{"Text":"4","TextBB":[470.058,120.774,475.131,134.289],"Rotation":0},{"Text":"3.5","TextBB":[462.447,144.5,475.131,158.015],"Rotation":0},{"Text":"2","TextBB":[163.208,168.227,168.281,181.742],"Rotation":0},{"Text":"Normalized","TextBB":[444.749,198.36,458.264,244.499],"Rotation":3},{"Text":"load","TextBB":[444.749,178.575,458.264,195.823],"Rotation":3},{"Text":"2.5","TextBB":[155.597,132.637,168.281,146.152],"Rotation":0},{"Text":"1.5","TextBB":[155.597,203.665,168.281,217.18],"Rotation":0},{"Text":"1","TextBB":[163.208,239.102,168.281,252.617],"Rotation":0},{"Text":"3","TextBB":[470.058,168.227,475.131,181.742],"Rotation":0},{"Text":"2.5","TextBB":[462.447,191.801,475.131,205.316],"Rotation":0},{"Text":"2","TextBB":[470.058,215.528,475.131,229.043],"Rotation":0},{"Text":"1.5","TextBB":[462.447,239.102,475.131,252.617],"Rotation":0},{"Text":"1","TextBB":[470.058,262.829,475.131,276.344],"Rotation":0},{"Text":"0.5","TextBB":[155.597,274.692,168.281,288.207],"Rotation":0},{"Text":"0","TextBB":[163.208,310.13,168.281,323.645],"Rotation":0},{"Text":"cs.mshmro.com","TextBB":[280.222,109.578,342.466,122.643],"Rotation":0},{"Text":"Beverage","TextBB":[280.222,120.833,317.978,133.898],"Rotation":0},{"Text":"manufacturer","TextBB":[320.43,120.833,372.397,133.898],"Rotation":0},{"Text":"web","TextBB":[374.849,120.833,391.028,133.898],"Rotation":0},{"Text":"site","TextBB":[393.48,120.833,407.206,133.898],"Rotation":0},{"Text":"0.5","TextBB":[462.447,286.556,475.131,300.071],"Rotation":0},{"Text":"Mon","TextBB":[199.613,319.256,217.362,332.771],"Rotation":0},{"Text":"Tue","TextBB":[250.716,319.256,266.439,332.771],"Rotation":0},{"Text":"Wed","TextBB":[301.819,319.256,320.582,332.771],"Rotation":0},{"Text":"Thu","TextBB":[352.923,319.256,368.646,332.771],"Rotation":0},{"Text":"0","TextBB":[470.058,310.13,475.131,323.645],"Rotation":0},{"Text":"Fri","TextBB":[404.026,319.256,414.667,332.771],"Rotation":0},{"Text":"Mon","TextBB":[506.463,319.256,524.212,332.771],"Rotation":0},{"Text":"(a)","TextBB":[232.976,337.196,248.336,349.65],"Rotation":0},{"Text":"North","TextBB":[251.795,337.196,284.078,349.65],"Rotation":0},{"Text":"America","TextBB":[287.538,337.196,335.18,349.65],"Rotation":0},{"Text":"Tue","TextBB":[557.566,319.256,573.289,332.771],"Rotation":0},{"Text":"Wed","TextBB":[608.669,319.256,627.432,332.771],"Rotation":0},{"Text":"Thu","TextBB":[659.773,319.256,675.496,332.771],"Rotation":0},{"Text":"Fri","TextBB":[710.876,319.256,721.517,332.771],"Rotation":0},{"Text":"(b)","TextBB":[561.147,337.196,577.281,349.65],"Rotation":0},{"Text":"Europe","TextBB":[580.74,337.196,620.703,349.65],"Rotation":0}],"Mention":["erage company web server trace 2. Figure 14 shows the\nper-continent, normalized load of the game and web server\nfor North America and Europe. The loads from other con-\ntinents show similar results. As expected, the per-continent\nload fluctuations and variance are similar to those found in\nthe two regional web sites. The figure also shows that usage\nof both applications are highly synchronized when broken\ndown into geographic regions. The degree of synchroniza-\ntion thus limits the benefits that geographically distributed,\non-demand computing infrastructure has on interactive ap-\nplications such as games and web.\n"],"Page":12,"Number":14,"Type":"Figure","CaptionBB":[158,367,715,381],"Height":1100,"Width":850,"DPI":100,"ImageBB":[140,99,739,351]}