{"Caption":"Figure 1. Shown are the loss function values (left) and gradients (right) for the Hinge and Smooth Hinge. Note that the gradients are identical outside the region z ∈ (0, 1). ","ImageText":[{"Text":"2","TextBB":[462.483,98.2625,465.958,104.044],"Rotation":0},{"Text":"Derivative","TextBB":[595.013,137.095,600.794,164.876],"Rotation":3},{"Text":"of","TextBB":[595.013,130.145,600.794,135.358],"Rotation":3},{"Text":"Loss","TextBB":[595.013,115.208,600.794,128.408],"Rotation":3},{"Text":"1","TextBB":[462.483,137.637,465.958,143.419],"Rotation":0},{"Text":"0.5","TextBB":[457.271,157.325,465.958,163.106],"Rotation":0},{"Text":"0","TextBB":[462.483,177.013,465.958,182.794],"Rotation":0},{"Text":"-0.5","TextBB":[464.324,183.263,475.092,189.044],"Rotation":0},{"Text":"0.5","TextBB":[610.604,98.2625,619.292,104.044],"Rotation":0},{"Text":"Hinge","TextBB":[533.321,102.7,549.646,108.481],"Rotation":0},{"Text":"Smooth","TextBB":[510.046,108.95,531.583,114.731],"Rotation":0},{"Text":"Hinge","TextBB":[533.321,108.95,549.646,114.731],"Rotation":0},{"Text":"1.5","TextBB":[457.271,117.95,465.958,123.731],"Rotation":0},{"Text":"Loss","TextBB":[441.679,133.442,447.46,146.642],"Rotation":3},{"Text":"0","TextBB":[495.714,183.263,499.189,189.044],"Rotation":0},{"Text":"0.5","TextBB":[519.983,183.263,528.671,189.044],"Rotation":0},{"Text":"z","TextBB":[521.896,192.637,525.021,198.419],"Rotation":0},{"Text":"1","TextBB":[549.464,183.263,552.939,189.044],"Rotation":0},{"Text":"1.5","TextBB":[573.733,183.263,582.421,189.044],"Rotation":0},{"Text":"Hinge","TextBB":[686.654,102.7,702.979,108.481],"Rotation":0},{"Text":"Smooth","TextBB":[663.379,108.95,684.917,114.731],"Rotation":0},{"Text":"Hinge","TextBB":[686.654,108.95,702.979,114.731],"Rotation":0},{"Text":"0","TextBB":[615.817,117.95,619.292,123.731],"Rotation":0},{"Text":"-0.5","TextBB":[608.522,137.637,619.291,143.419],"Rotation":0},{"Text":"-1","TextBB":[613.735,157.325,619.291,163.106],"Rotation":0},{"Text":"-1.5","TextBB":[608.522,177.013,619.291,182.794],"Rotation":0},{"Text":"-0.5","TextBB":[617.657,183.263,628.426,189.044],"Rotation":0},{"Text":"0","TextBB":[649.047,183.263,652.522,189.044],"Rotation":0},{"Text":"0.5","TextBB":[673.317,183.263,682.004,189.044],"Rotation":0},{"Text":"z","TextBB":[675.229,192.637,678.354,198.419],"Rotation":0},{"Text":"1","TextBB":[702.797,183.263,706.272,189.044],"Rotation":0},{"Text":"1.5","TextBB":[727.067,183.263,735.754,189.044],"Rotation":0}],"Mention":["In the previous discussion, we ignored the non-\ndifferentiability of the Hinge loss function h(z) at z = 1.\nIn order to give us a smooth optimization surface, we use\nan alternative to the Hinge loss, which we refer to as the\nSmooth Hinge. Figure 1 shows the Hinge and Smooth\nHinge loss functions. The Smooth Hinge shares many\nproperties with the Hinge, but is much easier to optimize\ndirectly via gradient descent methods. Like the Hinge, the\nSmooth Hinge is not sensitive to outliers, and does not\ncontinuously \u201Creward\u201D the model for increasing the output\nvalue for an example. This contrasts with other smooth loss\nfunctions, such as the truncated quadratic (which is sensi-\ntive to outliers) and the Logistic (which \u201Crewards\u201D large\noutput values). We use the Smooth Hinge and the corre-\nsponding objective for our experiments in Section 4.\n"],"Page":4,"Number":1,"Type":"Figure","CaptionBB":[425,216,752,260],"Height":1100,"Width":850,"DPI":100,"ImageBB":[439,95,738,199]}