{"Type":"Figure",
"Number": 3,
"Page": 8,
"DPI": 100,
"Width": 850,
"Height": 1100,
"CaptionBB": [73,327,775,356],
"Caption": "Figure 3: (a) Value of tree-sampling, C, C+V-Ironing, C+V-D-Ironing, and C evaluated on the initial 20 periods. (b) Average computational time for a single instance (including computing payments for C+V-Ironing and C+V-D-Ironing). ",
"ImageBB": [72,81,770,326],
"ImageText" : [
{"Rotation": 0,"TextBB": [101.332,83.36,118.555,92.2176], "Text": "0.96"},
	{"Rotation": 0,"TextBB": [457.809,83.36,477.493,92.2176], "Text": "2500"},
	{"Rotation": 0,"TextBB": [520.484,91.3822,577.882,100.24], "Text": "Tree-sampling"},
	{"Rotation": 0,"TextBB": [571.315,101.224,577.88,110.082], "Text": "C"},
	{"Rotation": 0,"TextBB": [521.487,111.066,528.052,119.923], "Text": "C"},
	{"Rotation": 0,"TextBB": [530.512,111.066,536.063,119.923], "Text": "+"},
	{"Rotation": 0,"TextBB": [538.524,111.066,577.881,119.923], "Text": "V-Ironing"},
	{"Rotation": 0,"TextBB": [511.106,120.907,517.67,129.765], "Text": "C"},
	{"Rotation": 0,"TextBB": [520.131,120.907,525.681,129.765], "Text": "+"},
	{"Rotation": 0,"TextBB": [528.142,120.907,577.882,129.765], "Text": "V-D-Ironing"},
	{"Rotation": 0,"TextBB": [101.332,106.341,118.555,115.198], "Text": "0.94"},
	{"Rotation": 0,"TextBB": [457.809,124.696,477.493,133.554], "Text": "2000"},
	{"Rotation": 0,"TextBB": [106.253,152.253,118.555,161.111], "Text": "0.9"},
	{"Rotation": 3,"TextBB": [433.667,204.655,442.525,221.061], "Text": "Run"},
	{"Rotation": 3,"TextBB": [433.667,184.696,442.525,202.194], "Text": "time"},
	{"Rotation": 3,"TextBB": [433.667,159.284,442.525,182.235], "Text": "(secs)"},
	{"Rotation": 3,"TextBB": [74.7287,178.83,83.5864,225.293], "Text": "Normalized"},
	{"Rotation": 3,"TextBB": [74.7287,155.052,83.5864,176.369], "Text": "value"},
	{"Rotation": 0,"TextBB": [101.332,129.272,118.555,138.13], "Text": "0.92"},
	{"Rotation": 0,"TextBB": [101.332,175.234,118.555,184.091], "Text": "0.88"},
	{"Rotation": 0,"TextBB": [101.332,198.166,118.555,207.023], "Text": "0.86"},
	{"Rotation": 0,"TextBB": [457.809,166.031,477.493,174.888], "Text": "1500"},
	{"Rotation": 0,"TextBB": [457.809,207.367,477.493,216.225], "Text": "1000"},
	{"Rotation": 0,"TextBB": [101.332,221.146,118.555,230.004], "Text": "0.84"},
	{"Rotation": 0,"TextBB": [191.072,242.651,248.469,251.508], "Text": "Tree-sampling"},
	{"Rotation": 0,"TextBB": [241.903,252.492,248.467,261.35], "Text": "C"},
	{"Rotation": 0,"TextBB": [192.076,262.334,198.641,271.191], "Text": "C"},
	{"Rotation": 0,"TextBB": [201.101,262.334,206.652,271.191], "Text": "+"},
	{"Rotation": 0,"TextBB": [209.113,262.334,248.47,271.191], "Text": "V-Ironing"},
	{"Rotation": 0,"TextBB": [181.693,272.175,188.258,281.033], "Text": "C"},
	{"Rotation": 0,"TextBB": [190.718,272.175,196.269,281.033], "Text": "+"},
	{"Rotation": 0,"TextBB": [198.729,272.175,248.47,281.033], "Text": "V-D-Ironing"},
	{"Rotation": 0,"TextBB": [173.299,282.018,179.863,290.876], "Text": "C"},
	{"Rotation": 0,"TextBB": [182.324,282.018,201.456,290.876], "Text": "(first"},
	{"Rotation": 0,"TextBB": [203.917,282.018,213.758,290.876], "Text": "20"},
	{"Rotation": 0,"TextBB": [216.219,282.018,248.47,290.876], "Text": "periods)"},
	{"Rotation": 0,"TextBB": [101.332,244.127,118.555,252.984], "Text": "0.82"},
	{"Rotation": 0,"TextBB": [106.253,267.057,118.555,275.915], "Text": "0.8"},
	{"Rotation": 0,"TextBB": [101.332,290.039,118.555,298.897], "Text": "0.78"},
	{"Rotation": 0,"TextBB": [123.23,299.881,128.151,308.738], "Text": "2"},
	{"Rotation": 0,"TextBB": [158.415,299.881,163.336,308.738], "Text": "3"},
	{"Rotation": 0,"TextBB": [193.599,299.881,198.52,308.738], "Text": "4"},
	{"Rotation": 0,"TextBB": [228.783,299.881,233.704,308.738], "Text": "5"},
	{"Rotation": 0,"TextBB": [263.967,299.881,268.888,308.738], "Text": "6"},
	{"Rotation": 0,"TextBB": [299.152,299.881,304.073,308.738], "Text": "7"},
	{"Rotation": 0,"TextBB": [334.337,299.881,339.258,308.738], "Text": "8"},
	{"Rotation": 0,"TextBB": [197.961,314.643,233.5,323.501], "Text": "Maximal"},
	{"Rotation": 0,"TextBB": [235.96,314.643,266.027,323.501], "Text": "number"},
	{"Rotation": 0,"TextBB": [268.488,314.643,276.686,323.501], "Text": "of"},
	{"Rotation": 0,"TextBB": [279.146,314.643,300.464,323.501], "Text": "agent"},
	{"Rotation": 0,"TextBB": [302.924,314.643,332.44,323.501], "Text": "arrivals"},
	{"Rotation": 0,"TextBB": [462.73,248.703,477.493,257.561], "Text": "500"},
	{"Rotation": 0,"TextBB": [472.572,290.039,477.492,298.897], "Text": "0"},
	{"Rotation": 0,"TextBB": [369.522,299.881,374.442,308.738], "Text": "9"},
	{"Rotation": 0,"TextBB": [402.245,299.881,412.087,308.738], "Text": "10"},
	{"Rotation": 0,"TextBB": [482.167,299.881,487.088,308.738], "Text": "2"},
	{"Rotation": 0,"TextBB": [529.063,299.881,533.984,308.738], "Text": "3"},
	{"Rotation": 0,"TextBB": [576.009,299.881,580.93,308.738], "Text": "4"},
	{"Rotation": 0,"TextBB": [622.905,299.881,627.826,308.738], "Text": "5"},
	{"Rotation": 0,"TextBB": [669.802,299.881,674.723,308.738], "Text": "6"},
	{"Rotation": 0,"TextBB": [556.899,314.643,592.437,323.501], "Text": "Maximal"},
	{"Rotation": 0,"TextBB": [594.898,314.643,624.965,323.501], "Text": "number"},
	{"Rotation": 0,"TextBB": [627.425,314.643,635.623,323.501], "Text": "of"},
	{"Rotation": 0,"TextBB": [638.084,314.643,659.401,323.501], "Text": "agent"},
	{"Rotation": 0,"TextBB": [661.862,314.643,691.377,323.501], "Text": "arrivals"},
	{"Rotation": 0,"TextBB": [716.748,299.881,721.669,308.738], "Text": "7"},
	{"Rotation": 0,"TextBB": [763.644,299.881,768.565,308.738], "Text": "8"}
]}
