{"Caption":"Figure 2: Threshold-based loss constructions: (left) immediate-threshold, and (right) all-threshold. Both plots show a generalization of the hinge loss for an example with label y = 4. ","ImageText":[{"Text":"y=1","TextBB":[112.321,177.5,123.303,183.694],"Rotation":0},{"Text":"y=2","TextBB":[135.563,177.5,146.545,183.694],"Rotation":0},{"Text":"y=3","TextBB":[159.976,177.5,170.959,183.694],"Rotation":0},{"Text":"y=4","TextBB":[183.219,177.5,194.202,183.694],"Rotation":0},{"Text":"y=5","TextBB":[208.806,177.5,219.788,183.694],"Rotation":0},{"Text":"y=1","TextBB":[267.654,177.5,278.636,183.694],"Rotation":0},{"Text":"y=2","TextBB":[290.896,177.5,301.878,183.694],"Rotation":0},{"Text":"y=3","TextBB":[315.31,177.5,326.292,183.694],"Rotation":0},{"Text":"y=4","TextBB":[338.553,177.5,349.535,183.694],"Rotation":0},{"Text":"y=5","TextBB":[364.139,177.5,375.121,183.694],"Rotation":0}],"Mention":["where f(·) is some margin penalty function. Figure 2 gives\nan example visualization for y = 4. Note that the slope of the\nloss increases each time a threshold is crossed. Thus, solu-\ntions are encouraged that minimize the number of thresholds\nthat are crossed.\n"],"Page":4,"Number":2,"Type":"Figure","CaptionBB":[73,201,413,262],"Height":1100,"Width":850,"DPI":100,"ImageBB":[107,81,384,186]}