{"Caption":"Figure 3: Coexistence is possible: Results from simulations on clique of size 1000 with theoretical fixed points overlayed. (a) shows the steady-state population values, κ1 , κ2 , and i12 , for each value of , with the theoretical critical marked. (b) shows the development of the two viruses over time for > critical . Notice that both viruses survive as expected. ","ImageText":[{"Text":"0.8","TextBB":[456.96,89.1555,469.934,98.0222],"Rotation":0},{"Text":"Footprint","TextBB":[433.546,201.724,442.412,238.554],"Rotation":3},{"Text":"(Fraction","TextBB":[433.546,162.31,442.412,199.13],"Rotation":3},{"Text":"of","TextBB":[433.546,151.931,442.412,159.715],"Rotation":3},{"Text":"Population)","TextBB":[433.546,102.128,442.412,149.336],"Rotation":3},{"Text":"Footprint","TextBB":[140.685,201.724,149.636,238.554],"Rotation":3},{"Text":"(Fraction","TextBB":[140.685,162.31,149.636,199.13],"Rotation":3},{"Text":"of","TextBB":[140.685,151.931,149.636,159.715],"Rotation":3},{"Text":"Population)","TextBB":[140.685,102.128,149.636,149.336],"Rotation":3},{"Text":"0.9","TextBB":[164.184,89.0715,177.157,98.0222],"Rotation":0},{"Text":"0.8","TextBB":[164.184,104.549,177.157,113.5],"Rotation":0},{"Text":"0.7","TextBB":[164.184,120.066,177.157,129.017],"Rotation":0},{"Text":"0.6","TextBB":[164.184,135.544,177.157,144.494],"Rotation":0},{"Text":"0.5","TextBB":[164.184,151.022,177.157,159.972],"Rotation":0},{"Text":"0.4","TextBB":[164.184,166.499,177.157,175.45],"Rotation":0},{"Text":"0.3","TextBB":[164.184,182.016,177.157,190.967],"Rotation":0},{"Text":"κ","TextBB":[296.883,191.377,302.007,196.287],"Rotation":0},{"Text":"1","TextBB":[302.007,193.432,306.158,200.593],"Rotation":0},{"Text":"(Simulation)","TextBB":[308.753,189.249,358.537,198.2],"Rotation":0},{"Text":"κ","TextBB":[296.883,200.711,302.007,205.62],"Rotation":0},{"Text":"2","TextBB":[302.007,202.766,306.158,209.926],"Rotation":0},{"Text":"(Simulation)","TextBB":[308.753,198.583,358.537,207.533],"Rotation":0},{"Text":"i","TextBB":[293.185,208.728,295.78,214.935],"Rotation":0},{"Text":"1,2","TextBB":[295.78,212.099,306.158,219.26],"Rotation":0},{"Text":"(Simulation)","TextBB":[308.753,207.916,358.537,216.867],"Rotation":0},{"Text":"κ","TextBB":[311.404,219.377,316.529,224.287],"Rotation":0},{"Text":"1","TextBB":[316.528,221.432,320.68,228.593],"Rotation":0},{"Text":"(Theory)","TextBB":[323.274,217.249,358.536,226.2],"Rotation":0},{"Text":"κ","TextBB":[311.404,228.711,316.529,233.62],"Rotation":0},{"Text":"2","TextBB":[316.528,230.766,320.68,237.926],"Rotation":0},{"Text":"(Theory)","TextBB":[323.274,226.583,358.536,235.533],"Rotation":0},{"Text":"i","TextBB":[307.707,236.728,310.302,242.935],"Rotation":0},{"Text":"1,2","TextBB":[310.302,240.099,320.68,247.26],"Rotation":0},{"Text":"(Theory)","TextBB":[323.275,235.916,358.536,244.867],"Rotation":0},{"Text":"0.2","TextBB":[164.184,197.494,177.157,206.444],"Rotation":0},{"Text":"0.1","TextBB":[164.184,212.972,177.157,221.922],"Rotation":0},{"Text":"0","TextBB":[171.968,228.488,177.157,237.439],"Rotation":0},{"Text":"-0.1","TextBB":[161.076,243.966,177.157,252.917],"Rotation":0},{"Text":"0","TextBB":[181.46,253.299,186.649,262.25],"Rotation":0},{"Text":"0.2","TextBB":[221.045,253.299,234.019,262.25],"Rotation":0},{"Text":"ε","TextBB":[193.647,262.319,198.768,268.456],"Rotation":0},{"Text":"critical","TextBB":[198.768,264.888,225.21,273.839],"Rotation":0},{"Text":"0.4","TextBB":[264.523,253.299,277.497,262.25],"Rotation":0},{"Text":"0.6","TextBB":[308.04,253.299,321.013,262.25],"Rotation":0},{"Text":"Interaction","TextBB":[248.688,267.299,292.265,276.25],"Rotation":0},{"Text":"Factor","TextBB":[294.86,267.299,321.31,276.25],"Rotation":0},{"Text":"(ε)","TextBB":[323.905,267.299,334.218,276.25],"Rotation":0},{"Text":"0.8","TextBB":[351.518,253.299,364.491,262.25],"Rotation":0},{"Text":"0.7","TextBB":[456.96,108.522,469.934,117.389],"Rotation":0},{"Text":"0.6","TextBB":[456.96,127.889,469.934,136.756],"Rotation":0},{"Text":"0.5","TextBB":[456.96,147.256,469.934,156.122],"Rotation":0},{"Text":"0.4","TextBB":[456.96,166.583,469.934,175.45],"Rotation":0},{"Text":"0.3","TextBB":[456.96,185.95,469.934,194.817],"Rotation":0},{"Text":"0.2","TextBB":[456.96,205.317,469.934,214.183],"Rotation":0},{"Text":"κ","TextBB":[642.036,219.377,647.16,227.432],"Rotation":0},{"Text":"1","TextBB":[647.16,221.5,651.311,228.593],"Rotation":0},{"Text":"κ","TextBB":[642.036,228.711,647.16,236.765],"Rotation":0},{"Text":"2","TextBB":[647.16,230.833,651.311,237.926],"Rotation":0},{"Text":"0.1","TextBB":[456.96,224.683,469.934,233.55],"Rotation":0},{"Text":"i","TextBB":[638.338,236.728,640.932,242.935],"Rotation":0},{"Text":"1,2","TextBB":[640.932,240.166,651.311,247.26],"Rotation":0},{"Text":"0","TextBB":[464.744,244.05,469.933,252.917],"Rotation":0},{"Text":"1","TextBB":[398.887,253.299,404.077,262.25],"Rotation":0},{"Text":"0","TextBB":[474.236,253.383,479.425,262.25],"Rotation":0},{"Text":"(a)","TextBB":[226.297,283.523,242.627,294.581],"Rotation":0},{"Text":"σ","TextBB":[246.844,283.523,254.163,294.581],"Rotation":0},{"Text":"1","TextBB":[254.163,287.788,259.236,295.161],"Rotation":0},{"Text":"=","TextBB":[263.483,283.523,273.439,294.581],"Rotation":0},{"Text":"6,","TextBB":[276.988,283.523,286.943,294.581],"Rotation":0},{"Text":"σ","TextBB":[291.201,283.523,298.52,294.581],"Rotation":0},{"Text":"2","TextBB":[298.519,287.788,303.593,295.161],"Rotation":0},{"Text":"=","TextBB":[307.84,283.523,317.795,294.581],"Rotation":0},{"Text":"4","TextBB":[321.345,283.523,327.744,294.581],"Rotation":0},{"Text":"(b)","TextBB":[456.858,283.523,473.899,294.581],"Rotation":0},{"Text":"50","TextBB":[507.886,253.383,518.265,262.25],"Rotation":0},{"Text":"=","TextBB":[486.854,283.523,496.809,294.581],"Rotation":0},{"Text":"0.4","TextBB":[500.371,283.523,516.719,294.581],"Rotation":0},{"Text":">","TextBB":[520.275,283.523,530.23,294.581],"Rotation":0},{"Text":"100","TextBB":[541.536,253.383,557.104,262.25],"Rotation":0},{"Text":"critical","TextBB":[538.971,287.88,569.873,295.252],"Rotation":0},{"Text":"150","TextBB":[577.78,253.383,593.348,262.25],"Rotation":0},{"Text":"Time","TextBB":[573.859,267.383,594.598,276.25],"Rotation":0},{"Text":"200","TextBB":[613.986,253.383,629.554,262.25],"Rotation":0},{"Text":"250","TextBB":[650.23,253.383,665.798,262.25],"Rotation":0},{"Text":"300","TextBB":[686.474,253.383,702.042,262.25],"Rotation":0},{"Text":"=","TextBB":[574.119,283.523,584.075,294.581],"Rotation":0},{"Text":"1,","TextBB":[587.624,283.523,597.579,294.581],"Rotation":0},{"Text":"σ","TextBB":[601.837,283.523,609.156,294.581],"Rotation":0},{"Text":"1","TextBB":[609.156,287.788,614.229,295.161],"Rotation":0},{"Text":"=","TextBB":[618.476,283.523,628.432,294.581],"Rotation":0},{"Text":"6,","TextBB":[631.981,283.523,641.936,294.581],"Rotation":0},{"Text":"σ","TextBB":[646.194,283.523,653.513,294.581],"Rotation":0},{"Text":"2","TextBB":[653.512,287.788,658.586,295.161],"Rotation":0},{"Text":"=","TextBB":[662.833,283.523,672.789,294.581],"Rotation":0},{"Text":"4","TextBB":[676.338,283.523,682.737,294.581],"Rotation":0}],"Mention":["dies out for \u000F ≤ \u000Fcritical and then a co-existence for\n\u000Fcritical. In Figure 3(a) we see for σ1 > σ2 > 1 and \u000F\n","this is true even when the viruses are competing (\u000F < 1).\nFor \u000F = 0.4 > \u000Fcritical we have the time-plot, Figure 3(b),\n"],"Page":6,"Number":3,"Type":"Figure","CaptionBB":[73,315,772,372],"Height":1100,"Width":850,"DPI":100,"ImageBB":[138,86,704,298]}