{"Caption":"                                                     ´    µ ´¾ Figure 2: Left: plot of the asymptotic form of the EK ×  Ö Â½     µ                                                                × Ö for ","ImageText":[{"Text":"α=2","TextBB":[530.383,52.5451,546.894,64.7052],"Rotation":0},{"Text":"0.5","TextBB":[441.492,55.2311,454.464,63.8636],"Rotation":0},{"Text":"0.03","TextBB":[203.883,83.0812,212.408,87.1332],"Rotation":0},{"Text":"0.025","TextBB":[201.438,95.2742,212.398,99.3262],"Rotation":0},{"Text":"ε","TextBB":[441.492,95.3497,447.637,113.59],"Rotation":0},{"Text":"0.02","TextBB":[203.883,107.43,212.408,111.482],"Rotation":0},{"Text":"0.015","TextBB":[201.438,119.623,212.398,123.675],"Rotation":0},{"Text":"0.01","TextBB":[203.883,131.814,212.408,135.866],"Rotation":0},{"Text":"α=4","TextBB":[530.383,133.076,546.894,145.236],"Rotation":0},{"Text":"0.1","TextBB":[441.492,135.763,454.464,144.395],"Rotation":0},{"Text":"0.005","TextBB":[201.438,143.97,212.398,148.022],"Rotation":0},{"Text":"0","TextBB":[209.981,156.163,212.416,160.215],"Rotation":0},{"Text":"−0.005","TextBB":[198.882,168.355,212.4,172.407],"Rotation":0},{"Text":"1","TextBB":[209.725,173.576,212.161,177.628],"Rotation":0},{"Text":"0.05","TextBB":[436.475,170.448,454.636,179.081],"Rotation":0},{"Text":"1","TextBB":[415.39,183.323,417.826,187.375],"Rotation":0},{"Text":"0.5","TextBB":[227.319,183.359,233.408,187.411],"Rotation":0},{"Text":"0.5","TextBB":[387.757,190.806,393.846,194.858],"Rotation":0},{"Text":"0","TextBB":[252.179,193.106,254.615,197.158],"Rotation":0},{"Text":"0","TextBB":[360.086,198.289,362.522,202.341],"Rotation":0},{"Text":"−0.5","TextBB":[267.182,202.889,275.829,206.941],"Rotation":0},{"Text":"25","TextBB":[459.301,201.284,469.679,209.916],"Rotation":0},{"Text":"−0.5","TextBB":[332.415,205.809,341.062,209.861],"Rotation":0},{"Text":"−1","TextBB":[292.078,212.635,297.072,216.687],"Rotation":0},{"Text":"50","TextBB":[515.918,201.284,526.296,209.916],"Rotation":0},{"Text":"100","TextBB":[564.797,201.284,580.363,209.916],"Rotation":0},{"Text":"−1","TextBB":[304.782,213.292,309.776,217.344],"Rotation":0},{"Text":"ρ","TextBB":[596.177,199.406,603.862,217.647],"Rotation":0},{"Text":"250","TextBB":[616.436,201.284,632.003,209.916],"Rotation":0}],"Mention":["1 and J\n1=2\n(z ) = (2=\nFigure 2(left) below.\n","spectrum \/ (3=`2 + 4\u0019 2 s2 )\u00002, so \u000B = 4) we get \u000F \u0018 (log(\u001A))\u00003=2. These predictions\nwere tested experimentally using a GP learner with SE covariance function (` = 0:1 and\nassumed noise level \u001B 2 = 0:1) against targets from the OU and Matern-class priors (with\n` = 0:05) and with noise level \u001B 2\n\u0003\n= 0:01, averaging over 100 replications for each value\nof \u001A. To demonstrate the predicted power-law dependence of \u000F on log (\u001A), in Figure 2(right)\nwe make a log-log plot of \u000F against log(\u001A). The dashed lines show the gradients of \u00001=2\nand \u00003=2 and we observe good agreement between experimental and theoretical results\nfor large \u001A.\n"],"Page":7,"Number":2,"Type":"Figure","CaptionBB":[173,231,604,263],"Height":1100,"Width":850,"DPI":100,"ImageBB":[197,34,644,219]}