{"Caption":"Figure 3: The three dimensional ROC surface approx- imated by a set of two ROC-curves for the synthetic dataset. ","ImageText":[{"Text":"(a)","TextBB":[182.372,274.72,198.735,285.778],"Rotation":0},{"Text":"First","TextBB":[202.994,274.72,229.942,285.778],"Rotation":0},{"Text":"ROC-curve","TextBB":[234.201,274.72,296.626,285.778],"Rotation":0},{"Text":"(b)","TextBB":[175.931,470.476,193.003,481.534],"Rotation":0},{"Text":"Second","TextBB":[197.262,470.476,236.376,481.534],"Rotation":0},{"Text":"ROC-curve","TextBB":[240.648,470.476,303.073,481.534],"Rotation":0}],"Mention":["The two ROC curves belonging to the synthetic\ndataset are shown in figure 3.\n"],"Page":4,"Number":3,"Type":"Figure","CaptionBB":[75,499,402,546],"Height":1100,"Width":850,"DPI":100,"ImageBB":[154,122,317,485]}