{"Caption":"Figure 6: Estimated Write Performance and Space Overhead","ImageText":[{"Text":"1G.20M.100u","TextBB":[307.519,84.4649,360.838,92.6049],"Rotation":0},{"Text":"1G.40M.100u","TextBB":[307.519,91.7983,360.838,99.9383],"Rotation":0},{"Text":"100M.20M.10u","TextBB":[302.142,99.1316,360.838,107.272],"Rotation":0},{"Text":"2000","TextBB":[461.388,92.1945,477.7,98.9779],"Rotation":0},{"Text":"Database","TextBB":[451.793,161.811,459.502,197.478],"Rotation":3},{"Text":"size","TextBB":[451.793,144.678,459.502,159.494],"Rotation":3},{"Text":"(MBytes)","TextBB":[451.793,109.028,459.502,142.361],"Rotation":3},{"Text":"Predicted","TextBB":[163.293,165.053,171.002,200.253],"Rotation":3},{"Text":"write","TextBB":[163.293,145.144,171.002,162.736],"Rotation":3},{"Text":"time","TextBB":[163.293,127.086,171.002,142.828],"Rotation":3},{"Text":"(sec)","TextBB":[163.293,106.253,171.002,124.769],"Rotation":3},{"Text":"900","TextBB":[172.566,79.2612,184.8,86.0445],"Rotation":0},{"Text":"600","TextBB":[172.566,126.695,184.8,133.478],"Rotation":0},{"Text":"300","TextBB":[172.566,174.161,184.8,180.945],"Rotation":0},{"Text":"0","TextBB":[180.722,221.595,184.799,228.378],"Rotation":0},{"Text":"1500","TextBB":[461.388,124.561,477.7,131.345],"Rotation":0},{"Text":"1000","TextBB":[461.388,156.895,477.7,163.678],"Rotation":0},{"Text":"500","TextBB":[465.466,189.261,477.7,196.045],"Rotation":0},{"Text":"1GB","TextBB":[602.389,215.265,619.998,223.405],"Rotation":0},{"Text":"Traces","TextBB":[622.445,215.265,649.337,223.405],"Rotation":0},{"Text":"0","TextBB":[473.622,221.595,477.699,228.378],"Rotation":0},{"Text":"8KB","TextBB":[189.136,228.928,202.997,235.711],"Rotation":0},{"Text":"24KB","TextBB":[241.897,228.928,259.836,235.711],"Rotation":0},{"Text":"40KB","TextBB":[296.73,228.928,314.67,235.711],"Rotation":0},{"Text":"56KB","TextBB":[351.53,228.928,369.47,235.711],"Rotation":0},{"Text":"8KB","TextBB":[481.869,228.928,495.73,235.711],"Rotation":0},{"Text":"Size","TextBB":[214.837,235.877,231.045,243.585],"Rotation":0},{"Text":"of","TextBB":[233.362,235.877,240.312,243.585],"Rotation":0},{"Text":"log","TextBB":[242.629,235.877,253.747,243.585],"Rotation":0},{"Text":"region","TextBB":[256.064,235.877,279.223,243.585],"Rotation":0},{"Text":"per","TextBB":[281.541,235.877,293.583,243.585],"Rotation":0},{"Text":"erase","TextBB":[295.9,235.877,316.741,243.585],"Rotation":0},{"Text":"unit","TextBB":[319.058,235.877,332.491,243.585],"Rotation":0},{"Text":"of","TextBB":[334.808,235.877,341.758,243.585],"Rotation":0},{"Text":"128KB","TextBB":[344.075,235.877,369.091,243.585],"Rotation":0},{"Text":"24KB","TextBB":[533.463,228.928,551.403,235.711],"Rotation":0},{"Text":"40KB","TextBB":[587.13,228.928,605.07,235.711],"Rotation":0},{"Text":"56KB","TextBB":[640.763,228.928,658.703,235.711],"Rotation":0},{"Text":"Size","TextBB":[505.537,235.877,521.745,243.585],"Rotation":0},{"Text":"of","TextBB":[524.062,235.877,531.012,243.585],"Rotation":0},{"Text":"log","TextBB":[533.329,235.877,544.447,243.585],"Rotation":0},{"Text":"region","TextBB":[546.764,235.877,569.923,243.585],"Rotation":0},{"Text":"per","TextBB":[572.241,235.877,584.283,243.585],"Rotation":0},{"Text":"erase","TextBB":[586.6,235.877,607.441,243.585],"Rotation":0},{"Text":"unit","TextBB":[609.758,235.877,623.191,243.585],"Rotation":0},{"Text":"of","TextBB":[625.508,235.877,632.458,243.585],"Rotation":0},{"Text":"128KB","TextBB":[634.775,235.877,659.791,243.585],"Rotation":0},{"Text":"(a)","TextBB":[218.833,248.545,232.602,259.952],"Rotation":0},{"Text":"Estimated","TextBB":[235.622,248.545,285.506,259.952],"Rotation":0},{"Text":"write","TextBB":[288.613,248.545,314.227,259.952],"Rotation":0},{"Text":"time","TextBB":[317.198,248.545,339.397,259.952],"Rotation":0},{"Text":"(b)","TextBB":[492.201,248.545,506.715,259.952],"Rotation":0},{"Text":"Storage","TextBB":[509.901,248.545,547.951,259.952],"Rotation":0},{"Text":"usage","TextBB":[551.088,248.545,579.303,259.952],"Rotation":0},{"Text":"for","TextBB":[582.44,248.545,596.905,259.952],"Rotation":0},{"Text":"database","TextBB":[600.092,248.545,642.811,259.952],"Rotation":0}],"Mention":["for reading, writing and erasing an erase unit.6\nFigure 6(a) shows the write time estimated by the tIPL\n","for each of the three traces. The performance benefit from the in-\ncreased number of log sectors was evident, but the space overhead,\nas shown in Figure 6(b), was not trivial. As the price of flash mem-\nory is expected to drop steadily, however, we expect that the in-\ncrease throughput will outweigh the increased cost for storage.\n"],"Page":9,"Number":6,"Type":"Figure","CaptionBB":[259,276,586,289],"Height":1100,"Width":850,"DPI":100,"ImageBB":[161,77,686,262]}