{"Caption":"Figure 8: Performance for the failure scenario with the flat posterior. ","ImageText":[{"Text":"kbest","TextBB":[719.65,50.7076,741.704,61.0055],"Rotation":0},{"Text":"rbpf","TextBB":[719.65,60.8966,735.549,71.1945],"Rotation":0},{"Text":"mixed","TextBB":[719.65,71.0856,744.26,81.3835],"Rotation":0},{"Text":"0.6","TextBB":[480.314,66.0174,496.346,78.8897],"Rotation":0},{"Text":"0.4","TextBB":[480.314,94.1803,496.346,107.053],"Rotation":0},{"Text":"0.2","TextBB":[480.314,122.343,496.346,135.216],"Rotation":0},{"Text":"0","TextBB":[489.926,150.506,496.339,163.378],"Rotation":0},{"Text":"1","TextBB":[537.505,160.137,541.78,168.719],"Rotation":0},{"Text":"2","TextBB":[622.089,160.137,626.365,168.719],"Rotation":0},{"Text":"10","TextBB":[524.721,163.77,537.547,176.643],"Rotation":0},{"Text":"0.8","TextBB":[480.314,37.9508,496.346,50.823],"Rotation":0},{"Text":"fraction","TextBB":[464.754,120.98,475.052,151.237],"Rotation":3},{"Text":"of","TextBB":[464.754,110.719,475.052,118.414],"Rotation":3},{"Text":"diagnostic","TextBB":[464.754,66.6113,475.052,108.153],"Rotation":3},{"Text":"errors","TextBB":[464.754,39.953,475.052,64.046],"Rotation":3},{"Text":"10","TextBB":[609.306,163.77,622.132,176.643],"Rotation":0},{"Text":"3","TextBB":[706.578,160.137,710.853,168.719],"Rotation":0},{"Text":"10","TextBB":[693.794,163.77,706.62,176.643],"Rotation":0},{"Text":"0.8","TextBB":[480.314,192.126,496.346,204.998],"Rotation":0},{"Text":"MSE\/timestep","TextBB":[464.754,223.373,475.052,280.805],"Rotation":3},{"Text":"kbest","TextBB":[719.65,204.883,741.704,215.18],"Rotation":0},{"Text":"rbpf","TextBB":[719.65,215.072,735.549,225.369],"Rotation":0},{"Text":"mixed","TextBB":[719.65,225.261,744.26,235.558],"Rotation":0},{"Text":"0.6","TextBB":[480.314,220.192,496.346,233.065],"Rotation":0},{"Text":"0.4","TextBB":[480.314,248.355,496.346,261.228],"Rotation":0},{"Text":"0.2","TextBB":[480.314,276.518,496.346,289.391],"Rotation":0},{"Text":"0","TextBB":[489.926,304.681,496.339,317.553],"Rotation":0},{"Text":"1","TextBB":[537.505,314.312,541.78,322.894],"Rotation":0},{"Text":"2","TextBB":[622.089,314.312,626.365,322.894],"Rotation":0},{"Text":"10","TextBB":[524.721,317.946,537.547,330.818],"Rotation":0},{"Text":"10","TextBB":[609.306,317.946,622.132,330.818],"Rotation":0},{"Text":"3","TextBB":[706.578,314.312,710.853,322.894],"Rotation":0},{"Text":"10","TextBB":[693.794,317.946,706.62,330.818],"Rotation":0},{"Text":"Number","TextBB":[572.107,331.471,604.92,341.769],"Rotation":0},{"Text":"of","TextBB":[607.486,331.471,615.181,341.769],"Rotation":0},{"Text":"tracked","TextBB":[617.747,331.471,648.004,341.769],"Rotation":0},{"Text":"sequences","TextBB":[650.569,331.471,695.193,341.769],"Rotation":0}],"Mention":["Fig. 8 shows that in this case, the RBPF clearly outper-\nforms the k-best method, both in terms of diagnostic er-\nrors and mean square estimation error. The large number\nof sequences with high posterior prevents the strict enumer-\nation of the k-best method from considering the initially less\nlikely failure sequence, except with very large k. The RBPF,\nby contrast, samples the actuator failure transition fairly. If\na particle samples the transition close to where it occurred\nin reality, the observation likelihood of that particle grows\nuntil it dominates the trajectory space, giving the correct di-\nagnosis. The behavior of the mixed method is similar to that\nof the RBPF.\n"],"Page":5,"Number":8,"Type":"Figure","CaptionBB":[442,362,775,392],"Height":1100,"Width":850,"DPI":100,"ImageBB":[464,37,756,343]}