{"Type":"Figure",
"Number": 6,
"Page": 6,
"DPI": 100,
"Width": 850,
"Height": 1100,
"CaptionBB": [83,388,402,443],
"Caption": "Figure 6. (Top) A time series C of length 100. (Bottom Left) The time series shrouded by upper and lower envelopes U and L with lengths 80. (Bottom Right) The same time series shrouded by upper and lower envelopes U and L with lengths 60. ",
"ImageBB": [80,136,391,381],
"ImageText" : [
{"Rotation": 0,"TextBB": [199.833,145.9,210.95,164.35], "Text": "C"},
	{"Rotation": 0,"TextBB": [162.333,234.574,166.179,242.293], "Text": "0"},
	{"Rotation": 0,"TextBB": [102.25,350.483,112.433,368.933], "Text": "L"},
	{"Rotation": 0,"TextBB": [82.5833,371.824,86.429,379.543], "Text": "0"},
	{"Rotation": 0,"TextBB": [252.75,214.229,259.79,225.023], "Text": "m"},
	{"Rotation": 0,"TextBB": [261.083,214.229,266.582,225.023], "Text": "="},
	{"Rotation": 0,"TextBB": [261.083,225.646,275.792,236.439], "Text": "100"},
	{"Rotation": 0,"TextBB": [173.583,234.574,181.262,242.293], "Text": "10"},
	{"Rotation": 0,"TextBB": [186.583,234.574,194.262,242.293], "Text": "20"},
	{"Rotation": 0,"TextBB": [199.167,234.574,206.845,242.293], "Text": "30"},
	{"Rotation": 0,"TextBB": [211.583,234.574,219.262,242.293], "Text": "40"},
	{"Rotation": 0,"TextBB": [224.333,234.574,232.012,242.293], "Text": "50"},
	{"Rotation": 0,"TextBB": [236.917,234.574,244.595,242.293], "Text": "60"},
	{"Rotation": 0,"TextBB": [249.75,234.574,257.428,242.293], "Text": "70"},
	{"Rotation": 0,"TextBB": [262.583,234.574,270.262,242.293], "Text": "80"},
	{"Rotation": 0,"TextBB": [274.917,234.157,282.595,241.876], "Text": "90"},
	{"Rotation": 0,"TextBB": [287,234.574,298.511,242.293], "Text": "100"},
	{"Rotation": 0,"TextBB": [122,277.317,134.033,295.767], "Text": "U"},
	{"Rotation": 0,"TextBB": [273.417,277.4,285.45,295.85], "Text": "U"},
	{"Rotation": 0,"TextBB": [267.333,350.983,277.517,369.433], "Text": "L"},
	{"Rotation": 0,"TextBB": [181.5,351.396,186.375,362.189], "Text": "n"},
	{"Rotation": 0,"TextBB": [187.917,351.396,193.416,362.189], "Text": "="},
	{"Rotation": 0,"TextBB": [187.917,362.813,197.709,373.606], "Text": "80"},
	{"Rotation": 0,"TextBB": [94.0833,371.824,101.762,379.543], "Text": "10"},
	{"Rotation": 0,"TextBB": [106.833,371.824,114.512,379.543], "Text": "20"},
	{"Rotation": 0,"TextBB": [119.417,371.824,127.095,379.543], "Text": "30"},
	{"Rotation": 0,"TextBB": [131.917,371.824,139.595,379.543], "Text": "40"},
	{"Rotation": 0,"TextBB": [144.917,371.824,152.595,379.543], "Text": "50"},
	{"Rotation": 0,"TextBB": [157.333,371.824,165.012,379.543], "Text": "60"},
	{"Rotation": 0,"TextBB": [170,371.824,177.678,379.543], "Text": "70"},
	{"Rotation": 0,"TextBB": [182.833,371.824,190.512,379.543], "Text": "80"},
	{"Rotation": 0,"TextBB": [195.333,371.824,203.012,379.543], "Text": "90"},
	{"Rotation": 0,"TextBB": [204.75,371.824,216.261,379.543], "Text": "100"},
	{"Rotation": 0,"TextBB": [253.167,372.324,257.012,380.043], "Text": "0"},
	{"Rotation": 0,"TextBB": [356.5,351.229,361.375,362.023], "Text": "n"},
	{"Rotation": 0,"TextBB": [362.834,351.229,368.333,362.023], "Text": "="},
	{"Rotation": 0,"TextBB": [362.833,362.646,372.625,373.439], "Text": "60"},
	{"Rotation": 0,"TextBB": [264.5,372.324,272.178,380.043], "Text": "10"},
	{"Rotation": 0,"TextBB": [277,372.324,284.678,380.043], "Text": "20"},
	{"Rotation": 0,"TextBB": [290,372.324,297.678,380.043], "Text": "30"},
	{"Rotation": 0,"TextBB": [302.333,372.324,310.012,380.043], "Text": "40"},
	{"Rotation": 0,"TextBB": [315.25,372.324,322.928,380.043], "Text": "50"},
	{"Rotation": 0,"TextBB": [327.75,372.324,335.428,380.043], "Text": "60"},
	{"Rotation": 0,"TextBB": [340.417,372.324,348.095,380.043], "Text": "70"},
	{"Rotation": 0,"TextBB": [353.333,372.324,361.012,380.043], "Text": "80"},
	{"Rotation": 0,"TextBB": [365.75,372.157,373.428,379.876], "Text": "90"},
	{"Rotation": 0,"TextBB": [377.833,372.074,389.344,379.793], "Text": "100"}
]}
