{"Caption":"Figure 11: Probability distribution histogram for the number of hops needed before the first intersection.","ImageText":[{"Text":"uniformly","TextBB":[242.755,124.797,296.082,137.288],"Rotation":0},{"Text":"random","TextBB":[299.737,124.797,344.307,137.288],"Rotation":0},{"Text":"Fraction","TextBB":[437.037,139.72,449.527,187.209],"Rotation":3},{"Text":"Fraction","TextBB":[120.433,139.72,132.923,187.209],"Rotation":3},{"Text":"0.025","TextBB":[154.595,110.514,187.49,123.005],"Rotation":0},{"Text":"0.02","TextBB":[161.904,129.578,187.489,142.069],"Rotation":0},{"Text":"0.015","TextBB":[154.595,148.642,187.49,161.133],"Rotation":0},{"Text":"0.01","TextBB":[161.904,167.766,187.489,180.256],"Rotation":0},{"Text":"0.005","TextBB":[154.595,186.83,187.49,199.32],"Rotation":0},{"Text":"0","TextBB":[180.178,205.894,187.488,218.384],"Rotation":0},{"Text":"1000","TextBB":[236.754,219.042,265.994,231.532],"Rotation":0},{"Text":"2000","TextBB":[292.751,219.042,321.991,231.532],"Rotation":0},{"Text":"0.025","TextBB":[471.199,110.514,504.094,123.005],"Rotation":0},{"Text":"0.02","TextBB":[478.509,129.578,504.094,142.069],"Rotation":0},{"Text":"0.015","TextBB":[471.199,148.642,504.094,161.133],"Rotation":0},{"Text":"0.01","TextBB":[478.509,167.766,504.094,180.256],"Rotation":0},{"Text":"0.005","TextBB":[471.199,186.83,504.094,199.32],"Rotation":0},{"Text":"0","TextBB":[496.783,205.894,504.093,218.384],"Rotation":0},{"Text":"3-hops","TextBB":[586.377,124.797,626.569,137.288],"Rotation":0},{"Text":"away","TextBB":[630.224,124.797,660.91,137.288],"Rotation":0},{"Text":"3000","TextBB":[348.748,219.042,377.988,231.532],"Rotation":0},{"Text":"1000","TextBB":[553.359,219.042,582.599,231.532],"Rotation":0},{"Text":"Number","TextBB":[178.304,238.763,225.057,251.253],"Rotation":0},{"Text":"of","TextBB":[228.712,238.763,239.677,251.253],"Rotation":0},{"Text":"hops","TextBB":[243.332,238.763,271.836,251.253],"Rotation":0},{"Text":"before","TextBB":[275.491,238.763,312.764,251.253],"Rotation":0},{"Text":"first","TextBB":[316.419,238.763,337.6,251.253],"Rotation":0},{"Text":"intersection","TextBB":[341.255,238.763,408.479,251.253],"Rotation":0},{"Text":"2000","TextBB":[609.355,219.042,638.596,231.532],"Rotation":0},{"Text":"3000","TextBB":[665.352,219.042,694.592,231.532],"Rotation":0},{"Text":"Number","TextBB":[494.908,238.763,541.661,251.253],"Rotation":0},{"Text":"of","TextBB":[545.316,238.763,556.281,251.253],"Rotation":0},{"Text":"hops","TextBB":[559.936,238.763,588.44,251.253],"Rotation":0},{"Text":"before","TextBB":[592.095,238.763,629.369,251.253],"Rotation":0},{"Text":"first","TextBB":[633.024,238.763,654.205,251.253],"Rotation":0},{"Text":"intersection","TextBB":[657.86,238.763,725.083,251.253],"Rotation":0}],"Mention":["To gain insight into the impact of B not actually being a\nuniformly random node, Figure 11 depicts the distribution of\nthe number of hops before intersection, comparing the case\nwhen B is chosen uniformly at random to the case when B\nis chosen using a 3-hop random walk from A. As the figure\nshows, the two distributions are quite similar. This will help\nto explain later the small impact of B not being uniformly\nrandom. Based on the distribution when B is chosen uni-\nformly at random, we obtain an accurate w of 1906 needed\nfor 95% of the pairs to intersect. This value of 1906 will be\nused as a comparison with SybilGuard\u2019s estimated w.\n"],"Page":18,"Number":11,"Type":"Figure","CaptionBB":[132,267,711,281],"Height":1100,"Width":850,"DPI":100,"ImageBB":[118,108,727,253]}