{"Caption":"Figure 4: Incremental View Maintenance versus Full Re-Computation (Data Set 1)","ImageText":[{"Text":"Process","TextBB":[513.15,189.877,552.414,199.152],"Rotation":0},{"Text":"Cycle","TextBB":[555.517,189.877,582.438,199.152],"Rotation":0},{"Text":"Time","TextBB":[585.541,189.877,609.78,199.152],"Rotation":0},{"Text":"Comparison","TextBB":[612.863,189.877,672.005,199.152],"Rotation":0},{"Text":"Process","TextBB":[171.934,192.001,212.867,201.533],"Rotation":0},{"Text":"Cycle","TextBB":[216.109,192.001,244.442,201.533],"Rotation":0},{"Text":"Time","TextBB":[247.684,192.001,272.659,201.533],"Rotation":0},{"Text":"Comparison","TextBB":[275.901,192.001,337.646,201.533],"Rotation":0},{"Text":"(Fiv","TextBB":[482.125,200.661,490.648,204.85],"Rotation":0},{"Text":"e","TextBB":[491.111,200.661,493.629,204.85],"Rotation":0},{"Text":"ste","TextBB":[495.448,200.661,502.303,204.85],"Rotation":0},{"Text":"ps,","TextBB":[502.807,200.661,509.72,204.85],"Rotation":0},{"Text":"two","TextBB":[511.136,200.661,519.245,204.85],"Rotation":0},{"Text":"pre","TextBB":[520.82,200.661,528.335,204.85],"Rotation":0},{"Text":"dicate","TextBB":[528.799,200.661,542.663,204.85],"Rotation":0},{"Text":"s,","TextBB":[543.168,200.661,547.1,204.85],"Rotation":0},{"Text":"325236","TextBB":[548.516,200.661,564.355,204.85],"Rotation":0},{"Text":"node","TextBB":[565.825,200.661,577.368,204.85],"Rotation":0},{"Text":"in","TextBB":[579.187,200.661,583.269,204.85],"Rotation":0},{"Text":"source","TextBB":[584.838,200.661,600.723,204.85],"Rotation":0},{"Text":"docume","TextBB":[602.546,200.661,620.754,204.85],"Rotation":0},{"Text":"nt,","TextBB":[621.217,200.661,627.162,204.85],"Rotation":0},{"Text":"662","TextBB":[628.577,200.661,636.442,204.85],"Rotation":0},{"Text":"node","TextBB":[637.912,200.661,649.415,204.85],"Rotation":0},{"Text":"s","TextBB":[649.919,200.661,652.437,204.85],"Rotation":0},{"Text":"in","TextBB":[653.907,200.661,658.034,204.85],"Rotation":0},{"Text":"answe","TextBB":[659.608,200.661,674.133,204.85],"Rotation":0},{"Text":"r","TextBB":[674.596,200.661,676.358,204.85],"Rotation":0},{"Text":"docume","TextBB":[677.927,200.661,696.131,204.85],"Rotation":0},{"Text":"nt","TextBB":[696.635,200.661,701.124,204.85],"Rotation":0},{"Text":"roc","TextBB":[701.27,200.499,707.053,204.388],"Rotation":0},{"Text":"(Fiv","TextBB":[144.363,202.968,152.844,207.138],"Rotation":0},{"Text":"e","TextBB":[153.346,202.968,155.853,207.138],"Rotation":0},{"Text":"ste","TextBB":[157.668,202.968,164.492,207.138],"Rotation":0},{"Text":"ps,","TextBB":[164.954,202.968,171.877,207.138],"Rotation":0},{"Text":"one","TextBB":[173.242,202.968,181.725,207.138],"Rotation":0},{"Text":"pre","TextBB":[183.536,202.968,191.059,207.138],"Rotation":0},{"Text":"dicate","TextBB":[191.521,202.968,205.325,207.138],"Rotation":0},{"Text":",","TextBB":[205.786,202.968,207.039,207.138],"Rotation":0},{"Text":"325236","TextBB":[208.449,202.968,224.263,207.138],"Rotation":0},{"Text":"node","TextBB":[225.727,202.968,237.219,207.138],"Rotation":0},{"Text":"s","TextBB":[237.681,202.968,240.187,207.138],"Rotation":0},{"Text":"in","TextBB":[241.696,202.968,245.76,207.138],"Rotation":0},{"Text":"source","TextBB":[247.323,202.968,263.092,207.138],"Rotation":0},{"Text":"docume","TextBB":[264.903,202.968,283.025,207.138],"Rotation":0},{"Text":"nt,","TextBB":[283.527,202.968,289.405,207.138],"Rotation":0},{"Text":"662","TextBB":[290.814,202.968,298.644,207.138],"Rotation":0},{"Text":"node","TextBB":[300.108,202.968,311.6,207.138],"Rotation":0},{"Text":"s","TextBB":[312.061,202.968,314.568,207.138],"Rotation":0},{"Text":"in","TextBB":[316.077,202.968,320.14,207.138],"Rotation":0},{"Text":"answe","TextBB":[321.703,202.968,336.159,207.138],"Rotation":0},{"Text":"r","TextBB":[336.661,202.968,338.415,207.138],"Rotation":0},{"Text":"docume","TextBB":[339.977,202.968,358.104,207.138],"Rotation":0},{"Text":"nt)","TextBB":[358.566,202.968,364.732,207.138],"Rotation":0},{"Text":"View","TextBB":[145.018,216.645,158.763,222.304],"Rotation":0},{"Text":"Update","TextBB":[160.319,216.645,180.299,222.304],"Rotation":0},{"Text":"Through","TextBB":[182.216,216.645,205.539,222.304],"Rotation":0},{"Text":"Incremental","TextBB":[207.108,216.645,239.982,222.304],"Rotation":0},{"Text":"Maintenance","TextBB":[241.63,216.645,276.554,222.304],"Rotation":0},{"Text":"View","TextBB":[488.129,212.777,501.9,218.462],"Rotation":0},{"Text":"Update","TextBB":[503.467,212.777,523.549,218.462],"Rotation":0},{"Text":"Through","TextBB":[525.478,212.777,548.909,218.462],"Rotation":0},{"Text":"Incremental","TextBB":[550.487,212.777,583.535,218.462],"Rotation":0},{"Text":"Maintenance","TextBB":[585.193,212.777,620.294,218.462],"Rotation":0},{"Text":"View","TextBB":[290.81,216.645,304.531,222.304],"Rotation":0},{"Text":"Update","TextBB":[306.091,216.645,326.089,222.304],"Rotation":0},{"Text":"Through","TextBB":[328.009,216.645,351.365,222.304],"Rotation":0},{"Text":"Full","TextBB":[352.937,216.645,362.933,222.304],"Rotation":0},{"Text":"Query","TextBB":[364.541,216.645,381.548,222.304],"Rotation":0},{"Text":"4500","TextBB":[458.767,234.771,470.625,239.558],"Rotation":0},{"Text":"Cycle","TextBB":[440.409,289.009,446.393,306.189],"Rotation":3},{"Text":"Time","TextBB":[440.409,271.836,446.393,287.084],"Rotation":3},{"Text":"(msec)","TextBB":[440.409,249.046,446.393,269.956],"Rotation":3},{"Text":"1600","TextBB":[116.794,238.836,128.647,243.602],"Rotation":0},{"Text":"Cycle","TextBB":[103.837,291.535,109.794,308.635],"Rotation":3},{"Text":"Time","TextBB":[103.837,274.481,109.794,289.664],"Rotation":3},{"Text":"(msec)","TextBB":[103.837,251.753,109.794,272.61],"Rotation":3},{"Text":"View","TextBB":[634.225,212.777,647.99,218.462],"Rotation":0},{"Text":"Update","TextBB":[649.553,212.777,669.66,218.462],"Rotation":0},{"Text":"Through","TextBB":[671.586,212.777,695.009,218.462],"Rotation":0},{"Text":"Full","TextBB":[696.585,212.777,706.619,218.462],"Rotation":0},{"Text":"Query","TextBB":[708.231,212.777,725.318,218.462],"Rotation":0},{"Text":"5000","TextBB":[458.767,224.431,470.625,229.218],"Rotation":0},{"Text":"1800","TextBB":[116.794,227.579,128.647,232.345],"Rotation":0},{"Text":"1400","TextBB":[116.794,250.135,128.647,254.9],"Rotation":0},{"Text":"1200","TextBB":[116.794,261.392,128.647,266.157],"Rotation":0},{"Text":"1000","TextBB":[116.794,272.649,128.647,277.414],"Rotation":0},{"Text":"800","TextBB":[119.803,283.947,128.642,288.712],"Rotation":0},{"Text":"600","TextBB":[119.803,295.204,128.642,299.969],"Rotation":0},{"Text":"4000","TextBB":[458.767,244.806,470.625,249.593],"Rotation":0},{"Text":"3500","TextBB":[458.767,255.146,470.625,259.933],"Rotation":0},{"Text":"3000","TextBB":[458.767,265.486,470.625,270.273],"Rotation":0},{"Text":"2500","TextBB":[458.767,275.873,470.625,280.66],"Rotation":0},{"Text":"2000","TextBB":[458.767,285.866,470.625,290.654],"Rotation":0},{"Text":"1500","TextBB":[458.767,296.253,470.625,301.04],"Rotation":0},{"Text":"400","TextBB":[119.803,306.461,128.642,311.226],"Rotation":0},{"Text":"1000","TextBB":[458.767,306.593,470.625,311.381],"Rotation":0},{"Text":"200","TextBB":[119.803,317.759,128.642,322.525],"Rotation":0},{"Text":"500","TextBB":[461.749,316.628,470.627,321.415],"Rotation":0},{"Text":"0","TextBB":[467.752,326.968,470.63,331.756],"Rotation":0},{"Text":"0","TextBB":[125.78,329.016,128.644,333.782],"Rotation":0},{"Text":"0","TextBB":[131.756,336.729,134.621,341.494],"Rotation":0},{"Text":"10","TextBB":[155.005,336.729,160.834,341.494],"Rotation":0},{"Text":"20","TextBB":[179.91,336.729,185.739,341.494],"Rotation":0},{"Text":"30","TextBB":[205.124,336.729,210.999,341.494],"Rotation":0},{"Text":"40","TextBB":[230.034,336.729,235.909,341.494],"Rotation":0},{"Text":"50","TextBB":[254.944,336.729,260.819,341.494],"Rotation":0},{"Text":"60","TextBB":[279.854,336.729,285.729,341.494],"Rotation":0},{"Text":"70","TextBB":[304.764,336.729,310.593,341.494],"Rotation":0},{"Text":"80","TextBB":[329.978,336.729,335.853,341.494],"Rotation":0},{"Text":"90","TextBB":[354.888,336.729,360.763,341.494],"Rotation":0},{"Text":"0","TextBB":[473.751,334.726,476.629,339.513],"Rotation":0},{"Text":"100","TextBB":[378.489,336.729,387.329,341.494],"Rotation":0},{"Text":"10","TextBB":[497.455,334.726,503.314,339.513],"Rotation":0},{"Text":"20","TextBB":[522.784,334.726,528.684,339.513],"Rotation":0},{"Text":"30","TextBB":[547.802,334.726,553.702,339.513],"Rotation":0},{"Text":"40","TextBB":[573.172,334.726,579.031,339.513],"Rotation":0},{"Text":"50","TextBB":[598.543,334.726,604.401,339.513],"Rotation":0},{"Text":"60","TextBB":[623.871,334.726,629.771,339.513],"Rotation":0},{"Text":"70","TextBB":[649.242,334.726,655.1,339.513],"Rotation":0},{"Text":"80","TextBB":[674.265,334.726,680.124,339.513],"Rotation":0},{"Text":"90","TextBB":[699.594,334.726,705.494,339.513],"Rotation":0},{"Text":"100","TextBB":[723.608,334.726,732.489,339.513],"Rotation":0},{"Text":"Source","TextBB":[576.514,345.101,598.789,351.085],"Rotation":0},{"Text":"Updates","TextBB":[600.886,345.101,626.845,351.085],"Rotation":0},{"Text":"Source","TextBB":[233.051,347.068,255.21,353.025],"Rotation":0},{"Text":"Updates","TextBB":[257.254,347.068,283.082,353.025],"Rotation":0},{"Text":"(a)","TextBB":[180.5,366.891,196.819,378.161],"Rotation":0},{"Text":"Query","TextBB":[201.012,366.891,235.592,378.161],"Rotation":0},{"Text":"1","TextBB":[239.835,366.891,246.236,378.161],"Rotation":0},{"Text":"on","TextBB":[250.504,366.891,263.95,378.161],"Rotation":0},{"Text":"Data","TextBB":[268.342,366.891,295.915,378.161],"Rotation":0},{"Text":"Set","TextBB":[300.183,366.891,317.996,378.161],"Rotation":0},{"Text":"1","TextBB":[322.189,366.891,328.59,378.161],"Rotation":0},{"Text":"(b)","TextBB":[518,366.891,535.153,378.161],"Rotation":0},{"Text":"Query","TextBB":[539.172,366.891,573.752,378.161],"Rotation":0},{"Text":"2","TextBB":[577.995,366.891,584.396,378.161],"Rotation":0},{"Text":"on","TextBB":[588.664,366.891,602.11,378.161],"Rotation":0},{"Text":"Data","TextBB":[606.502,366.891,634.075,378.161],"Rotation":0},{"Text":"Set","TextBB":[638.343,366.891,656.156,378.161],"Rotation":0},{"Text":"1","TextBB":[660.349,366.891,666.75,378.161],"Rotation":0}],"Mention":["where \u201C?\u201D represents a context node.\nFor each pair of a data set and a query, 100 source updates\nwere randomly generated. The results of the time compari-\nson for all the updates are shown in Figures 4(a), 4(b), 5(a),\nand 5(b). The average time of the full re-computation and\nof the incremental view maintenance for all the 100 updates\nin the four diﬀerent conﬁgurations are shown in Table 1.\nThe ﬁgures and the table clearly establish the advantage\nof incremental view maintenance approach presented in this\npaper. For example, for the second data set and second\nquery, the full query takes 80 times longer to execute. In\nfact, the results also show that the proposed algorithm scales\nwell with both data size and query complexity. In particular,\nthe full re-computation time for query 1 increases by 4.5X\nfrom data set 1 to data set 2. In contrast, the incremental\nview maintenance time only increases by 2.6X. Similarly, the\nfull re-computation time for query 2 increases by 19X from\ndata set 1 to data set 2. The incremental view maintenance\ntime, on the other hand, increases only by 5X.\nThe table also shows more performance beneﬁts for more\ncomplex queries over larger data sets: for the small data\nset and simple query (Data set 1 and Query 1), the im-\nprovement of incremental view maintenance is 10X over full\nre-computation whereas for the large data set and complex\nquery (Data Set 2 and Query 2) the improvement is almost\n80X.\nThe ﬁgures show that some updates have taken almost\nno time to be processed while other updates have taken a\nrelatively signiﬁcant time; this is because the former class\nof updates did not result in any source queries being issued,\nwhile the latter class resulted in issuing some source queries.\n"],"Page":11,"Number":4,"Type":"Figure","CaptionBB":[152,400,693,413],"Height":1100,"Width":850,"DPI":100,"ImageBB":[101,187,735,381]}