{"Caption":"Figure 2. The cost of the chosen heuristic (deployed in the system) compared to the lower bound. The cost of LRU caching is also shown for comparison. ","ImageText":[{"Text":"WEB:","TextBB":[251.185,338.962,272.485,346.671],"Rotation":0},{"Text":"Heuristic\u2019s","TextBB":[274.802,338.962,313.227,346.671],"Rotation":0},{"Text":"cost","TextBB":[315.544,338.962,330.827,346.671],"Rotation":0},{"Text":"GROUP:","TextBB":[539.232,338.962,572.107,346.671],"Rotation":0},{"Text":"Heuristic\u2019s","TextBB":[574.423,338.962,612.848,346.671],"Rotation":0},{"Text":"cost","TextBB":[615.165,338.962,630.448,346.671],"Rotation":0},{"Text":"60k","TextBB":[467.232,353.511,480.665,361.219],"Rotation":0},{"Text":"Storage","TextBB":[248.792,360.768,277.975,368.476],"Rotation":0},{"Text":"constrained","TextBB":[280.292,360.768,323.367,368.476],"Rotation":0},{"Text":"bound","TextBB":[325.683,360.768,348.85,368.476],"Rotation":0},{"Text":"Greedy","TextBB":[263.635,369.101,290.96,376.81],"Rotation":0},{"Text":"global","TextBB":[293.276,369.101,315.51,376.81],"Rotation":0},{"Text":"heuristic","TextBB":[317.826,369.101,348.851,376.81],"Rotation":0},{"Text":"LRU","TextBB":[301.149,377.435,317.815,385.143],"Rotation":0},{"Text":"caching","TextBB":[320.132,377.435,348.849,385.143],"Rotation":0},{"Text":"400k","TextBB":[171.267,374.692,189.333,382.4],"Rotation":0},{"Text":"Replica","TextBB":[525.797,363.754,553.581,371.463],"Rotation":0},{"Text":"constrained","TextBB":[555.897,363.754,598.972,371.463],"Rotation":0},{"Text":"bound","TextBB":[601.289,363.754,624.456,371.463],"Rotation":0},{"Text":"Replica","TextBB":[517.942,372.087,545.725,379.796],"Rotation":0},{"Text":"constrained","TextBB":[548.042,372.087,591.117,379.796],"Rotation":0},{"Text":"heuristic","TextBB":[593.433,372.087,624.458,379.796],"Rotation":0},{"Text":"LRU","TextBB":[576.753,380.421,593.419,388.129],"Rotation":0},{"Text":"caching","TextBB":[595.736,380.421,624.453,388.129],"Rotation":0},{"Text":"50k","TextBB":[467.232,373.997,480.665,381.706],"Rotation":0},{"Text":"Cost","TextBB":[453.293,408.601,461.001,425.735],"Rotation":3},{"Text":"Cost","TextBB":[156.96,408.601,164.668,425.735],"Rotation":3},{"Text":"40k","TextBB":[467.232,394.483,480.665,402.192],"Rotation":0},{"Text":"300k","TextBB":[171.267,402.539,189.333,410.247],"Rotation":0},{"Text":"200k","TextBB":[171.267,430.421,189.333,438.129],"Rotation":0},{"Text":"30k","TextBB":[467.232,415.004,480.665,422.712],"Rotation":0},{"Text":"20k","TextBB":[467.232,435.49,480.665,443.199],"Rotation":0},{"Text":"10k","TextBB":[467.232,455.976,480.665,463.685],"Rotation":0},{"Text":"100k","TextBB":[171.267,458.268,189.333,465.976],"Rotation":0},{"Text":"0","TextBB":[476.032,476.462,480.665,484.171],"Rotation":0},{"Text":"95","TextBB":[189.699,484.796,198.965,492.504],"Rotation":0},{"Text":"99","TextBB":[238.032,484.796,247.299,492.504],"Rotation":0},{"Text":"99.9","TextBB":[282.89,484.796,299.107,492.504],"Rotation":0},{"Text":"QoS","TextBB":[265.067,497.296,281.742,505.004],"Rotation":0},{"Text":"Goal","TextBB":[284.058,497.296,301.658,505.004],"Rotation":0},{"Text":"(%)","TextBB":[303.975,497.296,316.933,505.004],"Rotation":0},{"Text":"99.99","TextBB":[328.907,484.796,349.757,492.504],"Rotation":0},{"Text":"99.999","TextBB":[374.924,484.796,400.407,492.504],"Rotation":0},{"Text":"95","TextBB":[481.032,484.796,490.299,492.504],"Rotation":0},{"Text":"99","TextBB":[530.615,484.796,539.882,492.504],"Rotation":0},{"Text":"99.9","TextBB":[576.724,484.796,592.94,492.504],"Rotation":0},{"Text":"QoS","TextBB":[558.9,497.296,575.575,505.004],"Rotation":0},{"Text":"Goal","TextBB":[577.892,497.296,595.492,505.004],"Rotation":0},{"Text":"(%)","TextBB":[597.808,497.296,610.767,505.004],"Rotation":0},{"Text":"99.99","TextBB":[623.99,484.796,644.84,492.504],"Rotation":0},{"Text":"99.999","TextBB":[671.257,484.796,696.74,492.504],"Rotation":0}],"Mention":["Here, we evaluate the robustness of the method by ob-\ntaining the actual cost of heuristics when applied in the sys-\ntem. The results are shown in Figure 2. In summary: 1) The\nproposed method identifies the right type of heuristic; the\ncost of the actual heuristic is below the second lowest bound\n(with the exception of the 99.99% point for WEB), indicat-\ning that it is impossible for any other examined class of\nheuristics to achieve the QoS goal at a lower cost. 2) Us-\ning caching, a popular heuristic, would result in up to 7.5\ntimes cost increase in our case study.\n"],"Page":9,"Number":2,"Type":"Figure","CaptionBB":[96,513,753,544],"Height":1100,"Width":850,"DPI":100,"ImageBB":[79,291,771,507]}