{"Caption":"Figure 19: Instantaneous delay behavior under distributed implementation (N = 10).","ImageText":[{"Text":"4","TextBB":[160.178,601.957,165.583,610.95],"Rotation":0},{"Text":"4","TextBB":[463.678,601.957,469.083,610.95],"Rotation":0},{"Text":"class","TextBB":[319.264,611.193,341.411,620.186],"Rotation":0},{"Text":"1","TextBB":[344.114,611.193,349.519,620.186],"Rotation":0},{"Text":"class","TextBB":[319.264,620.915,341.411,629.908],"Rotation":0},{"Text":"2","TextBB":[344.114,620.915,349.519,629.908],"Rotation":0},{"Text":"class","TextBB":[622.764,611.193,644.911,620.186],"Rotation":0},{"Text":"1","TextBB":[647.614,611.193,653.019,620.186],"Rotation":0},{"Text":"class","TextBB":[622.764,620.915,644.911,629.908],"Rotation":0},{"Text":"2","TextBB":[647.614,620.915,653.019,629.908],"Rotation":0},{"Text":"3.5","TextBB":[455.569,623.068,469.083,632.061],"Rotation":0},{"Text":"3","TextBB":[160.178,644.249,165.583,653.242],"Rotation":0},{"Text":"3","TextBB":[463.678,644.249,469.083,653.242],"Rotation":0},{"Text":"2.5","TextBB":[152.069,665.36,165.583,674.353],"Rotation":0},{"Text":"2.5","TextBB":[455.569,665.36,469.083,674.353],"Rotation":0},{"Text":"delay","TextBB":[431.318,678.66,440.311,701.896],"Rotation":3},{"Text":"delay","TextBB":[127.818,678.66,136.811,701.896],"Rotation":3},{"Text":"3.5","TextBB":[152.069,623.068,165.583,632.061],"Rotation":0},{"Text":"2","TextBB":[160.178,686.54,165.583,695.533],"Rotation":0},{"Text":"2","TextBB":[463.678,686.54,469.083,695.533],"Rotation":0},{"Text":"1.5","TextBB":[152.069,707.651,165.583,716.644],"Rotation":0},{"Text":"1.5","TextBB":[455.569,707.651,469.083,716.644],"Rotation":0},{"Text":"1","TextBB":[160.178,728.832,165.583,737.825],"Rotation":0},{"Text":"1","TextBB":[463.678,728.832,469.083,737.825],"Rotation":0},{"Text":"0.5","TextBB":[152.069,749.943,165.583,758.936],"Rotation":0},{"Text":"0.5","TextBB":[455.569,749.943,469.083,758.936],"Rotation":0},{"Text":"0","TextBB":[160.178,771.124,165.583,780.117],"Rotation":0},{"Text":"0","TextBB":[463.678,771.124,469.083,780.117],"Rotation":0},{"Text":"0","TextBB":[170.065,780.846,175.471,789.839],"Rotation":0},{"Text":"20","TextBB":[214.168,780.846,224.979,789.839],"Rotation":0},{"Text":"40","TextBB":[260.904,780.846,271.715,789.839],"Rotation":0},{"Text":"60","TextBB":[307.71,780.846,318.521,789.839],"Rotation":0},{"Text":"time(sec)","TextBB":[268.376,795.429,308.344,804.422],"Rotation":0},{"Text":"80","TextBB":[354.446,780.846,365.257,789.839],"Rotation":0},{"Text":"100","TextBB":[398.549,780.846,414.765,789.839],"Rotation":0},{"Text":"0","TextBB":[473.565,780.846,478.971,789.839],"Rotation":0},{"Text":"(a)","TextBB":[170.5,811.077,185.984,823.53],"Rotation":0},{"Text":"linear","TextBB":[189.317,811.077,220.948,823.53],"Rotation":0},{"Text":"mapping","TextBB":[224.282,811.077,273.043,823.53],"Rotation":0},{"Text":"20","TextBB":[517.668,780.846,528.479,789.839],"Rotation":0},{"Text":"40","TextBB":[564.404,780.846,575.215,789.839],"Rotation":0},{"Text":"60","TextBB":[611.21,780.846,622.021,789.839],"Rotation":0},{"Text":"time(sec)","TextBB":[571.876,795.429,611.844,804.422],"Rotation":0},{"Text":"80","TextBB":[657.946,780.846,668.757,789.839],"Rotation":0},{"Text":"(b)","TextBB":[515.709,811.077,532.023,823.53],"Rotation":0},{"Text":"piecewise","TextBB":[535.357,811.077,589.624,823.53],"Rotation":0},{"Text":"linear","TextBB":[592.957,811.077,624.589,823.53],"Rotation":0},{"Text":"mapping","TextBB":[627.922,811.077,676.684,823.53],"Rotation":0},{"Text":"100","TextBB":[702.049,780.846,718.265,789.839],"Rotation":0}],"Mention":["centralized implementation in terms of service differentiation. Fig. 19 further illustrates the instantaneous\n"],"Page":25,"Number":19,"Type":"Figure","CaptionBB":[163,840,680,857],"Height":1100,"Width":850,"DPI":100,"ImageBB":[125,599,720,825]}