{"Type":"Figure",
"Number": 5,
"Page": 4,
"DPI": 100,
"Width": 850,
"Height": 1100,
"CaptionBB": [459,676,765,779],
"Caption": "Figure 5. A visual summary of the notation introduced in this section. A) From (left) to (right) A candidate time series C, and a shorter query Q. The squared Euclidean distance between Q and the first n datapoints in C can be visualized as the sum of the squared lengths of the gray hatch lines. B) From (left) to (right) The query Q can be stretched to length p, producing a new time series QP. In this case, QP is a good match to the first p datapoints in C. ",
"ImageBB": [489,446,731,677],
"ImageText" : [
{"Rotation": 0,"TextBB": [571,454.125,578.393,466.394], "Text": "C"},
	{"Rotation": 0,"TextBB": [643,488.708,651.002,500.977], "Text": "D"},
	{"Rotation": 0,"TextBB": [651.667,488.708,673.47,500.977], "Text": "(Q,C"},
	{"Rotation": 0,"TextBB": [674.75,494.658,691.108,503.883], "Text": "[1:n]"},
	{"Rotation": 0,"TextBB": [691.167,488.708,694.857,500.977], "Text": ")"},
	{"Rotation": 0,"TextBB": [491.667,490.496,507.495,507.377], "Text": "A)"},
	{"Rotation": 0,"TextBB": [569.584,519.458,577.586,531.727], "Text": "Q"},
	{"Rotation": 0,"TextBB": [521.917,544.171,525.375,551.827], "Text": "0"},
	{"Rotation": 0,"TextBB": [542.417,544.171,552.875,551.827], "Text": "100"},
	{"Rotation": 0,"TextBB": [564.833,544.171,575.291,551.827], "Text": "200"},
	{"Rotation": 0,"TextBB": [587.417,544.171,597.875,551.827], "Text": "300"},
	{"Rotation": 0,"TextBB": [609.417,544.171,619.875,551.827], "Text": "400"},
	{"Rotation": 0,"TextBB": [549.25,600.291,557.252,612.561], "Text": "Q"},
	{"Rotation": 0,"TextBB": [645.667,615.541,653.669,627.811], "Text": "D"},
	{"Rotation": 0,"TextBB": [654.167,615.541,674.753,627.811], "Text": "(QP,"},
	{"Rotation": 0,"TextBB": [677.489,615.541,684.882,627.811], "Text": "C"},
	{"Rotation": 0,"TextBB": [687,621.658,703.275,630.883], "Text": "[1:p]"},
	{"Rotation": 0,"TextBB": [703.333,615.541,707.024,627.811], "Text": ")"},
	{"Rotation": 0,"TextBB": [492.583,617.579,507.661,634.461], "Text": "B)"},
	{"Rotation": 0,"TextBB": [590.417,649.708,604.577,661.977], "Text": "QP"},
	{"Rotation": 0,"TextBB": [523.75,669.171,527.208,676.827], "Text": "0"},
	{"Rotation": 0,"TextBB": [544.5,669.171,554.958,676.827], "Text": "100"},
	{"Rotation": 0,"TextBB": [566.917,669.171,577.375,676.827], "Text": "200"},
	{"Rotation": 0,"TextBB": [589.417,669.171,599.875,676.827], "Text": "300"},
	{"Rotation": 0,"TextBB": [611.333,669.171,621.791,676.827], "Text": "400"}
]}
