{"Caption":"Figure 5: Learning curves for the ABALONE (left) and KDD (right) sets.","ImageText":[{"Text":"1","TextBB":[189.629,405.796,192.062,411.212],"Rotation":0},{"Text":"1","TextBB":[441.296,405.796,443.728,411.212],"Rotation":0},{"Text":"0.9","TextBB":[437.647,421.264,443.728,426.68],"Rotation":0},{"Text":"0.9","TextBB":[185.981,425.671,192.062,431.087],"Rotation":0},{"Text":"0.8","TextBB":[437.647,436.703,443.728,442.119],"Rotation":0},{"Text":"0.8","TextBB":[185.981,445.546,192.062,450.962],"Rotation":0},{"Text":"%classes","TextBB":[428.31,480.037,433.726,498.512],"Rotation":3},{"Text":"discovered","TextBB":[428.31,457.668,433.726,478.821],"Rotation":3},{"Text":"%classes","TextBB":[176.643,480.037,182.059,498.512],"Rotation":3},{"Text":"discovered","TextBB":[176.643,457.668,182.059,478.821],"Rotation":3},{"Text":"0.7","TextBB":[437.647,452.171,443.728,457.587],"Rotation":0},{"Text":"0.7","TextBB":[185.981,465.421,192.062,470.837],"Rotation":0},{"Text":"0.6","TextBB":[185.981,485.296,192.062,490.712],"Rotation":0},{"Text":"0.6","TextBB":[437.647,467.64,443.728,473.057],"Rotation":0},{"Text":"0.5","TextBB":[437.647,483.076,443.728,488.493],"Rotation":0},{"Text":"0.4","TextBB":[437.647,498.546,443.728,503.962],"Rotation":0},{"Text":"0.5","TextBB":[185.981,505.171,192.062,510.587],"Rotation":0},{"Text":"0.3","TextBB":[437.647,514.014,443.728,519.43],"Rotation":0},{"Text":"0.4","TextBB":[185.981,525.046,192.062,530.462],"Rotation":0},{"Text":"0.3","TextBB":[185.981,544.921,192.062,550.337],"Rotation":0},{"Text":"lowlik","TextBB":[361.527,527.64,372.219,533.056],"Rotation":0},{"Text":"random","TextBB":[357.387,532.015,372.219,537.432],"Rotation":0},{"Text":"ambig","TextBB":[360.306,536.39,372.219,541.807],"Rotation":0},{"Text":"interleave","TextBB":[353.253,540.765,372.218,546.182],"Rotation":0},{"Text":"0","TextBB":[193.471,549.296,195.903,554.712],"Rotation":0},{"Text":"50","TextBB":[217.006,549.296,221.871,554.712],"Rotation":0},{"Text":"100","TextBB":[240.507,549.296,247.804,554.712],"Rotation":0},{"Text":"150","TextBB":[265.257,549.296,272.554,554.712],"Rotation":0},{"Text":"200","TextBB":[289.976,549.296,297.274,554.712],"Rotation":0},{"Text":"hints","TextBB":[289.006,555.858,298.246,561.275],"Rotation":0},{"Text":"250","TextBB":[314.726,549.296,322.024,554.712],"Rotation":0},{"Text":"300","TextBB":[339.444,549.296,346.742,554.712],"Rotation":0},{"Text":"350","TextBB":[364.194,549.296,371.492,554.712],"Rotation":0},{"Text":"lowlik","TextBB":[613.194,523.265,623.886,528.681],"Rotation":0},{"Text":"mix-ambig-lowlik","TextBB":[591.562,527.64,623.885,533.057],"Rotation":0},{"Text":"random","TextBB":[609.054,532.015,623.885,537.432],"Rotation":0},{"Text":"ambig","TextBB":[611.972,536.39,623.885,541.807],"Rotation":0},{"Text":"interleave","TextBB":[604.919,540.765,623.885,546.182],"Rotation":0},{"Text":"0.2","TextBB":[437.647,529.453,443.728,534.869],"Rotation":0},{"Text":"400","TextBB":[388.914,549.296,396.211,554.712],"Rotation":0},{"Text":"0.1","TextBB":[437.647,544.921,443.728,550.337],"Rotation":0},{"Text":"0","TextBB":[445.137,549.296,447.57,554.712],"Rotation":0},{"Text":"50","TextBB":[468.671,549.296,473.536,554.712],"Rotation":0},{"Text":"100","TextBB":[492.174,549.296,499.471,554.712],"Rotation":0},{"Text":"150","TextBB":[516.924,549.296,524.221,554.712],"Rotation":0},{"Text":"200","TextBB":[541.643,549.296,548.941,554.712],"Rotation":0},{"Text":"hints","TextBB":[540.672,555.858,549.912,561.275],"Rotation":0},{"Text":"250","TextBB":[566.393,549.296,573.691,554.712],"Rotation":0},{"Text":"300","TextBB":[591.111,549.296,598.409,554.712],"Rotation":0},{"Text":"350","TextBB":[615.861,549.296,623.159,554.712],"Rotation":0},{"Text":"400","TextBB":[640.581,549.296,647.878,554.712],"Rotation":0}],"Mention":["ABALONE set (Figure 5) is a very noisy set, in which random seems to be the best long-\nterm strategy. Again, note how ambig performs very poorly.\n","Due to resource limitations, results for kdd were obtained on a 50000-record random sub-\nsample of the original training set (which is roughly ten times bigger). This set has an ex-\ntremely skewed distribution of class sizes, and a large number of classes. In Figure 5 we see\nthat lowlik performs uncharacteristically poorly. Another surprise is that the combination\nof lowlik and ambig outperforms them both. It also matches interleave in performance,\nand this is the only case where we have seen it do so.\n"],"Page":6,"Number":5,"Type":"Figure","CaptionBB":[225,565,622,584],"Height":1169,"Width":826,"DPI":100,"ImageBB":[175,403,650,563]}