{"Caption":"Figure 15: The weighted and unweighted recall of \u201Cold\u201D FPS content summaries with respect to the \u201Ccurrent\u201D ones, as a function of the time T between updates and averaged over each database D in the data set, for different scheduling policies (τ = 0.5). ","ImageText":[{"Text":"0.76","TextBB":[115.357,184.215,128.74,190.819],"Rotation":0},{"Text":"0.445","TextBB":[437.794,184.215,454.999,190.819],"Rotation":0},{"Text":"0.440","TextBB":[437.794,205.483,454.999,212.087],"Rotation":0},{"Text":"0.75","TextBB":[115.357,219.607,128.74,226.211],"Rotation":0},{"Text":"0.435","TextBB":[437.794,226.669,454.999,233.273],"Rotation":0},{"Text":"0.430","TextBB":[437.794,247.854,454.999,254.458],"Rotation":0},{"Text":"Unweighted","TextBB":[427.042,285.269,433.646,321.582],"Rotation":3},{"Text":"Recall","TextBB":[427.042,264.306,433.646,283.365],"Rotation":3},{"Text":"Weighted","TextBB":[104.604,288.924,111.208,317.926],"Rotation":3},{"Text":"Recall","TextBB":[104.604,267.962,111.208,287.02],"Rotation":3},{"Text":"0.74","TextBB":[115.357,254.916,128.74,261.52],"Rotation":0},{"Text":"0.73","TextBB":[115.357,290.225,128.74,296.829],"Rotation":0},{"Text":"0.425","TextBB":[437.794,269.04,454.999,275.644],"Rotation":0},{"Text":"0.420","TextBB":[437.794,290.226,454.999,296.83],"Rotation":0},{"Text":"0.415","TextBB":[437.794,311.411,454.999,318.015],"Rotation":0},{"Text":"0.72","TextBB":[115.357,325.534,128.74,332.138],"Rotation":0},{"Text":"K,","TextBB":[490.799,330.27,497.283,336.874],"Rotation":0},{"Text":"tau","TextBB":[499.19,330.27,508.752,336.874],"Rotation":0},{"Text":"K,","TextBB":[490.799,338.163,497.283,344.767],"Rotation":0},{"Text":"size,","TextBB":[499.19,338.163,513.234,344.767],"Rotation":0},{"Text":"tau","TextBB":[515.142,338.163,524.703,344.767],"Rotation":0},{"Text":"Size,","TextBB":[490.799,346.056,505.923,352.659],"Rotation":0},{"Text":"tau","TextBB":[507.831,346.056,517.392,352.659],"Rotation":0},{"Text":"Naive","TextBB":[490.799,353.948,508.336,360.552],"Rotation":0},{"Text":"Bayes","TextBB":[490.799,361.841,509.695,368.445],"Rotation":0},{"Text":"0.410","TextBB":[437.794,332.597,454.999,339.2],"Rotation":0},{"Text":"K,","TextBB":[170.605,341.403,177.089,348.007],"Rotation":0},{"Text":"tau","TextBB":[178.996,341.403,188.557,348.007],"Rotation":0},{"Text":"K,","TextBB":[170.605,349.296,177.089,355.9],"Rotation":0},{"Text":"size,","TextBB":[178.996,349.296,193.04,355.9],"Rotation":0},{"Text":"tau","TextBB":[194.947,349.296,204.509,355.9],"Rotation":0},{"Text":"Size,","TextBB":[170.605,357.188,185.729,363.792],"Rotation":0},{"Text":"tau","TextBB":[187.636,357.188,197.198,363.792],"Rotation":0},{"Text":"Naive","TextBB":[170.605,365.081,188.142,371.685],"Rotation":0},{"Text":"Bayes","TextBB":[170.605,372.973,189.501,379.577],"Rotation":0},{"Text":"0.71","TextBB":[115.357,360.844,128.74,367.447],"Rotation":0},{"Text":"0.405","TextBB":[437.794,353.782,454.999,360.386],"Rotation":0},{"Text":"0.400","TextBB":[437.794,374.967,454.999,381.571],"Rotation":0},{"Text":"0.70","TextBB":[115.357,396.07,128.74,402.674],"Rotation":0},{"Text":"0.395","TextBB":[437.794,396.07,454.999,402.674],"Rotation":0},{"Text":"0","TextBB":[130.311,403.381,134.14,409.985],"Rotation":0},{"Text":"5","TextBB":[159.057,403.381,162.886,409.985],"Rotation":0},{"Text":"10","TextBB":[185.892,403.381,193.542,409.985],"Rotation":0},{"Text":"15","TextBB":[214.72,403.381,222.371,409.985],"Rotation":0},{"Text":"20","TextBB":[243.466,403.381,251.117,409.985],"Rotation":0},{"Text":"25","TextBB":[272.212,403.381,279.862,409.985],"Rotation":0},{"Text":"30","TextBB":[300.957,403.381,308.608,409.985],"Rotation":0},{"Text":"35","TextBB":[329.703,403.381,337.353,409.985],"Rotation":0},{"Text":"40","TextBB":[358.449,403.381,366.099,409.985],"Rotation":0},{"Text":"45","TextBB":[387.194,403.381,394.845,409.985],"Rotation":0},{"Text":"50","TextBB":[416.023,403.381,423.673,409.985],"Rotation":0},{"Text":"0","TextBB":[456.57,403.381,460.399,409.985],"Rotation":0},{"Text":"5","TextBB":[484.984,403.381,488.812,409.985],"Rotation":0},{"Text":"10","TextBB":[511.404,403.381,519.054,409.985],"Rotation":0},{"Text":"15","TextBB":[539.816,403.381,547.467,409.985],"Rotation":0},{"Text":"20","TextBB":[568.147,403.381,575.798,409.985],"Rotation":0},{"Text":"T","TextBB":[273.791,415.012,277.998,421.616],"Rotation":0},{"Text":"25","TextBB":[596.56,403.381,604.211,409.985],"Rotation":0},{"Text":"30","TextBB":[624.891,403.381,632.542,409.985],"Rotation":0},{"Text":"35","TextBB":[653.304,403.381,660.954,409.985],"Rotation":0},{"Text":"40","TextBB":[681.635,403.381,689.285,409.985],"Rotation":0},{"Text":"45","TextBB":[710.048,403.381,717.698,409.985],"Rotation":0},{"Text":"50","TextBB":[738.461,403.381,746.112,409.985],"Rotation":0},{"Text":"T","TextBB":[598.139,415.012,602.346,421.616],"Rotation":0}],"Mention":["no mention found","no mention found"],"Page":31,"Number":15,"Type":"Figure","CaptionBB":[98,430,750,480],"Height":1100,"Width":850,"DPI":100,"ImageBB":[102,182,748,422]}