{"Caption":"Figure 8: The weighted and unweighted precision of \u201Cold\u201D complete content summaries with respect to the \u201Ccurrent\u201D ones, as a function of the time T between updates and averaged over each database D in the data set, for different scheduling policies (τ = 0.5). ","ImageText":[{"Text":"0.94","TextBB":[437.794,99.8444,451.177,106.448],"Rotation":0},{"Text":"0.98","TextBB":[115.357,99.8445,128.74,106.448],"Rotation":0},{"Text":"0.92","TextBB":[437.794,115.048,451.177,121.652],"Rotation":0},{"Text":"0.96","TextBB":[115.357,123.439,128.74,130.043],"Rotation":0},{"Text":"0.90","TextBB":[437.794,130.169,451.177,136.773],"Rotation":0},{"Text":"0.88","TextBB":[437.794,145.289,451.177,151.893],"Rotation":0},{"Text":"0.94","TextBB":[115.357,146.951,128.74,153.555],"Rotation":0},{"Text":"0.86","TextBB":[437.794,160.41,451.177,167.014],"Rotation":0},{"Text":"Unweighted","TextBB":[427.042,205.467,433.646,241.78],"Rotation":3},{"Text":"Precision","TextBB":[427.042,175.392,433.646,203.563],"Rotation":3},{"Text":"Weighted","TextBB":[104.604,209.123,111.208,238.125],"Rotation":3},{"Text":"Precision","TextBB":[104.604,179.048,111.208,207.219],"Rotation":3},{"Text":"0.92","TextBB":[115.357,170.546,128.74,177.149],"Rotation":0},{"Text":"0.90","TextBB":[115.357,194.057,128.74,200.661],"Rotation":0},{"Text":"0.88","TextBB":[115.357,217.569,128.74,224.173],"Rotation":0},{"Text":"0.86","TextBB":[115.357,241.164,128.74,247.768],"Rotation":0},{"Text":"0.82","TextBB":[115.357,288.187,128.74,294.791],"Rotation":0},{"Text":"0.82","TextBB":[437.794,190.651,451.177,197.255],"Rotation":0},{"Text":"0.80","TextBB":[437.794,205.772,451.177,212.376],"Rotation":0},{"Text":"0.78","TextBB":[437.794,220.975,451.177,227.579],"Rotation":0},{"Text":"0.76","TextBB":[437.794,236.096,451.177,242.7],"Rotation":0},{"Text":"K,","TextBB":[488.224,244.902,494.708,251.506],"Rotation":0},{"Text":"tau","TextBB":[496.615,244.902,506.176,251.506],"Rotation":0},{"Text":"K,","TextBB":[488.224,252.795,494.708,259.399],"Rotation":0},{"Text":"size,","TextBB":[496.615,252.795,510.659,259.399],"Rotation":0},{"Text":"tau","TextBB":[512.566,252.795,522.128,259.399],"Rotation":0},{"Text":"Size,","TextBB":[488.224,260.688,503.348,267.292],"Rotation":0},{"Text":"tau","TextBB":[505.255,260.688,514.817,267.292],"Rotation":0},{"Text":"Naive","TextBB":[488.224,268.58,505.761,275.184],"Rotation":0},{"Text":"Sampling","TextBB":[488.224,276.473,516.977,283.077],"Rotation":0},{"Text":"Bayes","TextBB":[488.224,284.366,507.12,290.969],"Rotation":0},{"Text":"0.74","TextBB":[437.794,251.216,451.177,257.82],"Rotation":0},{"Text":"K,","TextBB":[160.137,256.451,166.621,263.055],"Rotation":0},{"Text":"tau","TextBB":[168.528,256.451,178.089,263.055],"Rotation":0},{"Text":"K,","TextBB":[160.137,264.343,166.621,270.947],"Rotation":0},{"Text":"size,","TextBB":[168.528,264.343,182.572,270.947],"Rotation":0},{"Text":"tau","TextBB":[184.479,264.343,194.041,270.947],"Rotation":0},{"Text":"Size,","TextBB":[160.137,272.236,175.261,278.84],"Rotation":0},{"Text":"tau","TextBB":[177.168,272.236,186.73,278.84],"Rotation":0},{"Text":"Naive","TextBB":[160.137,280.128,177.674,286.732],"Rotation":0},{"Text":"Sampling","TextBB":[160.137,288.021,188.89,294.625],"Rotation":0},{"Text":"Bayes","TextBB":[160.137,295.914,179.033,302.518],"Rotation":0},{"Text":"0.84","TextBB":[115.357,264.676,128.74,271.279],"Rotation":0},{"Text":"0.84","TextBB":[437.794,175.53,451.177,182.134],"Rotation":0},{"Text":"0.72","TextBB":[437.794,266.337,451.177,272.941],"Rotation":0},{"Text":"0.70","TextBB":[437.794,281.458,451.177,288.062],"Rotation":0},{"Text":"0.68","TextBB":[437.794,296.578,451.177,303.182],"Rotation":0},{"Text":"0.80","TextBB":[115.357,311.699,128.74,318.303],"Rotation":0},{"Text":"0.66","TextBB":[437.794,311.699,451.177,318.303],"Rotation":0},{"Text":"0","TextBB":[130.311,319.01,134.14,325.614],"Rotation":0},{"Text":"5","TextBB":[159.057,319.01,162.886,325.614],"Rotation":0},{"Text":"10","TextBB":[185.892,319.01,193.542,325.614],"Rotation":0},{"Text":"15","TextBB":[214.72,319.01,222.371,325.614],"Rotation":0},{"Text":"20","TextBB":[243.466,319.01,251.117,325.614],"Rotation":0},{"Text":"25","TextBB":[272.212,319.01,279.862,325.614],"Rotation":0},{"Text":"30","TextBB":[300.957,319.01,308.608,325.614],"Rotation":0},{"Text":"35","TextBB":[329.703,319.01,337.353,325.614],"Rotation":0},{"Text":"40","TextBB":[358.449,319.01,366.099,325.614],"Rotation":0},{"Text":"45","TextBB":[387.194,319.01,394.845,325.614],"Rotation":0},{"Text":"50","TextBB":[416.023,319.01,423.673,325.614],"Rotation":0},{"Text":"0","TextBB":[452.749,319.01,456.577,325.614],"Rotation":0},{"Text":"5","TextBB":[481.494,319.01,485.323,325.614],"Rotation":0},{"Text":"10","TextBB":[508.329,319.01,515.98,325.614],"Rotation":0},{"Text":"15","TextBB":[537.158,319.01,544.808,325.614],"Rotation":0},{"Text":"20","TextBB":[565.904,319.01,573.554,325.614],"Rotation":0},{"Text":"25","TextBB":[594.649,319.01,602.3,325.614],"Rotation":0},{"Text":"30","TextBB":[623.395,319.01,631.045,325.614],"Rotation":0},{"Text":"35","TextBB":[652.14,319.01,659.791,325.614],"Rotation":0},{"Text":"40","TextBB":[680.886,319.01,688.537,325.614],"Rotation":0},{"Text":"45","TextBB":[709.632,319.01,717.282,325.614],"Rotation":0},{"Text":"50","TextBB":[738.46,319.01,746.111,325.614],"Rotation":0}],"Mention":["no mention found","no mention found","no mention found"],"Page":21,"Number":8,"Type":"Figure","CaptionBB":[98,345,750,395],"Height":1100,"Width":850,"DPI":100,"ImageBB":[102,98,748,337]}