{"Caption":"Figure 10: The KL divergence of \u201Cold\u201D complete and QBS content summaries with respect to the \u201Ccurrent\u201D ones, as a function of the time T between updates and averaged over each database D in the data set, for different scheduling policies (τ = 0.5). ","ImageText":[{"Text":"0.76","TextBB":[437.794,99.8442,451.177,106.448],"Rotation":0},{"Text":"0.50","TextBB":[115.357,99.8445,128.74,106.448],"Rotation":0},{"Text":"0.74","TextBB":[437.794,117.54,451.177,124.144],"Rotation":0},{"Text":"0.45","TextBB":[115.357,123.439,128.74,130.043],"Rotation":0},{"Text":"K,","TextBB":[170.688,126.762,177.172,133.366],"Rotation":0},{"Text":"tau","TextBB":[179.079,126.762,188.64,133.366],"Rotation":0},{"Text":"K,","TextBB":[170.688,134.655,177.172,141.259],"Rotation":0},{"Text":"size,","TextBB":[179.079,134.655,193.123,141.259],"Rotation":0},{"Text":"tau","TextBB":[195.031,134.655,204.592,141.259],"Rotation":0},{"Text":"Size,","TextBB":[170.688,142.548,185.812,149.152],"Rotation":0},{"Text":"tau","TextBB":[187.719,142.548,197.281,149.152],"Rotation":0},{"Text":"Naive","TextBB":[170.688,150.44,188.225,157.044],"Rotation":0},{"Text":"Sampling","TextBB":[170.688,158.333,199.441,164.937],"Rotation":0},{"Text":"Bayes","TextBB":[170.688,166.226,189.584,172.829],"Rotation":0},{"Text":"0.40","TextBB":[115.357,146.951,128.74,153.555],"Rotation":0},{"Text":"0.70","TextBB":[437.794,152.849,451.177,159.453],"Rotation":0},{"Text":"0.68","TextBB":[437.794,170.545,451.177,177.149],"Rotation":0},{"Text":"KL-divergence","TextBB":[427.042,186.442,433.646,230.731],"Rotation":3},{"Text":"KL-divergence","TextBB":[104.604,186.442,111.208,230.731],"Rotation":3},{"Text":"0.35","TextBB":[115.357,170.546,128.74,177.149],"Rotation":0},{"Text":"K,","TextBB":[489.387,127.261,495.871,133.865],"Rotation":0},{"Text":"tau","TextBB":[497.778,127.261,507.339,133.865],"Rotation":0},{"Text":"K,","TextBB":[489.387,135.07,495.871,141.674],"Rotation":0},{"Text":"size,","TextBB":[497.778,135.07,511.822,141.674],"Rotation":0},{"Text":"tau","TextBB":[513.729,135.07,523.291,141.674],"Rotation":0},{"Text":"Size,","TextBB":[489.387,142.963,504.511,149.567],"Rotation":0},{"Text":"tau","TextBB":[506.418,142.963,515.98,149.567],"Rotation":0},{"Text":"Naive","TextBB":[489.387,150.856,506.924,157.46],"Rotation":0},{"Text":"Bayes","TextBB":[489.387,158.748,508.283,165.352],"Rotation":0},{"Text":"0.72","TextBB":[437.794,135.236,451.177,141.84],"Rotation":0},{"Text":"0.30","TextBB":[115.357,194.057,128.74,200.661],"Rotation":0},{"Text":"0.25","TextBB":[115.357,217.569,128.74,224.173],"Rotation":0},{"Text":"0.66","TextBB":[437.794,188.159,451.177,194.763],"Rotation":0},{"Text":"0.64","TextBB":[437.794,205.772,451.177,212.376],"Rotation":0},{"Text":"0.62","TextBB":[437.794,223.468,451.177,230.072],"Rotation":0},{"Text":"0.60","TextBB":[437.794,241.164,451.177,247.768],"Rotation":0},{"Text":"0.20","TextBB":[115.357,241.164,128.74,247.768],"Rotation":0},{"Text":"0.58","TextBB":[437.794,258.777,451.177,265.381],"Rotation":0},{"Text":"0.15","TextBB":[115.357,264.676,128.74,271.279],"Rotation":0},{"Text":"0.56","TextBB":[437.794,276.473,451.177,283.077],"Rotation":0},{"Text":"0.10","TextBB":[115.357,288.187,128.74,294.791],"Rotation":0},{"Text":"0.54","TextBB":[437.794,294.086,451.177,300.689],"Rotation":0},{"Text":"0.05","TextBB":[115.357,311.699,128.74,318.303],"Rotation":0},{"Text":"0.52","TextBB":[437.794,311.699,451.177,318.303],"Rotation":0},{"Text":"0","TextBB":[130.311,319.01,134.14,325.614],"Rotation":0},{"Text":"5","TextBB":[159.057,319.01,162.886,325.614],"Rotation":0},{"Text":"10","TextBB":[185.892,319.01,193.542,325.614],"Rotation":0},{"Text":"15","TextBB":[214.72,319.01,222.371,325.614],"Rotation":0},{"Text":"20","TextBB":[243.466,319.01,251.117,325.614],"Rotation":0},{"Text":"25","TextBB":[272.212,319.01,279.862,325.614],"Rotation":0},{"Text":"30","TextBB":[300.957,319.01,308.608,325.614],"Rotation":0},{"Text":"35","TextBB":[329.703,319.01,337.353,325.614],"Rotation":0},{"Text":"40","TextBB":[358.449,319.01,366.099,325.614],"Rotation":0},{"Text":"45","TextBB":[387.194,319.01,394.845,325.614],"Rotation":0},{"Text":"50","TextBB":[416.023,319.01,423.673,325.614],"Rotation":0},{"Text":"T","TextBB":[273.791,330.641,277.998,337.245],"Rotation":0},{"Text":"0","TextBB":[452.749,319.01,456.577,325.614],"Rotation":0},{"Text":"5","TextBB":[481.494,319.01,485.323,325.614],"Rotation":0},{"Text":"10","TextBB":[508.329,319.01,515.98,325.614],"Rotation":0},{"Text":"15","TextBB":[537.158,319.01,544.808,325.614],"Rotation":0},{"Text":"20","TextBB":[565.904,319.01,573.554,325.614],"Rotation":0},{"Text":"25","TextBB":[594.649,319.01,602.3,325.614],"Rotation":0},{"Text":"30","TextBB":[623.395,319.01,631.045,325.614],"Rotation":0},{"Text":"35","TextBB":[652.14,319.01,659.791,325.614],"Rotation":0},{"Text":"40","TextBB":[680.886,319.01,688.537,325.614],"Rotation":0},{"Text":"45","TextBB":[709.632,319.01,717.282,325.614],"Rotation":0},{"Text":"50","TextBB":[738.46,319.01,746.111,325.614],"Rotation":0},{"Text":"T","TextBB":[596.228,330.641,600.436,337.245],"Rotation":0},{"Text":"(a)","TextBB":[232.454,340.253,250.135,354.782],"Rotation":0},{"Text":"CMPL","TextBB":[254.738,340.253,295.112,354.782],"Rotation":0},{"Text":"(b)","TextBB":[559.795,340.253,578.246,354.782],"Rotation":0},{"Text":"QBS","TextBB":[582.857,340.253,610.986,354.782],"Rotation":0}],"Mention":["no mention found"],"Page":22,"Number":10,"Type":"Figure","CaptionBB":[98,362,750,412],"Height":1100,"Width":850,"DPI":100,"ImageBB":[102,98,748,358]}