{"Caption":"Figure 5: The attacker\u2019s progress in discovering monitored addresses. ","ImageText":[{"Text":"fraction","TextBB":[110.626,280.197,118.335,307.522],"Rotation":3},{"Text":"of","TextBB":[110.626,270.931,118.335,277.881],"Rotation":3},{"Text":"monitored","TextBB":[110.626,231.564,118.335,268.614],"Rotation":3},{"Text":"addresses","TextBB":[110.626,190.806,118.335,229.247],"Rotation":3},{"Text":"found","TextBB":[110.626,167.639,118.335,188.489],"Rotation":3},{"Text":"1","TextBB":[129.614,141.631,134.248,149.339],"Rotation":0},{"Text":"0.8","TextBB":[122.664,178.714,134.248,186.422],"Rotation":0},{"Text":"0.6","TextBB":[122.664,215.839,134.248,223.547],"Rotation":0},{"Text":"0.4","TextBB":[122.664,252.922,134.248,260.631],"Rotation":0},{"Text":"0.2","TextBB":[122.664,290.047,134.248,297.756],"Rotation":0},{"Text":"0","TextBB":[129.614,327.131,134.248,334.839],"Rotation":0},{"Text":"0","TextBB":[136.59,332.964,141.223,340.672],"Rotation":0},{"Text":"5","TextBB":[173.799,332.964,178.432,340.672],"Rotation":0},{"Text":"10","TextBB":[208.649,332.964,217.915,340.672],"Rotation":0},{"Text":"15","TextBB":[245.857,332.964,255.124,340.672],"Rotation":0},{"Text":"20","TextBB":[283.024,332.964,292.29,340.672],"Rotation":0},{"Text":"time","TextBB":[247.312,341.714,263.054,349.422],"Rotation":0},{"Text":"(days)","TextBB":[265.371,341.714,288.521,349.422],"Rotation":0},{"Text":"25","TextBB":[320.232,332.964,329.499,340.672],"Rotation":0},{"Text":"30","TextBB":[357.399,332.964,366.665,340.672],"Rotation":0},{"Text":"35","TextBB":[394.607,332.964,403.874,340.672],"Rotation":0},{"Text":"(a)","TextBB":[198.165,370.108,210.351,380.07],"Rotation":0},{"Text":"T1","TextBB":[213.331,370.108,225.699,380.07],"Rotation":0},{"Text":"adversary","TextBB":[228.331,370.108,270.622,380.07],"Rotation":0},{"Text":"progress.","TextBB":[273.753,370.108,313.61,380.07],"Rotation":0},{"Text":"fraction","TextBB":[110.625,551.532,118.334,578.857],"Rotation":3},{"Text":"of","TextBB":[110.625,542.265,118.334,549.215],"Rotation":3},{"Text":"monitored","TextBB":[110.625,502.899,118.334,539.949],"Rotation":3},{"Text":"addresses","TextBB":[110.625,462.14,118.334,500.582],"Rotation":3},{"Text":"found","TextBB":[110.625,438.974,118.334,459.824],"Rotation":3},{"Text":"1","TextBB":[129.613,412.964,134.247,420.672],"Rotation":0},{"Text":"0.8","TextBB":[122.663,450.047,134.247,457.756],"Rotation":0},{"Text":"0.6","TextBB":[122.663,487.172,134.247,494.881],"Rotation":0},{"Text":"0.4","TextBB":[122.663,524.256,134.247,531.964],"Rotation":0},{"Text":"0.2","TextBB":[122.663,561.381,134.247,569.089],"Rotation":0},{"Text":"0","TextBB":[129.613,598.464,134.247,606.172],"Rotation":0},{"Text":"0","TextBB":[136.589,604.297,141.222,612.006],"Rotation":0},{"Text":"0.5","TextBB":[159.156,604.297,170.739,612.006],"Rotation":0},{"Text":"1","TextBB":[188.672,604.297,193.306,612.006],"Rotation":0},{"Text":"1.5","TextBB":[211.197,604.297,222.781,612.006],"Rotation":0},{"Text":"2","TextBB":[240.714,604.297,245.347,612.006],"Rotation":0},{"Text":"2.5","TextBB":[263.281,604.297,274.864,612.006],"Rotation":0},{"Text":"3","TextBB":[292.797,604.297,297.431,612.006],"Rotation":0},{"Text":"time","TextBB":[247.311,613.047,263.053,620.756],"Rotation":0},{"Text":"(days)","TextBB":[265.369,613.047,288.519,620.756],"Rotation":0},{"Text":"3.5","TextBB":[315.364,604.297,326.947,612.006],"Rotation":0},{"Text":"4","TextBB":[344.839,604.297,349.472,612.006],"Rotation":0},{"Text":"4.5","TextBB":[367.406,604.297,378.989,612.006],"Rotation":0},{"Text":"5","TextBB":[396.922,604.297,401.556,612.006],"Rotation":0},{"Text":"(b)","TextBB":[197.997,641.441,210.85,651.403],"Rotation":0},{"Text":"T3","TextBB":[213.663,641.441,226.032,651.403],"Rotation":0},{"Text":"adversary","TextBB":[228.663,641.441,270.954,651.403],"Rotation":0},{"Text":"progress.","TextBB":[274.085,641.441,313.942,651.403],"Rotation":0},{"Text":"fraction","TextBB":[110.624,822.867,118.332,850.192],"Rotation":3},{"Text":"of","TextBB":[110.624,813.6,118.332,820.55],"Rotation":3},{"Text":"monitored","TextBB":[110.624,774.233,118.332,811.283],"Rotation":3},{"Text":"addresses","TextBB":[110.624,733.475,118.332,771.917],"Rotation":3},{"Text":"found","TextBB":[110.624,710.308,118.332,731.158],"Rotation":3},{"Text":"1","TextBB":[129.612,684.299,134.245,692.007],"Rotation":0},{"Text":"0.8","TextBB":[122.662,721.382,134.246,729.09],"Rotation":0},{"Text":"0.6","TextBB":[122.662,758.508,134.246,766.217],"Rotation":0},{"Text":"0.4","TextBB":[122.662,795.59,134.246,803.299],"Rotation":0},{"Text":"0.2","TextBB":[122.662,832.715,134.246,840.424],"Rotation":0},{"Text":"0","TextBB":[129.612,869.8,134.245,877.508],"Rotation":0},{"Text":"0","TextBB":[136.587,875.632,141.221,883.34],"Rotation":0},{"Text":"0.5","TextBB":[176.488,875.632,188.071,883.34],"Rotation":0},{"Text":"1","TextBB":[223.379,875.632,228.012,883.34],"Rotation":0},{"Text":"1.5","TextBB":[263.279,875.632,274.863,883.34],"Rotation":0},{"Text":"time","TextBB":[247.311,884.382,263.053,892.09],"Rotation":0},{"Text":"(days)","TextBB":[265.369,884.382,288.519,892.09],"Rotation":0},{"Text":"2","TextBB":[310.129,875.632,314.762,883.34],"Rotation":0},{"Text":"2.5","TextBB":[350.071,875.632,361.654,883.34],"Rotation":0},{"Text":"(c)","TextBB":[193.996,912.777,206.182,922.74],"Rotation":0},{"Text":"OC6","TextBB":[208.995,912.777,229.863,922.74],"Rotation":0},{"Text":"adversary","TextBB":[232.661,912.777,274.952,922.74],"Rotation":0},{"Text":"progress.","TextBB":[278.083,912.777,317.94,922.74],"Rotation":0},{"Text":"3","TextBB":[396.921,875.632,401.554,883.34],"Rotation":0}],"Mention":["As can be seen from Figure 5(b), the T3 attacker is able\nto quickly send the number of probes required by the first\nstage of the attack and the following iterations of the sec-\nond stage. With a maximum upload throughput of about\n626 million SYN packets in a two hour period, the T3\nattacker can complete the first stage of the attack in 23\nhours. Since the first stage of the attack requires over\n8 billion packets, the T3 attacker has already sent the\nmajority of the 14 billion packets required for the entire\nattack and is well ahead of where the T1 attacker was at\nthe same time.\n"],"Page":9,"Number":5,"Type":"Figure","CaptionBB":[129,950,380,979],"Height":1100,"Width":850,"DPI":100,"ImageBB":[108,139,406,925]}