{"Caption":"Figure 7: Benign connection eviction rate as a function of different memory sizes and zombie data rates: dialup zombies (56 Kbps), DSL zombies (384 Kbps) and high-speed zombies (10 Mbps). (a) Total available memory, M=512 MB and average legitimate buffer occupancy Ml =30 KB (b) M=128 MB, Ml =30 KB (c) M=512 KB, Ml =180 KB (d) M=128 MB, Ml =180 KB. For all cases, we assume a 2 KB page size and a per-connection buffer threshold of 25 KB (T < 13 pages). ","ImageText":[{"Text":"10000","TextBB":[442.326,95.5035,461.091,101.747],"Rotation":0},{"Text":"1000","TextBB":[172.746,118.453,187.758,124.697],"Rotation":0},{"Text":"1000","TextBB":[446.079,118.453,461.091,124.697],"Rotation":0},{"Text":"Benign","TextBB":[430.82,217.068,437.064,238.081],"Rotation":3},{"Text":"connections","TextBB":[430.82,179.173,437.064,215.191],"Rotation":3},{"Text":"evtcited","TextBB":[430.82,154.036,437.064,177.297],"Rotation":3},{"Text":"per","TextBB":[430.82,142.406,437.064,152.16],"Rotation":3},{"Text":"second","TextBB":[430.82,118.768,437.064,140.53],"Rotation":3},{"Text":"Benign","TextBB":[157.487,217.069,163.731,238.082],"Rotation":3},{"Text":"connections","TextBB":[157.487,179.175,163.731,215.193],"Rotation":3},{"Text":"evtcited","TextBB":[157.487,154.038,163.731,177.298],"Rotation":3},{"Text":"per","TextBB":[157.487,142.407,163.731,152.161],"Rotation":3},{"Text":"second","TextBB":[157.487,118.769,163.731,140.531],"Rotation":3},{"Text":"10000","TextBB":[168.993,95.5035,187.758,101.747],"Rotation":0},{"Text":"100","TextBB":[176.499,141.404,187.758,147.647],"Rotation":0},{"Text":"10","TextBB":[180.253,164.353,187.759,170.597],"Rotation":0},{"Text":"1","TextBB":[184.006,187.304,187.759,193.547],"Rotation":0},{"Text":"0.1","TextBB":[178.376,210.254,187.759,216.497],"Rotation":0},{"Text":"0.01","TextBB":[174.622,233.203,187.758,239.447],"Rotation":0},{"Text":"r","TextBB":[347.194,236.916,349.441,243.16],"Rotation":0},{"Text":"=","TextBB":[351.318,236.916,355.26,243.16],"Rotation":0},{"Text":"10Mbps","TextBB":[357.137,236.916,381.146,243.16],"Rotation":0},{"Text":"r","TextBB":[344.561,243.666,346.809,249.91],"Rotation":0},{"Text":"=","TextBB":[348.685,243.666,352.627,249.91],"Rotation":0},{"Text":"384Kbps","TextBB":[354.504,243.666,381.146,249.91],"Rotation":0},{"Text":"r","TextBB":[348.314,250.416,350.562,256.66],"Rotation":0},{"Text":"=","TextBB":[352.438,250.416,356.38,256.66],"Rotation":0},{"Text":"56Kbps","TextBB":[358.257,250.416,381.146,256.66],"Rotation":0},{"Text":"0.001","TextBB":[170.869,256.154,187.758,262.397],"Rotation":0},{"Text":"0","TextBB":[189.932,262.904,193.685,269.147],"Rotation":0},{"Text":"50000","TextBB":[225.438,262.904,244.202,269.147],"Rotation":0},{"Text":"100000","TextBB":[266.536,262.904,289.054,269.147],"Rotation":0},{"Text":"150000","TextBB":[309.549,262.904,332.067,269.147],"Rotation":0},{"Text":"200000","TextBB":[352.524,262.904,375.042,269.147],"Rotation":0},{"Text":"100","TextBB":[449.832,141.404,461.091,147.647],"Rotation":0},{"Text":"10","TextBB":[453.586,164.353,461.092,170.597],"Rotation":0},{"Text":"1","TextBB":[457.339,187.304,461.092,193.547],"Rotation":0},{"Text":"0.1","TextBB":[451.708,210.254,461.091,216.497],"Rotation":0},{"Text":"0.01","TextBB":[447.956,233.203,461.091,239.447],"Rotation":0},{"Text":"r","TextBB":[620.527,236.916,622.775,243.16],"Rotation":0},{"Text":"=","TextBB":[624.651,236.916,628.593,243.16],"Rotation":0},{"Text":"10Mbps","TextBB":[630.47,236.916,654.48,243.16],"Rotation":0},{"Text":"r","TextBB":[617.894,243.666,620.142,249.91],"Rotation":0},{"Text":"=","TextBB":[622.019,243.666,625.961,249.91],"Rotation":0},{"Text":"384Kbps","TextBB":[627.837,243.666,654.479,249.91],"Rotation":0},{"Text":"r","TextBB":[621.647,250.416,623.895,256.66],"Rotation":0},{"Text":"=","TextBB":[625.771,250.416,629.713,256.66],"Rotation":0},{"Text":"56Kbps","TextBB":[631.59,250.416,654.479,256.66],"Rotation":0},{"Text":"0.001","TextBB":[444.203,256.154,461.091,262.397],"Rotation":0},{"Text":"250000","TextBB":[395.536,262.904,418.054,269.147],"Rotation":0},{"Text":"0","TextBB":[463.265,262.904,467.018,269.147],"Rotation":0},{"Text":"10000","TextBB":[490.183,262.904,508.948,269.147],"Rotation":0},{"Text":"20000","TextBB":[524.646,262.904,543.411,269.147],"Rotation":0},{"Text":"#","TextBB":[286.079,273.029,289.832,279.272],"Rotation":0},{"Text":"Zombies","TextBB":[291.709,273.029,317.588,279.272],"Rotation":0},{"Text":"1000","TextBB":[172.746,361.287,187.758,367.531],"Rotation":0},{"Text":"1000","TextBB":[446.079,361.287,461.091,367.531],"Rotation":0},{"Text":"Benign","TextBB":[430.82,459.901,437.064,480.914],"Rotation":3},{"Text":"connections","TextBB":[430.82,422.007,437.064,458.025],"Rotation":3},{"Text":"evtcited","TextBB":[430.82,396.87,437.064,420.13],"Rotation":3},{"Text":"per","TextBB":[430.82,385.239,437.064,394.993],"Rotation":3},{"Text":"second","TextBB":[430.82,361.601,437.064,383.363],"Rotation":3},{"Text":"Benign","TextBB":[157.487,459.901,163.731,480.914],"Rotation":3},{"Text":"connections","TextBB":[157.487,422.007,163.731,458.025],"Rotation":3},{"Text":"evtcited","TextBB":[157.487,396.87,163.731,420.13],"Rotation":3},{"Text":"per","TextBB":[157.487,385.239,163.731,394.993],"Rotation":3},{"Text":"second","TextBB":[157.487,361.601,163.731,383.363],"Rotation":3},{"Text":"10000","TextBB":[442.326,338.337,461.091,344.581],"Rotation":0},{"Text":"100","TextBB":[176.499,384.237,187.758,390.481],"Rotation":0},{"Text":"10","TextBB":[180.253,407.187,187.759,413.431],"Rotation":0},{"Text":"1","TextBB":[184.006,430.137,187.759,436.381],"Rotation":0},{"Text":"0.1","TextBB":[178.375,453.087,187.757,459.331],"Rotation":0},{"Text":"r","TextBB":[347.194,479.749,349.441,485.993],"Rotation":0},{"Text":"=","TextBB":[351.318,479.749,355.26,485.993],"Rotation":0},{"Text":"10Mbps","TextBB":[357.137,479.749,381.146,485.993],"Rotation":0},{"Text":"r","TextBB":[344.561,486.499,346.809,492.743],"Rotation":0},{"Text":"=","TextBB":[348.685,486.499,352.627,492.743],"Rotation":0},{"Text":"384Kbps","TextBB":[354.504,486.499,381.146,492.743],"Rotation":0},{"Text":"r","TextBB":[348.314,493.249,350.562,499.493],"Rotation":0},{"Text":"=","TextBB":[352.438,493.249,356.38,499.493],"Rotation":0},{"Text":"56Kbps","TextBB":[358.257,493.249,381.146,499.493],"Rotation":0},{"Text":"0","TextBB":[189.932,505.737,193.685,511.981],"Rotation":0},{"Text":"50000","TextBB":[225.438,505.737,244.202,511.981],"Rotation":0},{"Text":"100000","TextBB":[266.574,505.737,289.092,511.981],"Rotation":0},{"Text":"150000","TextBB":[309.586,505.737,332.104,511.981],"Rotation":0},{"Text":"#","TextBB":[286.079,515.862,289.832,522.106],"Rotation":0},{"Text":"Zombies","TextBB":[291.709,515.862,317.588,522.106],"Rotation":0},{"Text":"50000","TextBB":[627.996,262.904,646.761,269.147],"Rotation":0},{"Text":"60000","TextBB":[662.421,262.904,681.186,269.147],"Rotation":0},{"Text":"(b)","TextBB":[553.833,294.273,566.652,304.235],"Rotation":0},{"Text":"10000","TextBB":[168.993,338.337,187.758,344.581],"Rotation":0},{"Text":"0.001","TextBB":[170.869,498.987,187.758,505.231],"Rotation":0},{"Text":"40000","TextBB":[593.533,262.904,612.298,269.147],"Rotation":0},{"Text":"#","TextBB":[559.412,273.029,563.165,279.272],"Rotation":0},{"Text":"Zombies","TextBB":[565.042,273.029,590.921,279.272],"Rotation":0},{"Text":"(a)","TextBB":[280.667,294.273,292.821,304.235],"Rotation":0},{"Text":"0.01","TextBB":[174.622,476.037,187.758,482.281],"Rotation":0},{"Text":"30000","TextBB":[559.108,262.904,577.873,269.147],"Rotation":0},{"Text":"200000","TextBB":[352.599,505.737,375.117,511.981],"Rotation":0},{"Text":"100","TextBB":[449.832,384.237,461.091,390.481],"Rotation":0},{"Text":"10","TextBB":[453.585,407.187,461.091,413.431],"Rotation":0},{"Text":"1","TextBB":[457.339,430.137,461.092,436.381],"Rotation":0},{"Text":"0.1","TextBB":[451.708,453.087,461.091,459.331],"Rotation":0},{"Text":"0.01","TextBB":[447.956,476.037,461.091,482.281],"Rotation":0},{"Text":"r","TextBB":[620.527,479.749,622.775,485.993],"Rotation":0},{"Text":"=","TextBB":[624.651,479.749,628.593,485.993],"Rotation":0},{"Text":"10Mbps","TextBB":[630.47,479.749,654.48,485.993],"Rotation":0},{"Text":"r","TextBB":[617.894,486.499,620.142,492.743],"Rotation":0},{"Text":"=","TextBB":[622.019,486.499,625.961,492.743],"Rotation":0},{"Text":"384Kbps","TextBB":[627.837,486.499,654.479,492.743],"Rotation":0},{"Text":"r","TextBB":[621.647,493.249,623.895,499.493],"Rotation":0},{"Text":"=","TextBB":[625.771,493.249,629.713,499.493],"Rotation":0},{"Text":"56Kbps","TextBB":[631.59,493.249,654.479,499.493],"Rotation":0},{"Text":"0.001","TextBB":[444.203,498.987,461.091,505.231],"Rotation":0},{"Text":"250000","TextBB":[395.611,505.737,418.129,511.981],"Rotation":0},{"Text":"(c)","TextBB":[280.667,537.106,292.821,547.069],"Rotation":0},{"Text":"0","TextBB":[463.265,505.737,467.018,511.981],"Rotation":0},{"Text":"10000","TextBB":[490.258,505.737,509.023,511.981],"Rotation":0},{"Text":"20000","TextBB":[524.721,505.737,543.486,511.981],"Rotation":0},{"Text":"30000","TextBB":[559.221,505.737,577.986,511.981],"Rotation":0},{"Text":"40000","TextBB":[593.683,505.737,612.448,511.981],"Rotation":0},{"Text":"#","TextBB":[559.412,515.862,563.165,522.106],"Rotation":0},{"Text":"Zombies","TextBB":[565.042,515.862,590.921,522.106],"Rotation":0},{"Text":"50000","TextBB":[628.183,505.737,646.948,511.981],"Rotation":0},{"Text":"60000","TextBB":[662.683,505.737,681.448,511.981],"Rotation":0},{"Text":"(d)","TextBB":[553.833,537.106,566.652,547.069],"Rotation":0}],"Mention":["the degree of damage in a real life scenario, we pick three\ndifferent zombie data-rates: 56 Kbps for dial-up zombies,\n384 Kbps for the zombies with DSL, and 10 Mbps for\nhigh-speed zombies. With all these parameters fixed, the\nrate of collateral damage, E, can be plotted as a function\nof the number of zombies and their data rate r, as shown\nin Figure 7.\nEach curve has three distinct regions: the first region\nwhen the eviction rate of benign connections is zero, cor-\nresponding to Case 1 analyzed above; the second region\nwhere the eviction rate increases quadratically with the\nnumber of zombies, reflecting Case 2b (it\u2019s in the ad-\nversary\u2019s interest to create large holes); and the third re-\ngion where the eviction rate increases linearly, reflecting\nCase 2a (the adversary is better off creating small holes).\nNote that the Y-axis is log-scaled. The abrupt change in\neviction rate from region 2 to region 3 arises due to the as-\nsumption that all the connections of an adversary occupy\n"],"Page":14,"Number":7,"Type":"Figure","CaptionBB":[98,574,750,634],"Height":1100,"Width":850,"DPI":100,"ImageBB":[155,94,688,548]}