{"Type":"Figure",
"Number": 1,
"Page": 7,
"DPI": 100,
"Width": 826,
"Height": 1169,
"CaptionBB": [172,222,675,240],
"Caption": "Figure 1: AUC of the iid baseline and the three bias-corrected filters versus size of |Un+1 |.",
"ImageBB": [155,94,691,215],
"ImageText" : [
{"Rotation": 0,"TextBB": [241.613,96.3753,271.542,103.815], "Text": "Williams"},
	{"Rotation": 0,"TextBB": [428.743,96.3753,446.623,103.815], "Text": "Beck"},
	{"Rotation": 0,"TextBB": [595.61,96.3753,624.662,103.815], "Text": "German"},
	{"Rotation": 0,"TextBB": [626.899,96.3753,653.715,103.815], "Text": "traveler"},
	{"Rotation": 0,"TextBB": [169.295,105.173,189.419,112.613], "Text": "0.996"},
	{"Rotation": 0,"TextBB": [169.295,166.351,189.419,173.791], "Text": "0.992"},
	{"Rotation": 0,"TextBB": [259.155,148.908,288.199,156.348], "Text": "Dirichlet"},
	{"Rotation": 0,"TextBB": [235.455,156.951,248.871,164.391], "Text": "one"},
	{"Rotation": 0,"TextBB": [251.107,156.951,265.408,164.391], "Text": "size"},
	{"Rotation": 0,"TextBB": [267.644,156.951,277.923,164.391], "Text": "fits"},
	{"Rotation": 0,"TextBB": [280.159,156.951,288.202,164.391], "Text": "all"},
	{"Rotation": 0,"TextBB": [254.675,164.995,288.199,172.435], "Text": "individual"},
	{"Rotation": 0,"TextBB": [247.968,173.037,256.011,180.477], "Text": "iid"},
	{"Rotation": 0,"TextBB": [258.247,173.037,288.2,180.477], "Text": "baseline"},
	{"Rotation": 0,"TextBB": [535.32,124.125,559.916,131.565], "Text": "0.9972"},
	{"Rotation": 3,"TextBB": [527.041,141.87,534.481,158.849], "Text": "AUC"},
	{"Rotation": 0,"TextBB": [169.295,135.738,189.419,143.178], "Text": "0.994"},
	{"Rotation": 3,"TextBB": [338.453,141.87,345.893,158.849], "Text": "AUC"},
	{"Rotation": 3,"TextBB": [157.347,141.87,164.787,158.849], "Text": "AUC"},
	{"Rotation": 0,"TextBB": [350.401,120.958,370.525,128.398], "Text": "0.992"},
	{"Rotation": 0,"TextBB": [354.871,141.97,370.523,149.41], "Text": "0.99"},
	{"Rotation": 0,"TextBB": [350.401,162.984,370.525,170.424], "Text": "0.988"},
	{"Rotation": 0,"TextBB": [350.401,183.996,370.525,191.436], "Text": "0.986"},
	{"Rotation": 0,"TextBB": [197.182,197.319,201.654,204.759], "Text": "1"},
	{"Rotation": 0,"TextBB": [207.588,197.319,212.06,204.759], "Text": "2"},
	{"Rotation": 0,"TextBB": [217.993,197.319,222.465,204.759], "Text": "4"},
	{"Rotation": 0,"TextBB": [228.348,197.319,232.821,204.759], "Text": "8"},
	{"Rotation": 0,"TextBB": [246.925,197.319,255.869,204.759], "Text": "32"},
	{"Rotation": 0,"TextBB": [265.452,197.319,278.868,204.759], "Text": "128"},
	{"Rotation": 0,"TextBB": [286.214,197.319,299.63,204.759], "Text": "512"},
	{"Rotation": 0,"TextBB": [304.789,197.319,322.677,204.759], "Text": "2048"},
	{"Rotation": 0,"TextBB": [203.837,206.97,218.138,214.41], "Text": "size"},
	{"Rotation": 0,"TextBB": [220.374,206.97,227.082,214.41], "Text": "of"},
	{"Rotation": 0,"TextBB": [229.318,206.97,250.769,214.41], "Text": "user’s"},
	{"Rotation": 0,"TextBB": [253.005,206.97,287.881,214.41], "Text": "unlabeled"},
	{"Rotation": 0,"TextBB": [290.117,206.97,309.34,214.41], "Text": "inbox"},
	{"Rotation": 0,"TextBB": [440.261,154.59,469.305,162.03], "Text": "Dirichlet"},
	{"Rotation": 0,"TextBB": [416.561,162.631,429.977,170.071], "Text": "one"},
	{"Rotation": 0,"TextBB": [432.213,162.631,446.514,170.071], "Text": "size"},
	{"Rotation": 0,"TextBB": [448.75,162.631,459.029,170.071], "Text": "fits"},
	{"Rotation": 0,"TextBB": [461.265,162.631,469.309,170.071], "Text": "all"},
	{"Rotation": 0,"TextBB": [435.781,170.676,469.306,178.116], "Text": "individual"},
	{"Rotation": 0,"TextBB": [429.074,178.718,437.118,186.158], "Text": "iid"},
	{"Rotation": 0,"TextBB": [439.354,178.718,469.307,186.158], "Text": "baseline"},
	{"Rotation": 0,"TextBB": [591.531,131.214,620.576,138.654], "Text": "Dirichlet"},
	{"Rotation": 0,"TextBB": [591.532,139.257,604.948,146.697], "Text": "one"},
	{"Rotation": 0,"TextBB": [607.184,139.257,621.485,146.697], "Text": "size"},
	{"Rotation": 0,"TextBB": [623.721,139.257,634,146.697], "Text": "fits"},
	{"Rotation": 0,"TextBB": [636.236,139.257,644.28,146.697], "Text": "all"},
	{"Rotation": 0,"TextBB": [539.792,147.803,559.916,155.243], "Text": "0.997"},
	{"Rotation": 0,"TextBB": [591.532,154.437,625.056,161.877], "Text": "individual"},
	{"Rotation": 0,"TextBB": [591.532,162.481,599.575,169.921], "Text": "iid"},
	{"Rotation": 0,"TextBB": [601.811,162.481,631.764,169.921], "Text": "baseline"},
	{"Rotation": 0,"TextBB": [535.32,171.53,559.916,178.97], "Text": "0.9968"},
	{"Rotation": 0,"TextBB": [378.288,197.319,382.76,204.759], "Text": "1"},
	{"Rotation": 0,"TextBB": [388.694,197.319,393.166,204.759], "Text": "2"},
	{"Rotation": 0,"TextBB": [399.099,197.319,403.571,204.759], "Text": "4"},
	{"Rotation": 0,"TextBB": [409.455,197.319,413.927,204.759], "Text": "8"},
	{"Rotation": 0,"TextBB": [428.032,197.319,436.976,204.759], "Text": "32"},
	{"Rotation": 0,"TextBB": [446.558,197.319,459.974,204.759], "Text": "128"},
	{"Rotation": 0,"TextBB": [467.32,197.319,480.736,204.759], "Text": "512"},
	{"Rotation": 0,"TextBB": [485.895,197.319,503.783,204.759], "Text": "2048"},
	{"Rotation": 0,"TextBB": [384.943,206.97,399.244,214.41], "Text": "size"},
	{"Rotation": 0,"TextBB": [401.48,206.97,408.188,214.41], "Text": "of"},
	{"Rotation": 0,"TextBB": [410.424,206.97,431.875,214.41], "Text": "user’s"},
	{"Rotation": 0,"TextBB": [434.111,206.97,468.987,214.41], "Text": "unlabeled"},
	{"Rotation": 0,"TextBB": [471.223,206.97,490.446,214.41], "Text": "inbox"},
	{"Rotation": 0,"TextBB": [567.477,197.319,571.95,204.759], "Text": "1"},
	{"Rotation": 0,"TextBB": [577.482,197.319,581.954,204.759], "Text": "2"},
	{"Rotation": 0,"TextBB": [587.486,197.319,591.958,204.759], "Text": "4"},
	{"Rotation": 0,"TextBB": [597.439,197.319,601.911,204.759], "Text": "8"},
	{"Rotation": 0,"TextBB": [615.212,197.319,624.156,204.759], "Text": "32"},
	{"Rotation": 0,"TextBB": [632.934,197.319,646.35,204.759], "Text": "128"},
	{"Rotation": 0,"TextBB": [652.89,197.319,666.306,204.759], "Text": "512"},
	{"Rotation": 0,"TextBB": [670.661,197.319,688.55,204.759], "Text": "2048"},
	{"Rotation": 0,"TextBB": [571.919,206.97,586.22,214.41], "Text": "size"},
	{"Rotation": 0,"TextBB": [588.456,206.97,595.164,214.41], "Text": "of"},
	{"Rotation": 0,"TextBB": [597.4,206.97,618.852,214.41], "Text": "user’s"},
	{"Rotation": 0,"TextBB": [621.088,206.97,655.963,214.41], "Text": "unlabeled"},
	{"Rotation": 0,"TextBB": [658.199,206.97,677.423,214.41], "Text": "inbox"}
]}
