{"Caption":"Figure 1. Precision, recall and F-score curves of the Top-K% ranking instances of patterns \u201CX is a Y\u201D (TREC\/is-a), \u201CX in Y\u201D (TREC\/part-of), \u201CX in the Y\u201D (CHEM\/part-of), and \u201CX and Y\u201D (CHEM\/reaction). ","ImageText":[{"Text":"a)","TextBB":[210.333,108.041,217.791,115.288],"Rotation":0},{"Text":"TREC\/is-a:","TextBB":[220,108.041,258.792,115.288],"Rotation":0},{"Text":"\"X","TextBB":[261.001,108.041,269.926,115.288],"Rotation":0},{"Text":"is","TextBB":[272.501,108.041,279.304,115.288],"Rotation":0},{"Text":"a","TextBB":[280.92,108.041,285.304,115.288],"Rotation":0},{"Text":"Y\"","TextBB":[288.169,108.041,296.74,115.288],"Rotation":0},{"Text":"b)","TextBB":[520.833,108.06,528.288,115.283],"Rotation":0},{"Text":"TREC\/part-of:","TextBB":[530.502,108.06,580.707,115.283],"Rotation":0},{"Text":"\"X","TextBB":[582.921,108.06,591.753,115.283],"Rotation":0},{"Text":"in","TextBB":[594.338,108.06,601.564,115.283],"Rotation":0},{"Text":"the","TextBB":[604.008,108.06,615.634,115.283],"Rotation":0},{"Text":"Y\"","TextBB":[618.426,108.06,626.99,115.283],"Rotation":0},{"Text":"1","TextBB":[114.333,131.225,118.38,137.914],"Rotation":0},{"Text":"1","TextBB":[435.25,131.156,439.289,137.823],"Rotation":0},{"Text":"0.8","TextBB":[108.25,152.974,118.38,159.663],"Rotation":0},{"Text":"0.8","TextBB":[429.25,153.406,439.289,160.074],"Rotation":0},{"Text":"0.6","TextBB":[108.25,175.224,118.38,181.913],"Rotation":0},{"Text":"0.6","TextBB":[429.25,174.99,439.289,181.657],"Rotation":0},{"Text":"0.4","TextBB":[108.25,196.974,118.38,203.663],"Rotation":0},{"Text":"0.4","TextBB":[429.25,197.24,439.289,203.907],"Rotation":0},{"Text":"0.2","TextBB":[108.25,219.224,118.38,225.913],"Rotation":0},{"Text":"0.2","TextBB":[429.25,218.824,439.289,225.491],"Rotation":0},{"Text":"0","TextBB":[114.333,240.891,118.38,247.58],"Rotation":0},{"Text":"0","TextBB":[435.25,241.074,439.289,247.742],"Rotation":0},{"Text":"5","TextBB":[129.417,252.391,133.464,259.08],"Rotation":0},{"Text":"15","TextBB":[154.749,252.391,163.044,259.08],"Rotation":0},{"Text":"25","TextBB":[181.912,252.391,190.208,259.08],"Rotation":0},{"Text":"35","TextBB":[209.66,252.391,217.955,259.08],"Rotation":0},{"Text":"45","TextBB":[236.824,252.391,245.119,259.08],"Rotation":0},{"Text":"55","TextBB":[264.654,252.391,272.867,259.08],"Rotation":0},{"Text":"65","TextBB":[291.819,252.391,300.031,259.08],"Rotation":0},{"Text":"75","TextBB":[319.566,252.391,327.862,259.08],"Rotation":0},{"Text":"85","TextBB":[346.73,252.391,355.025,259.08],"Rotation":0},{"Text":"95","TextBB":[374.477,252.391,382.773,259.08],"Rotation":0},{"Text":"5","TextBB":[450.334,252.49,454.373,259.157],"Rotation":0},{"Text":"15","TextBB":[475.666,252.49,483.87,259.157],"Rotation":0},{"Text":"25","TextBB":[503.33,252.49,511.617,259.157],"Rotation":0},{"Text":"35","TextBB":[530.494,252.49,538.698,259.157],"Rotation":0},{"Text":"45","TextBB":[558.158,252.49,566.446,259.157],"Rotation":0},{"Text":"Top-K%","TextBB":[248.916,265.89,275.306,272.579],"Rotation":0},{"Text":"55","TextBB":[585.322,252.49,593.526,259.157],"Rotation":0},{"Text":"65","TextBB":[612.986,252.49,621.274,259.157],"Rotation":0},{"Text":"75","TextBB":[640.733,252.49,649.021,259.157],"Rotation":0},{"Text":"85","TextBB":[667.815,252.49,676.102,259.157],"Rotation":0},{"Text":"95","TextBB":[695.562,252.49,703.85,259.157],"Rotation":0},{"Text":"75","TextBB":[640.487,439.418,648.676,446.072],"Rotation":0},{"Text":"85","TextBB":[668.068,439.418,676.34,446.072],"Rotation":0},{"Text":"95","TextBB":[695.733,439.418,703.921,446.072],"Rotation":0},{"Text":"Top-K%","TextBB":[570.25,265.99,596.627,272.657],"Rotation":0},{"Text":"d)","TextBB":[520.417,295.988,527.862,303.196],"Rotation":0},{"Text":"CHEM\/reaction:","TextBB":[530.085,295.988,588.443,303.196],"Rotation":0},{"Text":"\"X","TextBB":[590.667,295.988,599.478,303.196],"Rotation":0},{"Text":"and","TextBB":[602.084,295.988,616.457,303.196],"Rotation":0},{"Text":"Y\"","TextBB":[618.919,295.988,627.384,303.196],"Rotation":0},{"Text":"c)","TextBB":[206.667,298.065,213.443,305.281],"Rotation":0},{"Text":"CHEM\/part-of:","TextBB":[215.667,298.065,267.442,305.281],"Rotation":0},{"Text":"\"X","TextBB":[269.666,298.065,278.477,305.281],"Rotation":0},{"Text":"in","TextBB":[281.083,298.065,288.29,305.281],"Rotation":0},{"Text":"Y\"","TextBB":[290.67,298.065,299.219,305.281],"Rotation":0},{"Text":"1","TextBB":[114.25,321.079,118.273,327.739],"Rotation":0},{"Text":"1","TextBB":[435.25,318.918,439.273,325.571],"Rotation":0},{"Text":"0.8","TextBB":[108.166,343.246,118.19,349.906],"Rotation":0},{"Text":"0.8","TextBB":[429.166,340.501,439.19,347.155],"Rotation":0},{"Text":"0.6","TextBB":[108.166,365.495,118.19,372.156],"Rotation":0},{"Text":"0.6","TextBB":[429.166,362.668,439.19,369.321],"Rotation":0},{"Text":"0.4","TextBB":[108.166,387.662,118.19,394.323],"Rotation":0},{"Text":"0.4","TextBB":[429.166,384.251,439.19,390.905],"Rotation":0},{"Text":"0.2","TextBB":[108.166,409.83,118.19,416.49],"Rotation":0},{"Text":"0.2","TextBB":[429.166,406.418,439.19,413.072],"Rotation":0},{"Text":"0","TextBB":[435.25,428.002,439.273,434.655],"Rotation":0},{"Text":"0","TextBB":[114.25,432.079,118.273,438.74],"Rotation":0},{"Text":"5","TextBB":[129.25,443.496,133.274,450.156],"Rotation":0},{"Text":"15","TextBB":[154.416,443.496,162.689,450.156],"Rotation":0},{"Text":"25","TextBB":[181.998,443.496,190.27,450.156],"Rotation":0},{"Text":"35","TextBB":[209.663,443.496,217.851,450.156],"Rotation":0},{"Text":"45","TextBB":[237.243,443.496,245.516,450.156],"Rotation":0},{"Text":"55","TextBB":[264.242,443.496,272.514,450.156],"Rotation":0},{"Text":"65","TextBB":[291.906,443.496,300.095,450.156],"Rotation":0},{"Text":"75","TextBB":[319.487,443.496,327.676,450.156],"Rotation":0},{"Text":"85","TextBB":[347.068,443.496,355.34,450.156],"Rotation":0},{"Text":"5","TextBB":[450.25,439.418,454.274,446.072],"Rotation":0},{"Text":"95","TextBB":[374.733,443.496,382.921,450.156],"Rotation":0},{"Text":"15","TextBB":[475.416,439.418,483.689,446.072],"Rotation":0},{"Text":"25","TextBB":[502.998,439.418,511.27,446.072],"Rotation":0},{"Text":"35","TextBB":[530.663,439.418,538.851,446.072],"Rotation":0},{"Text":"45","TextBB":[558.243,439.418,566.516,446.072],"Rotation":0},{"Text":"55","TextBB":[585.242,439.418,593.514,446.072],"Rotation":0},{"Text":"65","TextBB":[612.906,439.418,621.095,446.072],"Rotation":0},{"Text":"Top-K%","TextBB":[570.251,452.835,596.522,459.489],"Rotation":0},{"Text":"Top-K%","TextBB":[249.251,456.912,275.522,463.573],"Rotation":0}],"Mention":["For each relation, we randomly sampled 100 in-\nstances for each generic pattern and built a gold \nstandard for them (by manually tagging each in-\nstance as correct or incorrect). We then sorted the \n100 instances according to the scoring formula \nS(i) derived in Section 3.3 and computed the av-\nerage precision, recall, and F-score of each top-K \nranked instances for each pattern5. Due to lack of \nspace, we only present the graphs for four of the \n22 generic patterns: \u201CX is a Y\u201D for the is-a rela-\ntion of Table 2, \u201CX in the Y\u201D for the part-of rela-\ntion of Table 4, \u201CX in Y\u201D for the part-of relation \nof Table 5, and \u201CX and Y\u201D for the reaction rela-\ntion of Table 7. Figure 1 illustrates the results. \nIn each figure, notice that recall climbs at a \nmuch faster rate than precision decreases. This \nindicates that the scoring function of Section 3.3 \neffectively separates correct and incorrect in-\nstances. In Figure 1a), there is a big initial drop \nin precision that accounts for the poor precision \nreported in Table 1. \n"],"Page":7,"Number":1,"Type":"Figure","CaptionBB":[100,488,725,519],"Height":1169,"Width":827,"DPI":100,"ImageBB":[99,100,729,489]}