{"Caption":"Figure 5 Relative illuminance charts. a) Canon 28mm-135mm zoom, multiple focal lengths. b) Canon 28mm-135mm zoom, multiple apertures. c) Canon 100mm, multiple apertures. d) Canon 100mm, multiple focus distances. For these lenses, falloff increases with aperture and focus distance, but decreases with focal length. ","ImageText":[{"Text":"1","TextBB":[608.174,103.936,611.573,112.127],"Rotation":0},{"Text":"0.9","TextBB":[85.1271,119.624,94.5761,128.733],"Rotation":0},{"Text":"0.9","TextBB":[258.641,121.268,267.325,129.639],"Rotation":0},{"Text":"0.9","TextBB":[429.837,120.353,438.887,129.078],"Rotation":0},{"Text":"0.9","TextBB":[603.076,121.445,611.573,129.637],"Rotation":0},{"Text":"0.8","TextBB":[85.1271,137.008,94.5761,146.116],"Rotation":0},{"Text":"135mm","TextBB":[120.228,141.369,143.329,150.477],"Rotation":0},{"Text":"100mm","TextBB":[120.228,151.76,143.329,160.869],"Rotation":0},{"Text":"70mm","TextBB":[120.228,162.151,139.55,171.26],"Rotation":0},{"Text":"50mm","TextBB":[120.228,172.542,139.55,181.65],"Rotation":0},{"Text":"33mm","TextBB":[120.228,182.933,139.55,192.042],"Rotation":0},{"Text":"0.7","TextBB":[85.1271,154.392,94.5761,163.501],"Rotation":0},{"Text":"0.6","TextBB":[85.1271,171.775,94.5761,180.883],"Rotation":0},{"Text":"0","TextBB":[99.0527,195.326,102.832,204.435],"Rotation":0},{"Text":"a)","TextBB":[82.5736,207.156,93.3253,219.526],"Rotation":0},{"Text":"0.2","TextBB":[123.006,195.326,132.455,204.435],"Rotation":0},{"Text":"0.4","TextBB":[149.793,195.326,159.242,204.435],"Rotation":0},{"Text":"0.6","TextBB":[176.582,195.326,186.031,204.435],"Rotation":0},{"Text":"radius","TextBB":[158.719,204.145,177.194,213.254],"Rotation":0},{"Text":"0.8","TextBB":[203.369,195.326,212.818,204.435],"Rotation":0},{"Text":"0.8","TextBB":[258.641,138.71,267.325,147.082],"Rotation":0},{"Text":"f","TextBB":[289.932,141.753,292.245,150.125],"Rotation":0},{"Text":"f","TextBB":[289.932,150.344,292.245,158.716],"Rotation":0},{"Text":"f","TextBB":[289.932,158.935,292.245,167.307],"Rotation":0},{"Text":"f","TextBB":[289.932,167.526,292.245,175.898],"Rotation":0},{"Text":"f","TextBB":[289.932,176.117,292.245,184.489],"Rotation":0},{"Text":"f","TextBB":[289.932,184.708,292.245,193.08],"Rotation":0},{"Text":"0.7","TextBB":[258.641,156.153,267.325,164.525],"Rotation":0},{"Text":"0.6","TextBB":[258.641,173.595,267.325,181.967],"Rotation":0},{"Text":"1","TextBB":[232.992,195.326,236.772,204.435],"Rotation":0},{"Text":"0","TextBB":[271.87,196.855,275.344,205.226],"Rotation":0},{"Text":"22","TextBB":[294.817,141.753,301.765,150.125],"Rotation":0},{"Text":"16","TextBB":[294.817,150.344,301.765,158.716],"Rotation":0},{"Text":"11","TextBB":[294.817,158.935,301.765,167.307],"Rotation":0},{"Text":"8","TextBB":[294.817,167.526,298.291,175.898],"Rotation":0},{"Text":"5.6","TextBB":[294.817,176.117,303.502,184.489],"Rotation":0},{"Text":"4","TextBB":[294.817,184.708,298.291,193.08],"Rotation":0},{"Text":"0.2","TextBB":[296.144,196.855,304.828,205.226],"Rotation":0},{"Text":"b)","TextBB":[254.264,207.156,265.791,219.526],"Rotation":0},{"Text":"0.4","TextBB":[323.022,196.855,331.706,205.226],"Rotation":0},{"Text":"radius","TextBB":[332.354,204.96,349.334,213.332],"Rotation":0},{"Text":"0.6","TextBB":[349.901,196.855,358.586,205.226],"Rotation":0},{"Text":"0.8","TextBB":[376.779,196.855,385.463,205.226],"Rotation":0},{"Text":"0.8","TextBB":[429.837,137.796,438.887,146.52],"Rotation":0},{"Text":"f","TextBB":[465.321,141.977,467.732,150.702],"Rotation":0},{"Text":"f","TextBB":[465.321,152.31,467.732,161.034],"Rotation":0},{"Text":"f","TextBB":[465.321,162.641,467.732,171.366],"Rotation":0},{"Text":"f","TextBB":[465.321,172.973,467.732,181.697],"Rotation":0},{"Text":"f","TextBB":[465.321,183.305,467.732,192.03],"Rotation":0},{"Text":"0.7","TextBB":[429.837,155.239,438.887,163.963],"Rotation":0},{"Text":"0.6","TextBB":[429.837,172.68,438.887,181.405],"Rotation":0},{"Text":"0","TextBB":[443.407,196.11,447.028,204.835],"Rotation":0},{"Text":"1","TextBB":[406.264,196.855,409.737,205.226],"Rotation":0},{"Text":"c)","TextBB":[426.729,207.156,437.481,219.526],"Rotation":0},{"Text":"relative","TextBB":[592.51,158.903,600.701,179.289],"Rotation":3},{"Text":"illuminance","TextBB":[592.51,125.203,600.701,157.303],"Rotation":3},{"Text":"1","TextBB":[435.267,102.912,438.887,111.637],"Rotation":0},{"Text":"relative","TextBB":[418.644,158.437,427.369,180.15],"Rotation":3},{"Text":"illuminance","TextBB":[418.644,122.544,427.369,156.733],"Rotation":3},{"Text":"1","TextBB":[263.852,103.826,267.325,112.198],"Rotation":0},{"Text":"relative","TextBB":[247.866,158.869,256.238,179.705],"Rotation":3},{"Text":"illuminance","TextBB":[247.866,124.428,256.238,157.234],"Rotation":3},{"Text":"relative","TextBB":[73.4839,158.144,82.5927,180.814],"Rotation":3},{"Text":"illuminance","TextBB":[73.4839,120.671,82.5927,156.365],"Rotation":3},{"Text":"1","TextBB":[90.7965,102.241,94.5761,111.35],"Rotation":0},{"Text":"5.6","TextBB":[470.412,141.977,479.463,150.702],"Rotation":0},{"Text":"4.5","TextBB":[470.412,152.31,479.463,161.034],"Rotation":0},{"Text":"4","TextBB":[470.412,162.641,474.032,171.366],"Rotation":0},{"Text":"3.5","TextBB":[470.412,172.973,479.463,181.697],"Rotation":0},{"Text":"2.8","TextBB":[470.412,183.305,479.463,192.03],"Rotation":0},{"Text":"0.2","TextBB":[467.571,196.11,476.622,204.835],"Rotation":0},{"Text":"0.4","TextBB":[494.449,196.11,503.499,204.835],"Rotation":0},{"Text":"radius","TextBB":[503.608,204.557,521.304,213.282],"Rotation":0},{"Text":"0.6","TextBB":[521.328,196.11,530.378,204.835],"Rotation":0},{"Text":"0.8","TextBB":[548.205,196.11,557.256,204.835],"Rotation":0},{"Text":"0.8","TextBB":[603.076,138.956,611.573,147.147],"Rotation":0},{"Text":"0.31m","TextBB":[634.645,141.916,651.83,150.107],"Rotation":0},{"Text":"0.39m","TextBB":[634.645,150.5,651.83,158.691],"Rotation":0},{"Text":"0.49m","TextBB":[634.645,159.084,651.83,167.275],"Rotation":0},{"Text":"1.0m","TextBB":[634.645,167.668,648.431,175.859],"Rotation":0},{"Text":"3.0m","TextBB":[634.645,176.252,648.431,184.443],"Rotation":0},{"Text":"inf","TextBB":[634.645,184.835,642.197,193.027],"Rotation":0},{"Text":"0.7","TextBB":[603.076,156.467,611.573,164.659],"Rotation":0},{"Text":"0.6","TextBB":[603.076,173.977,611.573,182.168],"Rotation":0},{"Text":"1","TextBB":[577.799,196.11,581.42,204.835],"Rotation":0},{"Text":"0","TextBB":[616.15,197.224,619.549,205.415],"Rotation":0},{"Text":"d)","TextBB":[598.421,207.156,609.947,219.526],"Rotation":0},{"Text":"0.2","TextBB":[640.585,197.224,649.082,205.415],"Rotation":0},{"Text":"0.4","TextBB":[667.567,197.224,676.065,205.415],"Rotation":0},{"Text":"radius","TextBB":[677.041,205.155,693.655,213.346],"Rotation":0},{"Text":"0.6","TextBB":[694.551,197.224,703.049,205.415],"Rotation":0},{"Text":"0.8","TextBB":[721.534,197.224,730.031,205.415],"Rotation":0},{"Text":"1","TextBB":[751.067,197.224,754.466,205.415],"Rotation":0}],"Mention":["solve for α using the conditionM(0) = 1.\nUsing this method, we obtained \u201Cground truth\u201D measure-\nments and fit over a range of focal lengths, apertures, and\nfocus distances. Our findings are summarized as relative\nilluminance charts in Figure 5. Each of these charts is nor-\nmalized so that M(0) = 1 and the corners of the acquired\n"],"Page":6,"Number":5,"Type":"Figure","CaptionBB":[91,232,753,276],"Height":1100,"Width":850,"DPI":100,"ImageBB":[73,102,759,221]}