{"Caption":"Figure 6. Point error between the predicted shape and real shape by using the mean shape, image intensity and selected features relative to the minimum error for the A4C set (top) and the A2C set (bottom). ","ImageText":[{"Text":"8","TextBB":[143.194,102.396,145.45,106.148],"Rotation":0},{"Text":"7","TextBB":[143.194,120.246,145.45,123.998],"Rotation":0},{"Text":"mean","TextBB":[172.978,112.895,187.182,118.148],"Rotation":0},{"Text":"intensity","TextBB":[172.978,119.419,193.81,124.673],"Rotation":0},{"Text":"selected","TextBB":[172.978,125.944,194.128,131.198],"Rotation":0},{"Text":"features","TextBB":[195.707,125.944,216.227,131.198],"Rotation":0},{"Text":"ideal","TextBB":[172.978,132.469,184.973,137.722],"Rotation":0},{"Text":"5","TextBB":[143.194,155.946,145.45,159.698],"Rotation":0},{"Text":"4","TextBB":[143.194,173.796,145.45,177.548],"Rotation":0},{"Text":"contour","TextBB":[136.005,186.909,141.259,205.85],"Rotation":3},{"Text":"distance","TextBB":[136.005,164.18,141.259,185.33],"Rotation":3},{"Text":"(pixels)","TextBB":[136.005,144.301,141.259,162.601],"Rotation":3},{"Text":"6","TextBB":[143.194,138.096,145.45,141.848],"Rotation":0},{"Text":"3","TextBB":[143.194,191.646,145.45,195.398],"Rotation":0},{"Text":"2","TextBB":[143.194,209.496,145.45,213.248],"Rotation":0},{"Text":"1","TextBB":[143.194,227.346,145.45,231.098],"Rotation":0},{"Text":"0","TextBB":[143.194,245.229,145.45,248.982],"Rotation":0},{"Text":"0","TextBB":[145.493,248.643,147.749,252.396],"Rotation":0},{"Text":"1000","TextBB":[172.268,248.643,181.29,252.396],"Rotation":0},{"Text":"2000","TextBB":[202.457,248.643,211.479,252.396],"Rotation":0},{"Text":"3000","TextBB":[232.646,248.643,241.668,252.396],"Rotation":0},{"Text":"4000","TextBB":[262.803,248.643,271.825,252.396],"Rotation":0},{"Text":"5000","TextBB":[292.992,248.643,302.014,252.396],"Rotation":0},{"Text":"6000","TextBB":[323.18,248.643,332.203,252.396],"Rotation":0},{"Text":"sorted","TextBB":[219.529,253.496,235.312,258.75],"Rotation":0},{"Text":"case","TextBB":[236.891,253.496,248.886,258.75],"Rotation":0},{"Text":"id","TextBB":[250.465,253.496,254.884,258.75],"Rotation":0},{"Text":"contour","TextBB":[136.005,351.52,141.259,370.461],"Rotation":3},{"Text":"distance","TextBB":[136.005,328.791,141.259,349.941],"Rotation":3},{"Text":"(pixels)","TextBB":[136.005,308.913,141.259,327.212],"Rotation":3},{"Text":"7","TextBB":[143.194,298.718,145.45,302.471],"Rotation":0},{"Text":"mean","TextBB":[166.724,274.159,180.928,279.412],"Rotation":0},{"Text":"intensity","TextBB":[166.724,280.683,187.556,285.937],"Rotation":0},{"Text":"selected","TextBB":[166.724,287.208,187.874,292.462],"Rotation":0},{"Text":"features","TextBB":[189.453,287.208,209.973,292.462],"Rotation":0},{"Text":"ideal","TextBB":[166.724,293.733,178.719,298.986],"Rotation":0},{"Text":"8","TextBB":[143.194,282.863,145.45,286.615],"Rotation":0},{"Text":"9","TextBB":[143.194,267.007,145.45,270.76],"Rotation":0},{"Text":"6","TextBB":[143.194,314.607,145.45,318.36],"Rotation":0},{"Text":"5","TextBB":[143.194,330.463,145.45,334.215],"Rotation":0},{"Text":"4","TextBB":[143.194,346.351,145.45,350.104],"Rotation":0},{"Text":"3","TextBB":[143.194,362.207,145.45,365.959],"Rotation":0},{"Text":"2","TextBB":[143.194,378.096,145.45,381.848],"Rotation":0},{"Text":"1","TextBB":[143.194,393.951,145.45,397.704],"Rotation":0},{"Text":"0","TextBB":[143.194,409.84,145.45,413.593],"Rotation":0},{"Text":"0","TextBB":[145.493,413.254,147.749,417.007],"Rotation":0},{"Text":"500","TextBB":[169.09,413.254,175.857,417.007],"Rotation":0},{"Text":"1000","TextBB":[193.836,413.254,202.858,417.007],"Rotation":0},{"Text":"1500","TextBB":[219.699,413.254,228.721,417.007],"Rotation":0},{"Text":"2000","TextBB":[245.561,413.254,254.583,417.007],"Rotation":0},{"Text":"2500","TextBB":[271.422,413.254,280.444,417.007],"Rotation":0},{"Text":"3000","TextBB":[297.285,413.254,306.307,417.007],"Rotation":0},{"Text":"3500","TextBB":[323.18,413.254,332.203,417.007],"Rotation":0},{"Text":"sorted","TextBB":[219.529,418.107,235.312,423.361],"Rotation":0},{"Text":"case","TextBB":[236.891,418.107,248.886,423.361],"Rotation":0},{"Text":"id","TextBB":[250.465,418.107,254.884,423.361],"Rotation":0}],"Mention":["The first experiment shows the effectiveness of the se-\nlected features relative to using directly the image appear-\nance, or using the features selected by boosting for de-\ntection. For this experiment we consider only the joint\nappearance-shape distribution, that is, the images are rigidly\naligned. In Figure 6 we plot the distance between the in-\nferred shape and the true shape by leave-one-out method.\nNote that we exclude from the set all the images that be-\nlong to the same video and no two videos are from the same\n"],"Page":6,"Number":6,"Type":"Figure","CaptionBB":[68,442,398,499],"Height":1100,"Width":850,"DPI":100,"ImageBB":[133,100,334,425]}