{"Type":"Figure",
"Number": 2,
"Page": 5,
"DPI": 100,
"Width": 850,
"Height": 1100,
"CaptionBB": [75,736,402,813],
"Caption": "Figure 2. Crossing curves for dataset A. Top: computed based on the similarity matrix W shown in Fig.1(bottom). Middle: computed based on the connectivity matrix C us- ing J˜2 ordering shown in Fig.1(middle). Bottom: com- puted based on C using J˜1 ordering shown in Fig.1(top). ",
"ImageBB": [142,444,339,719],
"ImageText" : [
{"Rotation": 0,"TextBB": [147.404,446.359,150.407,451.356], "Text": "4"},
	{"Rotation": 0,"TextBB": [147.404,463.735,150.407,468.732], "Text": "3"},
	{"Rotation": 0,"TextBB": [147.404,481.155,150.407,486.151], "Text": "2"},
	{"Rotation": 0,"TextBB": [147.404,498.576,150.407,503.572], "Text": "1"},
	{"Rotation": 0,"TextBB": [147.404,515.995,150.407,520.992], "Text": "0"},
	{"Rotation": 0,"TextBB": [150.465,520.542,153.469,525.539], "Text": "0"},
	{"Rotation": 0,"TextBB": [167.076,520.542,173.083,525.539], "Text": "50"},
	{"Rotation": 0,"TextBB": [183.64,520.542,192.65,525.539], "Text": "100"},
	{"Rotation": 0,"TextBB": [201.736,520.542,210.746,525.539], "Text": "150"},
	{"Rotation": 0,"TextBB": [219.832,520.542,228.842,525.539], "Text": "200"},
	{"Rotation": 0,"TextBB": [237.928,520.542,246.938,525.539], "Text": "250"},
	{"Rotation": 0,"TextBB": [256.024,520.542,265.034,525.539], "Text": "300"},
	{"Rotation": 0,"TextBB": [274.118,520.542,283.128,525.539], "Text": "350"},
	{"Rotation": 0,"TextBB": [292.214,520.542,301.224,525.539], "Text": "400"},
	{"Rotation": 0,"TextBB": [310.31,520.542,319.32,525.539], "Text": "450"},
	{"Rotation": 0,"TextBB": [328.45,520.542,337.46,525.539], "Text": "500"},
	{"Rotation": 0,"TextBB": [238.467,527.014,246.388,533.01], "Text": "(a)"},
	{"Rotation": 0,"TextBB": [144.389,538.367,150.396,543.364], "Text": "50"},
	{"Rotation": 0,"TextBB": [144.389,552.277,150.396,557.274], "Text": "40"},
	{"Rotation": 0,"TextBB": [144.389,566.185,150.396,571.182], "Text": "30"},
	{"Rotation": 0,"TextBB": [144.389,580.095,150.396,585.092], "Text": "20"},
	{"Rotation": 0,"TextBB": [150.465,612.505,153.469,617.501], "Text": "0"},
	{"Rotation": 0,"TextBB": [167.076,612.505,173.083,617.501], "Text": "50"},
	{"Rotation": 0,"TextBB": [183.64,612.505,192.65,617.501], "Text": "100"},
	{"Rotation": 0,"TextBB": [201.736,612.505,210.746,617.501], "Text": "150"},
	{"Rotation": 0,"TextBB": [219.832,612.505,228.842,617.501], "Text": "200"},
	{"Rotation": 0,"TextBB": [237.928,612.505,246.938,617.501], "Text": "250"},
	{"Rotation": 0,"TextBB": [256.024,612.505,265.034,617.501], "Text": "300"},
	{"Rotation": 0,"TextBB": [274.118,612.505,283.128,617.501], "Text": "350"},
	{"Rotation": 0,"TextBB": [292.214,612.505,301.224,617.501], "Text": "400"},
	{"Rotation": 0,"TextBB": [310.31,612.505,319.32,617.501], "Text": "450"},
	{"Rotation": 0,"TextBB": [328.45,612.505,337.46,617.501], "Text": "500"},
	{"Rotation": 0,"TextBB": [256.024,704.515,265.034,709.511], "Text": "300"},
	{"Rotation": 0,"TextBB": [274.118,704.515,283.128,709.511], "Text": "350"},
	{"Rotation": 0,"TextBB": [292.214,704.515,301.224,709.511], "Text": "400"},
	{"Rotation": 0,"TextBB": [310.31,704.515,319.32,709.511], "Text": "450"},
	{"Rotation": 0,"TextBB": [328.45,704.515,337.46,709.511], "Text": "500"},
	{"Rotation": 0,"TextBB": [238.467,618.976,246.388,624.972], "Text": "(b)"},
	{"Rotation": 0,"TextBB": [144.389,630.331,150.396,635.328], "Text": "50"},
	{"Rotation": 0,"TextBB": [144.389,644.24,150.396,649.236], "Text": "40"},
	{"Rotation": 0,"TextBB": [144.389,658.149,150.396,663.146], "Text": "30"},
	{"Rotation": 0,"TextBB": [144.389,672.104,150.396,677.1], "Text": "20"},
	{"Rotation": 0,"TextBB": [144.389,686.013,150.396,691.01], "Text": "10"},
	{"Rotation": 0,"TextBB": [147.404,699.967,150.407,704.964], "Text": "0"},
	{"Rotation": 0,"TextBB": [144.389,594.005,150.396,599.001], "Text": "10"},
	{"Rotation": 0,"TextBB": [147.404,607.959,150.407,612.956], "Text": "0"},
	{"Rotation": 0,"TextBB": [150.465,704.515,153.469,709.511], "Text": "0"},
	{"Rotation": 0,"TextBB": [167.076,704.515,173.083,709.511], "Text": "50"},
	{"Rotation": 0,"TextBB": [183.64,704.515,192.65,709.511], "Text": "100"},
	{"Rotation": 0,"TextBB": [201.736,704.515,210.746,709.511], "Text": "150"},
	{"Rotation": 0,"TextBB": [219.832,704.515,228.842,709.511], "Text": "200"},
	{"Rotation": 0,"TextBB": [237.928,704.515,246.938,709.511], "Text": "250"},
	{"Rotation": 0,"TextBB": [238.647,710.986,246.205,716.982], "Text": "(c)"}
]}
