{"Type":"Figure",
"Number": 10,
"Page": 7,
"DPI": 100,
"Width": 850,
"Height": 1100,
"CaptionBB": [79,257,410,520],
"Caption": "Figure 10:     Statistics on the identiﬁed wrongly la- beled examples. Bootstrapped (left) and region learn- ers (right). The solid line, left scale, shows the portion of correctly identiﬁed wrongly labeled examples among the ones with artiﬁcially ﬂipped labels. The false alarm rates (correctly labeled examples which the algorithm proposed for pruning) are shown with a dashed line, right scale. The latter are measured against the whole data. For the no noise case, correctly detected portion of ﬂipped labeled examples is formally set to 1 for the sake of visualization (there are no examples with ﬂipped labels in this case). Both data pruning techniques are successful in identifying some of the wrongly labeled examples, even so in the 90% noise case. Some of the examples counted as false alarms might be genuinely hard to learn faces which are worth removing. ",
"ImageBB": [85,99,405,226],
"ImageText" : [
{"Rotation": 0,"TextBB": [93.1414,128.733,97.9224,134.035], "Text": ".8"},
	{"Rotation": 0,"TextBB": [227.5,128.709,235.468,134.012], "Text": ".08"},
	{"Rotation": 0,"TextBB": [253.975,128.733,258.756,134.035], "Text": ".8"},
	{"Rotation": 0,"TextBB": [388.333,128.709,396.302,134.012], "Text": ".08"},
	{"Rotation": 0,"TextBB": [93.1414,148.917,97.9224,154.22], "Text": ".6"},
	{"Rotation": 0,"TextBB": [227.5,148.917,235.468,154.22], "Text": ".06"},
	{"Rotation": 0,"TextBB": [253.975,148.917,258.756,154.22], "Text": ".6"},
	{"Rotation": 0,"TextBB": [388.333,148.917,396.302,154.22], "Text": ".06"},
	{"Rotation": 0,"TextBB": [93.1414,169.1,97.9224,174.403], "Text": ".4"},
	{"Rotation": 0,"TextBB": [227.5,169.1,235.468,174.403], "Text": ".04"},
	{"Rotation": 0,"TextBB": [253.975,169.1,258.756,174.403], "Text": ".4"},
	{"Rotation": 0,"TextBB": [388.333,169.1,396.302,174.403], "Text": ".04"},
	{"Rotation": 0,"TextBB": [93.1414,189.284,97.9224,194.587], "Text": ".2"},
	{"Rotation": 0,"TextBB": [227.5,189.284,235.468,194.587], "Text": ".02"},
	{"Rotation": 0,"TextBB": [253.975,189.284,258.756,194.587], "Text": ".2"},
	{"Rotation": 0,"TextBB": [388.333,189.284,396.302,194.587], "Text": ".02"},
	{"Rotation": 0,"TextBB": [94.7418,209.469,97.9292,214.771], "Text": "0"},
	{"Rotation": 0,"TextBB": [99.3518,213.481,107.635,218.784], "Text": "0%"},
	{"Rotation": 0,"TextBB": [121.446,213.481,132.917,218.784], "Text": "10%"},
	{"Rotation": 0,"TextBB": [145.142,213.481,156.613,218.784], "Text": "20%"},
	{"Rotation": 0,"TextBB": [168.812,213.481,180.284,218.784], "Text": "30%"},
	{"Rotation": 0,"TextBB": [148.724,218.999,163.376,224.302], "Text": "Noise"},
	{"Rotation": 0,"TextBB": [164.97,218.999,176.756,224.302], "Text": "level"},
	{"Rotation": 0,"TextBB": [192.507,213.481,203.978,218.784], "Text": "50%"},
	{"Rotation": 0,"TextBB": [227.5,209.469,230.687,214.771], "Text": "0"},
	{"Rotation": 0,"TextBB": [216.203,213.481,227.674,218.784], "Text": "90%"},
	{"Rotation": 0,"TextBB": [255.575,209.469,258.762,214.771], "Text": "0"},
	{"Rotation": 0,"TextBB": [260.185,213.481,268.468,218.784], "Text": "0%"},
	{"Rotation": 0,"TextBB": [282.279,213.481,293.75,218.784], "Text": "10%"},
	{"Rotation": 0,"TextBB": [305.975,213.481,317.446,218.784], "Text": "20%"},
	{"Rotation": 0,"TextBB": [329.646,213.481,341.117,218.784], "Text": "30%"},
	{"Rotation": 0,"TextBB": [309.557,218.999,324.21,224.302], "Text": "Noise"},
	{"Rotation": 0,"TextBB": [325.803,218.999,337.59,224.302], "Text": "level"},
	{"Rotation": 0,"TextBB": [353.34,213.481,364.811,218.784], "Text": "50%"},
	{"Rotation": 0,"TextBB": [388.333,209.469,391.521,214.771], "Text": "0"},
	{"Rotation": 0,"TextBB": [377.036,213.481,388.507,218.784], "Text": "90%"},
	{"Rotation": 0,"TextBB": [388.333,108.549,393.114,113.852], "Text": ".1"},
	{"Rotation": 3,"TextBB": [236.808,178.9,242.11,192.922], "Text": "Good"},
	{"Rotation": 3,"TextBB": [236.808,152.776,242.11,177.306], "Text": "examples"},
	{"Rotation": 3,"TextBB": [236.808,128.883,242.11,151.183], "Text": "removed"},
	{"Rotation": 0,"TextBB": [255.575,108.549,258.762,113.852], "Text": "1"},
	{"Rotation": 3,"TextBB": [397.641,178.9,402.944,192.922], "Text": "Good"},
	{"Rotation": 3,"TextBB": [397.641,152.776,402.944,177.306], "Text": "examples"},
	{"Rotation": 3,"TextBB": [397.641,128.883,402.944,151.183], "Text": "removed"},
	{"Rotation": 0,"TextBB": [304.176,101.862,322.337,107.164], "Text": "Region"},
	{"Rotation": 0,"TextBB": [323.93,101.862,344.637,107.164], "Text": "learners"},
	{"Rotation": 0,"TextBB": [227.5,108.549,232.281,113.852], "Text": ".1"},
	{"Rotation": 3,"TextBB": [248.545,178.759,253.848,193.09], "Text": "Noisy"},
	{"Rotation": 3,"TextBB": [248.545,152.635,253.848,177.165], "Text": "examples"},
	{"Rotation": 3,"TextBB": [248.545,128.741,253.848,151.041], "Text": "removed"},
	{"Rotation": 3,"TextBB": [87.7116,178.759,93.0143,193.09], "Text": "Noisy"},
	{"Rotation": 3,"TextBB": [87.7116,152.635,93.0143,177.165], "Text": "examples"},
	{"Rotation": 3,"TextBB": [87.7116,128.741,93.0143,151.041], "Text": "removed"},
	{"Rotation": 0,"TextBB": [135.413,101.862,169.511,107.164], "Text": "Bootstrapped"},
	{"Rotation": 0,"TextBB": [171.104,101.862,191.811,107.164], "Text": "learners"},
	{"Rotation": 0,"TextBB": [94.7418,108.549,97.9292,113.852], "Text": "1"}
]}
