{"Caption":"Figure 3: Performance with increasing sample size. Left: Hamming loss for different numbers of training pairs in the image matching problem (test set size fixed to 500 pairs). Right: results of NDCG@1 250    300 on350                the ranking                      400   dataset500                            450     OHSUMED. This evidence is in agreement with the fact that our ","ImageText":[{"Text":"0.2","TextBB":[168.828,414.753,177.353,420.426],"Rotation":0},{"Text":"OHSUMED","TextBB":[561.451,418.726,593.273,424.486],"Rotation":0},{"Text":"exponential","TextBB":[337.134,422.604,368.501,428.277],"Rotation":0},{"Text":"model","TextBB":[370.206,422.604,386.908,428.277],"Rotation":0},{"Text":"max","TextBB":[337.134,430.455,348.72,436.128],"Rotation":0},{"Text":"margin","TextBB":[350.425,430.455,369.17,436.128],"Rotation":0},{"Text":"0.57","TextBB":[464.761,425.916,476.877,431.675],"Rotation":0},{"Text":"0.18","TextBB":[165.393,442.722,177.329,448.395],"Rotation":0},{"Text":"0.565","TextBB":[461.277,445.484,476.855,451.243],"Rotation":0},{"Text":"0.56","TextBB":[464.761,465.052,476.877,470.811],"Rotation":0},{"Text":"0.16","TextBB":[165.393,470.691,177.329,476.365],"Rotation":0},{"Text":"NDCG−1","TextBB":[453.397,493.718,459.156,519.146],"Rotation":3},{"Text":"error","TextBB":[156.573,494.042,162.246,506.99],"Rotation":3},{"Text":"0.555","TextBB":[461.277,484.619,476.855,490.379],"Rotation":0},{"Text":"0.14","TextBB":[165.393,498.17,177.329,503.843],"Rotation":0},{"Text":"RankMatch","TextBB":[635.794,486.287,667.28,492.046],"Rotation":0},{"Text":"DORM","TextBB":[635.794,495.775,654.815,501.534],"Rotation":0},{"Text":"0.55","TextBB":[464.761,504.225,476.877,509.984],"Rotation":0},{"Text":"0.545","TextBB":[461.277,523.792,476.855,529.552],"Rotation":0},{"Text":"0.12","TextBB":[165.393,526.63,177.329,532.303],"Rotation":0},{"Text":"0.54","TextBB":[464.761,543.36,476.877,549.119],"Rotation":0},{"Text":"0.1","TextBB":[168.828,554.599,177.353,560.272],"Rotation":0},{"Text":"0.535","TextBB":[461.277,562.928,476.855,568.687],"Rotation":0},{"Text":"0.53","TextBB":[464.761,582.533,476.877,588.292],"Rotation":0},{"Text":"0.08","TextBB":[165.393,582.568,177.329,588.242],"Rotation":0},{"Text":"0","TextBB":[177.66,588.456,181.07,594.13],"Rotation":0},{"Text":"50","TextBB":[196.797,588.456,203.617,594.13],"Rotation":0},{"Text":"100","TextBB":[216.424,588.456,226.655,594.13],"Rotation":0},{"Text":"150","TextBB":[238.015,588.456,248.246,594.13],"Rotation":0},{"Text":"200","TextBB":[259.114,588.456,269.345,594.13],"Rotation":0},{"Text":"250","TextBB":[280.705,588.456,290.936,594.13],"Rotation":0},{"Text":"300","TextBB":[301.804,588.456,312.035,594.13],"Rotation":0},{"Text":"350","TextBB":[322.904,588.456,333.135,594.13],"Rotation":0},{"Text":"number","TextBB":[252.735,596.307,273.528,601.981],"Rotation":0},{"Text":"of","TextBB":[275.234,596.307,280.349,601.981],"Rotation":0},{"Text":"training","TextBB":[282.054,596.307,302.166,601.981],"Rotation":0},{"Text":"pairs","TextBB":[303.871,596.307,317.163,601.981],"Rotation":0},{"Text":"400","TextBB":[344.494,588.456,354.725,594.13],"Rotation":0},{"Text":"450","TextBB":[365.594,588.456,375.825,594.13],"Rotation":0},{"Text":"500","TextBB":[387.184,588.456,397.415,594.13],"Rotation":0},{"Text":"−1","TextBB":[547.368,586.839,552.1,590.679],"Rotation":0},{"Text":"10","TextBB":[540.475,589.204,547.398,594.963],"Rotation":0},{"Text":"0","TextBB":[678.932,586.839,681.24,590.679],"Rotation":0},{"Text":"10","TextBB":[672.039,589.204,678.963,594.963],"Rotation":0},{"Text":"sample","TextBB":[549.888,595.8,569.955,601.559],"Rotation":0},{"Text":"size","TextBB":[571.686,595.8,582.756,601.559],"Rotation":0},{"Text":"(x","TextBB":[584.487,595.8,589.673,601.559],"Rotation":0},{"Text":"M","TextBB":[591.404,595.8,596.59,601.559],"Rotation":0},{"Text":"D)","TextBB":[598.321,595.8,604.89,601.559],"Rotation":0}],"Mention":["Consistency In a second experiment we trained RankMatch with different training subset sizes,\nstarting with 0.03·D(k)·M and going up to 1.0·D(k)·M . Once again, we repeated the experiments\nwith DORM using precisely the same training subsets. The purpose here is to see whether we\nobserve a practical advantage of our method with increasing sample size, since statistical consistency\nonly provides an asymptotic indication. The results are plotted in Figure 3-right, where we can see\nthat, as more training data is available, RankMatch improves more saliently than DORM.\n","sizes in Figure 3-left.\nmax \n"],"Page":8,"Number":3,"Type":"Figure","CaptionBB":[146,619,700,668],"Height":1100,"Width":850,"DPI":100,"ImageBB":[155,412,683,604]}