{"Caption":"Figure 4: Smoothed online Bellman error for Hyper-Q vs. itself. Left plot uses Omniscient state estimation; right plot uses Bayesian estimation. ","ImageText":[{"Text":"Hyper-Q\/Omniscient","TextBB":[217.494,528.242,286.679,535.308],"Rotation":0},{"Text":"vs.","TextBB":[290.926,528.242,300.689,535.308],"Rotation":0},{"Text":"itself:","TextBB":[302.812,528.242,320.642,535.308],"Rotation":0},{"Text":"Online","TextBB":[322.765,528.242,344.842,535.308],"Rotation":0},{"Text":"Bellman","TextBB":[346.965,528.242,374.557,535.308],"Rotation":0},{"Text":"error","TextBB":[376.681,528.242,392.806,535.308],"Rotation":0},{"Text":"Hyper-Q\/Bayes","TextBB":[481.722,528.242,533.934,535.308],"Rotation":0},{"Text":"vs.","TextBB":[538.181,528.242,547.944,535.308],"Rotation":0},{"Text":"itself:","TextBB":[550.067,528.242,567.897,535.308],"Rotation":0},{"Text":"Online","TextBB":[570.02,528.242,592.097,535.308],"Rotation":0},{"Text":"Bellman","TextBB":[594.22,528.242,621.812,535.308],"Rotation":0},{"Text":"error","TextBB":[623.935,528.242,640.061,535.308],"Rotation":0},{"Text":"0.8","TextBB":[184.81,539.7,195.428,546.766],"Rotation":0},{"Text":"0.4","TextBB":[442.843,539.7,453.461,546.766],"Rotation":0},{"Text":"0.7","TextBB":[184.81,556.783,195.428,563.849],"Rotation":0},{"Text":"0.35","TextBB":[438.596,556.783,453.461,563.849],"Rotation":0},{"Text":"0.6","TextBB":[184.81,573.901,195.428,580.967],"Rotation":0},{"Text":"0.3","TextBB":[442.843,573.901,453.461,580.967],"Rotation":0},{"Text":"0.5","TextBB":[184.81,590.985,195.428,598.051],"Rotation":0},{"Text":"0.25","TextBB":[438.596,590.985,453.461,598.051],"Rotation":0},{"Text":"0.4","TextBB":[184.81,608.103,195.428,615.169],"Rotation":0},{"Text":"0.2","TextBB":[442.843,608.103,453.461,615.169],"Rotation":0},{"Text":"0.3","TextBB":[184.81,625.186,195.428,632.252],"Rotation":0},{"Text":"0.15","TextBB":[438.596,625.186,453.461,632.252],"Rotation":0},{"Text":"0.2","TextBB":[184.81,642.304,195.428,649.37],"Rotation":0},{"Text":"0.1","TextBB":[442.843,642.304,453.461,649.37],"Rotation":0},{"Text":"0.1","TextBB":[184.81,659.387,195.428,666.453],"Rotation":0},{"Text":"0.05","TextBB":[438.596,659.387,453.461,666.453],"Rotation":0},{"Text":"0","TextBB":[191.18,676.506,195.428,683.572],"Rotation":0},{"Text":"0","TextBB":[449.214,676.506,453.461,683.572],"Rotation":0},{"Text":"0","TextBB":[197.887,684.144,202.135,691.21],"Rotation":0},{"Text":"400000","TextBB":[239.839,684.144,265.322,691.21],"Rotation":0},{"Text":"800000","TextBB":[292.408,684.144,317.892,691.21],"Rotation":0},{"Text":"1.2e+06","TextBB":[343.809,684.144,371.63,691.21],"Rotation":0},{"Text":"1.6e+06","TextBB":[396.378,684.144,424.199,691.21],"Rotation":0},{"Text":"0","TextBB":[455.921,684.144,460.168,691.21],"Rotation":0},{"Text":"400000","TextBB":[496.726,684.144,522.21,691.21],"Rotation":0},{"Text":"800000","TextBB":[548.15,684.144,573.633,691.21],"Rotation":0},{"Text":"1.2e+06","TextBB":[598.405,684.144,626.226,691.21],"Rotation":0},{"Text":"1.6e+06","TextBB":[649.828,684.144,677.649,691.21],"Rotation":0}],"Mention":["Finally, we examine preliminary data for Hyper-Q vs. itself. The average reward plots\nare uninteresting: as one would expect, each player\u2019s average reward is close to zero. The\nonline Bellman error, shown in figure 4, is more interesting. Surprisingly, the plots are less\nnoisy and achieve asymptotic errors as low or lower than against either IGA or PHC. Since\nHyper-Q\u2019s play is history-dependent, one can\u2019t argue for MDP equivalence. However, it is\npossible that the players\u2019 greedy policies xˆ(y) and yˆ(x) simultaneously become stationary,\nthereby enabling them to optimize against each other. In examining the actual play, it\n"],"Page":7,"Number":4,"Type":"Figure","CaptionBB":[173,712,675,742],"Height":1100,"Width":850,"DPI":100,"ImageBB":[183,525,680,692]}