{"Caption":"Figure 12: Effect of the Smart cheating protocol, with N = 20 and C = 7. The axes in (b) are swapped for the convenience of matching them with (a) ","ImageText":[{"Text":"30","TextBB":[511.046,100.306,521.38,108.902],"Rotation":0},{"Text":"25","TextBB":[139.025,120.438,149.665,129.288],"Rotation":0},{"Text":"Contention","TextBB":[490.843,181.916,499.439,226.857],"Rotation":3},{"Text":"window","TextBB":[490.843,148.35,499.439,179.333],"Rotation":3},{"Text":"size","TextBB":[490.843,129.244,499.439,145.766],"Rotation":3},{"Text":"Contention","TextBB":[118.225,179.012,127.075,225.282],"Rotation":3},{"Text":"window","TextBB":[118.225,144.453,127.075,176.352],"Rotation":3},{"Text":"size","TextBB":[118.225,124.781,127.075,141.793],"Rotation":3},{"Text":"30","TextBB":[139.025,94.9876,149.665,103.838],"Rotation":0},{"Text":"20","TextBB":[139.025,145.889,149.665,154.739],"Rotation":0},{"Text":"15","TextBB":[139.025,171.339,149.665,180.189],"Rotation":0},{"Text":"10","TextBB":[139.025,196.79,149.665,205.641],"Rotation":0},{"Text":"Cheater","TextBB":[225.883,221.36,259.916,230.211],"Rotation":0},{"Text":"X","TextBB":[262.576,221.36,268.957,230.211],"Rotation":0},{"Text":"-","TextBB":[271.617,221.36,274.803,230.211],"Rotation":0},{"Text":"Smart","TextBB":[277.463,221.36,302.981,230.211],"Rotation":0},{"Text":"cheat","TextBB":[305.641,221.36,329.044,230.211],"Rotation":0},{"Text":"Cheater","TextBB":[225.883,230.928,259.916,239.778],"Rotation":0},{"Text":"Y","TextBB":[262.576,230.928,268.958,239.778],"Rotation":0},{"Text":"-","TextBB":[271.618,230.928,274.804,239.778],"Rotation":0},{"Text":"Smart","TextBB":[277.464,230.928,302.981,239.778],"Rotation":0},{"Text":"cheat","TextBB":[305.641,230.928,329.044,239.778],"Rotation":0},{"Text":"Cheater","TextBB":[217.386,240.496,251.419,249.346],"Rotation":0},{"Text":"X,","TextBB":[254.079,240.496,263.121,249.346],"Rotation":0},{"Text":"Y","TextBB":[265.78,240.496,272.162,249.346],"Rotation":0},{"Text":"-","TextBB":[274.822,240.496,278.008,249.346],"Rotation":0},{"Text":"Forced","TextBB":[280.668,240.496,310.443,249.346],"Rotation":0},{"Text":"CW","TextBB":[313.103,240.496,329.043,249.346],"Rotation":0},{"Text":"5","TextBB":[144.345,222.24,149.664,231.091],"Rotation":0},{"Text":"0","TextBB":[144.345,247.692,149.664,256.542],"Rotation":0},{"Text":"0","TextBB":[154.075,257.258,159.395,266.109],"Rotation":0},{"Text":"200","TextBB":[177.574,257.258,193.533,266.109],"Rotation":0},{"Text":"400","TextBB":[206.431,257.258,222.39,266.109],"Rotation":0},{"Text":"600","TextBB":[235.25,257.258,251.209,266.109],"Rotation":0},{"Text":"800","TextBB":[264.068,257.258,280.027,266.109],"Rotation":0},{"Text":"25","TextBB":[511.046,129.968,521.38,138.564],"Rotation":0},{"Text":"Our","TextBB":[605.724,153.684,621.215,162.28],"Rotation":0},{"Text":"protocol","TextBB":[623.799,153.684,656.854,162.28],"Rotation":0},{"Text":"stops","TextBB":[659.438,153.684,681.648,162.28],"Rotation":0},{"Text":"at","TextBB":[605.724,165.579,613.474,174.175],"Rotation":0},{"Text":"this","TextBB":[616.058,165.579,630.518,174.175],"Rotation":0},{"Text":"point","TextBB":[633.101,165.579,653.248,174.175],"Rotation":0},{"Text":"20","TextBB":[511.046,159.632,521.38,168.228],"Rotation":0},{"Text":"15","TextBB":[511.046,189.295,521.38,197.891],"Rotation":0},{"Text":"10","TextBB":[511.046,218.959,521.38,227.555],"Rotation":0},{"Text":"Ch.","TextBB":[605.222,232.34,619.682,240.936],"Rotation":0},{"Text":"X,Y","TextBB":[622.266,232.34,637.246,240.936],"Rotation":0},{"Text":"-","TextBB":[639.83,232.34,642.924,240.936],"Rotation":0},{"Text":"Smart","TextBB":[645.508,232.34,670.292,240.936],"Rotation":0},{"Text":"cheat","TextBB":[672.875,232.34,695.606,240.936],"Rotation":0},{"Text":"Ch.","TextBB":[608.334,241.634,622.794,250.23],"Rotation":0},{"Text":"X,Y","TextBB":[625.378,241.634,640.358,250.23],"Rotation":0},{"Text":"-","TextBB":[642.942,241.634,646.036,250.23],"Rotation":0},{"Text":"Forced","TextBB":[648.62,241.634,677.54,250.23],"Rotation":0},{"Text":"CW","TextBB":[680.123,241.634,695.605,250.23],"Rotation":0},{"Text":"5","TextBB":[516.212,248.622,521.379,257.218],"Rotation":0},{"Text":"1000","TextBB":[290.265,257.258,311.544,266.109],"Rotation":0},{"Text":"1200","TextBB":[319.083,257.258,340.362,266.109],"Rotation":0},{"Text":"1400","TextBB":[347.901,257.258,369.18,266.109],"Rotation":0},{"Text":"0.11","TextBB":[545.449,257.915,563.533,266.511],"Rotation":0},{"Text":"0.12","TextBB":[597.973,257.915,616.058,266.511],"Rotation":0},{"Text":"0.13","TextBB":[650.46,257.915,668.544,266.511],"Rotation":0},{"Text":"0.14","TextBB":[702.985,257.915,721.069,266.511],"Rotation":0},{"Text":"Average","TextBB":[547.778,271.854,582.385,280.45],"Rotation":0},{"Text":"throughput","TextBB":[584.968,271.854,629.398,280.45],"Rotation":0},{"Text":"of","TextBB":[631.982,271.854,639.732,280.45],"Rotation":0},{"Text":"cheaters","TextBB":[642.315,271.854,677.954,280.45],"Rotation":0},{"Text":"(Mbits\/s)","TextBB":[680.538,271.854,716.158,280.45],"Rotation":0},{"Text":"Time","TextBB":[245.985,271.611,267.244,280.461],"Rotation":0},{"Text":"(s)","TextBB":[269.904,271.611,281.061,280.461],"Rotation":0},{"Text":"(a)","TextBB":[130.475,298.76,148.147,312.597],"Rotation":0},{"Text":"Evolution","TextBB":[152.778,298.76,211.382,312.597],"Rotation":0},{"Text":"of","TextBB":[216.032,298.76,227.178,312.597],"Rotation":0},{"Text":"the","TextBB":[231.788,298.76,251.001,312.597],"Rotation":0},{"Text":"contention","TextBB":[255.626,298.76,318.637,312.597],"Rotation":0},{"Text":"windows","TextBB":[323.287,298.76,374.46,312.597],"Rotation":0},{"Text":"(b)","TextBB":[502.987,298.76,521.44,312.597],"Rotation":0},{"Text":"Contention","TextBB":[530.084,298.76,596.935,312.597],"Rotation":0},{"Text":"window","TextBB":[605.61,298.76,651.337,312.597],"Rotation":0},{"Text":"vs.","TextBB":[659.981,298.76,676.587,312.597],"Rotation":0},{"Text":"throughput","TextBB":[494.362,314.323,562.843,328.16],"Rotation":0},{"Text":"Average","TextBB":[694.806,298.76,743.639,312.597],"Rotation":0}],"Mention":["throughput from the last stable point of operation. Fig-\nure 12(a) plots a sample evolution of the contention win-\ndow for 2 cheaters, X and Y , in the system. Note that\nall of the cheaters follow a similar pattern and eventu-\nally converge to a window size of 20. We are unable\nto show their evolution in the same plot as it simply\ngenerates overlapping lines. Figure 12(b) plots the aver-\nage throughput obtained by the cheaters at different con-\ntention window sizes. As can be seen from Figure 12(b),\n"],"Page":14,"Number":12,"Type":"Figure","CaptionBB":[78,356,786,387],"Height":1100,"Width":850,"DPI":100,"ImageBB":[115,93,745,329]}