{"Caption":"Figure 6. REAL: (a) Bandwidth Reduction and (b) Average Client Channel Requirement with the Scale of 1\/4 ","ImageText":[{"Text":"50","TextBB":[432.415,430.142,439.592,438.685],"Rotation":0},{"Text":"Bandwidth","TextBB":[425.626,533.463,432.259,581.376],"Rotation":3},{"Text":"Reduction","TextBB":[425.626,484.412,432.259,530.611],"Rotation":3},{"Text":"(%)","TextBB":[425.626,465.602,432.259,481.559],"Rotation":3},{"Text":"RB","TextBB":[454.47,437.774,460.447,443.47],"Rotation":0},{"Text":"Caching","TextBB":[461.644,437.774,477.428,443.47],"Rotation":0},{"Text":"Interval","TextBB":[454.47,444.872,468.581,450.568],"Rotation":0},{"Text":"Caching","TextBB":[469.778,444.872,485.562,450.568],"Rotation":0},{"Text":"SRB","TextBB":[454.47,451.97,463.317,457.666],"Rotation":0},{"Text":"Caching","TextBB":[464.514,451.97,480.298,457.666],"Rotation":0},{"Text":"Greedy","TextBB":[454.47,459.068,468.58,464.764],"Rotation":0},{"Text":"Patching","TextBB":[469.777,459.068,486.521,464.764],"Rotation":0},{"Text":"Grace","TextBB":[454.47,466.166,466.188,471.862],"Rotation":0},{"Text":"Patching","TextBB":[467.384,466.166,484.128,471.862],"Rotation":0},{"Text":"Optimal","TextBB":[454.47,473.264,469.295,478.96],"Rotation":0},{"Text":"Patching","TextBB":[470.492,473.264,487.236,478.96],"Rotation":0},{"Text":"Patching","TextBB":[454.47,480.362,471.214,486.058],"Rotation":0},{"Text":"SRB","TextBB":[472.411,480.362,481.258,486.058],"Rotation":0},{"Text":"40","TextBB":[432.412,466.234,439.589,474.776],"Rotation":0},{"Text":"Average","TextBB":[609.536,570.439,616.304,608.632],"Rotation":3},{"Text":"Client","TextBB":[609.536,541.373,616.304,567.588],"Rotation":3},{"Text":"Channel","TextBB":[609.536,500.329,616.304,538.522],"Rotation":3},{"Text":"Requirement","TextBB":[609.536,438.773,616.304,497.478],"Rotation":3},{"Text":"30","TextBB":[432.409,502.411,439.586,510.954],"Rotation":0},{"Text":"20","TextBB":[432.406,538.545,439.583,547.087],"Rotation":0},{"Text":"10","TextBB":[432.403,574.678,439.58,583.22],"Rotation":0},{"Text":"0","TextBB":[435.985,610.809,439.573,619.352],"Rotation":0},{"Text":"0.25","TextBB":[434.327,617.453,446.885,625.995],"Rotation":0},{"Text":"0.5","TextBB":[476.157,617.449,485.127,625.992],"Rotation":0},{"Text":"1","TextBB":[518.884,617.446,522.472,625.988],"Rotation":0},{"Text":"2","TextBB":[558.922,617.443,562.51,625.985],"Rotation":0},{"Text":"Memory","TextBB":[473.829,626.558,499.723,636.05],"Rotation":0},{"Text":"Cache","TextBB":[501.717,626.558,522.441,636.05],"Rotation":0},{"Text":"Size","TextBB":[524.434,626.558,538.381,636.05],"Rotation":0},{"Text":"(Gbytes)","TextBB":[540.375,626.558,567.868,636.05],"Rotation":0},{"Text":"4","TextBB":[598.991,617.439,602.579,625.982],"Rotation":0},{"Text":"5","TextBB":[616.466,430.482,620.127,439.02],"Rotation":0},{"Text":"4","TextBB":[616.464,466.52,620.126,475.059],"Rotation":0},{"Text":"RB","TextBB":[635.307,438.183,641.405,443.875],"Rotation":0},{"Text":"Caching","TextBB":[642.625,438.183,658.724,443.875],"Rotation":0},{"Text":"Interval","TextBB":[635.307,445.276,649.699,450.968],"Rotation":0},{"Text":"Caching","TextBB":[650.919,445.276,667.019,450.968],"Rotation":0},{"Text":"SRB","TextBB":[635.307,452.37,644.332,458.062],"Rotation":0},{"Text":"Caching","TextBB":[645.552,452.37,661.652,458.062],"Rotation":0},{"Text":"Greedy","TextBB":[635.307,459.463,649.7,465.155],"Rotation":0},{"Text":"Patching","TextBB":[650.92,459.463,667.998,465.155],"Rotation":0},{"Text":"Grace","TextBB":[635.307,466.557,647.26,472.249],"Rotation":0},{"Text":"Patching","TextBB":[648.48,466.557,665.558,472.249],"Rotation":0},{"Text":"Optimal","TextBB":[635.307,473.651,650.428,479.342],"Rotation":0},{"Text":"Patching","TextBB":[651.648,473.651,668.727,479.342],"Rotation":0},{"Text":"Patching","TextBB":[635.307,480.744,652.386,486.436],"Rotation":0},{"Text":"SRB","TextBB":[653.606,480.744,662.631,486.436],"Rotation":0},{"Text":"3","TextBB":[616.463,502.649,620.124,511.188],"Rotation":0},{"Text":"2","TextBB":[616.462,538.737,620.123,547.277],"Rotation":0},{"Text":"1","TextBB":[616.461,574.829,620.122,583.369],"Rotation":0},{"Text":"0","TextBB":[616.46,610.923,620.121,619.464],"Rotation":0},{"Text":"0.25","TextBB":[614.777,617.433,627.591,625.976],"Rotation":0},{"Text":"0.5","TextBB":[657.458,617.456,666.611,625.999],"Rotation":0},{"Text":"1","TextBB":[701.052,617.479,704.713,626.021],"Rotation":0},{"Text":"2","TextBB":[741.904,617.503,745.565,626.044],"Rotation":0},{"Text":"Memory","TextBB":[655.062,626.824,681.482,636.311],"Rotation":0},{"Text":"Cache","TextBB":[683.516,626.824,704.66,636.311],"Rotation":0},{"Text":"Size","TextBB":[706.694,626.824,720.925,636.311],"Rotation":0},{"Text":"(Gbytes)","TextBB":[722.959,626.824,751.01,636.311],"Rotation":0},{"Text":"4","TextBB":[782.786,617.526,786.447,626.067],"Rotation":0}],"Mention":["and SRB are about 33% and 15% respectively, compared to\n0% for the interval caching. Since the wasted bytes are not\ncounted as hits, this leads to the lowered trafﬁc reduction\nrate for PSRB and SRB. From another perspective, even\nwith the waste, PSRB and SRB still can achieve better per-\nformance than other techniques.\nSetting the initial buffer size as 1\/4 of the requested me-\ndia object, we again evaluate the caching performance with\nthe increasing amount of the available proxy memory. Fig-\nure 6 and Figure 7 show the server trafﬁc reduction rate and\nthe client side statistics respectively.\nFigure 6(a) shows that distances between the trafﬁc re-\nduction curves of PSRB, SRB and the interval caching be-\ncome much smaller in general. This reinforces the observa-\ntion that PSRB and SRB have more waste due to the partial\nviewing nature. In addition, the grace patching achieving al-\n"],"Page":7,"Number":6,"Type":"Figure","CaptionBB":[456,644,754,692],"Height":1100,"Width":850,"DPI":100,"ImageBB":[424,392,789,639]}