{"Caption":"Figure 8: Edge congestion with shortest path routing and clout model of communication","ImageText":[{"Text":"4000","TextBB":[524.665,597.702,540.881,604.447],"Rotation":0},{"Text":"nodes","TextBB":[542.908,597.702,562.771,604.447],"Rotation":0},{"Text":"10000","TextBB":[520.611,604.994,540.882,611.739],"Rotation":0},{"Text":"nodes","TextBB":[542.909,604.994,562.772,611.739],"Rotation":0},{"Text":"16000","TextBB":[520.611,612.285,540.882,619.03],"Rotation":0},{"Text":"nodes","TextBB":[542.909,612.285,562.772,619.03],"Rotation":0},{"Text":"22000","TextBB":[520.611,619.577,540.882,626.322],"Rotation":0},{"Text":"nodes","TextBB":[542.909,619.577,562.772,626.322],"Rotation":0},{"Text":"28000","TextBB":[520.611,626.869,540.882,633.614],"Rotation":0},{"Text":"nodes","TextBB":[542.909,626.869,562.772,633.614],"Rotation":0},{"Text":"34000","TextBB":[520.611,634.16,540.882,640.905],"Rotation":0},{"Text":"nodes","TextBB":[542.909,634.16,562.772,640.905],"Rotation":0},{"Text":"40000","TextBB":[520.611,641.452,540.882,648.197],"Rotation":0},{"Text":"nodes","TextBB":[542.909,641.452,562.772,648.197],"Rotation":0},{"Text":"46000","TextBB":[520.611,648.744,540.882,655.489],"Rotation":0},{"Text":"nodes","TextBB":[542.909,648.744,562.772,655.489],"Rotation":0},{"Text":"1e+14","TextBB":[475.213,610.619,495.687,617.364],"Rotation":0},{"Text":"1e+15","TextBB":[112.213,625.083,132.688,631.827],"Rotation":0},{"Text":"1e+12","TextBB":[475.213,625.88,495.687,632.625],"Rotation":0},{"Text":"Congestion","TextBB":[462.952,638.247,469.697,675.128],"Rotation":3},{"Text":"Max.","TextBB":[99.9885,676.553,106.733,692.354],"Rotation":3},{"Text":"edge","TextBB":[99.9885,658.309,106.733,674.526],"Rotation":3},{"Text":"congestion","TextBB":[99.9885,621.02,106.733,656.282],"Rotation":3},{"Text":"1e+16","TextBB":[475.213,595.41,495.687,602.155],"Rotation":0},{"Text":"Max.","TextBB":[162.882,597.374,178.683,604.118],"Rotation":0},{"Text":"link","TextBB":[180.71,597.374,191.648,604.118],"Rotation":0},{"Text":"congestion","TextBB":[193.675,597.374,228.937,604.118],"Rotation":0},{"Text":"Θ(n","TextBB":[211.381,603.266,223.266,612.767],"Rotation":0},{"Text":"4","TextBB":[223.266,602.796,226.509,608.192],"Rotation":0},{"Text":")","TextBB":[226.509,605.395,228.937,612.14],"Rotation":0},{"Text":"Θ(n","TextBB":[211.381,610.558,223.266,620.059],"Rotation":0},{"Text":"6","TextBB":[223.266,610.088,226.509,615.484],"Rotation":0},{"Text":")","TextBB":[226.509,612.687,228.937,619.432],"Rotation":0},{"Text":"1e+16","TextBB":[112.213,604.717,132.688,611.462],"Rotation":0},{"Text":"1e+14","TextBB":[112.213,645.499,132.688,652.244],"Rotation":0},{"Text":"1e+13","TextBB":[112.213,665.863,132.688,672.608],"Rotation":0},{"Text":"1e+12","TextBB":[112.213,686.28,132.688,693.025],"Rotation":0},{"Text":"1e+10","TextBB":[475.213,641.088,495.687,647.833],"Rotation":0},{"Text":"1e+08","TextBB":[475.213,656.348,495.687,663.093],"Rotation":0},{"Text":"1e+06","TextBB":[475.213,671.556,495.687,678.301],"Rotation":0},{"Text":"10000","TextBB":[475.417,686.817,495.687,693.562],"Rotation":0},{"Text":"100","TextBB":[483.525,702.026,495.687,708.77],"Rotation":0},{"Text":"1e+11","TextBB":[112.213,706.645,132.688,713.39],"Rotation":0},{"Text":"1","TextBB":[491.633,717.285,495.687,724.03],"Rotation":0},{"Text":"4000","TextBB":[128.954,724.613,145.171,731.358],"Rotation":0},{"Text":"10000","TextBB":[216.197,724.613,236.468,731.358],"Rotation":0},{"Text":"Number","TextBB":[232.119,735.551,258.049,742.295],"Rotation":0},{"Text":"of","TextBB":[260.076,735.551,266.157,742.295],"Rotation":0},{"Text":"nodes","TextBB":[268.184,735.551,288.047,742.295],"Rotation":0},{"Text":"50000","TextBB":[372.969,724.613,393.24,731.358],"Rotation":0},{"Text":"(a)","TextBB":[161,747.16,177.314,759.613],"Rotation":0},{"Text":"Maximum","TextBB":[181.647,747.16,238.101,759.613],"Rotation":0},{"Text":"edge","TextBB":[242.434,747.16,267.254,759.613],"Rotation":0},{"Text":"congestion","TextBB":[271.42,747.16,329.54,759.613],"Rotation":0},{"Text":"0","TextBB":[498.035,724.577,502.089,731.322],"Rotation":0},{"Text":"0.2","TextBB":[539.735,724.577,549.87,731.322],"Rotation":0},{"Text":"0.4","TextBB":[584.474,724.577,594.609,731.322],"Rotation":0},{"Text":"0.6","TextBB":[629.214,724.577,639.349,731.322],"Rotation":0},{"Text":"Normalized","TextBB":[579.724,735.515,616.59,742.259],"Rotation":0},{"Text":"Rank","TextBB":[618.617,735.515,635.636,742.259],"Rotation":0},{"Text":"of","TextBB":[637.663,735.515,643.744,742.259],"Rotation":0},{"Text":"Edges","TextBB":[645.772,735.515,666.443,742.259],"Rotation":0},{"Text":"0.8","TextBB":[673.953,724.577,684.088,731.322],"Rotation":0},{"Text":"1","TextBB":[721.733,724.577,725.788,731.322],"Rotation":0},{"Text":"(b)","TextBB":[510.373,747.16,527.521,759.613],"Rotation":0},{"Text":"Distribution","TextBB":[531.688,747.16,599.795,759.613],"Rotation":0},{"Text":"of","TextBB":[604.128,747.16,614.278,759.613],"Rotation":0},{"Text":"edge","TextBB":[618.611,747.16,643.43,759.613],"Rotation":0},{"Text":"congestion","TextBB":[647.764,747.16,705.883,759.613],"Rotation":0}],"Mention":["The results for the clout model are more interesting with the\nresulting maximum congestion in the graph scaling much\nworse than before. Indeed, as Figure 8(a) shows, the max-\n","The graph of the congestion across all edges in this model,\nshown in Figure 8(b), is equally interesting. Compared to\nFigure 7(b) of the leaf-2-leaf model, Figure 8(b) looks very\ndi\u000Berent. Visual inspection of the two \fgures reveals that\nthe unevenness in congestion is much more pronounced in\nthe clout model of communication. To summarize, the non-\n"],"Page":9,"Number":8,"Type":"Figure","CaptionBB":[134,787,709,801],"Height":1100,"Width":850,"DPI":100,"ImageBB":[97,590,749,762]}