{"Type":"Figure",
"Number": 8,
"Page": 12,
"DPI": 100,
"Width": 826,
"Height": 1169,
"CaptionBB": [207,300,652,317],
"Caption": "Figure 8: Effect of varying the Read rate, the Write rate, and the R/W proximity.",
"ImageBB": [111,106,763,289],
"ImageText" : [
{"Rotation": 0,"TextBB": [131.174,145.551,135.808,155.187], "Text": "4"},
	{"Rotation": 0,"TextBB": [131.174,163.26,135.808,172.895], "Text": "3"},
	{"Rotation": 0,"TextBB": [131.174,180.968,135.808,190.604], "Text": "2"},
	{"Rotation": 0,"TextBB": [131.174,198.677,135.808,208.312], "Text": "1"},
	{"Rotation": 0,"TextBB": [139.65,226.802,144.283,236.437], "Text": "0"},
	{"Rotation": 0,"TextBB": [161.892,226.802,187.375,236.437], "Text": "0.0025"},
	{"Rotation": 0,"TextBB": [196.875,226.802,217.725,236.437], "Text": "0.005"},
	{"Rotation": 0,"TextBB": [227.225,226.802,252.708,236.437], "Text": "0.0075"},
	{"Rotation": 0,"TextBB": [264.525,226.802,280.742,236.437], "Text": "0.01"},
	{"Rotation": 0,"TextBB": [292.559,226.802,318.043,236.437], "Text": "0.0125"},
	{"Rotation": 0,"TextBB": [359.247,110.134,382.413,119.77], "Text": "10000"},
	{"Rotation": 0,"TextBB": [475.531,118.624,493.123,128.259], "Text": "ADR"},
	{"Rotation": 0,"TextBB": [481.547,129.04,493.122,138.676], "Text": "AR"},
	{"Rotation": 0,"TextBB": [479.231,139.457,493.122,149.093], "Text": "IDP"},
	{"Rotation": 0,"TextBB": [363.88,145.551,382.413,155.187], "Text": "1000"},
	{"Rotation": 0,"TextBB": [368.513,180.968,382.413,190.604], "Text": "100"},
	{"Rotation": 0,"TextBB": [373.147,216.385,382.413,226.021], "Text": "10"},
	{"Rotation": 0,"TextBB": [584.385,110.134,589.018,119.77], "Text": "6"},
	{"Rotation": 0,"TextBB": [702.136,118.624,719.728,128.259], "Text": "ADR"},
	{"Rotation": 0,"TextBB": [708.152,129.04,719.727,138.676], "Text": "AR"},
	{"Rotation": 0,"TextBB": [705.836,139.457,719.727,149.093], "Text": "IDP"},
	{"Rotation": 0,"TextBB": [584.385,127.843,589.018,137.478], "Text": "5"},
	{"Rotation": 0,"TextBB": [584.385,145.551,589.018,155.187], "Text": "4"},
	{"Rotation": 0,"TextBB": [584.385,163.26,589.018,172.895], "Text": "3"},
	{"Rotation": 0,"TextBB": [584.385,180.968,589.018,190.604], "Text": "2"},
	{"Rotation": 0,"TextBB": [584.385,198.677,589.018,208.312], "Text": "1"},
	{"Rotation": 0,"TextBB": [584.385,216.385,589.018,226.021], "Text": "0"},
	{"Rotation": 0,"TextBB": [386.255,226.802,390.888,236.437], "Text": "0"},
	{"Rotation": 0,"TextBB": [404.496,226.802,429.98,236.437], "Text": "0.0025"},
	{"Rotation": 0,"TextBB": [435.48,226.802,456.33,236.437], "Text": "0.005"},
	{"Rotation": 0,"TextBB": [461.83,226.802,487.314,236.437], "Text": "0.0075"},
	{"Rotation": 0,"TextBB": [495.13,226.802,511.347,236.437], "Text": "0.01"},
	{"Rotation": 0,"TextBB": [519.164,226.802,544.648,236.437], "Text": "0.0125"},
	{"Rotation": 0,"TextBB": [190.755,242.427,210.672,252.063], "Text": "Read"},
	{"Rotation": 0,"TextBB": [212.989,242.427,232.43,252.063], "Text": "Write"},
	{"Rotation": 0,"TextBB": [234.747,242.427,254.197,252.063], "Text": "Ratio"},
	{"Rotation": 0,"TextBB": [141.109,256.23,156.468,270.759], "Text": "(a)"},
	{"Rotation": 0,"TextBB": [159.927,256.23,205.576,270.759], "Text": "Average"},
	{"Rotation": 0,"TextBB": [209.022,256.23,257.438,270.759], "Text": "response"},
	{"Rotation": 0,"TextBB": [260.897,256.23,285.5,270.759], "Text": "time"},
	{"Rotation": 0,"TextBB": [147.194,272.582,171.796,287.111], "Text": "with"},
	{"Rotation": 0,"TextBB": [175.256,272.582,222.565,287.111], "Text": "different"},
	{"Rotation": 0,"TextBB": [226.01,272.582,249.824,287.111], "Text": "read"},
	{"Rotation": 0,"TextBB": [253.284,272.582,279.408,287.111], "Text": "rates"},
	{"Rotation": 3,"TextBB": [566.647,168.122,574.355,215.018], "Text": "Response"},
	{"Rotation": 3,"TextBB": [566.647,145.549,574.355,165.226], "Text": "time"},
	{"Rotation": 3,"TextBB": [566.647,119.507,574.355,142.653], "Text": "(sec)"},
	{"Rotation": 0,"TextBB": [131.174,127.843,135.808,137.478], "Text": "5"},
	{"Rotation": 3,"TextBB": [340.042,204.6,347.75,228.902], "Text": "Write"},
	{"Rotation": 3,"TextBB": [340.042,108.516,347.75,201.704], "Text": "cost(object-sec)/min"},
	{"Rotation": 3,"TextBB": [113.436,168.122,121.145,215.018], "Text": "Response"},
	{"Rotation": 3,"TextBB": [113.436,145.549,121.145,165.226], "Text": "time"},
	{"Rotation": 3,"TextBB": [113.436,119.507,121.145,142.653], "Text": "(sec)"},
	{"Rotation": 0,"TextBB": [248.926,118.624,266.518,128.259], "Text": "ADR"},
	{"Rotation": 0,"TextBB": [254.942,129.04,266.517,138.676], "Text": "AR"},
	{"Rotation": 0,"TextBB": [252.626,139.457,266.517,149.093], "Text": "IDP"},
	{"Rotation": 0,"TextBB": [427.36,242.427,447.277,252.063], "Text": "Read"},
	{"Rotation": 0,"TextBB": [449.594,242.427,469.036,252.063], "Text": "Write"},
	{"Rotation": 0,"TextBB": [471.352,242.427,490.802,252.063], "Text": "Ratio"},
	{"Rotation": 0,"TextBB": [373.269,256.23,389.404,270.759], "Text": "(b)"},
	{"Rotation": 0,"TextBB": [392.863,256.23,438.512,270.759], "Text": "Average"},
	{"Rotation": 0,"TextBB": [441.957,256.23,470.393,270.759], "Text": "write"},
	{"Rotation": 0,"TextBB": [473.852,256.23,506.563,270.759], "Text": "traffic"},
	{"Rotation": 0,"TextBB": [371.495,272.582,396.097,287.111], "Text": "with"},
	{"Rotation": 0,"TextBB": [399.557,272.582,446.866,287.111], "Text": "different"},
	{"Rotation": 0,"TextBB": [450.312,272.582,478.747,287.111], "Text": "write"},
	{"Rotation": 0,"TextBB": [482.206,272.582,508.331,287.111], "Text": "rates"},
	{"Rotation": 0,"TextBB": [592.86,226.802,597.493,236.437], "Text": "1"},
	{"Rotation": 0,"TextBB": [625.526,226.802,630.16,236.437], "Text": "2"},
	{"Rotation": 0,"TextBB": [658.193,226.802,662.827,236.437], "Text": "3"},
	{"Rotation": 0,"TextBB": [690.86,226.802,695.494,236.437], "Text": "4"},
	{"Rotation": 0,"TextBB": [723.527,226.802,728.16,236.437], "Text": "5"},
	{"Rotation": 0,"TextBB": [756.194,226.802,760.827,236.437], "Text": "6"},
	{"Rotation": 0,"TextBB": [650.444,242.427,678.694,252.063], "Text": "Locality"},
	{"Rotation": 0,"TextBB": [681.011,242.427,700.928,252.063], "Text": "Level"},
	{"Rotation": 0,"TextBB": [594.319,256.23,609.678,270.759], "Text": "(c)"},
	{"Rotation": 0,"TextBB": [613.137,256.23,658.786,270.759], "Text": "Average"},
	{"Rotation": 0,"TextBB": [662.232,256.23,710.648,270.759], "Text": "response"},
	{"Rotation": 0,"TextBB": [714.107,256.23,738.71,270.759], "Text": "time"},
	{"Rotation": 0,"TextBB": [601.732,272.582,643.673,287.111], "Text": "varying"},
	{"Rotation": 0,"TextBB": [647.118,272.582,673.257,287.111], "Text": "R/W"},
	{"Rotation": 0,"TextBB": [676.716,272.582,731.304,287.111], "Text": "proximity"}
]}
