{"Caption":"Figure 16. Tuning parameters of group and software-pipelined prefetching for the partition phase ","ImageText":[{"Text":"4000","TextBB":[86.6182,153.928,102.383,162.704],"Rotation":0},{"Text":"3000","TextBB":[86.6182,171.206,102.383,179.981],"Rotation":0},{"Text":"2000","TextBB":[86.6182,188.533,102.383,197.309],"Rotation":0},{"Text":"1000","TextBB":[86.6182,205.861,102.383,214.637],"Rotation":0},{"Text":"0","TextBB":[98.4325,223.189,102.374,231.965],"Rotation":0},{"Text":"4","TextBB":[102.124,228.899,106.066,237.674],"Rotation":0},{"Text":"8","TextBB":[110.591,228.899,114.533,237.674],"Rotation":0},{"Text":"16","TextBB":[125.605,228.899,133.488,237.674],"Rotation":0},{"Text":"24","TextBB":[142.589,228.899,150.471,237.674],"Rotation":0},{"Text":"32","TextBB":[159.522,228.899,167.405,237.674],"Rotation":0},{"Text":"40","TextBB":[176.506,228.899,184.388,237.674],"Rotation":0},{"Text":"group","TextBB":[151.4,236.825,169.526,245.601],"Rotation":0},{"Text":"size","TextBB":[171.496,236.825,184.1,245.601],"Rotation":0},{"Text":"(a)","TextBB":[131.667,248.381,147.15,265.055],"Rotation":0},{"Text":"group","TextBB":[150.484,248.381,183.097,265.055],"Rotation":0},{"Text":"48","TextBB":[193.489,228.899,201.371,237.674],"Rotation":0},{"Text":"56","TextBB":[210.422,228.899,218.305,237.674],"Rotation":0},{"Text":"64","TextBB":[227.406,228.899,235.288,237.674],"Rotation":0},{"Text":"6000","TextBB":[255.618,119.272,271.383,128.048],"Rotation":0},{"Text":"T","TextBB":[306.617,118.238,310.948,127.013],"Rotation":0},{"Text":"=","TextBB":[312.918,118.238,317.058,127.013],"Rotation":0},{"Text":"1000","TextBB":[319.029,118.238,334.794,127.013],"Rotation":0},{"Text":"cycles","TextBB":[336.765,118.238,356.457,127.013],"Rotation":0},{"Text":"T","TextBB":[306.617,126.409,310.948,135.185],"Rotation":0},{"Text":"=","TextBB":[312.918,126.409,317.058,135.185],"Rotation":0},{"Text":"150","TextBB":[320.999,126.409,332.823,135.185],"Rotation":0},{"Text":"cycles","TextBB":[334.794,126.409,354.486,135.185],"Rotation":0},{"Text":"5000","TextBB":[86.6182,136.6,102.383,145.376],"Rotation":0},{"Text":"execution","TextBB":[246.156,203.889,254.931,234.228],"Rotation":3},{"Text":"time","TextBB":[246.156,188.528,254.931,201.918],"Rotation":3},{"Text":"for","TextBB":[246.156,178.284,254.931,186.557],"Rotation":3},{"Text":"partitioning","TextBB":[246.156,141.643,254.931,176.314],"Rotation":3},{"Text":"(M","TextBB":[246.156,131.407,254.931,139.673],"Rotation":3},{"Text":"cycles)","TextBB":[246.156,107.384,254.931,129.437],"Rotation":3},{"Text":"execution","TextBB":[77.1552,203.889,85.9309,234.228],"Rotation":3},{"Text":"time","TextBB":[77.1552,188.528,85.9309,201.918],"Rotation":3},{"Text":"for","TextBB":[77.1552,178.284,85.9309,186.557],"Rotation":3},{"Text":"partitioning","TextBB":[77.1552,141.643,85.9309,176.314],"Rotation":3},{"Text":"(M","TextBB":[77.1552,131.407,85.9309,139.673],"Rotation":3},{"Text":"cycles)","TextBB":[77.1552,107.384,85.9309,129.437],"Rotation":3},{"Text":"T","TextBB":[156.126,118.238,160.458,127.013],"Rotation":0},{"Text":"=","TextBB":[162.428,118.238,166.568,127.013],"Rotation":0},{"Text":"1000","TextBB":[168.539,118.238,184.304,127.013],"Rotation":0},{"Text":"cycles","TextBB":[186.274,118.238,205.966,127.013],"Rotation":0},{"Text":"T","TextBB":[156.126,126.409,160.458,135.185],"Rotation":0},{"Text":"=","TextBB":[162.428,126.409,166.568,135.185],"Rotation":0},{"Text":"150","TextBB":[170.509,126.409,182.333,135.185],"Rotation":0},{"Text":"cycles","TextBB":[184.304,126.409,203.996,135.185],"Rotation":0},{"Text":"6000","TextBB":[86.6182,119.272,102.383,128.048],"Rotation":0},{"Text":"5000","TextBB":[255.618,136.6,271.383,145.376],"Rotation":0},{"Text":"4000","TextBB":[255.618,153.928,271.383,162.704],"Rotation":0},{"Text":"3000","TextBB":[255.618,171.206,271.383,179.981],"Rotation":0},{"Text":"2000","TextBB":[255.618,188.533,271.383,197.309],"Rotation":0},{"Text":"1000","TextBB":[255.618,205.861,271.383,214.637],"Rotation":0},{"Text":"0","TextBB":[267.432,223.189,271.373,231.965],"Rotation":0},{"Text":"1","TextBB":[271.125,228.899,275.066,237.674],"Rotation":0},{"Text":"2","TextBB":[279.592,228.899,283.533,237.674],"Rotation":0},{"Text":"3","TextBB":[288.107,228.899,292.048,237.674],"Rotation":0},{"Text":"4","TextBB":[296.575,228.899,300.516,237.674],"Rotation":0},{"Text":"5","TextBB":[305.042,228.899,308.983,237.674],"Rotation":0},{"Text":"6","TextBB":[313.557,228.899,317.498,237.674],"Rotation":0},{"Text":"7","TextBB":[322.025,228.899,325.966,237.674],"Rotation":0},{"Text":"8","TextBB":[330.492,228.899,334.433,237.674],"Rotation":0},{"Text":"9","TextBB":[339.007,228.899,342.948,237.674],"Rotation":0},{"Text":"10111213141516","TextBB":[345.506,228.899,404.288,237.674],"Rotation":0},{"Text":"prefetch","TextBB":[309.767,236.825,335.378,245.601],"Rotation":0},{"Text":"distance","TextBB":[337.348,236.825,363.746,245.601],"Rotation":0},{"Text":"(b)","TextBB":[264.597,248.381,280.911,265.055],"Rotation":0},{"Text":"software-pipelined","TextBB":[284.078,248.381,388.118,265.055],"Rotation":0}],"Mention":["hide most of the data cache miss latencies. Figure 16 shows\nthe relationships between parameters and the cache perfor-\nmance of group prefetching and software-pipelined prefetch-\ning. The optimal values for partition phase are \u0004r2 g l and\nvr2ux . The \u0002gure and a cache miss analysis as in Figure 13\n"],"Page":11,"Number":16,"Type":"Figure","CaptionBB":[73,275,409,303],"Height":1100,"Width":850,"DPI":100,"ImageBB":[72,98,411,266]}