{"Caption":"Figure 1: F1 as a function of training set size. Algorithms marked with \u201C+dict\u201D include external dictionary features, and algorithms marked with \u201C+int\u201D include internal dictionary features. We do not use internal dictionary features for CRF\/4 since they lead to reduced accuracy. ","ImageText":[{"Text":"Address_City","TextBB":[412.98,107.128,451.134,113.063],"Rotation":0},{"Text":"Email_Person","TextBB":[577.088,107.128,617.026,113.063],"Rotation":0},{"Text":"90","TextBB":[356.537,116.753,363.673,122.688],"Rotation":0},{"Text":"90","TextBB":[521.538,116.753,528.673,122.688],"Rotation":0},{"Text":"85","TextBB":[356.537,132.153,363.673,138.088],"Rotation":0},{"Text":"85","TextBB":[521.538,132.153,528.673,138.088],"Rotation":0},{"Text":"F1","TextBB":[511.415,175.58,517.35,183.068],"Rotation":3},{"Text":"span","TextBB":[511.415,159.885,517.35,173.796],"Rotation":3},{"Text":"accuracy","TextBB":[511.415,132.428,517.35,158.101],"Rotation":3},{"Text":"F1","TextBB":[346.415,175.58,352.35,183.068],"Rotation":3},{"Text":"span","TextBB":[346.415,159.885,352.35,173.796],"Rotation":3},{"Text":"accuracy","TextBB":[346.415,132.428,352.35,158.101],"Rotation":3},{"Text":"F1","TextBB":[181.416,175.58,187.352,183.068],"Rotation":3},{"Text":"span","TextBB":[181.416,159.885,187.352,173.796],"Rotation":3},{"Text":"accuracy","TextBB":[181.416,132.428,187.352,158.101],"Rotation":3},{"Text":"Address_State","TextBB":[247.942,107.128,290.029,113.063],"Rotation":0},{"Text":"100","TextBB":[191.822,116.753,202.525,122.688],"Rotation":0},{"Text":"90","TextBB":[195.389,124.453,202.524,130.388],"Rotation":0},{"Text":"80","TextBB":[195.389,132.153,202.524,138.088],"Rotation":0},{"Text":"70","TextBB":[195.389,139.853,202.524,145.788],"Rotation":0},{"Text":"60","TextBB":[195.389,147.553,202.524,153.488],"Rotation":0},{"Text":"50","TextBB":[195.389,155.253,202.524,161.188],"Rotation":0},{"Text":"40","TextBB":[195.389,162.953,202.524,168.888],"Rotation":0},{"Text":"CRF\/4","TextBB":[283.217,168.406,301.755,174.342],"Rotation":0},{"Text":"30","TextBB":[195.389,170.653,202.524,176.588],"Rotation":0},{"Text":"SemiCRF+int","TextBB":[263.431,174.823,301.757,180.759],"Rotation":0},{"Text":"20","TextBB":[195.389,178.353,202.524,184.288],"Rotation":0},{"Text":"CRF\/4+dict","TextBB":[269.488,181.24,301.757,187.175],"Rotation":0},{"Text":"10","TextBB":[195.389,186.053,202.524,191.988],"Rotation":0},{"Text":"SemiCRF+int+dict","TextBB":[249.7,187.657,301.758,193.592],"Rotation":0},{"Text":"0","TextBB":[198.956,193.753,202.523,199.688],"Rotation":0},{"Text":"0.05","TextBB":[200.132,200.169,212.619,206.105],"Rotation":0},{"Text":"0.1","TextBB":[215.849,200.169,224.768,206.105],"Rotation":0},{"Text":"0.15","TextBB":[227.953,200.169,240.44,206.105],"Rotation":0},{"Text":"0.2","TextBB":[243.669,200.169,252.589,206.105],"Rotation":0},{"Text":"0.25","TextBB":[255.774,200.169,268.26,206.105],"Rotation":0},{"Text":"0.3","TextBB":[271.49,200.169,280.409,206.105],"Rotation":0},{"Text":"0.35","TextBB":[283.594,200.169,296.081,206.105],"Rotation":0},{"Text":"0.4","TextBB":[299.311,200.169,308.23,206.105],"Rotation":0},{"Text":"0.45","TextBB":[311.415,200.169,323.902,206.105],"Rotation":0},{"Text":"0.5","TextBB":[327.132,200.169,336.051,206.105],"Rotation":0},{"Text":"Fraction","TextBB":[221.735,209.794,244.912,215.73],"Rotation":0},{"Text":"of","TextBB":[246.696,209.794,252.047,215.73],"Rotation":0},{"Text":"available","TextBB":[253.831,209.794,279.151,215.73],"Rotation":0},{"Text":"training","TextBB":[280.935,209.794,301.975,215.73],"Rotation":0},{"Text":"data","TextBB":[303.759,209.794,316.246,215.73],"Rotation":0},{"Text":"80","TextBB":[356.537,147.553,363.673,153.488],"Rotation":0},{"Text":"75","TextBB":[356.537,162.953,363.673,168.888],"Rotation":0},{"Text":"CRF\/4","TextBB":[448.216,168.406,466.753,174.342],"Rotation":0},{"Text":"SemiCRF+int","TextBB":[428.429,174.823,466.756,180.759],"Rotation":0},{"Text":"CRF\/4+dict","TextBB":[434.486,181.24,466.756,187.175],"Rotation":0},{"Text":"SemiCRF+int+dict","TextBB":[414.699,187.657,466.757,193.592],"Rotation":0},{"Text":"70","TextBB":[356.537,178.353,363.673,184.288],"Rotation":0},{"Text":"65","TextBB":[356.537,193.753,363.673,199.688],"Rotation":0},{"Text":"0.05","TextBB":[361.281,200.169,373.767,206.105],"Rotation":0},{"Text":"0.1","TextBB":[377.41,200.169,386.329,206.105],"Rotation":0},{"Text":"0.15","TextBB":[389.972,200.169,402.459,206.105],"Rotation":0},{"Text":"0.2","TextBB":[406.101,200.169,415.021,206.105],"Rotation":0},{"Text":"0.25","TextBB":[418.664,200.169,431.151,206.105],"Rotation":0},{"Text":"0.3","TextBB":[434.747,200.169,443.666,206.105],"Rotation":0},{"Text":"0.35","TextBB":[447.31,200.169,459.797,206.105],"Rotation":0},{"Text":"0.4","TextBB":[463.439,200.169,472.358,206.105],"Rotation":0},{"Text":"0.45","TextBB":[476.001,200.169,488.488,206.105],"Rotation":0},{"Text":"0.5","TextBB":[492.131,200.169,501.05,206.105],"Rotation":0},{"Text":"Fraction","TextBB":[384.807,209.794,407.984,215.73],"Rotation":0},{"Text":"of","TextBB":[409.768,209.794,415.119,215.73],"Rotation":0},{"Text":"available","TextBB":[416.903,209.794,442.223,215.73],"Rotation":0},{"Text":"training","TextBB":[444.007,209.794,465.047,215.73],"Rotation":0},{"Text":"data","TextBB":[466.831,209.794,479.318,215.73],"Rotation":0},{"Text":"80","TextBB":[521.538,147.553,528.673,153.488],"Rotation":0},{"Text":"75","TextBB":[521.538,162.953,528.673,168.888],"Rotation":0},{"Text":"70","TextBB":[521.538,178.353,528.673,184.288],"Rotation":0},{"Text":"CRF\/4","TextBB":[613.216,168.406,631.753,174.342],"Rotation":0},{"Text":"SemiCRF+int","TextBB":[593.429,174.823,631.756,180.759],"Rotation":0},{"Text":"CRF\/4+dict","TextBB":[599.486,181.24,631.756,187.175],"Rotation":0},{"Text":"SemiCRF+int+dict","TextBB":[579.699,187.657,631.757,193.592],"Rotation":0},{"Text":"65","TextBB":[521.538,193.753,528.673,199.688],"Rotation":0},{"Text":"0.05","TextBB":[526.281,200.169,538.767,206.105],"Rotation":0},{"Text":"0.1","TextBB":[542.41,200.169,551.329,206.105],"Rotation":0},{"Text":"0.15","TextBB":[554.972,200.169,567.459,206.105],"Rotation":0},{"Text":"0.2","TextBB":[571.101,200.169,580.021,206.105],"Rotation":0},{"Text":"0.25","TextBB":[583.664,200.169,596.151,206.105],"Rotation":0},{"Text":"0.3","TextBB":[599.747,200.169,608.666,206.105],"Rotation":0},{"Text":"0.35","TextBB":[612.31,200.169,624.797,206.105],"Rotation":0},{"Text":"0.4","TextBB":[628.439,200.169,637.358,206.105],"Rotation":0},{"Text":"0.45","TextBB":[641.001,200.169,653.488,206.105],"Rotation":0},{"Text":"0.5","TextBB":[657.131,200.169,666.05,206.105],"Rotation":0},{"Text":"Fraction","TextBB":[549.807,209.794,572.984,215.73],"Rotation":0},{"Text":"of","TextBB":[574.768,209.794,580.119,215.73],"Rotation":0},{"Text":"available","TextBB":[581.903,209.794,607.223,215.73],"Rotation":0},{"Text":"training","TextBB":[609.007,209.794,630.047,215.73],"Rotation":0},{"Text":"data","TextBB":[631.831,209.794,644.318,215.73],"Rotation":0}],"Mention":["We evaluated F1-measure performance3 of CRF\/1, CRF\/4, and semi-CRFs, with and with-\nout internal and external dictionaries. A detailed tabulation of the results are shown in Ta-\nble 1, and Figure 1 shows F1 values plotted against training set size for a subset of three of\nthe tasks, and four of the learning methods. In each experiment performance was averaged\nover seven runs, and evaluation was performed on a hold-out set of 30% of the documents.\nIn the table the learners are trained with 10% of the available data\u2014as the curves show,\nperformance differences are often smaller with more training data. Gaussian priors were\nused for all algorithms, and for semi-CRFs, a fixed value of L was chosen for each dataset\nbased on observed entity lengths. This ranged between 4 and 6 for the different datasets.\n"],"Page":6,"Number":1,"Type":"Figure","CaptionBB":[173,232,675,274],"Height":1100,"Width":850,"DPI":100,"ImageBB":[179,105,668,218]}