{"Caption":"Figure 12: Instantaneous delay behavior with heterogenous rates under piecewise linear mapping.","ImageText":[{"Text":"4","TextBB":[160.178,645.457,165.583,654.45],"Rotation":0},{"Text":"4","TextBB":[463.678,645.457,469.083,654.45],"Rotation":0},{"Text":"class","TextBB":[319.264,654.693,341.411,663.686],"Rotation":0},{"Text":"1","TextBB":[344.114,654.693,349.519,663.686],"Rotation":0},{"Text":"class","TextBB":[319.264,664.415,341.411,673.408],"Rotation":0},{"Text":"2","TextBB":[344.114,664.415,349.519,673.408],"Rotation":0},{"Text":"class","TextBB":[622.764,654.693,644.911,663.686],"Rotation":0},{"Text":"1","TextBB":[647.614,654.693,653.019,663.686],"Rotation":0},{"Text":"class","TextBB":[622.764,664.415,644.911,673.408],"Rotation":0},{"Text":"2","TextBB":[647.614,664.415,653.019,673.408],"Rotation":0},{"Text":"3.5","TextBB":[455.569,666.568,469.083,675.561],"Rotation":0},{"Text":"3","TextBB":[160.178,687.749,165.583,696.742],"Rotation":0},{"Text":"3","TextBB":[463.678,687.749,469.083,696.742],"Rotation":0},{"Text":"2.5","TextBB":[152.069,708.86,165.583,717.853],"Rotation":0},{"Text":"2.5","TextBB":[455.569,708.86,469.083,717.853],"Rotation":0},{"Text":"delay","TextBB":[431.318,722.16,440.311,745.396],"Rotation":3},{"Text":"delay","TextBB":[127.818,722.16,136.811,745.396],"Rotation":3},{"Text":"3.5","TextBB":[152.069,666.568,165.583,675.561],"Rotation":0},{"Text":"2","TextBB":[160.178,730.04,165.583,739.033],"Rotation":0},{"Text":"2","TextBB":[463.678,730.04,469.083,739.033],"Rotation":0},{"Text":"1.5","TextBB":[152.069,751.151,165.583,760.144],"Rotation":0},{"Text":"1.5","TextBB":[455.569,751.151,469.083,760.144],"Rotation":0},{"Text":"1","TextBB":[160.178,772.332,165.583,781.325],"Rotation":0},{"Text":"1","TextBB":[463.678,772.332,469.083,781.325],"Rotation":0},{"Text":"0.5","TextBB":[152.069,793.443,165.583,802.436],"Rotation":0},{"Text":"0.5","TextBB":[455.569,793.443,469.083,802.436],"Rotation":0},{"Text":"0","TextBB":[160.178,814.624,165.583,823.617],"Rotation":0},{"Text":"0","TextBB":[463.678,814.624,469.083,823.617],"Rotation":0},{"Text":"0","TextBB":[170.065,824.346,175.471,833.339],"Rotation":0},{"Text":"20","TextBB":[214.168,824.346,224.979,833.339],"Rotation":0},{"Text":"40","TextBB":[260.904,824.346,271.715,833.339],"Rotation":0},{"Text":"60","TextBB":[307.71,824.346,318.521,833.339],"Rotation":0},{"Text":"time(sec)","TextBB":[268.376,838.929,308.344,847.922],"Rotation":0},{"Text":"80","TextBB":[354.446,824.346,365.257,833.339],"Rotation":0},{"Text":"100","TextBB":[398.549,824.346,414.765,833.339],"Rotation":0},{"Text":"0","TextBB":[473.565,824.346,478.971,833.339],"Rotation":0},{"Text":"(a)","TextBB":[179,854.577,194.484,867.03],"Rotation":0},{"Text":"700Kbps:140Kbps","TextBB":[197.817,853.65,302.162,867.487],"Rotation":0},{"Text":"20","TextBB":[517.668,824.346,528.479,833.339],"Rotation":0},{"Text":"40","TextBB":[564.404,824.346,575.215,833.339],"Rotation":0},{"Text":"60","TextBB":[611.21,824.346,622.021,833.339],"Rotation":0},{"Text":"time(sec)","TextBB":[571.876,838.929,611.844,847.922],"Rotation":0},{"Text":"80","TextBB":[657.946,824.346,668.757,833.339],"Rotation":0},{"Text":"100","TextBB":[702.049,824.346,718.265,833.339],"Rotation":0},{"Text":"(b)","TextBB":[544.495,854.577,560.809,867.03],"Rotation":0},{"Text":"140Kbps:700Kbps","TextBB":[564.142,853.65,668.487,867.487],"Rotation":0}],"Mention":["=140Kbps:700Kbps are given in Fig. 11 and Fig. 12 for different mapping schemes.\n"],"Page":21,"Number":12,"Type":"Figure","CaptionBB":[126,884,718,900],"Height":1100,"Width":850,"DPI":100,"ImageBB":[125,643,720,869]}