{"Caption":"Figure 5. Performance Comparison Between SCT, SPT, MST and DSPT","ImageText":[{"Text":"%\"","TextBB":[222.255,120.543,229.829,125.329],"Rotation":0},{"Text":"\"#$","TextBB":[299.268,121.934,309.646,126.72],"Rotation":0},{"Text":"#%","TextBB":[336.183,121.934,343.196,126.72],"Rotation":0},{"Text":"#$","TextBB":[369.729,121.934,376.459,126.72],"Rotation":0},{"Text":"&#","TextBB":[402.999,121.934,410.573,126.72],"Rotation":0},{"Text":"#$","TextBB":[499.169,122.462,505.899,127.248],"Rotation":0},{"Text":"#%","TextBB":[555.766,122.462,562.779,127.248],"Rotation":0},{"Text":"\"#","TextBB":[671.912,122.462,678.642,127.248],"Rotation":0},{"Text":"\"$","TextBB":[728.509,122.462,735.522,127.248],"Rotation":0},{"Text":"!","TextBB":[432.425,154.359,437.164,158.185],"Rotation":3},{"Text":"!","TextBB":[605.168,140.557,609.907,144.384],"Rotation":3},{"Text":"\"#","TextBB":[188.295,120.543,195.025,125.329],"Rotation":0},{"Text":"\"","TextBB":[432.425,140.557,437.164,144.384],"Rotation":3},{"Text":"\"$","TextBB":[154.058,120.543,161.071,125.329],"Rotation":0},{"Text":"!","TextBB":[258.233,140.67,262.972,144.497],"Rotation":3},{"Text":"!\"#","TextBB":[116.453,120.543,126.831,125.329],"Rotation":0},{"Text":"(a)","TextBB":[141.025,260.768,154.843,271.971],"Rotation":0},{"Text":"k","TextBB":[157.961,258.689,164.622,271.759],"Rotation":0},{"Text":"=","TextBB":[168.547,258.689,178.498,271.759],"Rotation":0},{"Text":"n\/4","TextBB":[182.051,258.689,202.577,271.759],"Rotation":0},{"Text":"(b)","TextBB":[327.189,261.462,341.703,272.665],"Rotation":0},{"Text":"k","TextBB":[344.832,259.384,351.493,272.454],"Rotation":0},{"Text":"=","TextBB":[355.405,259.384,365.356,272.454],"Rotation":0},{"Text":"n\/2","TextBB":[368.922,259.384,389.435,272.454],"Rotation":0},{"Text":"(c)","TextBB":[497.389,261.907,511.206,273.11],"Rotation":0},{"Text":"n","TextBB":[514.324,259.828,522.042,272.898],"Rotation":0},{"Text":"=","TextBB":[525.605,259.828,535.556,272.898],"Rotation":0},{"Text":"2000","TextBB":[539.104,259.828,564.692,272.898],"Rotation":0},{"Text":"(d)","TextBB":[673.716,261.907,688.23,273.11],"Rotation":0},{"Text":"n","TextBB":[691.346,259.828,699.064,272.898],"Rotation":0},{"Text":"=","TextBB":[702.627,259.828,712.578,272.898],"Rotation":0},{"Text":"4000","TextBB":[716.126,259.828,741.714,272.898],"Rotation":0}],"Mention":["no mention found","no mention found"],"Page":8,"Number":5,"Type":"Figure","CaptionBB":[213,282,636,297],"Height":1100,"Width":850,"DPI":100,"ImageBB":[75,118,774,275]}