{"Caption":"Figure 1: Main figure: plot of the weight function corresponding to ρ = 100 training points\/unit length, plus the numerically computed equivalent kernel at x = 0.0 and the sinc approximation from Proposition 1. Insets: numerically evaluated g(z) together with sinc and Proposition 2 approximations for ρ = 100 (left) and ρ = 104 (right). ","ImageText":[{"Text":"0.16","TextBB":[196.074,127.111,214.642,134.92],"Rotation":0},{"Text":"0.35","TextBB":[236.369,124.924,246.728,129.275],"Rotation":0},{"Text":"0.35","TextBB":[474.401,124.924,484.76,129.275],"Rotation":0},{"Text":"Numerical","TextBB":[343.496,130.168,379.427,136.694],"Rotation":0},{"Text":"Proposition","TextBB":[343.496,138.301,383.435,144.827],"Rotation":0},{"Text":"1","TextBB":[385.655,138.301,390.094,144.827],"Rotation":0},{"Text":"Proposition","TextBB":[343.496,146.434,383.435,152.959],"Rotation":0},{"Text":"2","TextBB":[385.655,146.434,390.094,152.959],"Rotation":0},{"Text":"0.3","TextBB":[239.336,136.413,246.735,140.764],"Rotation":0},{"Text":"0.25","TextBB":[236.369,147.926,246.728,152.276],"Rotation":0},{"Text":"0.14","TextBB":[196.074,152.928,214.642,160.736],"Rotation":0},{"Text":"0.12","TextBB":[196.074,178.815,214.642,186.624],"Rotation":0},{"Text":"0.1","TextBB":[201.401,204.632,214.665,212.44],"Rotation":0},{"Text":"0.08","TextBB":[196.074,230.518,214.642,238.327],"Rotation":0},{"Text":"0.25","TextBB":[474.401,147.926,484.76,152.276],"Rotation":0},{"Text":"0.2","TextBB":[239.336,159.415,246.735,163.765],"Rotation":0},{"Text":"0.2","TextBB":[477.368,159.415,484.767,163.765],"Rotation":0},{"Text":"0.15","TextBB":[236.369,170.929,246.728,175.279],"Rotation":0},{"Text":"0.15","TextBB":[474.401,170.929,484.76,175.279],"Rotation":0},{"Text":"0.1","TextBB":[239.336,182.417,246.735,186.768],"Rotation":0},{"Text":"0.1","TextBB":[477.368,182.417,484.767,186.768],"Rotation":0},{"Text":"0.05","TextBB":[236.369,193.931,246.728,198.282],"Rotation":0},{"Text":"0.05","TextBB":[474.401,193.931,484.76,198.282],"Rotation":0},{"Text":"0","TextBB":[243.772,205.42,246.732,209.771],"Rotation":0},{"Text":"0","TextBB":[481.804,205.42,484.764,209.771],"Rotation":0},{"Text":"−0.05","TextBB":[233.264,216.933,246.731,221.283],"Rotation":0},{"Text":"−0.05","TextBB":[471.297,216.933,484.765,221.283],"Rotation":0},{"Text":"−0.1","TextBB":[236.203,228.447,246.711,232.797],"Rotation":0},{"Text":"0","TextBB":[246.211,231.901,249.171,236.251],"Rotation":0},{"Text":"5","TextBB":[295.7,231.901,298.66,236.251],"Rotation":0},{"Text":"10","TextBB":[343.718,231.901,349.637,236.251],"Rotation":0},{"Text":"Numerical","TextBB":[581.529,130.168,617.46,136.694],"Rotation":0},{"Text":"Proposition","TextBB":[581.529,138.301,621.468,144.827],"Rotation":0},{"Text":"1","TextBB":[623.688,138.301,628.127,144.827],"Rotation":0},{"Text":"Proposition","TextBB":[581.529,146.434,621.468,152.959],"Rotation":0},{"Text":"2","TextBB":[623.688,146.434,628.127,152.959],"Rotation":0},{"Text":"0.3","TextBB":[477.368,136.413,484.767,140.764],"Rotation":0},{"Text":"−0.1","TextBB":[474.236,228.447,484.744,232.797],"Rotation":0},{"Text":"0","TextBB":[484.244,231.901,487.204,236.251],"Rotation":0},{"Text":"15","TextBB":[393.233,231.901,399.153,236.251],"Rotation":0},{"Text":"5","TextBB":[533.732,231.901,536.692,236.251],"Rotation":0},{"Text":"10","TextBB":[581.75,231.901,587.669,236.251],"Rotation":0},{"Text":"15","TextBB":[631.265,231.901,637.185,236.251],"Rotation":0},{"Text":"0.06","TextBB":[196.074,256.335,214.642,264.143],"Rotation":0},{"Text":"0.04","TextBB":[196.074,282.222,214.642,290.031],"Rotation":0},{"Text":"0.02","TextBB":[196.074,308.039,214.642,315.847],"Rotation":0},{"Text":"0","TextBB":[209.353,333.927,214.658,341.735],"Rotation":0},{"Text":"−0.02","TextBB":[190.507,359.743,214.648,367.552],"Rotation":0},{"Text":"Numerical","TextBB":[570.433,363.189,613.372,370.997],"Rotation":0},{"Text":"Proposition","TextBB":[570.433,372.897,618.162,380.705],"Rotation":0},{"Text":"1","TextBB":[620.815,372.897,626.12,380.705],"Rotation":0},{"Text":"Sample","TextBB":[570.433,382.604,602.78,390.413],"Rotation":0},{"Text":"−0.04","TextBB":[190.507,385.629,214.648,393.438],"Rotation":0},{"Text":"−0.5","TextBB":[205.218,405.678,224.054,413.486],"Rotation":0},{"Text":"−0.4","TextBB":[247.758,405.678,266.594,413.486],"Rotation":0},{"Text":"−0.3","TextBB":[290.379,405.678,309.215,413.486],"Rotation":0},{"Text":"−0.2","TextBB":[332.919,405.678,351.755,413.486],"Rotation":0},{"Text":"−0.1","TextBB":[375.54,405.678,394.376,413.486],"Rotation":0},{"Text":"0","TextBB":[427.703,405.678,433.008,413.486],"Rotation":0},{"Text":"0.1","TextBB":[466.268,405.678,479.531,413.486],"Rotation":0},{"Text":"0.2","TextBB":[508.887,405.678,522.151,413.486],"Rotation":0},{"Text":"0.3","TextBB":[551.429,405.678,564.692,413.486],"Rotation":0},{"Text":"0.4","TextBB":[594.049,405.678,607.312,413.486],"Rotation":0},{"Text":"0.5","TextBB":[636.669,405.678,649.933,413.486],"Rotation":0}],"Mention":["significantly worse than standard GP prediction, by a roughly constant factor, and we have\nconfirmed this prediction numerically. This result is somewhat surprising given the good\nagreement between the weight function h(x\u0003) and the EK that we saw in figure 1, leading\nto the conclusion that the detailed structure of the weight function is important for optimal\nprediction from finite data sets.\n"],"Page":5,"Number":1,"Type":"Figure","CaptionBB":[173,438,675,499],"Height":1100,"Width":850,"DPI":100,"ImageBB":[188,102,652,414]}