{"Caption":"Figure 7: Server space required, after 201 deployment days.","ImageText":[{"Text":"Storage","TextBB":[140.327,501.54,151.132,543.856],"Rotation":3},{"Text":"space","TextBB":[140.327,465.942,151.132,498.181],"Rotation":3},{"Text":"required","TextBB":[140.327,418.261,151.132,462.583],"Rotation":3},{"Text":"(GB)","TextBB":[140.327,389.394,151.132,414.902],"Rotation":3},{"Text":"700","TextBB":[166.246,393.074,185.729,404.251],"Rotation":0},{"Text":"700","TextBB":[454.16,393.074,472.972,404.251],"Rotation":0},{"Text":"600","TextBB":[166.246,414.616,185.729,425.793],"Rotation":0},{"Text":"delta","TextBB":[188.399,419.74,213.723,430.917],"Rotation":0},{"Text":"delta","TextBB":[221.507,419.74,246.83,430.917],"Rotation":0},{"Text":"ip","TextBB":[237.743,429.991,246.831,441.168],"Rotation":0},{"Text":"500","TextBB":[166.246,436.116,185.729,447.293],"Rotation":0},{"Text":"all","TextBB":[235.15,440.241,246.831,451.418],"Rotation":0},{"Text":"delta","TextBB":[263.557,419.74,288.88,430.917],"Rotation":0},{"Text":"ip","TextBB":[279.793,419.741,288.881,430.918],"Rotation":0},{"Text":"delta","TextBB":[338.715,419.74,364.039,430.917],"Rotation":0},{"Text":"delta(gzip)","TextBB":[309.514,419.741,364.039,430.918],"Rotation":0},{"Text":"all","TextBB":[352.358,419.741,364.039,430.918],"Rotation":0},{"Text":"ip","TextBB":[354.951,419.741,364.039,430.918],"Rotation":0},{"Text":"delta(gzip)","TextBB":[309.514,429.991,364.039,441.168],"Rotation":0},{"Text":"ip(gzip)","TextBB":[325.75,429.991,364.039,441.168],"Rotation":0},{"Text":"all(gzip)","TextBB":[323.157,440.241,364.039,451.418],"Rotation":0},{"Text":"600","TextBB":[454.16,414.616,472.972,425.793],"Rotation":0},{"Text":"500","TextBB":[454.16,436.116,472.972,447.293],"Rotation":0},{"Text":"400","TextBB":[166.246,457.658,185.729,468.835],"Rotation":0},{"Text":"400","TextBB":[454.16,457.658,472.972,468.835],"Rotation":0},{"Text":"300","TextBB":[166.246,479.158,185.729,490.335],"Rotation":0},{"Text":"300","TextBB":[454.16,479.158,472.972,490.335],"Rotation":0},{"Text":"200","TextBB":[166.246,500.699,185.729,511.876],"Rotation":0},{"Text":"200","TextBB":[454.16,500.699,472.972,511.876],"Rotation":0},{"Text":"100","TextBB":[166.246,522.199,185.729,533.376],"Rotation":0},{"Text":"100","TextBB":[454.16,522.199,472.972,533.376],"Rotation":0},{"Text":"4","TextBB":[214.515,553.658,221.01,564.835],"Rotation":0},{"Text":"8","TextBB":[237.917,553.658,244.411,564.835],"Rotation":0},{"Text":"16","TextBB":[258.071,553.658,271.06,564.835],"Rotation":0},{"Text":"32","TextBB":[281.472,553.658,294.461,564.835],"Rotation":0},{"Text":"64","TextBB":[304.833,553.658,317.822,564.835],"Rotation":0},{"Text":"128","TextBB":[324.987,553.658,344.471,564.835],"Rotation":0},{"Text":"256","TextBB":[348.389,553.658,367.872,564.835],"Rotation":0},{"Text":"512","TextBB":[371.79,553.658,391.273,564.835],"Rotation":0},{"Text":"Chunksize","TextBB":[257.457,571.783,311.982,582.96],"Rotation":0},{"Text":"(KB)","TextBB":[315.229,571.783,338.59,582.96],"Rotation":0},{"Text":"(a)","TextBB":[207,587.307,219.157,597.568],"Rotation":0},{"Text":"Without","TextBB":[223.801,587.307,259.305,597.568],"Rotation":0},{"Text":"meta-data","TextBB":[262.394,587.307,305.606,597.568],"Rotation":0},{"Text":"overhead","TextBB":[308.684,587.307,348.546,597.568],"Rotation":0},{"Text":"4","TextBB":[502.01,553.658,508.281,564.835],"Rotation":0},{"Text":"8","TextBB":[525.849,553.658,532.12,564.835],"Rotation":0},{"Text":"16","TextBB":[546.553,553.658,559.095,564.835],"Rotation":0},{"Text":"32","TextBB":[570.392,553.658,582.933,564.835],"Rotation":0},{"Text":"64","TextBB":[594.27,553.658,606.811,564.835],"Rotation":0},{"Text":"128","TextBB":[614.973,553.658,633.784,564.835],"Rotation":0},{"Text":"256","TextBB":[638.812,553.658,657.623,564.835],"Rotation":0},{"Text":"512","TextBB":[662.65,553.658,681.462,564.835],"Rotation":0},{"Text":"Chunksize","TextBB":[547.865,571.783,600.51,582.96],"Rotation":0},{"Text":"(KB)","TextBB":[603.645,571.783,626.201,582.96],"Rotation":0},{"Text":"(b)","TextBB":[509.167,587.307,521.937,597.568],"Rotation":0},{"Text":"With","TextBB":[526.581,587.307,548.127,597.568],"Rotation":0},{"Text":"meta-data","TextBB":[551.083,587.307,594.274,597.568],"Rotation":0},{"Text":"overhead","TextBB":[597.353,587.307,637.207,597.568],"Rotation":0}],"Mention":["ure 7(a), the Delta curve with compression intersects the\nIP and ALL curves without compression. The same\nis true in Figure 7(b) with respect to the ALL curve.\nThis indicates, that given appropriate chunksizes, a CAS-\nbased policy can outperform compression applied to a\nnon-CAS-based policy.\n","To better understand the effect of chunksize, we an-\nalyzed the deployment data for all three storage poli-\ncies with and without compression under several differ-\nent chunksizes. The results are shown in Figure 7.\n","Exposing redundancy outweighs meta-data over-\nhead. Figure 8 shows the ratio of meta-data (keyring\nsize) to the size of the data. We observe that this ratio is\nas high as 80% for ALL, and 35% for IP at 4KB chunk-\nsize without compression and even higher after compres-\nsion is applied to the basic data. Yet, from Figure 7(b),\nwe observe from the IP and ALL curves that reducing\nchunksize always yields a reduction in storage require-\nments. This indicates that the gains through CAS-based\nredundancy elimination far exceed the additional meta-\ndata overhead incurred from smaller chunksize.\n","All three effects of chunksize can be observed in\nthis ﬁgure. For example, Figure 7(a), which ignores\nthe increased meta-data required for smaller chunksizes,\nclearly indicates that smaller chunksizes expose more re-\ndundancy. These gains for small chunk sizes, however,\nare erased when the meta-data cost is introduced to the\nstorage requirements in Figure 7(b). Finally, the reduced\nopportunities for compression due to smaller chunksize\ncan be observed in Figure 7(b) by comparing the IP and\nIP(gzip) or ALL and ALL(gzip) curves.\n","The picture changes slightly with the introduction of\ntraditional compression. The IP(gzip) and ALL(gzip)\ncurves of Figure 7(b) indicate that the smallest chunk-\nsize is not optimal. In fact, we see from Figure 8 that\nthe meta-data volume becomes comparable to the data\nvolume at small chunksizes.\n"],"Page":6,"Number":7,"Type":"Figure","CaptionBB":[253,607,594,621],"Height":1100,"Width":850,"DPI":100,"ImageBB":[137,384,697,599]}