{"Caption":"Figure 1. Average cluster impurity over varying numbers of clusters.","ImageText":[{"Text":"Cora","TextBB":[204.027,82.8595,221.841,90.4637],"Rotation":0},{"Text":"Citeseer","TextBB":[409.052,82.8595,439.658,90.4637],"Rotation":0},{"Text":"2.8","TextBB":[114.719,101.356,126.146,108.96],"Rotation":0},{"Text":"2.4","TextBB":[114.719,135.882,126.146,143.486],"Rotation":0},{"Text":"2.2","TextBB":[114.719,153.146,126.146,160.75],"Rotation":0},{"Text":"2.2","TextBB":[326.14,127.31,337.566,134.914],"Rotation":0},{"Text":"2.1","TextBB":[542.494,118.678,553.921,126.283],"Rotation":0},{"Text":"2","TextBB":[332.995,147.039,337.565,154.643],"Rotation":0},{"Text":"2","TextBB":[121.574,170.41,126.145,178.014],"Rotation":0},{"Text":"1.8","TextBB":[326.14,166.769,337.566,174.374],"Rotation":0},{"Text":"1.8","TextBB":[114.719,187.674,126.146,195.278],"Rotation":0},{"Text":"1.6","TextBB":[326.14,186.439,337.566,194.043],"Rotation":0},{"Text":"concat.","TextBB":[630.068,99.6513,656.572,107.255],"Rotation":0},{"Text":"views","TextBB":[658.857,99.6513,679.409,107.255],"Rotation":0},{"Text":"text","TextBB":[648.792,107.873,662.044,115.477],"Rotation":0},{"Text":"only","TextBB":[664.329,107.873,679.406,115.477],"Rotation":0},{"Text":"merged","TextBB":[628.7,116.095,656.569,123.699],"Rotation":0},{"Text":"views","TextBB":[658.854,116.095,679.406,123.699],"Rotation":0},{"Text":"co-EM","TextBB":[655.655,124.315,679.405,131.92],"Rotation":0},{"Text":"2.15","TextBB":[537.924,104.526,553.922,112.13],"Rotation":0},{"Text":"Entropy","TextBB":[526.053,133.137,533.658,161.466],"Rotation":3},{"Text":"concat.","TextBB":[209.576,123.785,236.08,131.389],"Rotation":0},{"Text":"views","TextBB":[238.365,123.785,258.917,131.389],"Rotation":0},{"Text":"text","TextBB":[228.301,132.008,241.553,139.612],"Rotation":0},{"Text":"only","TextBB":[243.838,132.008,258.915,139.612],"Rotation":0},{"Text":"merged","TextBB":[208.21,140.228,236.078,147.833],"Rotation":0},{"Text":"views","TextBB":[238.363,140.228,258.915,147.833],"Rotation":0},{"Text":"co-EM","TextBB":[235.163,148.448,258.913,156.052],"Rotation":0},{"Text":"Entropy","TextBB":[314.633,133.137,322.237,161.466],"Rotation":3},{"Text":"Entropy","TextBB":[103.213,133.137,110.817,161.466],"Rotation":3},{"Text":"concat.","TextBB":[418.648,99.6513,445.151,107.255],"Rotation":0},{"Text":"views","TextBB":[447.436,99.6513,467.988,107.255],"Rotation":0},{"Text":"text","TextBB":[437.372,107.873,450.623,115.477],"Rotation":0},{"Text":"only","TextBB":[452.909,107.873,467.986,115.477],"Rotation":0},{"Text":"merged","TextBB":[417.28,116.095,445.148,123.699],"Rotation":0},{"Text":"views","TextBB":[447.434,116.095,467.986,123.699],"Rotation":0},{"Text":"co-EM","TextBB":[444.235,124.315,467.984,131.92],"Rotation":0},{"Text":"2.4","TextBB":[326.14,107.639,337.566,115.243],"Rotation":0},{"Text":"2.6","TextBB":[114.719,118.62,126.146,126.224],"Rotation":0},{"Text":"WebKB","TextBB":[624.306,82.8595,652.174,90.4637],"Rotation":0},{"Text":"2.05","TextBB":[537.924,132.77,553.922,140.374],"Rotation":0},{"Text":"2","TextBB":[549.349,146.922,553.92,154.527],"Rotation":0},{"Text":"1.95","TextBB":[537.924,161.014,553.922,168.619],"Rotation":0},{"Text":"1.9","TextBB":[542.494,175.108,553.921,182.713],"Rotation":0},{"Text":"1","TextBB":[129.937,204.526,134.507,212.13],"Rotation":0},{"Text":"3","TextBB":[166.343,204.526,170.914,212.13],"Rotation":0},{"Text":"5","TextBB":[202.689,204.526,207.26,212.13],"Rotation":0},{"Text":"7","TextBB":[239.095,204.526,243.666,212.13],"Rotation":0},{"Text":"Numbers","TextBB":[176.392,214.39,209.735,221.994],"Rotation":0},{"Text":"of","TextBB":[212.021,214.39,218.877,221.994],"Rotation":0},{"Text":"clusters","TextBB":[221.162,214.39,249.483,221.994],"Rotation":0},{"Text":"9","TextBB":[275.442,204.526,280.013,212.13],"Rotation":0},{"Text":"1.85","TextBB":[537.924,189.258,553.922,196.862],"Rotation":0},{"Text":"1","TextBB":[341.357,204.526,345.928,212.13],"Rotation":0},{"Text":"3","TextBB":[377.763,204.526,382.334,212.13],"Rotation":0},{"Text":"5","TextBB":[414.109,204.526,418.68,212.13],"Rotation":0},{"Text":"7","TextBB":[450.515,204.526,455.086,212.13],"Rotation":0},{"Text":"Numbers","TextBB":[387.812,214.39,421.156,221.994],"Rotation":0},{"Text":"of","TextBB":[423.441,214.39,430.297,221.994],"Rotation":0},{"Text":"clusters","TextBB":[432.582,214.39,460.903,221.994],"Rotation":0},{"Text":"9","TextBB":[486.863,204.526,491.433,212.13],"Rotation":0},{"Text":"1","TextBB":[557.708,204.526,562.279,212.13],"Rotation":0},{"Text":"3","TextBB":[592.999,204.526,597.57,212.13],"Rotation":0},{"Text":"5","TextBB":[628.289,204.526,632.86,212.13],"Rotation":0},{"Text":"7","TextBB":[663.58,204.526,668.151,212.13],"Rotation":0},{"Text":"Numbers","TextBB":[601.698,214.39,635.041,221.994],"Rotation":0},{"Text":"of","TextBB":[637.326,214.39,644.182,221.994],"Rotation":0},{"Text":"clusters","TextBB":[646.468,214.39,674.788,221.994],"Rotation":0},{"Text":"9","TextBB":[698.87,204.526,703.441,212.13],"Rotation":0}],"Mention":["no mention found"],"Page":6,"Number":1,"Type":"Figure","CaptionBB":[220,228,607,243],"Height":1169,"Width":826,"DPI":100,"ImageBB":[101,79,721,223]}