{"Caption":"Figure 8: Effect of (a) identifying relations on recall and (b) ambiguous relations on preci-","ImageText":[{"Text":"1.1","TextBB":[182.489,142.341,198.126,152.747],"Rotation":0},{"Text":"1","TextBB":[191.869,158.091,198.124,168.497],"Rotation":0},{"Text":"0.9","TextBB":[182.489,173.841,198.126,184.247],"Rotation":0},{"Text":"0.8","TextBB":[182.489,189.591,198.126,199.997],"Rotation":0},{"Text":"0.7","TextBB":[182.489,205.341,198.126,215.747],"Rotation":0},{"Text":"0.6","TextBB":[182.489,221.091,198.126,231.497],"Rotation":0},{"Text":"0.5","TextBB":[182.489,236.841,198.126,247.247],"Rotation":0},{"Text":"0.4","TextBB":[182.489,252.591,198.126,262.997],"Rotation":0},{"Text":"0.3","TextBB":[182.489,268.341,198.126,278.747],"Rotation":0},{"Text":"0.2","TextBB":[182.489,284.091,198.126,294.497],"Rotation":0},{"Text":"1","TextBB":[476.869,142.341,483.124,152.747],"Rotation":0},{"Text":"pR=0.2","TextBB":[240.986,150.328,277.571,160.735],"Rotation":0},{"Text":"pR=0.5","TextBB":[240.986,161.578,277.571,171.985],"Rotation":0},{"Text":"pR=1.0","TextBB":[240.986,172.828,277.571,183.235],"Rotation":0},{"Text":"0.9","TextBB":[467.487,162.591,483.125,172.997],"Rotation":0},{"Text":"0.8","TextBB":[467.487,182.841,483.125,193.247],"Rotation":0},{"Text":"Precision","TextBB":[439.421,194.413,449.827,240.673],"Rotation":3},{"Text":"Recall","TextBB":[154.421,201.916,164.827,233.168],"Rotation":3},{"Text":"0.7","TextBB":[467.487,203.091,483.125,213.497],"Rotation":0},{"Text":"0.6","TextBB":[467.487,223.341,483.125,233.747],"Rotation":0},{"Text":"0.5","TextBB":[467.487,243.591,483.125,253.997],"Rotation":0},{"Text":"pRa=0.0","TextBB":[525.985,253.603,568.825,264.01],"Rotation":0},{"Text":"pRa=0.3","TextBB":[525.986,264.853,568.826,275.26],"Rotation":0},{"Text":"pRa=0.6","TextBB":[525.986,276.103,568.826,286.51],"Rotation":0},{"Text":"0.4","TextBB":[467.487,263.841,483.125,274.247],"Rotation":0},{"Text":"0.3","TextBB":[467.487,284.091,483.125,294.497],"Rotation":0},{"Text":"0.7","TextBB":[204.658,295.341,220.295,305.747],"Rotation":0},{"Text":"0.6","TextBB":[265.144,295.341,280.782,305.747],"Rotation":0},{"Text":"0.5","TextBB":[325.595,295.341,341.233,305.747],"Rotation":0},{"Text":"Sim.","TextBB":[263.803,312.216,286.303,322.622],"Rotation":0},{"Text":"Threshold","TextBB":[289.43,312.216,339.448,322.622],"Rotation":0},{"Text":"0.4","TextBB":[386.082,295.341,401.719,305.747],"Rotation":0},{"Text":"0.7","TextBB":[490.781,295.341,506.419,305.747],"Rotation":0},{"Text":"0.65","TextBB":[523.504,295.341,545.396,305.747],"Rotation":0},{"Text":"0.6","TextBB":[562.444,295.341,578.081,305.747],"Rotation":0},{"Text":"0.55","TextBB":[595.166,295.341,617.059,305.747],"Rotation":0},{"Text":"0.5","TextBB":[634.106,295.341,649.744,305.747],"Rotation":0},{"Text":"Sim.","TextBB":[548.803,312.216,571.303,322.622],"Rotation":0},{"Text":"Threshold","TextBB":[574.43,312.216,624.448,322.622],"Rotation":0},{"Text":"0.45","TextBB":[666.829,295.341,688.721,305.747],"Rotation":0}],"Mention":["We have performed a number of different experiments on synthetic data. In the first set\nof experiments, we investigate the influence of identifying relationships on collective reso-\nlution using relational clustering. We generate 500 co-occurrence relations from the same\n100 entities and 200 entity-entity relationships, using varying probability of co-occurrences\npR = {0.2, 0.5, 1.0} in the data. The probability of ambiguous relationships is held fixed,\nso that higher pR translates to higher probability of identifying co-occurrences in the data.\nFigure 8(a) shows recall at different similarity thresholds for three different co-occurrence\nprobabilities. The results confirm that recall increases progressively with more identifying\nrelationships at all thresholds. The curves for pR = 0.5 and pR = 1.0 flatten out only when\nno further recall is achievable.\n","we perform collective resolution on 500 co-occurrence relations generated from each of these\nthree settings. In Figure 8(b) we plot precision at different similarity threshold for three dif-\n"],"Page":27,"Number":8,"Type":"Figure","CaptionBB":[123,344,725,361],"Height":1100,"Width":850,"DPI":100,"ImageBB":[152,140,690,323]}