{"Type":"Figure",
"Number": 4,
"Page": 8,
"DPI": 100,
"Width": 850,
"Height": 1100,
"CaptionBB": [75,214,402,307],
"Caption": "Figure 4. ROC retrieval curves on the YaleB dataset. The graphs compare the performance of KernelBoost to RCA and to the Eu- clidean distance metric in a “Learning to learn” scenario. Left: Results for classes for which unlabeled data was presented during the training stage. Right: Results on novel classes for which no data at all was present during training. ",
"ImageBB": [91,93,386,206],
"ImageText" : [
{"Rotation": 0,"TextBB": [99.1638,94.2051,102.886,102.612], "Text": "1"},
	{"Rotation": 0,"TextBB": [253.564,94.2051,257.285,102.612], "Text": "1"},
	{"Rotation": 0,"TextBB": [93.5858,113.844,102.89,122.251], "Text": "0.8"},
	{"Rotation": 0,"TextBB": [247.986,113.844,257.29,122.251], "Text": "0.8"},
	{"Rotation": 0,"TextBB": [93.5858,133.483,102.89,141.89], "Text": "0.6"},
	{"Rotation": 0,"TextBB": [247.986,133.483,257.29,141.89], "Text": "0.6"},
	{"Rotation": 0,"TextBB": [93.5858,153.123,102.89,161.53], "Text": "0.4"},
	{"Rotation": 0,"TextBB": [99.1638,192.424,102.886,200.832], "Text": "0"},
	{"Rotation": 0,"TextBB": [101.837,197.097,105.558,205.504], "Text": "0"},
	{"Rotation": 0,"TextBB": [247.986,153.123,257.29,161.53], "Text": "0.4"},
	{"Rotation": 0,"TextBB": [166.217,158.29,225.907,170.901], "Text": "KernelBoost"},
	{"Rotation": 0,"TextBB": [166.217,170.4,187.964,183.011], "Text": "RCA"},
	{"Rotation": 0,"TextBB": [166.217,182.508,213.648,195.119], "Text": "Euclidean"},
	{"Rotation": 0,"TextBB": [93.5858,172.762,102.89,181.169], "Text": "0.2"},
	{"Rotation": 0,"TextBB": [123.94,197.097,133.244,205.504], "Text": "0.2"},
	{"Rotation": 0,"TextBB": [148.832,197.097,158.136,205.504], "Text": "0.4"},
	{"Rotation": 0,"TextBB": [173.724,197.097,183.028,205.504], "Text": "0.6"},
	{"Rotation": 0,"TextBB": [198.615,197.097,207.919,205.504], "Text": "0.8"},
	{"Rotation": 0,"TextBB": [247.986,172.762,257.29,181.169], "Text": "0.2"},
	{"Rotation": 0,"TextBB": [226.321,197.097,230.042,205.504], "Text": "1"},
	{"Rotation": 0,"TextBB": [253.564,192.424,257.285,200.832], "Text": "0"},
	{"Rotation": 0,"TextBB": [256.236,197.097,259.958,205.504], "Text": "0"},
	{"Rotation": 0,"TextBB": [320.617,158.29,380.307,170.901], "Text": "KernelBoost"},
	{"Rotation": 0,"TextBB": [320.617,170.4,342.364,183.011], "Text": "RCA"},
	{"Rotation": 0,"TextBB": [320.617,182.508,368.048,195.119], "Text": "Euclidean"},
	{"Rotation": 0,"TextBB": [278.34,197.097,287.644,205.504], "Text": "0.2"},
	{"Rotation": 0,"TextBB": [303.232,197.097,312.536,205.504], "Text": "0.4"},
	{"Rotation": 0,"TextBB": [328.123,197.097,337.428,205.504], "Text": "0.6"},
	{"Rotation": 0,"TextBB": [353.015,197.097,362.319,205.504], "Text": "0.8"},
	{"Rotation": 0,"TextBB": [380.719,197.097,384.441,205.504], "Text": "1"}
]}
