{"Caption":"Figure 11: Temporal Improvements of TM Estimation over Gravity - All Optimal (a) G´eant (b) Totem","ImageText":[{"Text":"35","TextBB":[451.294,675.9,461.216,684.152],"Rotation":0},{"Text":"%","TextBB":[325.11,685.751,333.041,694.004],"Rotation":0},{"Text":"Improvement","TextBB":[335.522,685.751,387.581,694.004],"Rotation":0},{"Text":"Mean","TextBB":[325.11,696.484,347.423,704.737],"Rotation":0},{"Text":"28","TextBB":[149.878,698.762,159.799,707.015],"Rotation":0},{"Text":"%","TextBB":[439.302,831.746,448.586,840.669],"Rotation":3},{"Text":"Temporal","TextBB":[439.302,786.569,448.586,828.956],"Rotation":3},{"Text":"Error","TextBB":[439.302,761.476,448.586,783.779],"Rotation":3},{"Text":"Improvement","TextBB":[439.302,700.119,448.586,758.686],"Rotation":3},{"Text":"%","TextBB":[137.885,831.746,147.169,840.669],"Rotation":3},{"Text":"Temporal","TextBB":[137.885,786.569,147.169,828.956],"Rotation":3},{"Text":"Error","TextBB":[137.885,761.476,147.169,783.779],"Rotation":3},{"Text":"Improvement","TextBB":[137.885,700.119,147.169,758.686],"Rotation":3},{"Text":"32","TextBB":[149.878,675.9,159.799,684.152],"Rotation":0},{"Text":"24","TextBB":[149.878,721.67,159.799,729.923],"Rotation":0},{"Text":"20","TextBB":[149.878,744.579,159.799,752.832],"Rotation":0},{"Text":"16","TextBB":[149.878,767.488,159.799,775.741],"Rotation":0},{"Text":"12","TextBB":[149.878,790.397,159.799,798.65],"Rotation":0},{"Text":"8","TextBB":[154.85,813.307,159.811,821.559],"Rotation":0},{"Text":"4","TextBB":[154.85,836.215,159.811,844.468],"Rotation":0},{"Text":"0","TextBB":[154.85,859.125,159.811,867.377],"Rotation":0},{"Text":"0","TextBB":[158.939,865.676,163.899,873.929],"Rotation":0},{"Text":"250","TextBB":[182.778,865.676,197.66,873.929],"Rotation":0},{"Text":"500","TextBB":[211.635,865.676,226.517,873.929],"Rotation":0},{"Text":"750","TextBB":[240.444,865.676,255.326,873.929],"Rotation":0},{"Text":"1000","TextBB":[266.839,865.676,286.681,873.929],"Rotation":0},{"Text":"1250","TextBB":[295.65,865.676,315.492,873.929],"Rotation":0},{"Text":"1500","TextBB":[324.507,865.676,344.349,873.929],"Rotation":0},{"Text":"1750","TextBB":[353.317,865.676,373.159,873.929],"Rotation":0},{"Text":"30","TextBB":[451.294,702.061,461.216,710.314],"Rotation":0},{"Text":"25","TextBB":[451.294,728.222,461.216,736.475],"Rotation":0},{"Text":"20","TextBB":[451.294,754.384,461.216,762.637],"Rotation":0},{"Text":"15","TextBB":[451.294,780.593,461.216,788.845],"Rotation":0},{"Text":"10","TextBB":[451.294,806.754,461.216,815.007],"Rotation":0},{"Text":"5","TextBB":[456.267,832.916,461.227,841.169],"Rotation":0},{"Text":"0","TextBB":[456.267,859.125,461.227,867.377],"Rotation":0},{"Text":"0","TextBB":[460.357,865.676,465.318,873.929],"Rotation":0},{"Text":"2000","TextBB":[382.174,865.676,402.016,873.929],"Rotation":0},{"Text":"%","TextBB":[626.528,685.751,634.459,694.004],"Rotation":0},{"Text":"Improvement","TextBB":[636.94,685.751,688.999,694.004],"Rotation":0},{"Text":"Mean","TextBB":[626.528,696.484,648.842,704.737],"Rotation":0},{"Text":"100","TextBB":[489.957,865.676,504.839,873.929],"Rotation":0},{"Text":"200","TextBB":[524.576,865.676,539.458,873.929],"Rotation":0},{"Text":"300","TextBB":[559.149,865.676,574.03,873.929],"Rotation":0},{"Text":"Time","TextBB":[266.514,874.82,288.817,884.104],"Rotation":0},{"Text":"Time","TextBB":[567.931,874.82,590.233,884.104],"Rotation":0},{"Text":"(a)","TextBB":[264,895.902,280.879,909.538],"Rotation":0},{"Text":"(b)","TextBB":[565,895.902,582.712,909.538],"Rotation":0},{"Text":"400","TextBB":[593.767,865.676,608.648,873.929],"Rotation":0},{"Text":"500","TextBB":[628.386,865.676,643.268,873.929],"Rotation":0},{"Text":"600","TextBB":[662.958,865.676,677.84,873.929],"Rotation":0}],"Mention":["To approximate the case in which IC model parameters are continuously measured, we make use of the\nparameter settings computed via the optimization procedure in Section 5.1. To do this we use one week\u2019s\nworth of traffic matrix data. We use this same data to produce an IC-model prior and a gravity model prior.\nFor Step 2 of the TM estimation procedure we use the least-squares estimation techniques proposed in [22]\n(also known as the tomo-gravity approach). We run the estimation procedure twice, keeping steps 2 and 3\nthe same in both cases, while varying the prior used in Step 1.\nTo compare the TM estimates produced, we compute the relative L2 temporal errors according to Equa-\ntion (6) between the estimates and our data, for each test run. These errors are plotted in Fig. 11 for two\ndifferent datasets. In the Ge´ant dataset the time bins are 5 minutes (i.e., we produce an estimate every 5\nminutes), and thus in Fig. 11(a) the x-axis reaches 2000 time units (each time unit is 5 minutes). The Totem\ndata (Fig. 11(b)) uses bins of 15 minutes, and thus with an underlying time unit of 15 minutes, less than 700\nestimates are produced in one week. For the Ge´ant data, the improvement typically falls between 10-20%\nwhereas in the TOTEM data, the improvement was mostly in the range of 20-30%. For estimation purposes,\nthis is a large improvement.\n","(a) (b)\nFigure 11: Temporal Improvements of TM Estimation over Gravity - All Optimal (a) Ge´ant (b) Totem\n"],"Page":16,"Number":11,"Type":"Figure","CaptionBB":[122,917,727,933],"Height":1100,"Width":850,"DPI":100,"ImageBB":[135,673,698,911]}