{"Caption":"Figure 1: The problem results. For each domain we show the results of the problems solved (with later problems within the","ImageText":[{"Text":"GAI","TextBB":[177.851,85.3355,190.638,92.6796],"Rotation":0},{"Text":"relax","TextBB":[192.414,85.3355,210.348,92.6796],"Rotation":0},{"Text":"GAI","TextBB":[177.851,98.541,190.638,105.885],"Rotation":0},{"Text":"max","TextBB":[192.414,98.541,208.32,105.885],"Rotation":0},{"Text":"Solution","TextBB":[86.9106,141.884,94.2548,172.551],"Rotation":3},{"Text":"quality","TextBB":[86.9106,115.215,94.2548,140.126],"Rotation":3},{"Text":"200000","TextBB":[105.731,99.2178,133.334,106.562],"Rotation":0},{"Text":"GAI","TextBB":[177.851,111.745,190.638,119.089],"Rotation":0},{"Text":"sum","TextBB":[192.414,111.745,208.34,119.089],"Rotation":0},{"Text":"SapaPS","TextBB":[177.851,125.035,207.692,132.38],"Rotation":0},{"Text":"iPUD","TextBB":[177.851,138.24,196.873,145.584],"Rotation":0},{"Text":"100000","TextBB":[105.731,150.768,133.334,158.112],"Rotation":0},{"Text":"Solution","TextBB":[86.8373,315.615,94.1667,346.2],"Rotation":3},{"Text":"time","TextBB":[86.8373,297.595,94.1667,313.853],"Rotation":3},{"Text":"(seconds)","TextBB":[86.8373,257.712,94.1667,295.399],"Rotation":3},{"Text":"0","TextBB":[128.925,203.08,133.341,210.424],"Rotation":0},{"Text":"Satellite","TextBB":[141.453,213.915,171.688,221.259],"Rotation":0},{"Text":"TPP","TextBB":[293.733,213.915,308.937,221.259],"Rotation":0},{"Text":"Zenotravel","TextBB":[449.231,213.915,489.188,221.259],"Rotation":0},{"Text":"Rovers","TextBB":[604.135,213.915,630.386,221.259],"Rotation":0},{"Text":"Satellite","TextBB":[142.046,372.337,172.188,379.667],"Rotation":0},{"Text":"TPP","TextBB":[293.903,372.337,309.18,379.667],"Rotation":0},{"Text":"Zenotravel","TextBB":[449.146,372.337,489.015,379.667],"Rotation":0},{"Text":"Rovers","TextBB":[603.796,372.337,629.954,379.667],"Rotation":0},{"Text":"100","TextBB":[120.206,259.843,133.837,267.172],"Rotation":0},{"Text":"1","TextBB":[129.432,310.714,133.839,318.044],"Rotation":0},{"Text":"0.01","TextBB":[118.259,361.502,133.839,368.832],"Rotation":0}],"Mention":["Our results in Figure 1 show the plan quality achieved by\neach planning method and the time to reach that quality. On\nproblems where only the null plan was found, we indicate\nthe extensive search for a better plan by setting the time to\n600 seconds. For every other instance, the time that the best\nplan was found is shown. As the \u0002gure shows, the tested\napproaches varied in their relative plan quality on each do-\n"],"Page":6,"Number":1,"Type":"Figure","CaptionBB":[73,386,774,407],"Height":1100,"Width":850,"DPI":100,"ImageBB":[84,79,756,381]}