{"Caption":"Figure 4: Synthetic data: parameter p (noise outside the band) is fixed to 0.1; in the x-axis we vary pa- rameter q (noise inside the band), and the y-axis counts the total number of flips needed to recover the full band. In (a), comparative performance of the two algorithms FP and BFP when column order is fixed with Hamiltonian path of Hamming distance. In (b), comparative effect of the different permutations chosen by BFP algorithm. \u2018Original permutation\u2019 fixes the identity permutation, while \u2018random permutation\u2019 fixes a random permutation. Dotted lines show standard deviation obtained in the 100 samples of each experiment. ","ImageText":[{"Text":"Synthetic","TextBB":[237.272,76.8672,271.713,83.945],"Rotation":0},{"Text":"data,","TextBB":[273.84,76.8672,291.699,83.945],"Rotation":0},{"Text":"unbalanced","TextBB":[293.826,76.8672,336.347,83.945],"Rotation":0},{"Text":"noise","TextBB":[338.474,76.8672,358.461,83.945],"Rotation":0},{"Text":"Synthetic","TextBB":[516.106,76.8672,550.546,83.945],"Rotation":0},{"Text":"data,","TextBB":[552.673,76.8672,570.532,83.945],"Rotation":0},{"Text":"unbalanced","TextBB":[572.66,76.8672,615.18,83.945],"Rotation":0},{"Text":"noise","TextBB":[617.308,76.8672,637.294,83.945],"Rotation":0},{"Text":"R","TextBB":[534.489,88.7909,539.224,94.8576],"Rotation":0},{"Text":"800","TextBB":[461.079,89.1503,472.019,95.2171],"Rotation":0},{"Text":"2000","TextBB":[178.6,89.1517,193.186,95.2185],"Rotation":0},{"Text":"R","TextBB":[544.447,101.837,549.182,107.904],"Rotation":0},{"Text":"R","TextBB":[554.411,112.036,559.146,118.103],"Rotation":0},{"Text":"700","TextBB":[461.079,118.538,472.019,124.605],"Rotation":0},{"Text":"R","TextBB":[564.369,125.284,569.104,131.351],"Rotation":0},{"Text":"1500","TextBB":[178.6,133.969,193.186,140.036],"Rotation":0},{"Text":"R","TextBB":[574.327,140.091,579.063,146.157],"Rotation":0},{"Text":"D","TextBB":[554.41,141.21,559.145,147.277],"Rotation":0},{"Text":"S","TextBB":[554.591,143.867,558.965,149.933],"Rotation":0},{"Text":"D","TextBB":[564.368,143.56,569.104,149.627],"Rotation":0},{"Text":"S","TextBB":[564.549,143.938,568.923,150.005],"Rotation":0},{"Text":"S","TextBB":[574.507,147.775,578.881,153.841],"Rotation":0},{"Text":"D","TextBB":[544.446,148.096,549.182,154.163],"Rotation":0},{"Text":"C","TextBB":[554.41,147.812,559.145,153.879],"Rotation":0},{"Text":"C","TextBB":[564.368,151.075,569.104,157.142],"Rotation":0},{"Text":"D","TextBB":[574.327,147.993,579.062,154.059],"Rotation":0},{"Text":"S","TextBB":[544.627,151.759,549.002,157.826],"Rotation":0},{"Text":"C","TextBB":[544.446,152.097,549.182,158.164],"Rotation":0},{"Text":"C","TextBB":[534.488,155.967,539.224,162.034],"Rotation":0},{"Text":"D","TextBB":[534.488,156.016,539.224,162.082],"Rotation":0},{"Text":"H","TextBB":[544.446,158.831,549.182,164.898],"Rotation":0},{"Text":"H","TextBB":[554.41,157.815,559.145,163.881],"Rotation":0},{"Text":"C","TextBB":[574.327,156.487,579.062,162.553],"Rotation":0},{"Text":"S","TextBB":[534.669,160.247,539.043,166.314],"Rotation":0},{"Text":"J","TextBB":[545.174,163.303,548.454,169.369],"Rotation":0},{"Text":"J","TextBB":[555.138,163.133,558.417,169.2],"Rotation":0},{"Text":"H","TextBB":[564.368,159.372,569.104,165.439],"Rotation":0},{"Text":"C","TextBB":[524.53,160.935,529.265,167.002],"Rotation":0},{"Text":"H","TextBB":[534.488,163.919,539.224,169.986],"Rotation":0},{"Text":"J","TextBB":[565.096,161.608,568.375,167.675],"Rotation":0},{"Text":"H","TextBB":[574.327,164.592,579.062,170.659],"Rotation":0},{"Text":"J","TextBB":[575.054,164.286,578.334,170.353],"Rotation":0},{"Text":"D","TextBB":[524.53,165.017,529.265,171.084],"Rotation":0},{"Text":"O","TextBB":[574.143,166.062,579.245,172.129],"Rotation":0},{"Text":"O","TextBB":[564.185,169.8,569.288,175.867],"Rotation":0},{"Text":"S","TextBB":[524.711,170.325,529.085,176.392],"Rotation":0},{"Text":"J","TextBB":[535.216,171.785,538.495,177.852],"Rotation":0},{"Text":"H","TextBB":[524.53,171.828,529.265,177.895],"Rotation":0},{"Text":"O","TextBB":[554.227,176.775,559.329,182.841],"Rotation":0},{"Text":"J","TextBB":[525.258,182.836,528.537,188.903],"Rotation":0},{"Text":"O","TextBB":[544.263,187.17,549.366,193.237],"Rotation":0},{"Text":"Total","TextBB":[449.995,180.59,456.062,195.169],"Rotation":3},{"Text":"flips","TextBB":[449.995,167.105,456.062,178.766],"Rotation":3},{"Text":"Total","TextBB":[171.162,180.59,177.228,195.169],"Rotation":3},{"Text":"flips","TextBB":[171.162,167.105,177.228,178.766],"Rotation":3},{"Text":"600","TextBB":[461.079,147.927,472.019,153.994],"Rotation":0},{"Text":"1000","TextBB":[178.6,178.787,193.186,184.853],"Rotation":0},{"Text":"500","TextBB":[461.079,177.315,472.019,183.382],"Rotation":0},{"Text":"400","TextBB":[461.079,206.703,472.019,212.77],"Rotation":0},{"Text":"500","TextBB":[182.246,223.604,193.186,229.671],"Rotation":0},{"Text":"300","TextBB":[461.079,236.092,472.019,242.158],"Rotation":0},{"Text":"0.00","TextBB":[201.846,287.402,214.609,293.469],"Rotation":0},{"Text":"0.10","TextBB":[221.762,287.402,234.525,293.469],"Rotation":0},{"Text":"0.20","TextBB":[241.684,287.402,254.447,293.469],"Rotation":0},{"Text":"0.30","TextBB":[261.601,287.402,274.364,293.469],"Rotation":0},{"Text":"0.40","TextBB":[281.522,287.402,294.286,293.469],"Rotation":0},{"Text":"0.50","TextBB":[301.438,287.402,314.201,293.469],"Rotation":0},{"Text":"0.60","TextBB":[321.36,287.402,334.123,293.469],"Rotation":0},{"Text":"0.70","TextBB":[341.277,287.402,354.04,293.469],"Rotation":0},{"Text":"H","TextBB":[484.692,233.184,489.427,239.251],"Rotation":0},{"Text":"J","TextBB":[485.419,235.251,488.699,241.317],"Rotation":0},{"Text":"Random","TextBB":[606.132,88.2048,630.917,94.2715],"Rotation":0},{"Text":"permutation","TextBB":[632.74,88.2048,667.37,94.2715],"Rotation":0},{"Text":"Spectral−Correlation","TextBB":[606.132,96.0753,666.091,102.142],"Rotation":0},{"Text":"Spectral−Dot","TextBB":[606.132,103.946,644.225,110.013],"Rotation":0},{"Text":"product","TextBB":[646.048,103.946,667.921,110.013],"Rotation":0},{"Text":"Spectral−Jaccard","TextBB":[606.132,111.816,656.981,117.883],"Rotation":0},{"Text":"Hamiltonian−Hamming","TextBB":[606.132,119.687,672.643,125.754],"Rotation":0},{"Text":"Hamiltonian−Jaccard","TextBB":[606.132,127.558,667.547,133.624],"Rotation":0},{"Text":"Original","TextBB":[606.132,135.428,628.727,141.495],"Rotation":0},{"Text":"permutation","TextBB":[630.55,135.428,665.18,141.495],"Rotation":0},{"Text":"S","TextBB":[584.465,155.054,588.839,161.121],"Rotation":0},{"Text":"R","TextBB":[584.285,155.099,589.021,161.166],"Rotation":0},{"Text":"D","TextBB":[584.285,155.387,589.02,161.454],"Rotation":0},{"Text":"C","TextBB":[584.285,162.515,589.02,168.581],"Rotation":0},{"Text":"S","TextBB":[594.423,163.559,598.798,169.626],"Rotation":0},{"Text":"O","TextBB":[584.101,166.28,589.203,172.347],"Rotation":0},{"Text":"D","TextBB":[594.243,163.936,598.978,170.002],"Rotation":0},{"Text":"R","TextBB":[594.244,166.91,598.979,172.977],"Rotation":0},{"Text":"C","TextBB":[594.243,168.724,598.978,174.791],"Rotation":0},{"Text":"J","TextBB":[585.013,170.555,588.292,176.622],"Rotation":0},{"Text":"O","TextBB":[594.059,171.233,599.162,177.299],"Rotation":0},{"Text":"H","TextBB":[584.285,173.315,589.02,179.381],"Rotation":0},{"Text":"S","TextBB":[604.387,176.622,608.761,182.688],"Rotation":0},{"Text":"D","TextBB":[604.207,176.703,608.942,182.77],"Rotation":0},{"Text":"H","TextBB":[594.243,179.31,598.978,185.377],"Rotation":0},{"Text":"R","TextBB":[604.207,179.35,608.943,185.416],"Rotation":0},{"Text":"J","TextBB":[594.971,179.738,598.25,185.804],"Rotation":0},{"Text":"O","TextBB":[604.023,179.081,609.125,185.148],"Rotation":0},{"Text":"C","TextBB":[604.207,180.108,608.942,186.175],"Rotation":0},{"Text":"H","TextBB":[604.207,190.329,608.942,196.395],"Rotation":0},{"Text":"S","TextBB":[614.345,190.629,618.719,196.696],"Rotation":0},{"Text":"D","TextBB":[614.165,190.902,618.9,196.969],"Rotation":0},{"Text":"J","TextBB":[604.934,191.144,608.214,197.211],"Rotation":0},{"Text":"O","TextBB":[613.981,191.553,619.084,197.62],"Rotation":0},{"Text":"C","TextBB":[614.165,192.925,618.9,198.992],"Rotation":0},{"Text":"R","TextBB":[614.166,193.407,618.901,199.474],"Rotation":0},{"Text":"H","TextBB":[614.165,201.38,618.9,207.447],"Rotation":0},{"Text":"S","TextBB":[624.303,202.823,628.678,208.89],"Rotation":0},{"Text":"D","TextBB":[624.123,203.724,628.858,209.791],"Rotation":0},{"Text":"J","TextBB":[614.893,204.179,618.172,210.246],"Rotation":0},{"Text":"O","TextBB":[623.939,203.927,629.042,209.994],"Rotation":0},{"Text":"C","TextBB":[624.123,205.004,628.858,211.071],"Rotation":0},{"Text":"R","TextBB":[624.124,205.486,628.859,211.553],"Rotation":0},{"Text":"H","TextBB":[624.123,213.273,628.858,219.34],"Rotation":0},{"Text":"J","TextBB":[624.851,216.111,628.13,222.177],"Rotation":0},{"Text":"O","TextBB":[504.425,233.845,509.527,239.912],"Rotation":0},{"Text":"O","TextBB":[494.467,247.46,499.569,253.527],"Rotation":0},{"Text":"Fixed","TextBB":[263.56,249.401,279.596,255.467],"Rotation":0},{"Text":"Permutation","TextBB":[281.419,249.401,316.777,255.467],"Rotation":0},{"Text":"Bidirectional","TextBB":[263.56,257.271,299.278,263.338],"Rotation":0},{"Text":"Fixed","TextBB":[301.101,257.271,317.137,263.338],"Rotation":0},{"Text":"Permutation","TextBB":[318.961,257.271,354.318,263.338],"Rotation":0},{"Text":"Standard","TextBB":[263.56,265.142,290.175,271.208],"Rotation":0},{"Text":"deviation","TextBB":[291.998,265.142,318.246,271.208],"Rotation":0},{"Text":"0","TextBB":[189.539,268.421,193.185,274.488],"Rotation":0},{"Text":"C","TextBB":[514.572,161.657,519.307,167.724],"Rotation":0},{"Text":"C","TextBB":[504.608,169.631,509.343,175.698],"Rotation":0},{"Text":"D","TextBB":[514.572,169.942,519.307,176.009],"Rotation":0},{"Text":"S","TextBB":[514.752,178.775,519.127,184.842],"Rotation":0},{"Text":"C","TextBB":[494.65,185.263,499.385,191.329],"Rotation":0},{"Text":"D","TextBB":[504.608,184.759,509.343,190.826],"Rotation":0},{"Text":"H","TextBB":[514.572,183.989,519.307,190.055],"Rotation":0},{"Text":"S","TextBB":[504.789,193.734,509.163,199.801],"Rotation":0},{"Text":"J","TextBB":[515.3,191.625,518.579,197.692],"Rotation":0},{"Text":"C","TextBB":[484.692,195.762,489.427,201.828],"Rotation":0},{"Text":"D","TextBB":[494.65,196.931,499.385,202.998],"Rotation":0},{"Text":"H","TextBB":[504.608,195.778,509.343,201.845],"Rotation":0},{"Text":"O","TextBB":[534.305,199.254,539.407,205.321],"Rotation":0},{"Text":"J","TextBB":[505.336,201.715,508.615,207.781],"Rotation":0},{"Text":"S","TextBB":[494.83,205.873,499.205,211.94],"Rotation":0},{"Text":"D","TextBB":[484.692,208.703,489.427,214.77],"Rotation":0},{"Text":"O","TextBB":[524.347,211.557,529.449,217.624],"Rotation":0},{"Text":"H","TextBB":[494.65,214.12,499.385,220.187],"Rotation":0},{"Text":"S","TextBB":[484.872,218.274,489.247,224.341],"Rotation":0},{"Text":"J","TextBB":[495.378,218.876,498.657,224.943],"Rotation":0},{"Text":"O","TextBB":[514.388,221.821,519.491,227.888],"Rotation":0},{"Text":"R","TextBB":[591.958,88.2048,596.694,94.2715],"Rotation":0},{"Text":"C","TextBB":[591.958,96.0756,596.694,102.142],"Rotation":0},{"Text":"D","TextBB":[591.958,103.946,596.694,110.013],"Rotation":0},{"Text":"S","TextBB":[592.139,111.816,596.514,117.883],"Rotation":0},{"Text":"H","TextBB":[591.958,119.687,596.694,125.753],"Rotation":0},{"Text":"J","TextBB":[592.686,127.492,595.965,133.559],"Rotation":0},{"Text":"O","TextBB":[591.775,135.427,596.878,141.494],"Rotation":0},{"Text":"200","TextBB":[461.079,265.48,472.019,271.547],"Rotation":0},{"Text":"0.80","TextBB":[361.198,287.402,373.962,293.469],"Rotation":0},{"Text":"0.90","TextBB":[381.115,287.402,393.878,293.469],"Rotation":0},{"Text":"O","TextBB":[484.508,260.424,489.611,266.491],"Rotation":0},{"Text":"0.00","TextBB":[480.679,287.402,493.442,293.469],"Rotation":0},{"Text":"q","TextBB":[266.423,303.144,270.069,309.21],"Rotation":0},{"Text":"(with","TextBB":[271.893,303.144,285.738,309.21],"Rotation":0},{"Text":"fixed","TextBB":[287.561,303.144,301.413,309.21],"Rotation":0},{"Text":"p","TextBB":[303.236,303.144,306.883,309.21],"Rotation":0},{"Text":"=","TextBB":[308.706,303.144,312.536,309.21],"Rotation":0},{"Text":"0.10)","TextBB":[314.36,303.144,329.307,309.21],"Rotation":0},{"Text":"0.10","TextBB":[500.596,287.402,513.359,293.469],"Rotation":0},{"Text":"0.20","TextBB":[520.517,287.402,533.281,293.469],"Rotation":0},{"Text":"0.30","TextBB":[540.434,287.402,553.197,293.469],"Rotation":0},{"Text":"0.40","TextBB":[560.356,287.402,573.119,293.469],"Rotation":0},{"Text":"0.50","TextBB":[580.272,287.402,593.035,293.469],"Rotation":0},{"Text":"0.60","TextBB":[600.194,287.402,612.957,293.469],"Rotation":0},{"Text":"D","TextBB":[634.081,216.929,638.817,222.996],"Rotation":0},{"Text":"S","TextBB":[634.261,216.941,638.636,223.007],"Rotation":0},{"Text":"O","TextBB":[633.897,217.52,639,223.587],"Rotation":0},{"Text":"C","TextBB":[634.081,217.75,638.817,223.816],"Rotation":0},{"Text":"R","TextBB":[634.082,218.313,638.817,224.38],"Rotation":0},{"Text":"H","TextBB":[634.081,225.527,638.817,231.593],"Rotation":0},{"Text":"J","TextBB":[634.809,229.026,638.088,235.092],"Rotation":0},{"Text":"O","TextBB":[643.861,231.162,648.964,237.229],"Rotation":0},{"Text":"S","TextBB":[644.225,230.533,648.6,236.6],"Rotation":0},{"Text":"D","TextBB":[644.045,230.615,648.78,236.681],"Rotation":0},{"Text":"R","TextBB":[644.046,230.95,648.781,237.016],"Rotation":0},{"Text":"C","TextBB":[644.045,231.14,648.78,237.207],"Rotation":0},{"Text":"H","TextBB":[644.045,238.557,648.78,244.623],"Rotation":0},{"Text":"J","TextBB":[644.773,241.924,648.052,247.991],"Rotation":0},{"Text":"O","TextBB":[653.819,242.273,658.922,248.34],"Rotation":0},{"Text":"R","TextBB":[654.004,242.444,658.739,248.511],"Rotation":0},{"Text":"D","TextBB":[654.003,242.524,658.739,248.591],"Rotation":0},{"Text":"S","TextBB":[654.183,242.935,658.558,249.001],"Rotation":0},{"Text":"C","TextBB":[654.003,243.175,658.739,249.242],"Rotation":0},{"Text":"H","TextBB":[654.003,249.187,658.739,255.254],"Rotation":0},{"Text":"J","TextBB":[654.731,253.407,658.01,259.474],"Rotation":0},{"Text":"O","TextBB":[663.778,254.762,668.88,260.829],"Rotation":0},{"Text":"R","TextBB":[663.962,254.298,668.697,260.365],"Rotation":0},{"Text":"S","TextBB":[664.141,254.385,668.516,260.452],"Rotation":0},{"Text":"D","TextBB":[663.961,254.712,668.697,260.779],"Rotation":0},{"Text":"C","TextBB":[663.961,254.773,668.697,260.84],"Rotation":0},{"Text":"H","TextBB":[663.961,261.446,668.697,267.513],"Rotation":0},{"Text":"J","TextBB":[664.689,265.049,667.968,271.116],"Rotation":0},{"Text":"0.70","TextBB":[620.11,287.402,632.873,293.469],"Rotation":0},{"Text":"0.80","TextBB":[640.032,287.402,652.795,293.469],"Rotation":0},{"Text":"0.90","TextBB":[659.948,287.402,672.711,293.469],"Rotation":0},{"Text":"q","TextBB":[545.256,303.144,548.903,309.21],"Rotation":0},{"Text":"(with","TextBB":[550.726,303.144,564.571,309.21],"Rotation":0},{"Text":"fixed","TextBB":[566.394,303.144,580.246,309.21],"Rotation":0},{"Text":"p","TextBB":[582.07,303.144,585.716,309.21],"Rotation":0},{"Text":"=","TextBB":[587.54,303.144,591.37,309.21],"Rotation":0},{"Text":"0.10)","TextBB":[593.193,303.144,608.14,309.21],"Rotation":0},{"Text":"(a)","TextBB":[201.333,316.16,217.653,328.613],"Rotation":0},{"Text":"Comparison","TextBB":[221.834,316.16,295.144,328.613],"Rotation":0},{"Text":"algorithms","TextBB":[299.84,316.16,371.032,328.613],"Rotation":0},{"Text":"(b)","TextBB":[473.333,316.16,490.485,328.613],"Rotation":0},{"Text":"Comparison","TextBB":[494.667,316.16,567.977,328.613],"Rotation":0},{"Text":"permutations","TextBB":[572.506,316.16,656.704,328.613],"Rotation":0}],"Mention":["step down (i.e. from (i, j) to (i + 1, j)) or one step to the\nright (i.e. from (i, j) to (i, j + 1)) with equal probabilities.\nWhenever a step to the right is chosen, we will set to 1 all\nthe w cells above the current position and all the w cells\nbelow the current position (or less than w if there are not as\nmany as w cells to fill). Once the path reaches (n,m), each\ncolumn contains at least w and at most 2w ones (assuming w\n< n). The random walk is designed so that it always reaches\nposition (n,m). The resulting matrix has a clear solid band\nof given width 2w. Additionally we can introduce noise by\nflipping the original values according to given probabilities p\n(noise probability of flipping 0 to 1) and q (noise probability\nof flipping 1 to 0). In all the synthetic experiments shown\nnext we generate 100 samples for each one of our parameter\nsettings. Each sample corresponds to a matrix of size 50×60.\nThe values in the figures of this section are then computed\nas the mean from the obtained values in those 100 samples.\nFigure 4a compares the total number of flips done by the\ntwo algorithms FP and BFP. As expected BFP outperforms in\nall cases, so we decide to use it for the rest of the exper-\niments. Discarding FP is not a problem for real datasets:\nthe weighted version of BFP can behave similarly to FP if our\napriori knowledge indicates that only flips from 0 to 1 are\nappropriate for the data. Observe that as we increase the\nnoise inside the band the total number of flips tends to de-\ncrease for both algorithms. This is just the effect of having\nan emptier band. Figure 4b compares the effects of fixing\ndifferent permutations with the BFP algorithm. The effect\nof the permutation does not seem to be significant from the\nsynthetic data, although Hamiltonian path with Jaccard be-\nhaves slightly better. For real datasets permutations will\nmatter and some of them clearly perform better than oth-\ners. The goodness of a permutation will be always measured\nw.r.t. the final number of flips done by an algorithm that\nfixed such permutation.\n"],"Page":7,"Number":4,"Type":"Figure","CaptionBB":[73,349,773,436],"Height":1100,"Width":850,"DPI":100,"ImageBB":[168,75,675,331]}