{"Caption":"Figure 6: Adjustment of weighting factors over time: ASR length weights (solid) and ASR angle weights (dashed). ","ImageText":[{"Text":"1","TextBB":[465.122,389.95,466.73,392.066],"Rotation":0},{"Text":"1","TextBB":[617.289,389.95,618.896,392.066],"Rotation":0},{"Text":"0.9","TextBB":[462.713,400.117,466.731,402.233],"Rotation":0},{"Text":"0.9","TextBB":[614.879,400.117,618.897,402.233],"Rotation":0},{"Text":"0.8","TextBB":[462.713,410.306,466.731,412.422],"Rotation":0},{"Text":"0.8","TextBB":[614.879,410.306,618.897,412.422],"Rotation":0},{"Text":"0.7","TextBB":[462.713,420.473,466.731,422.589],"Rotation":0},{"Text":"0.7","TextBB":[614.879,420.473,618.897,422.589],"Rotation":0},{"Text":"0.6","TextBB":[462.713,430.663,466.731,432.779],"Rotation":0},{"Text":"0.6","TextBB":[614.879,430.663,618.897,432.779],"Rotation":0},{"Text":"0.5","TextBB":[462.713,440.852,466.731,442.968],"Rotation":0},{"Text":"0.5","TextBB":[614.879,440.852,618.897,442.968],"Rotation":0},{"Text":"0.4","TextBB":[462.713,451.018,466.731,453.135],"Rotation":0},{"Text":"0.4","TextBB":[614.879,451.018,618.897,453.135],"Rotation":0},{"Text":"0.3","TextBB":[462.713,461.209,466.731,463.325],"Rotation":0},{"Text":"0.3","TextBB":[614.879,461.209,618.897,463.325],"Rotation":0},{"Text":"0.2","TextBB":[462.713,471.374,466.731,473.49],"Rotation":0},{"Text":"0.2","TextBB":[614.879,471.374,618.897,473.49],"Rotation":0},{"Text":"0.1","TextBB":[462.713,481.564,466.731,483.68],"Rotation":0},{"Text":"0.1","TextBB":[614.879,481.564,618.897,483.68],"Rotation":0},{"Text":"0","TextBB":[617.289,491.755,618.896,493.871],"Rotation":0},{"Text":"0","TextBB":[618.926,494.188,620.534,496.304],"Rotation":0},{"Text":"1","TextBB":[621.793,494.188,623.4,496.304],"Rotation":0},{"Text":"2","TextBB":[624.66,494.188,626.267,496.304],"Rotation":0},{"Text":"3","TextBB":[627.526,494.188,629.134,496.304],"Rotation":0},{"Text":"4","TextBB":[630.393,494.188,632,496.304],"Rotation":0},{"Text":"5","TextBB":[633.26,494.188,634.867,496.304],"Rotation":0},{"Text":"6","TextBB":[636.126,494.188,637.734,496.304],"Rotation":0},{"Text":"7","TextBB":[638.993,494.188,640.6,496.304],"Rotation":0},{"Text":"8","TextBB":[641.86,494.188,643.467,496.304],"Rotation":0},{"Text":"9","TextBB":[644.726,494.188,646.334,496.304],"Rotation":0},{"Text":"1011121314151617181920212223242526272829303132333435363738394041","TextBB":[646.799,494.188,738.881,496.304],"Rotation":0},{"Text":"0","TextBB":[466.76,494.188,468.367,496.304],"Rotation":0},{"Text":"1","TextBB":[471.049,494.188,472.656,496.304],"Rotation":0},{"Text":"2","TextBB":[475.36,494.188,476.967,496.304],"Rotation":0},{"Text":"3","TextBB":[479.647,494.188,481.255,496.304],"Rotation":0},{"Text":"4","TextBB":[483.961,494.188,485.568,496.304],"Rotation":0},{"Text":"5","TextBB":[488.249,494.188,489.856,496.304],"Rotation":0},{"Text":"6","TextBB":[492.56,494.188,494.167,496.304],"Rotation":0},{"Text":"7","TextBB":[496.849,494.188,498.456,496.304],"Rotation":0},{"Text":"8","TextBB":[501.161,494.188,502.768,496.304],"Rotation":0},{"Text":"9","TextBB":[505.449,494.188,507.056,496.304],"Rotation":0},{"Text":"10","TextBB":[508.965,494.188,512.18,496.304],"Rotation":0},{"Text":"11","TextBB":[513.254,494.188,516.469,496.304],"Rotation":0},{"Text":"12","TextBB":[517.565,494.188,520.78,496.304],"Rotation":0},{"Text":"13","TextBB":[521.854,494.188,525.069,496.304],"Rotation":0},{"Text":"14","TextBB":[526.165,494.188,529.38,496.304],"Rotation":0},{"Text":"15","TextBB":[530.478,494.188,533.692,496.304],"Rotation":0},{"Text":"16","TextBB":[534.767,494.188,537.981,496.304],"Rotation":0},{"Text":"17","TextBB":[539.078,494.188,542.292,496.304],"Rotation":0},{"Text":"18","TextBB":[543.365,494.188,546.58,496.304],"Rotation":0},{"Text":"19","TextBB":[547.678,494.188,550.892,496.304],"Rotation":0},{"Text":"20","TextBB":[551.967,494.188,555.181,496.304],"Rotation":0},{"Text":"21","TextBB":[556.278,494.188,559.492,496.304],"Rotation":0},{"Text":"22","TextBB":[560.567,494.188,563.781,496.304],"Rotation":0},{"Text":"23","TextBB":[564.878,494.188,568.092,496.304],"Rotation":0},{"Text":"24","TextBB":[569.167,494.188,572.381,496.304],"Rotation":0},{"Text":"25","TextBB":[573.478,494.188,576.692,496.304],"Rotation":0},{"Text":"26","TextBB":[577.767,494.188,580.981,496.304],"Rotation":0},{"Text":"27","TextBB":[582.078,494.188,585.292,496.304],"Rotation":0},{"Text":"28","TextBB":[586.367,494.188,589.581,496.304],"Rotation":0},{"Text":"0","TextBB":[465.122,491.755,466.73,493.871],"Rotation":0}],"Mention":["and 7, it is unsure of where it is exactly, as depicted by the top\nright and bottom left images. And when it has moved away\nfrom the transition area, the confidence of ASR 6 decreases\ndramatically and the peak is now centered on ASR 7.\nFigure 6 shows the distribution of weighting used on the\nlocalization strategies for calculating the overall confidence\nvalues. The solid line is the plot of distance method weights\nand the dashed line represents the weights of the relative ori-\nentation method. For the first three ASRs, the weights for\nboth distance and orientation are initialized to be 0.5 because\nwe only start computations after the third ASR. The ASR dis-\ntance weight then increases, because the confidence on ASR\ndistance is higher than the confidence computed from the ori-\nentation method. As time progresses, the weights of the dis-\ntance method decrease due to a decrease in confidence, and\nvice versa for confidence from the orientation method.\nThe results from the confidencemaps show that the method\nproposed provides a consistent approach for using an inexact\n\u201Ccognitive map\u201D to allow a mobile robot to find its way back\nhome. It does not provide the exact pose of the robot in the\nenvironment, but rather an approximation, which we believe\nis sufficient for navigation and new exploration.\n"],"Page":5,"Number":6,"Type":"Figure","CaptionBB":[436,514,776,544],"Height":1100,"Width":850,"DPI":100,"ImageBB":[460,388,751,499]}