{"Type":"Figure",
"Number": 1,
"Page": 3,
"DPI": 100,
"Width": 850,
"Height": 1100,
"CaptionBB": [427,216,756,245],
"Caption": "Figure 1. Best viewed in color and zoomed. Reworking a dataset [3, 28] which consists of 250 values of generated uniformly in ",
"ImageBB": [426,99,760,217],
"ImageText" : [
{"Rotation": 0,"TextBB": [447.308,107.237,450.564,111.98], "Text": "1"},
	{"Rotation": 0,"TextBB": [617.585,107.368,621.592,113.597], "Text": "1"},
	{"Rotation": 0,"TextBB": [442.434,125.274,450.575,130.017], "Text": "0.8"},
	{"Rotation": 0,"TextBB": [611.612,124.716,621.631,130.946], "Text": "0.8"},
	{"Rotation": 3,"TextBB": [603.131,137.478,609.798,168.916], "Text": "Probability"},
	{"Rotation": 3,"TextBB": [435.562,148.426,440.979,163.819], "Text": "Output"},
	{"Rotation": 3,"TextBB": [435.562,144.436,440.979,147], "Text": "x"},
	{"Rotation": 0,"TextBB": [442.442,143.29,450.583,148.033], "Text": "0.6"},
	{"Rotation": 0,"TextBB": [442.45,161.349,450.591,166.092], "Text": "0.4"},
	{"Rotation": 0,"TextBB": [473.573,200.937,481.715,205.681], "Text": "0.2"},
	{"Rotation": 0,"TextBB": [499.702,200.953,507.843,205.696], "Text": "0.4"},
	{"Rotation": 0,"TextBB": [525.831,200.968,533.972,205.712], "Text": "0.6"},
	{"Rotation": 0,"TextBB": [507.505,206.029,522.48,210.772], "Text": "Inputr"},
	{"Rotation": 0,"TextBB": [524.108,206.029,526.059,210.772], "Text": "r"},
	{"Rotation": 0,"TextBB": [551.959,200.984,560.101,205.727], "Text": "0.8"},
	{"Rotation": 0,"TextBB": [580.552,200.999,583.809,205.743], "Text": "1"},
	{"Rotation": 0,"TextBB": [617.746,194.18,621.755,200.411], "Text": "0"},
	{"Rotation": 0,"TextBB": [621.005,198.613,625.015,204.846], "Text": "0"},
	{"Rotation": 0,"TextBB": [643.598,198.66,653.622,204.893], "Text": "0.2"},
	{"Rotation": 0,"TextBB": [669.225,198.707,679.248,204.94], "Text": "0.4"},
	{"Rotation": 0,"TextBB": [694.818,198.754,704.841,204.987], "Text": "0.6"},
	{"Rotation": 0,"TextBB": [675.907,205.613,691.937,211.843], "Text": "Input"},
	{"Rotation": 0,"TextBB": [693.94,205.613,697.544,211.843], "Text": "x"},
	{"Rotation": 0,"TextBB": [720.437,198.801,730.46,205.033], "Text": "0.8"},
	{"Rotation": 0,"TextBB": [749.06,198.848,753.068,205.08], "Text": "1"},
	{"Rotation": 0,"TextBB": [611.676,159.443,621.696,165.674], "Text": "0.4"},
	{"Rotation": 0,"TextBB": [611.708,176.797,621.728,183.028], "Text": "0.2"},
	{"Rotation": 0,"TextBB": [442.457,179.388,450.598,184.131], "Text": "0.2"},
	{"Rotation": 0,"TextBB": [447.347,197.425,450.603,202.169], "Text": "0"},
	{"Rotation": 0,"TextBB": [449.881,200.921,453.138,205.665], "Text": "0"},
	{"Rotation": 0,"TextBB": [611.644,142.064,621.663,148.294], "Text": "0.6"}
]}
