{"Type":"Figure",
"Number": 3,
"Page": 7,
"DPI": 100,
"Width": 850,
"Height": 1100,
"CaptionBB": [148,431,700,461],
"Caption": "Figure 3: Performance of various methods in mountain car problem with two different lambda values. LSTD was run only every 100 episodes. Results are averaged over 30 trials. ",
"ImageBB": [185,224,665,414],
"ImageText" : [
{"Rotation": 0,"TextBB": [293.46,228.442,302.118,240.903], "Text": " "},
	{"Rotation": 0,"TextBB": [306.582,228.745,316.651,240.992], "Text": "="},
	{"Rotation": 0,"TextBB": [321.115,228.745,330.042,240.992], "Text": "0"},
	{"Rotation": 3,"TextBB": [188.064,326.253,195.404,344.774], "Text": "Loss"},
	{"Rotation": 3,"TextBB": [188.265,305.601,195.605,324.122], "Text": "Loss"},
	{"Rotation": 3,"TextBB": [188.064,290.543,195.404,324.046], "Text": "Function"},
	{"Rotation": 3,"TextBB": [188.265,269.891,195.605,303.395], "Text": "Function"},
	{"Rotation": 0,"TextBB": [267.411,276.154,330.787,285.567], "Text": "iLSTD-Greedy"},
	{"Rotation": 0,"TextBB": [204.512,284.81,207.454,289.703], "Text": "6"},
	{"Rotation": 0,"TextBB": [534.3,227.154,543.033,239.722], "Text": " "},
	{"Rotation": 0,"TextBB": [547.534,227.46,557.69,239.848], "Text": "="},
	{"Rotation": 0,"TextBB": [562.192,227.46,584.7,239.848], "Text": "0.9"},
	{"Rotation": 0,"TextBB": [443.91,232.407,446.876,237.342], "Text": "7"},
	{"Rotation": 0,"TextBB": [445.46,231.783,448.426,236.718], "Text": "5"},
	{"Rotation": 0,"TextBB": [436.582,234.994,445.481,242.397], "Text": "10"},
	{"Rotation": 0,"TextBB": [435.282,235.368,444.181,242.77], "Text": "10"},
	{"Rotation": 3,"TextBB": [426.751,324.221,434.154,342.9], "Text": "Loss"},
	{"Rotation": 3,"TextBB": [427.454,304.976,434.857,323.656], "Text": "Loss"},
	{"Rotation": 3,"TextBB": [426.751,288.206,434.154,321.996], "Text": "Function"},
	{"Rotation": 3,"TextBB": [427.454,268.962,434.857,302.751], "Text": "Function"},
	{"Rotation": 0,"TextBB": [205.574,236.624,208.515,241.517], "Text": "7"},
	{"Rotation": 0,"TextBB": [206.614,236.874,209.555,241.767], "Text": "5"},
	{"Rotation": 0,"TextBB": [197.019,239.561,205.843,246.901], "Text": "10"},
	{"Rotation": 0,"TextBB": [206.614,286.879,209.555,291.772], "Text": "4"},
	{"Rotation": 0,"TextBB": [195.958,287.746,204.782,295.086], "Text": "10"},
	{"Rotation": 0,"TextBB": [197.811,290.063,206.635,297.402], "Text": "10"},
	{"Rotation": 0,"TextBB": [308.363,305.413,321.584,314.825], "Text": "TD"},
	{"Rotation": 0,"TextBB": [274.847,325.25,343.177,334.663], "Text": "iLSTD-Random"},
	{"Rotation": 0,"TextBB": [206.035,335.082,208.976,339.976], "Text": "5"},
	{"Rotation": 0,"TextBB": [206.614,336.884,209.555,341.777], "Text": "3"},
	{"Rotation": 0,"TextBB": [197.481,338.018,206.304,345.358], "Text": "10"},
	{"Rotation": 0,"TextBB": [197.811,340.068,206.635,347.408], "Text": "10"},
	{"Rotation": 0,"TextBB": [443.91,310.05,446.876,314.985], "Text": "6"},
	{"Rotation": 0,"TextBB": [445.46,309.726,448.426,314.661], "Text": "4"},
	{"Rotation": 0,"TextBB": [436.582,312.937,445.481,320.34], "Text": "10"},
	{"Rotation": 0,"TextBB": [435.282,313.011,444.181,320.413], "Text": "10"},
	{"Rotation": 0,"TextBB": [548.329,335.296,561.664,342.849], "Text": "TD"},
	{"Rotation": 0,"TextBB": [525.031,351.052,593.945,358.604], "Text": "iLSTD-Random"},
	{"Rotation": 0,"TextBB": [268.326,354.509,293.677,363.921], "Text": "LSTD"},
	{"Rotation": 0,"TextBB": [511.951,373.809,537.519,381.361], "Text": "LSTD"},
	{"Rotation": 0,"TextBB": [444.444,386.657,447.411,391.592], "Text": "5"},
	{"Rotation": 0,"TextBB": [205.574,387.764,208.515,392.657], "Text": "4"},
	{"Rotation": 0,"TextBB": [206.614,386.93,209.555,391.823], "Text": "2"},
	{"Rotation": 0,"TextBB": [197.811,390.114,206.635,397.454], "Text": "10"},
	{"Rotation": 0,"TextBB": [208.804,396.106,213.216,403.445], "Text": "0"},
	{"Rotation": 0,"TextBB": [242.733,396.106,255.969,403.445], "Text": "200"},
	{"Rotation": 0,"TextBB": [281.085,396.106,294.32,403.445], "Text": "400"},
	{"Rotation": 0,"TextBB": [319.476,396.106,332.712,403.445], "Text": "600"},
	{"Rotation": 0,"TextBB": [301.086,404.206,331.955,411.545], "Text": "Episode"},
	{"Rotation": 0,"TextBB": [357.828,396.106,371.063,403.445], "Text": "800"},
	{"Rotation": 0,"TextBB": [393.987,396.106,411.635,403.445], "Text": "1000"},
	{"Rotation": 0,"TextBB": [435.817,389.618,444.716,397.02], "Text": "10"},
	{"Rotation": 0,"TextBB": [445.46,387.709,448.426,392.644], "Text": "3"},
	{"Rotation": 0,"TextBB": [447.668,396.965,452.118,404.368], "Text": "0"},
	{"Rotation": 0,"TextBB": [481.887,396.965,495.236,404.368], "Text": "200"},
	{"Rotation": 0,"TextBB": [520.568,396.965,533.917,404.368], "Text": "400"},
	{"Rotation": 0,"TextBB": [559.289,396.965,572.638,404.368], "Text": "600"},
	{"Rotation": 0,"TextBB": [540.742,405.135,571.874,412.537], "Text": "Episode"},
	{"Rotation": 0,"TextBB": [597.969,396.965,611.318,404.368], "Text": "800"},
	{"Rotation": 0,"TextBB": [634.439,396.965,652.237,404.368], "Text": "1000"}
]}
