{"Caption":"Figure 7: The combination of filtering, neighbor decay, and height lead to substantially more accurate coordinates on PlanetLab nodes participating in the Azureus network coordinate system. Comparing 2 D + H to 4 D + H, the data show a 43% improvement in relative error and a four orders-of-magnitude improvement in stability. ","ImageText":[{"Text":"0.8","TextBB":[470.477,129.766,482.495,138.419],"Rotation":0},{"Text":"CDF","TextBB":[451.254,158.524,459.907,177.223],"Rotation":3},{"Text":"1.0","TextBB":[470.477,104.495,482.495,113.148],"Rotation":0},{"Text":"4d+h","TextBB":[494.032,107.31,513.876,115.963],"Rotation":0},{"Text":"5d","TextBB":[494.032,116.925,503.646,125.577],"Rotation":0},{"Text":"2d+h","TextBB":[494.032,126.538,513.876,135.191],"Rotation":0},{"Text":"0.6","TextBB":[470.477,155.038,482.495,163.691],"Rotation":0},{"Text":"0.4","TextBB":[470.477,180.309,482.495,188.962],"Rotation":0},{"Text":"0.2","TextBB":[470.477,205.581,482.495,214.234],"Rotation":0},{"Text":"0.0","TextBB":[470.477,230.853,482.495,239.505],"Rotation":0},{"Text":"0.0","TextBB":[482.255,240.467,494.273,249.12],"Rotation":0},{"Text":"0.2","TextBB":[586.981,240.467,598.999,249.12],"Rotation":0},{"Text":"0.3","TextBB":[639.31,240.467,651.328,249.12],"Rotation":0},{"Text":"Median","TextBB":[575.902,254.888,605.274,263.541],"Rotation":0},{"Text":"Relative","TextBB":[607.677,254.888,639.721,263.541],"Rotation":0},{"Text":"Error","TextBB":[642.125,254.888,662.411,263.541],"Rotation":0},{"Text":"0.4","TextBB":[691.707,240.467,703.725,249.12],"Rotation":0},{"Text":"0.5","TextBB":[744.036,240.467,756.054,249.12],"Rotation":0},{"Text":"1.0","TextBB":[470.477,278.934,482.495,287.587],"Rotation":0},{"Text":"0.8","TextBB":[470.477,304.205,482.495,312.858],"Rotation":0},{"Text":"CDF","TextBB":[451.254,332.963,459.907,351.663],"Rotation":3},{"Text":"0.1","TextBB":[534.584,240.467,546.601,249.12],"Rotation":0},{"Text":"0.6","TextBB":[470.477,329.477,482.495,338.13],"Rotation":0},{"Text":"0.4","TextBB":[470.477,354.749,482.495,363.401],"Rotation":0},{"Text":"4d+h","TextBB":[682.265,376.93,702.109,385.583],"Rotation":0},{"Text":"5d","TextBB":[682.265,386.544,691.879,395.197],"Rotation":0},{"Text":"2d+h","TextBB":[682.265,396.158,702.108,404.811],"Rotation":0},{"Text":"0.2","TextBB":[470.477,380.02,482.495,388.673],"Rotation":0},{"Text":"0.0","TextBB":[470.477,405.292,482.495,413.945],"Rotation":0},{"Text":"0.01","TextBB":[481.053,414.906,497.878,423.559],"Rotation":0},{"Text":"0.1","TextBB":[527.064,414.906,539.082,423.559],"Rotation":0},{"Text":"1","TextBB":[574.345,414.906,579.152,423.559],"Rotation":0},{"Text":"10","TextBB":[615.549,414.906,625.163,423.559],"Rotation":0},{"Text":"Stability","TextBB":[602.86,429.327,635.452,437.98],"Rotation":0},{"Text":"100","TextBB":[656.753,414.906,671.174,423.559],"Rotation":0},{"Text":"1000","TextBB":[698.025,414.906,717.254,423.559],"Rotation":0},{"Text":"10000","TextBB":[739.229,414.906,763.264,423.559],"Rotation":0}],"Mention":["We compare data gathered from the different versions in\nFigure 7. Because the data are aggregated across roughly\nthe same source PlanetLab nodes, the three snapshots pro-\nvide a reasonable, though imperfect, way to isolate the ef-\nfects of the different techniques. In all cases, we find 4D+H\nis more accurate and stable than both the original 2D+H\nand our initial rollout of 5D.\n","We show these additional metrics collected on Planet-\nLab (see § 6.2) and on Azureus\u2019 end hosts (see § 6.3) in\nFigure 17.\n"],"Page":8,"Number":7,"Type":"Figure","CaptionBB":[443,457,765,554],"Height":1100,"Width":850,"DPI":100,"ImageBB":[449,99,765,440]}