{"Caption":"Figure 3. Alleviation of CPU Contention","ImageText":[{"Text":"(a)","TextBB":[199.182,332.07,208.83,339.979],"Rotation":0},{"Text":"Sine","TextBB":[212.411,332.07,227.865,339.979],"Rotation":0},{"Text":"load","TextBB":[230.038,332.07,245.006,339.979],"Rotation":0},{"Text":"function","TextBB":[247.179,332.07,276.149,339.979],"Rotation":0},{"Text":"(b)","TextBB":[375.558,332.07,385.693,339.979],"Rotation":0},{"Text":"Machine","TextBB":[389.274,332.07,419.687,339.979],"Rotation":0},{"Text":"allocation","TextBB":[421.86,332.07,456.141,339.979],"Rotation":0},{"Text":"(c)","TextBB":[548.532,332.07,558.179,339.979],"Rotation":0},{"Text":"Average","TextBB":[561.76,332.07,590.422,339.979],"Rotation":0},{"Text":"query","TextBB":[592.595,332.07,612.383,339.979],"Rotation":0},{"Text":"latency","TextBB":[614.565,332.07,639.541,339.979],"Rotation":0}],"Mention":["We use our TPC-W client emulator to emulate a sinu-\nsoid load function, shown in Figure 3(a). This function is in\nterms of the number of clients presented to the web server.\nIn addition, the emulator adds some random noise on top\nof the load function by randomly varying the session time\nand thinking time of clients. When CPU usage is saturated,\nour reactive provisioning algorithm is triggered. The dy-\nnamic machine allocation is shown in Figure 3(b). All query\nclasses of TPC-W are load balanced on an increasing set of\nreplicas. Figure 3(c) shows that the average query latency\ndrops back below the SLA after provisioning of a sufﬁcient\nnumber of replicas.\n","of the recently computed MRC curves with their stable\nstate record values. We ﬁnd that only the BestSeller query\nclass shows signiﬁcant change in the total memory and ac-\nceptable memory. The MRC curve of the BestSeller with-\nout index has a longer tail than its index-based counterpart\nshown in Figure 5.3 as expected. We thus suspect that this\nquery class is likely associated with the root cause of mem-\nory interference.\n"],"Page":7,"Number":3,"Type":"Figure","CaptionBB":[313,355,518,368],"Height":1100,"Width":850,"DPI":100,"ImageBB":[160,203,669,342]}