{"Caption":"Table 2: Average query processing time with unconstrained expansion","ImageText":[{"Text":"A","TextBB":[294.5,195.97,307.667,211.106],"Rotation":0},{"Text":"A*","TextBB":[294.5,214.803,316.372,229.94],"Rotation":0},{"Text":"NR","TextBB":[294.5,233.637,321.242,248.773],"Rotation":0},{"Text":"NR*","TextBB":[294.5,252.47,329.886,267.606],"Rotation":0},{"Text":"RC-ER","TextBB":[294.5,271.303,350.092,286.44],"Rotation":0},{"Text":"Depth-1","TextBB":[355.857,271.303,417.897,286.44],"Rotation":0},{"Text":"RC-ER","TextBB":[294.5,290.137,350.092,305.273],"Rotation":0},{"Text":"Depth-3","TextBB":[355.857,290.137,417.897,305.273],"Rotation":0},{"Text":"1","TextBB":[185.951,348.286,191.371,357.305],"Rotation":0},{"Text":"arXiv","TextBB":[434.333,173.803,477.189,188.94],"Rotation":0},{"Text":"0.41","TextBB":[442.333,195.97,469.079,211.122],"Rotation":0},{"Text":"0.41","TextBB":[442.333,214.803,469.079,229.955],"Rotation":0},{"Text":"0.43","TextBB":[442.333,233.637,469.079,248.788],"Rotation":0},{"Text":"0.428","TextBB":[438.5,252.47,472.746,267.622],"Rotation":0},{"Text":"0.45","TextBB":[442.333,271.303,469.079,286.455],"Rotation":0},{"Text":"1.36","TextBB":[442.333,290.137,469.079,305.288],"Rotation":0},{"Text":"BioBase","TextBB":[493.833,173.803,555.316,188.94],"Rotation":0},{"Text":"9.35","TextBB":[511.166,195.97,537.912,211.122],"Rotation":0},{"Text":"9.59","TextBB":[511.166,214.803,537.912,229.955],"Rotation":0},{"Text":"28.54","TextBB":[507.5,233.637,541.746,248.788],"Rotation":0},{"Text":"28.69","TextBB":[507.5,252.47,541.746,267.622],"Rotation":0},{"Text":"11.88","TextBB":[507.5,271.303,541.746,286.455],"Rotation":0},{"Text":"606.98","TextBB":[503.666,290.137,545.412,305.288],"Rotation":0},{"Text":"1","TextBB":[470.95,348.288,476.371,357.306],"Rotation":0},{"Text":"depth","TextBB":[228.833,355.524,253.226,364.542],"Rotation":0},{"Text":"1","TextBB":[255.937,355.524,261.358,364.542],"Rotation":0},{"Text":"depth","TextBB":[228.833,365.274,253.227,374.292],"Rotation":0},{"Text":"2","TextBB":[255.937,365.274,261.358,374.292],"Rotation":0},{"Text":"depth","TextBB":[513.831,355.524,538.225,364.542],"Rotation":0},{"Text":"1","TextBB":[540.935,355.524,546.356,364.542],"Rotation":0},{"Text":"depth","TextBB":[513.832,365.274,538.225,374.292],"Rotation":0},{"Text":"2","TextBB":[540.936,365.274,546.357,374.292],"Rotation":0},{"Text":"0.9","TextBB":[462.82,366.811,476.372,375.83],"Rotation":0},{"Text":"0.7","TextBB":[462.82,403.822,476.372,412.841],"Rotation":0},{"Text":"recall","TextBB":[438.498,414.411,447.517,437.703],"Rotation":3},{"Text":"precision","TextBB":[153.498,406.553,162.517,445.561],"Rotation":3},{"Text":"0.8","TextBB":[462.82,385.299,476.372,394.317],"Rotation":0},{"Text":"0.9","TextBB":[177.82,397.635,191.372,406.653],"Rotation":0},{"Text":"0.6","TextBB":[462.82,422.31,476.372,431.328],"Rotation":0},{"Text":"0.5","TextBB":[462.82,440.833,476.372,449.852],"Rotation":0},{"Text":"0.8","TextBB":[177.82,446.983,191.372,456.002],"Rotation":0},{"Text":"0.4","TextBB":[462.82,459.321,476.372,468.339],"Rotation":0},{"Text":"0.3","TextBB":[462.82,477.807,476.372,486.825],"Rotation":0},{"Text":"0.7","TextBB":[177.82,496.331,191.372,505.349],"Rotation":0},{"Text":"0.2","TextBB":[462.82,496.332,476.372,505.35],"Rotation":0},{"Text":"1","TextBB":[195.866,506.081,201.287,515.099],"Rotation":0},{"Text":"0.8","TextBB":[232.524,506.081,246.076,515.099],"Rotation":0},{"Text":"0.6","TextBB":[273.285,506.081,286.837,515.099],"Rotation":0},{"Text":"0.4","TextBB":[314.009,506.081,327.561,515.099],"Rotation":0},{"Text":"0.2","TextBB":[354.77,506.081,368.322,515.099],"Rotation":0},{"Text":"0","TextBB":[399.559,506.081,404.98,515.099],"Rotation":0},{"Text":"1","TextBB":[480.866,506.082,486.287,515.1],"Rotation":0},{"Text":"0.8","TextBB":[517.523,506.082,531.075,515.1],"Rotation":0},{"Text":"0.6","TextBB":[558.284,506.082,571.836,515.1],"Rotation":0},{"Text":"0.4","TextBB":[599.007,506.082,612.559,515.1],"Rotation":0},{"Text":"0.2","TextBB":[639.768,506.082,653.32,515.1],"Rotation":0},{"Text":"0","TextBB":[684.557,506.082,689.978,515.1],"Rotation":0}],"Mention":["The first set of experiments show the effectiveness of our two-phase query processing strategy\nin terms of entity resolution performance. The challenge, as we have described earlier, is\nin obtaining these benefits in real-time. So, next, we focus on the time that is required to\nprocess these queries in the two datasets using unconstrained expansion up to depth 3. The\nresults are shown in Table 2. For arXiv, the average processing time for depth-3 expansion\nis 1.36 secs, with 406 relevant references on average. This shows that our two-phase strategy\nwith unconstrained expansion is a practical processing strategy for entity resolution queries\n\u2014 it resolves the query entities accurately, and extremely quickly as well. However, for\nBioBase, the average number of references reached by depth 3 is more that 44,000, and the\ntime taken to resolve them collectively is more than 10 minutes. This is unacceptable for\nanswering queries, and next we focus on how the processing time is improved using our\nproposed adaptive strategies. Note that the time taken for depth-1 expansion is around 12\nsecs, which is close to that for the attribute-based baseline (A) and less than the time for\nthe naive relational algorithm (NR).\n"],"Page":24,"Number":2,"Type":"Table","CaptionBB":[190,137,658,154],"Height":1100,"Width":850,"DPI":100,"ImageBB":[151,169,692,516]}