{"Caption":"Figure 9: Top News Source for the \u201CWord\u201D category, with decay time ρ = 24h and 48h and β = 0.5. Note that for the same value of β a greater time of decay ρ gives us smoother functions and higher value of ranks. However, it does not change the order of the most authoritative sources. ","ImageText":[],"Mention":["nd for two choices of the half-life decay time, that is ρ = 24\nnd 48 hours. RedNova [27] results the most authoritative\nource, followed by Yahoo! World[30], Reuters World [28] and\nBC News World [17]2. We observed that the most authori-\native sources remains the same changing both ρ and β.\nIn Figure 10 we report the top ten news source for the\nategory \u201CWorld\u201D returned by our algorithm setting ρ = 24\nours and β = 0.2. Note that \u201CYahoo Politics\u201D is consid-\nred more important than \u201CBBC News world\u201D due to the\nWe remark that these ranks express the results of a com-\nuter algorithm, and they do not express any opinion of the\nuthors of this paper.\n"],"Page":8,"Number":9,"Type":"Figure","CaptionBB":[74,736,408,822],"Height":1169,"Width":860,"DPI":100,"ImageBB":[108,463,422,706]}