{"Caption":"Figure 4: Learned λ weight functions in the Gibbs likelihood                      (1)           (1) model. (a) λ for fe (solid) and fl (dashed) (b) same for scale                  (1)     (2)               (1)  (2) 2 (c) λ for 12 (fe + fe ) (solid) and 12 (fe − fe ) (dashed). ","ImageText":[{"Text":"0","TextBB":[466.642,113.949,472.19,123.18],"Rotation":0},{"Text":"0","TextBB":[567.629,113.949,573.178,123.18],"Rotation":0},{"Text":"0","TextBB":[668.617,113.949,674.165,123.18],"Rotation":0},{"Text":"−10","TextBB":[455.259,144.51,472.184,153.741],"Rotation":0},{"Text":"−10","TextBB":[556.247,144.51,573.171,153.741],"Rotation":0},{"Text":"−10","TextBB":[657.234,144.51,674.159,153.741],"Rotation":0},{"Text":"−20","TextBB":[455.259,175.071,472.184,184.302],"Rotation":0},{"Text":"0","TextBB":[471.164,182.4,476.712,191.631],"Rotation":0},{"Text":"−20","TextBB":[556.247,175.071,573.171,184.302],"Rotation":0},{"Text":"0","TextBB":[572.203,182.4,577.751,191.631],"Rotation":0},{"Text":"20","TextBB":[516.174,182.4,527.271,191.631],"Rotation":0},{"Text":"a","TextBB":[507.575,199.351,514.493,211.86],"Rotation":0},{"Text":"20","TextBB":[617.162,182.4,628.258,191.631],"Rotation":0},{"Text":"−20","TextBB":[657.234,175.071,674.159,184.302],"Rotation":0},{"Text":"0","TextBB":[673.191,182.4,678.739,191.631],"Rotation":0},{"Text":"b","TextBB":[604.494,199.351,612.188,211.86],"Rotation":0},{"Text":"20","TextBB":[718.149,182.4,729.246,191.631],"Rotation":0},{"Text":"c","TextBB":[702.189,199.351,708.332,211.86],"Rotation":0}],"Mention":["a b c\nFigure 4: Learned λ weight functions in the Gibbs likelihood\n","tions for each marginal. In our discrete realization, these\nweights are vectors. We are not aware of an intuitive in-\nterpretation of the exact shape of these weight functions,\nexcept for special cases (see below). Figure 4 shows exam-\nples of various λweight functions for the learned likelihood\nmodel.\n"],"Page":4,"Number":4,"Type":"Figure","CaptionBB":[439,214,769,269],"Height":1169,"Width":826,"DPI":100,"ImageBB":[453,100,755,212]}