{"Caption":"Figure 4: Misclassification error vs. number of training points for odd vs. even classifica- tion. The number of labeled points is 10 on the left and 20 on the right. ","ImageText":[{"Text":"0.22","TextBB":[440,110.417,452.824,116.513],"Rotation":0},{"Text":"0.28","TextBB":[198.331,110.816,211.263,116.963],"Rotation":0},{"Text":"Euclidean","TextBB":[339.707,118.291,368.888,124.438],"Rotation":0},{"Text":"transformation","TextBB":[339.707,126.322,382.179,132.469],"Rotation":0},{"Text":"tang.","TextBB":[339.707,134.352,354.487,140.499],"Rotation":0},{"Text":"dist.","TextBB":[356.334,134.352,368.522,140.499],"Rotation":0},{"Text":"0.27","TextBB":[198.331,124.541,211.263,130.688],"Rotation":0},{"Text":"0.26","TextBB":[198.331,138.308,211.263,144.455],"Rotation":0},{"Text":"0.25","TextBB":[198.331,152.073,211.263,158.22],"Rotation":0},{"Text":"Euclidean","TextBB":[581.371,117.87,610.307,123.966],"Rotation":0},{"Text":"transformation","TextBB":[581.371,125.832,623.487,131.928],"Rotation":0},{"Text":"tang.","TextBB":[581.371,133.795,596.027,139.891],"Rotation":0},{"Text":"dist.","TextBB":[597.859,133.795,609.945,139.891],"Rotation":0},{"Text":"0.2","TextBB":[443.649,133.403,452.809,139.499],"Rotation":0},{"Text":"0.18","TextBB":[440,156.428,452.824,162.524],"Rotation":0},{"Text":"0.24","TextBB":[198.331,165.838,211.263,171.985],"Rotation":0},{"Text":"0.16","TextBB":[440,179.455,452.824,185.55],"Rotation":0},{"Text":"0.23","TextBB":[198.331,179.605,211.263,185.752],"Rotation":0},{"Text":"0.22","TextBB":[198.331,193.372,211.263,199.519],"Rotation":0},{"Text":"0.14","TextBB":[440,202.48,452.824,208.575],"Rotation":0},{"Text":"0.21","TextBB":[198.331,207.137,211.263,213.284],"Rotation":0},{"Text":"0.2","TextBB":[202.008,220.902,211.246,227.049],"Rotation":0},{"Text":"0.12","TextBB":[440,225.506,452.824,231.602],"Rotation":0},{"Text":"0.19","TextBB":[198.331,234.667,211.263,240.815],"Rotation":0},{"Text":"0.18","TextBB":[198.331,248.434,211.263,254.581],"Rotation":0},{"Text":"0","TextBB":[210.79,253.498,214.485,259.645],"Rotation":0},{"Text":"500","TextBB":[250.704,253.498,261.789,259.645],"Rotation":0},{"Text":"1000","TextBB":[292.554,253.498,307.334,259.645],"Rotation":0},{"Text":"1500","TextBB":[336.225,253.498,351.005,259.645],"Rotation":0},{"Text":"2000","TextBB":[379.896,253.498,394.676,259.645],"Rotation":0},{"Text":"0.1","TextBB":[443.649,248.531,452.809,254.627],"Rotation":0},{"Text":"0","TextBB":[452.357,253.552,456.021,259.647],"Rotation":0},{"Text":"500","TextBB":[492.25,253.552,503.242,259.647],"Rotation":0},{"Text":"1000","TextBB":[534.065,253.552,548.721,259.647],"Rotation":0},{"Text":"1500","TextBB":[577.644,253.552,592.301,259.647],"Rotation":0},{"Text":"2000","TextBB":[621.264,253.552,635.92,259.647],"Rotation":0}],"Mention":["The figure shows the distance matrix on the set of labeled and unlabeled data for the Eu-\nclidean, transformation and \u201Clow-quality distance\u201D respectively. The best error among 15\ndifferent values of k within each method, the error of the learned convex combination and\nthe total learned weights for each method are shown below each plot. It is clear that the\nsolution of the algorithm is dominated by the good kernels and is not influenced by the\nones with low performance. As a result, the error of the convex combination is comparable\nto that of the Euclidean and transformation methods. The final experiment (see Figure 4)\ndemonstrates that unlabeled data improves the performance of our method.\n"],"Page":8,"Number":4,"Type":"Figure","CaptionBB":[173,274,675,304],"Height":1100,"Width":850,"DPI":100,"ImageBB":[196,109,638,261]}