{"Caption":"Figure 3: Joint inference of synaptic input and channel densities. The true parameters are in blue, the inferred parameters in red. The top left panel shows the excitatory synaptic input, the middle left panel the voltage trace (the only data) and the bottom left traces the inhibitory synaptic input. The right panel shows the true and inferred channel densities; channels are the same as in 3.1. ","ImageText":[{"Text":"Synaptic","TextBB":[278.425,176.052,310.232,183.724],"Rotation":0},{"Text":"conductances","TextBB":[312.538,176.052,363.71,183.724],"Rotation":0},{"Text":"Channel","TextBB":[506.95,176.052,537.836,183.724],"Rotation":0},{"Text":"conductances","TextBB":[540.142,176.052,591.315,183.724],"Rotation":0},{"Text":"120","TextBB":[435.069,185.63,448.904,193.302],"Rotation":0},{"Text":"max","TextBB":[424.573,299.634,432.245,315.301],"Rotation":3},{"Text":"conductance","TextBB":[424.573,250.303,432.245,297.329],"Rotation":3},{"Text":"[mS\/cm","TextBB":[424.573,219.889,432.245,247.997],"Rotation":3},{"Text":"2","TextBB":[421.702,216.299,427.73,219.922],"Rotation":3},{"Text":"]","TextBB":[424.573,214.013,432.245,216.319],"Rotation":3},{"Text":"Inh","TextBB":[188.199,333.245,195.871,344.774],"Rotation":3},{"Text":"spikes","TextBB":[188.199,307.435,195.871,330.939],"Rotation":3},{"Text":"|","TextBB":[188.199,302.973,195.871,305.129],"Rotation":3},{"Text":"Voltage","TextBB":[188.199,272.543,195.871,300.667],"Rotation":3},{"Text":"[mV]","TextBB":[188.199,253.185,195.871,270.237],"Rotation":3},{"Text":"|","TextBB":[188.199,248.723,195.871,250.879],"Rotation":3},{"Text":"Exc","TextBB":[188.199,232.591,195.871,246.417],"Rotation":3},{"Text":"spikes","TextBB":[188.199,206.781,195.871,230.286],"Rotation":3},{"Text":"1","TextBB":[228.119,194.763,232.731,202.435],"Rotation":0},{"Text":"0","TextBB":[228.119,233.666,232.731,241.338],"Rotation":0},{"Text":"22","TextBB":[208.767,243.391,217.989,251.063],"Rotation":0},{"Text":"mV","TextBB":[220.295,243.391,232.736,251.063],"Rotation":0},{"Text":"−23","TextBB":[203.929,267.728,217.996,275.4],"Rotation":0},{"Text":"mV","TextBB":[220.301,267.728,232.742,275.4],"Rotation":0},{"Text":"−69","TextBB":[203.929,292.019,217.996,299.69],"Rotation":0},{"Text":"mV","TextBB":[220.301,292.019,232.742,299.69],"Rotation":0},{"Text":"1","TextBB":[228.119,301.794,232.731,309.465],"Rotation":0},{"Text":"True","TextBB":[542.001,208.883,559.054,216.554],"Rotation":0},{"Text":"parameters","TextBB":[561.359,208.883,603.301,216.554],"Rotation":0},{"Text":"100","TextBB":[435.069,211.055,448.904,218.727],"Rotation":0},{"Text":"(spikes","TextBB":[542.001,224.433,568.268,232.104],"Rotation":0},{"Text":"and","TextBB":[570.574,224.433,584.408,232.104],"Rotation":0},{"Text":"conductances)","TextBB":[586.713,224.433,640.648,232.104],"Rotation":0},{"Text":"80","TextBB":[439.711,236.478,448.934,244.15],"Rotation":0},{"Text":"Data","TextBB":[542.001,240.034,559.518,247.706],"Rotation":0},{"Text":"(voltage","TextBB":[561.824,240.034,591.325,247.706],"Rotation":0},{"Text":"trace)","TextBB":[593.631,240.034,614.83,247.706],"Rotation":0},{"Text":"Inferred","TextBB":[542.001,255.584,570.582,263.256],"Rotation":0},{"Text":"(MAP)","TextBB":[572.888,255.584,596.384,263.256],"Rotation":0},{"Text":"spikes","TextBB":[598.69,255.584,622.194,263.256],"Rotation":0},{"Text":"60","TextBB":[439.711,261.953,448.934,269.625],"Rotation":0},{"Text":"Inferred","TextBB":[542.001,271.135,570.582,278.807],"Rotation":0},{"Text":"(ML)","TextBB":[572.888,271.135,589.931,278.807],"Rotation":0},{"Text":"channel","TextBB":[592.237,271.135,621.282,278.807],"Rotation":0},{"Text":"densities","TextBB":[623.588,271.135,656.315,278.807],"Rotation":0},{"Text":"40","TextBB":[439.711,287.377,448.934,295.049],"Rotation":0},{"Text":"20","TextBB":[439.711,312.802,448.934,320.474],"Rotation":0},{"Text":"0","TextBB":[444.301,338.276,448.913,345.947],"Rotation":0},{"Text":"HHNa","TextBB":[439.365,344.595,461.941,352.267],"Rotation":0},{"Text":"HHK","TextBB":[469.974,344.595,487.482,352.267],"Rotation":0},{"Text":"0","TextBB":[228.119,340.695,232.731,348.367],"Rotation":0},{"Text":"20","TextBB":[259.764,357.727,268.987,365.399],"Rotation":0},{"Text":"40","TextBB":[290.076,357.727,299.299,365.399],"Rotation":0},{"Text":"60","TextBB":[320.339,357.727,329.562,365.399],"Rotation":0},{"Text":"Time","TextBB":[302.813,366.514,321.242,374.186],"Rotation":0},{"Text":"[ms]","TextBB":[323.548,366.514,339.215,374.186],"Rotation":0},{"Text":"80","TextBB":[350.65,357.727,359.873,365.399],"Rotation":0},{"Text":"Leak","TextBB":[497.817,344.595,515.798,352.267],"Rotation":0},{"Text":"MNa","TextBB":[526.154,344.595,543.662,352.267],"Rotation":0},{"Text":"MK","TextBB":[556.811,344.595,569.252,352.267],"Rotation":0},{"Text":"SNa","TextBB":[583.075,344.595,599.207,352.267],"Rotation":0},{"Text":"SKA","TextBB":[610.919,344.595,627.515,352.267],"Rotation":0},{"Text":"SKDR","TextBB":[635.85,344.595,658.89,352.267],"Rotation":0},{"Text":"100","TextBB":[378.593,357.727,392.427,365.399],"Rotation":0}],"Mention":["when applying the above decomposition; thus, to speed convergence here we coarsened\nthe time resolution of the synaptic input from 0.1 ms to 0.2 ms. Figure 3 demonstrates the\naccuracy of the results.\n"],"Page":7,"Number":3,"Type":"Figure","CaptionBB":[173,393,675,444],"Height":1100,"Width":850,"DPI":100,"ImageBB":[185,173,672,376]}