{"Caption":"Figure 7: Handling attacks that change da value.","ImageText":[{"Text":"0.35","TextBB":[448.36,313.183,464.934,319.21],"Rotation":0},{"Text":"35","TextBB":[148.75,330.465,158.461,336.492],"Rotation":0},{"Text":"Dynamic","TextBB":[233.76,319.574,271.968,326.354],"Rotation":0},{"Text":"window","TextBB":[274.699,319.574,307.454,326.354],"Rotation":0},{"Text":"scheme","TextBB":[310.185,319.574,344.581,326.354],"Rotation":0},{"Text":"(honest","TextBB":[347.312,319.574,380.077,326.354],"Rotation":0},{"Text":"d","TextBB":[382.808,319.574,388.271,326.354],"Rotation":0},{"Text":")","TextBB":[392.317,319.574,395.589,326.354],"Rotation":0},{"Text":"0","TextBB":[388.087,324.273,392.336,329.546],"Rotation":0},{"Text":"Dynamic","TextBB":[233.76,329.426,271.967,336.206],"Rotation":0},{"Text":"window","TextBB":[274.699,329.426,307.454,336.206],"Rotation":0},{"Text":"scheme","TextBB":[310.185,329.426,344.581,336.206],"Rotation":0},{"Text":"(fake","TextBB":[347.312,329.426,369.152,336.206],"Rotation":0},{"Text":"d","TextBB":[371.883,329.426,377.346,336.206],"Rotation":0},{"Text":"0","TextBB":[376.671,334.125,380.919,339.398],"Rotation":0},{"Text":")","TextBB":[380.901,329.426,384.172,336.206],"Rotation":0},{"Text":"30","TextBB":[148.75,347.749,158.461,353.776],"Rotation":0},{"Text":"Authentication−first","TextBB":[233.76,340.751,317.583,347.531],"Rotation":0},{"Text":"scheme","TextBB":[320.314,340.751,354.71,347.531],"Rotation":0},{"Text":"Forwarding−first","TextBB":[233.76,348.901,304.457,355.682],"Rotation":0},{"Text":"scheme","TextBB":[307.189,348.901,341.585,355.682],"Rotation":0},{"Text":"0.3","TextBB":[453.106,332.921,464.944,338.948],"Rotation":0},{"Text":"Portion","TextBB":[517.96,319.338,544.942,325.364],"Rotation":0},{"Text":"Portion","TextBB":[517.961,327.914,544.943,333.94],"Rotation":0},{"Text":"Portion","TextBB":[517.961,336.488,544.943,342.515],"Rotation":0},{"Text":"Portion","TextBB":[517.96,345.065,544.942,351.092],"Rotation":0},{"Text":"of","TextBB":[547.31,319.338,554.413,325.364],"Rotation":0},{"Text":"of","TextBB":[547.311,327.914,554.414,333.94],"Rotation":0},{"Text":"of","TextBB":[547.311,336.488,554.414,342.515],"Rotation":0},{"Text":"of","TextBB":[547.31,345.065,554.413,351.092],"Rotation":0},{"Text":"nodes","TextBB":[556.781,319.338,579.981,325.364],"Rotation":0},{"Text":"nodes","TextBB":[556.781,327.914,579.982,333.94],"Rotation":0},{"Text":"nodes","TextBB":[556.782,336.488,579.982,342.515],"Rotation":0},{"Text":"nodes","TextBB":[556.781,345.065,579.981,351.092],"Rotation":0},{"Text":"recv","TextBB":[582.349,319.338,598.438,325.364],"Rotation":0},{"Text":"faked","TextBB":[600.805,319.338,621.638,325.364],"Rotation":0},{"Text":"packets","TextBB":[624.006,319.338,653.356,325.364],"Rotation":0},{"Text":"(honest","TextBB":[655.723,319.338,684.128,325.364],"Rotation":0},{"Text":"d","TextBB":[686.496,319.338,691.231,325.364],"Rotation":0},{"Text":"0","TextBB":[690.343,323.644,693.895,328.164],"Rotation":0},{"Text":")","TextBB":[693.892,319.338,696.728,325.364],"Rotation":0},{"Text":"fwd","TextBB":[582.35,327.914,595.602,333.94],"Rotation":0},{"Text":"faked","TextBB":[597.97,327.914,618.803,333.94],"Rotation":0},{"Text":"packets","TextBB":[621.171,327.914,650.52,333.94],"Rotation":0},{"Text":"(honest","TextBB":[652.888,327.914,681.293,333.94],"Rotation":0},{"Text":"d","TextBB":[683.66,327.914,688.396,333.94],"Rotation":0},{"Text":"0","TextBB":[687.504,332.219,691.056,336.739],"Rotation":0},{"Text":")","TextBB":[691.053,327.913,693.889,333.939],"Rotation":0},{"Text":"recv","TextBB":[582.35,336.488,598.439,342.515],"Rotation":0},{"Text":"faked","TextBB":[600.806,336.488,621.639,342.515],"Rotation":0},{"Text":"packets","TextBB":[624.007,336.488,653.357,342.515],"Rotation":0},{"Text":"(fake","TextBB":[655.725,336.488,674.658,342.515],"Rotation":0},{"Text":"d","TextBB":[677.026,336.488,681.761,342.515],"Rotation":0},{"Text":")","TextBB":[683.999,336.489,686.835,342.516],"Rotation":0},{"Text":"0","TextBB":[680.45,340.795,684.002,345.315],"Rotation":0},{"Text":"fwd","TextBB":[582.349,345.065,595.602,351.092],"Rotation":0},{"Text":"faked","TextBB":[597.969,345.065,618.802,351.092],"Rotation":0},{"Text":"packets","TextBB":[621.17,345.065,650.52,351.092],"Rotation":0},{"Text":"(fake","TextBB":[652.888,345.065,671.821,351.092],"Rotation":0},{"Text":"d","TextBB":[674.189,345.065,678.924,351.092],"Rotation":0},{"Text":")","TextBB":[681.161,345.064,683.997,351.091],"Rotation":0},{"Text":"0","TextBB":[677.611,349.371,681.163,353.891],"Rotation":0},{"Text":"0.25","TextBB":[448.36,352.69,464.934,358.717],"Rotation":0},{"Text":"25","TextBB":[148.75,365.031,158.461,371.058],"Rotation":0},{"Text":"Ratio","TextBB":[436.69,376.393,445.879,392.894],"Rotation":3},{"Text":"Average","TextBB":[136.785,406.203,146.207,432.532],"Rotation":3},{"Text":"broadcast","TextBB":[136.785,373.193,146.207,404.238],"Rotation":3},{"Text":"delay","TextBB":[136.785,354.331,146.207,371.228],"Rotation":3},{"Text":"(sec)","TextBB":[136.785,336.655,146.207,352.365],"Rotation":3},{"Text":"40","TextBB":[148.75,313.183,158.461,319.21],"Rotation":0},{"Text":"20","TextBB":[148.75,382.313,158.461,388.339],"Rotation":0},{"Text":"0.2","TextBB":[453.106,372.428,464.944,378.455],"Rotation":0},{"Text":"0.15","TextBB":[448.36,392.197,464.934,398.224],"Rotation":0},{"Text":"15","TextBB":[148.75,399.595,158.461,405.621],"Rotation":0},{"Text":"0.1","TextBB":[453.106,411.935,464.944,417.962],"Rotation":0},{"Text":"10","TextBB":[148.75,416.878,158.461,422.905],"Rotation":0},{"Text":"0.05","TextBB":[448.36,431.704,464.934,437.731],"Rotation":0},{"Text":"5","TextBB":[153.617,434.16,158.472,440.187],"Rotation":0},{"Text":"0","TextBB":[153.617,451.475,158.472,457.502],"Rotation":0},{"Text":"0","TextBB":[157.619,456.089,162.475,462.116],"Rotation":0},{"Text":"5","TextBB":[238.81,456.089,243.665,462.116],"Rotation":0},{"Text":"10","TextBB":[317.587,456.089,327.299,462.116],"Rotation":0},{"Text":"15","TextBB":[398.822,456.089,408.533,462.116],"Rotation":0},{"Text":"ratio","TextBB":[204.014,462.512,223.123,469.293],"Rotation":0},{"Text":"=","TextBB":[225.854,462.512,231.591,469.293],"Rotation":0},{"Text":"numFakeMsg","TextBB":[234.323,462.512,293.83,469.293],"Rotation":0},{"Text":":","TextBB":[296.561,462.512,299.293,469.293],"Rotation":0},{"Text":"numAuthMsg","TextBB":[302.024,462.512,359.901,469.293],"Rotation":0},{"Text":"(a)","TextBB":[130.167,469.946,143.98,481.715],"Rotation":0},{"Text":"Broadcast","TextBB":[149.166,469.946,198.795,481.715],"Rotation":0},{"Text":"delay","TextBB":[204.166,469.946,231.059,481.715],"Rotation":0},{"Text":"for","TextBB":[236.499,469.946,250.979,481.715],"Rotation":0},{"Text":"authentic","TextBB":[256.165,469.946,301.694,481.715],"Rotation":0},{"Text":"messages","TextBB":[307.164,469.946,354.009,481.715],"Rotation":0},{"Text":"if","TextBB":[359.331,469.946,366.978,481.715],"Rotation":0},{"Text":"attackers","TextBB":[372.164,469.946,416.175,481.715],"Rotation":0},{"Text":"change","TextBB":[130.167,482.446,165.196,494.215],"Rotation":0},{"Text":"d","TextBB":[168.499,482.16,175.136,494.613],"Rotation":0},{"Text":"a","TextBB":[175.167,486.989,180.77,494.527],"Rotation":0},{"Text":".","TextBB":[181.5,482.446,184.613,494.215],"Rotation":0},{"Text":"0","TextBB":[460.203,451.475,464.938,457.502],"Rotation":0},{"Text":"0","TextBB":[464.107,456.089,468.842,462.116],"Rotation":0},{"Text":"5","TextBB":[543.289,456.089,548.024,462.116],"Rotation":0},{"Text":"10","TextBB":[620.121,456.089,629.592,462.116],"Rotation":0},{"Text":"15","TextBB":[699.347,456.089,708.818,462.116],"Rotation":0},{"Text":"ratio","TextBB":[509.354,462.512,527.991,469.293],"Rotation":0},{"Text":"=","TextBB":[530.654,462.512,536.25,469.293],"Rotation":0},{"Text":"numFakeMsg","TextBB":[538.914,462.512,596.95,469.293],"Rotation":0},{"Text":":","TextBB":[599.614,462.512,602.278,469.293],"Rotation":0},{"Text":"numAuthMsg","TextBB":[604.941,462.512,661.387,469.293],"Rotation":0},{"Text":"(b)","TextBB":[430.5,469.946,444.98,481.715],"Rotation":0},{"Text":"Energy","TextBB":[449.5,469.946,485.226,481.715],"Rotation":0},{"Text":"saving:","TextBB":[489.165,469.946,524.794,481.715],"Rotation":0},{"Text":"Portion","TextBB":[530.165,469.946,566.892,481.715],"Rotation":0},{"Text":"of","TextBB":[570.498,469.946,580.811,481.715],"Rotation":0},{"Text":"nodes","TextBB":[584.83,469.946,613.674,481.715],"Rotation":0},{"Text":"receiving","TextBB":[617.663,469.946,663.556,481.715],"Rotation":0},{"Text":"fake","TextBB":[667.495,469.946,688.523,481.715],"Rotation":0},{"Text":"mes-","TextBB":[692.493,469.946,716.64,481.715],"Rotation":0},{"Text":"sages","TextBB":[430.5,482.446,457.344,494.215],"Rotation":0},{"Text":"if","TextBB":[460.499,482.446,468.146,494.215],"Rotation":0},{"Text":"attackers","TextBB":[471.332,482.446,515.343,494.215],"Rotation":0},{"Text":"change","TextBB":[518.498,482.446,553.527,494.215],"Rotation":0},{"Text":"d","TextBB":[556.83,482.16,563.468,494.613],"Rotation":0},{"Text":"a","TextBB":[563.5,486.989,569.104,494.527],"Rotation":0},{"Text":".","TextBB":[569.833,482.446,572.947,494.215],"Rotation":0}],"Mention":["in Figure 7.\n","ber (instead of increasing by one). This kind of behaviors may\ncause the most damage to the honest sensor nodes. But as shown\nin Figure 7(a), the attacker gained little advantage (if any) in in-\ncreasing broadcast delay, and almost no advantage on exhausting\nthe energy of sensor nodes, as shown in Figure 7(b). The reason is,\nsome honest nodes will check the validity of the messages before\nthey forward those messages, and the number of such nodes is de-\ntermined by both the broadcast message and the nodes themselves.\nAgain, this is a clear indication that our scheme is robust against\nDoS attacks.\n"],"Page":8,"Number":7,"Type":"Figure","CaptionBB":[292,514,553,528],"Height":1100,"Width":850,"DPI":100,"ImageBB":[128,310,718,496]}