{"Type":"Figure",
"Number": 2,
"Page": 5,
"DPI": 100,
"Width": 850,
"Height": 1100,
"CaptionBB": [235,447,613,462],
"Caption": "Figure 2: SAT solvers’ performance on selected diagnosis problems",
"ImageBB": [92,76,756,434],
"ImageText" : [
{"Rotation": 0,"TextBB": [107.796,78.2442,109.812,81.5979], "Text": "3"},
	{"Rotation": 0,"TextBB": [334.462,78.2442,336.478,81.5979], "Text": "3"},
	{"Rotation": 0,"TextBB": [101.765,80.2898,107.813,85.3202], "Text": "10"},
	{"Rotation": 0,"TextBB": [107.796,107.319,109.812,110.673], "Text": "2"},
	{"Rotation": 0,"TextBB": [554.931,80.2898,560.978,85.3202], "Text": "10"},
	{"Rotation": 0,"TextBB": [334.462,107.319,336.478,110.673], "Text": "2"},
	{"Rotation": 0,"TextBB": [560.961,107.319,562.977,110.673], "Text": "2"},
	{"Rotation": 0,"TextBB": [107.796,136.357,109.812,139.71], "Text": "1"},
	{"Rotation": 0,"TextBB": [101.765,138.402,107.813,143.433], "Text": "10"},
	{"Rotation": 0,"TextBB": [107.796,165.432,109.812,168.785], "Text": "0"},
	{"Rotation": 0,"TextBB": [101.765,167.476,107.813,172.506], "Text": "10"},
	{"Rotation": 0,"TextBB": [107.796,194.469,111.929,197.823], "Text": "−1"},
	{"Rotation": 0,"TextBB": [554.931,109.363,560.978,114.394], "Text": "10"},
	{"Rotation": 3,"TextBB": [547.888,158.548,552.919,176.679], "Text": "runtime"},
	{"Rotation": 3,"TextBB": [547.888,152.805,552.919,157.036], "Text": "in"},
	{"Rotation": 3,"TextBB": [547.888,131.042,552.919,151.294], "Text": "seconds"},
	{"Rotation": 0,"TextBB": [328.432,109.363,334.479,114.394], "Text": "10"},
	{"Rotation": 3,"TextBB": [321.39,158.548,326.42,176.679], "Text": "runtime"},
	{"Rotation": 3,"TextBB": [321.39,152.805,326.42,157.036], "Text": "in"},
	{"Rotation": 3,"TextBB": [321.39,131.042,326.42,151.294], "Text": "seconds"},
	{"Rotation": 0,"TextBB": [101.765,109.363,107.813,114.394], "Text": "10"},
	{"Rotation": 3,"TextBB": [94.7233,158.548,99.7536,176.679], "Text": "runtime"},
	{"Rotation": 3,"TextBB": [94.7233,152.805,99.7536,157.036], "Text": "in"},
	{"Rotation": 3,"TextBB": [94.7233,131.042,99.7536,151.294], "Text": "seconds"},
	{"Rotation": 0,"TextBB": [560.961,78.2442,562.977,81.5979], "Text": "3"},
	{"Rotation": 0,"TextBB": [328.432,80.2898,334.479,85.3202], "Text": "10"},
	{"Rotation": 0,"TextBB": [334.462,136.357,336.478,139.71], "Text": "1"},
	{"Rotation": 0,"TextBB": [328.432,138.402,334.479,143.433], "Text": "10"},
	{"Rotation": 0,"TextBB": [334.462,165.432,336.478,168.785], "Text": "0"},
	{"Rotation": 0,"TextBB": [328.432,167.476,334.479,172.506], "Text": "10"},
	{"Rotation": 0,"TextBB": [334.462,194.469,338.596,197.823], "Text": "−1"},
	{"Rotation": 0,"TextBB": [101.765,196.515,107.813,201.545], "Text": "10"},
	{"Rotation": 0,"TextBB": [554.931,196.515,560.978,201.545], "Text": "10"},
	{"Rotation": 0,"TextBB": [498.76,201.85,517.043,206.88], "Text": "r+rsaps"},
	{"Rotation": 0,"TextBB": [498.76,208.925,521.122,213.955], "Text": "march_dl"},
	{"Rotation": 0,"TextBB": [498.76,215.968,511.757,220.998], "Text": "siege"},
	{"Rotation": 0,"TextBB": [107.796,223.544,111.929,226.898], "Text": "−2"},
	{"Rotation": 0,"TextBB": [162.004,229.806,168.051,234.837], "Text": "20"},
	{"Rotation": 0,"TextBB": [179.051,229.806,182.075,234.837], "Text": "1"},
	{"Rotation": 0,"TextBB": [139.485,235.698,150.97,240.728], "Text": "easy"},
	{"Rotation": 0,"TextBB": [226.844,229.806,232.892,234.837], "Text": "20"},
	{"Rotation": 0,"TextBB": [243.892,229.806,246.915,234.837], "Text": "1"},
	{"Rotation": 0,"TextBB": [200.86,235.698,220.198,240.728], "Text": "medium"},
	{"Rotation": 0,"TextBB": [328.432,225.588,334.479,230.619], "Text": "10"},
	{"Rotation": 0,"TextBB": [291.686,229.806,297.733,234.837], "Text": "20"},
	{"Rotation": 0,"TextBB": [560.961,223.544,565.094,226.898], "Text": "−2"},
	{"Rotation": 0,"TextBB": [340.876,229.806,343.9,234.837], "Text": "1"},
	{"Rotation": 0,"TextBB": [388.671,229.806,394.718,234.837], "Text": "20"},
	{"Rotation": 0,"TextBB": [262.529,235.698,273.411,240.728], "Text": "hard"},
	{"Rotation": 0,"TextBB": [405.717,229.806,408.74,234.837], "Text": "1"},
	{"Rotation": 0,"TextBB": [453.511,229.806,459.558,234.837], "Text": "20"},
	{"Rotation": 0,"TextBB": [366.15,235.698,377.635,240.728], "Text": "easy"},
	{"Rotation": 0,"TextBB": [135.833,243.23,142.557,252.102], "Text": "a."},
	{"Rotation": 0,"TextBB": [145.465,243.23,170.708,252.102], "Text": "Sorted"},
	{"Rotation": 0,"TextBB": [173.364,243.23,195.436,252.102], "Text": "timed"},
	{"Rotation": 0,"TextBB": [197.754,243.23,229.992,252.102], "Text": "problem"},
	{"Rotation": 0,"TextBB": [232.619,243.23,256.342,252.102], "Text": "(SAT)"},
	{"Rotation": 0,"TextBB": [470.558,229.806,473.582,234.837], "Text": "1"},
	{"Rotation": 0,"TextBB": [554.931,225.588,560.978,230.619], "Text": "10"},
	{"Rotation": 0,"TextBB": [518.351,229.806,524.399,234.837], "Text": "20"},
	{"Rotation": 0,"TextBB": [427.525,235.698,446.864,240.728], "Text": "medium"},
	{"Rotation": 0,"TextBB": [107.796,286.044,109.812,289.398], "Text": "2"},
	{"Rotation": 0,"TextBB": [107.796,342.447,109.812,345.8], "Text": "0"},
	{"Rotation": 0,"TextBB": [101.765,344.493,107.813,349.523], "Text": "10"},
	{"Rotation": 0,"TextBB": [560.961,286.391,562.977,289.745], "Text": "2"},
	{"Rotation": 0,"TextBB": [334.462,316.023,336.478,319.377], "Text": "1"},
	{"Rotation": 0,"TextBB": [328.432,318.069,334.479,323.099], "Text": "10"},
	{"Rotation": 0,"TextBB": [334.462,345.098,336.478,348.452], "Text": "0"},
	{"Rotation": 0,"TextBB": [328.432,347.143,334.479,352.173], "Text": "10"},
	{"Rotation": 0,"TextBB": [493.112,365.269,511.396,370.299], "Text": "r+rsaps"},
	{"Rotation": 0,"TextBB": [493.112,372.311,515.474,377.341], "Text": "march_dl"},
	{"Rotation": 0,"TextBB": [493.112,379.389,508.829,384.419], "Text": "zChaff"},
	{"Rotation": 0,"TextBB": [493.112,386.43,520.314,391.46], "Text": "MiniSat114"},
	{"Rotation": 0,"TextBB": [493.112,393.472,506.11,398.502], "Text": "siege"},
	{"Rotation": 0,"TextBB": [107.796,370.651,111.929,374.005], "Text": "−1"},
	{"Rotation": 0,"TextBB": [270.142,376.216,292.504,381.247], "Text": "march_dl"},
	{"Rotation": 0,"TextBB": [270.142,383.258,285.858,388.288], "Text": "zChaff"},
	{"Rotation": 0,"TextBB": [270.142,390.334,297.344,395.365], "Text": "MiniSat114"},
	{"Rotation": 0,"TextBB": [270.142,397.376,283.139,402.406], "Text": "siege"},
	{"Rotation": 0,"TextBB": [107.796,398.818,111.929,402.171], "Text": "−2"},
	{"Rotation": 0,"TextBB": [334.462,374.136,338.596,377.489], "Text": "−1"},
	{"Rotation": 0,"TextBB": [328.432,376.181,334.479,381.212], "Text": "10"},
	{"Rotation": 0,"TextBB": [162.004,409.473,168.051,414.503], "Text": "20"},
	{"Rotation": 0,"TextBB": [139.485,415.363,150.97,420.394], "Text": "easy"},
	{"Rotation": 0,"TextBB": [179.051,409.473,182.075,414.503], "Text": "1"},
	{"Rotation": 0,"TextBB": [226.844,409.473,232.892,414.503], "Text": "20"},
	{"Rotation": 0,"TextBB": [243.892,409.473,246.915,414.503], "Text": "1"},
	{"Rotation": 0,"TextBB": [200.86,415.363,220.198,420.394], "Text": "medium"},
	{"Rotation": 0,"TextBB": [291.686,409.473,297.733,414.503], "Text": "20"},
	{"Rotation": 0,"TextBB": [328.432,405.255,334.479,410.285], "Text": "10"},
	{"Rotation": 0,"TextBB": [338.297,409.473,341.321,414.503], "Text": "0"},
	{"Rotation": 0,"TextBB": [560.961,343.423,562.977,346.777], "Text": "0"},
	{"Rotation": 0,"TextBB": [554.931,345.469,560.978,350.499], "Text": "10"},
	{"Rotation": 0,"TextBB": [717.868,366.141,736.151,371.172], "Text": "r+rsaps"},
	{"Rotation": 0,"TextBB": [717.868,373.183,740.23,378.213], "Text": "march_dl"},
	{"Rotation": 0,"TextBB": [717.868,380.225,733.584,385.255], "Text": "zChaff"},
	{"Rotation": 0,"TextBB": [717.868,387.266,745.07,392.297], "Text": "MiniSat114"},
	{"Rotation": 0,"TextBB": [717.868,394.308,730.865,399.338], "Text": "siege"},
	{"Rotation": 0,"TextBB": [560.961,371.905,565.094,375.259], "Text": "−1"},
	{"Rotation": 0,"TextBB": [554.931,373.95,560.978,378.98], "Text": "10"},
	{"Rotation": 0,"TextBB": [560.961,400.42,565.094,403.774], "Text": "−2"},
	{"Rotation": 0,"TextBB": [356.076,409.473,359.1,414.503], "Text": "2"},
	{"Rotation": 0,"TextBB": [373.854,409.473,376.878,414.503], "Text": "4"},
	{"Rotation": 0,"TextBB": [391.633,409.473,394.657,414.503], "Text": "6"},
	{"Rotation": 0,"TextBB": [262.529,415.363,273.411,420.394], "Text": "hard"},
	{"Rotation": 0,"TextBB": [131,422.896,138.262,431.768], "Text": "d."},
	{"Rotation": 0,"TextBB": [141.177,422.896,166.4,431.768], "Text": "Sorted"},
	{"Rotation": 0,"TextBB": [169.053,422.896,186.266,431.768], "Text": "total"},
	{"Rotation": 0,"TextBB": [188.735,422.896,220.949,431.768], "Text": "problem"},
	{"Rotation": 0,"TextBB": [223.409,422.896,261.165,431.768], "Text": "(UNSAT)"},
	{"Rotation": 0,"TextBB": [560.961,314.908,562.977,318.261], "Text": "1"},
	{"Rotation": 0,"TextBB": [554.931,316.952,560.978,321.983], "Text": "10"},
	{"Rotation": 0,"TextBB": [554.931,402.466,560.978,407.497], "Text": "10"},
	{"Rotation": 0,"TextBB": [334.462,403.211,338.596,406.564], "Text": "−2"},
	{"Rotation": 0,"TextBB": [114.211,409.473,117.234,414.503], "Text": "1"},
	{"Rotation": 0,"TextBB": [744.851,229.806,750.899,234.837], "Text": "20"},
	{"Rotation": 0,"TextBB": [715.693,235.698,726.575,240.728], "Text": "hard"},
	{"Rotation": 0,"TextBB": [554.931,288.437,560.978,293.467], "Text": "10"},
	{"Rotation": 3,"TextBB": [547.888,338.215,552.919,356.346], "Text": "runtime"},
	{"Rotation": 3,"TextBB": [547.888,332.472,552.919,336.703], "Text": "in"},
	{"Rotation": 3,"TextBB": [547.888,310.709,552.919,330.96], "Text": "seconds"},
	{"Rotation": 3,"TextBB": [321.39,338.215,326.42,356.346], "Text": "runtime"},
	{"Rotation": 3,"TextBB": [321.39,332.472,326.42,336.703], "Text": "in"},
	{"Rotation": 3,"TextBB": [321.39,310.709,326.42,330.96], "Text": "seconds"},
	{"Rotation": 0,"TextBB": [107.796,314.245,109.812,317.599], "Text": "1"},
	{"Rotation": 0,"TextBB": [697.057,229.806,700.081,234.837], "Text": "1"},
	{"Rotation": 0,"TextBB": [589.687,243.23,596.411,252.102], "Text": "c."},
	{"Rotation": 0,"TextBB": [599.319,243.23,624.505,252.102], "Text": "Sorted"},
	{"Rotation": 0,"TextBB": [626.998,243.23,651.699,252.102], "Text": "partial"},
	{"Rotation": 0,"TextBB": [654.172,243.23,686.409,252.102], "Text": "problem"},
	{"Rotation": 0,"TextBB": [688.873,243.23,712.595,252.102], "Text": "(SAT)"},
	{"Rotation": 0,"TextBB": [328.432,289.03,334.479,294.06], "Text": "10"},
	{"Rotation": 0,"TextBB": [101.765,316.291,107.813,321.322], "Text": "10"},
	{"Rotation": 0,"TextBB": [680.01,229.806,686.057,234.837], "Text": "20"},
	{"Rotation": 0,"TextBB": [654.024,235.698,673.362,240.728], "Text": "medium"},
	{"Rotation": 0,"TextBB": [554.931,259.92,560.978,264.951], "Text": "10"},
	{"Rotation": 0,"TextBB": [334.462,286.986,336.478,290.339], "Text": "2"},
	{"Rotation": 0,"TextBB": [101.765,288.088,107.813,293.119], "Text": "10"},
	{"Rotation": 0,"TextBB": [632.217,229.806,635.24,234.837], "Text": "1"},
	{"Rotation": 0,"TextBB": [560.961,257.876,562.977,261.23], "Text": "3"},
	{"Rotation": 0,"TextBB": [334.462,257.911,336.478,261.264], "Text": "3"},
	{"Rotation": 0,"TextBB": [101.765,400.862,107.813,405.892], "Text": "10"},
	{"Rotation": 0,"TextBB": [615.169,229.806,621.217,234.837], "Text": "20"},
	{"Rotation": 0,"TextBB": [592.649,235.698,604.134,240.728], "Text": "easy"},
	{"Rotation": 0,"TextBB": [328.432,259.956,334.479,264.987], "Text": "10"},
	{"Rotation": 0,"TextBB": [101.765,372.695,107.813,377.726], "Text": "10"},
	{"Rotation": 0,"TextBB": [567.376,229.806,570.4,234.837], "Text": "1"},
	{"Rotation": 0,"TextBB": [489.195,235.698,500.076,240.728], "Text": "hard"},
	{"Rotation": 0,"TextBB": [366.618,243.23,373.537,252.102], "Text": "b."},
	{"Rotation": 0,"TextBB": [376.445,243.23,401.631,252.102], "Text": "Sorted"},
	{"Rotation": 0,"TextBB": [404.288,243.23,421.517,252.102], "Text": "total"},
	{"Rotation": 0,"TextBB": [423.826,243.23,456.063,252.102], "Text": "problem"},
	{"Rotation": 0,"TextBB": [458.691,243.23,482.413,252.102], "Text": "(SAT)"},
	{"Rotation": 0,"TextBB": [107.796,257.876,109.812,261.23], "Text": "3"},
	{"Rotation": 0,"TextBB": [101.765,259.92,107.813,264.951], "Text": "10"},
	{"Rotation": 3,"TextBB": [94.7233,338.215,99.7536,356.346], "Text": "runtime"},
	{"Rotation": 3,"TextBB": [94.7233,332.472,99.7536,336.703], "Text": "in"},
	{"Rotation": 3,"TextBB": [94.7233,310.709,99.7536,330.96], "Text": "seconds"},
	{"Rotation": 0,"TextBB": [726.444,202.231,744.728,207.262], "Text": "r+rsaps"},
	{"Rotation": 0,"TextBB": [726.444,209.309,748.806,214.34], "Text": "march_dl"},
	{"Rotation": 0,"TextBB": [726.444,216.351,739.442,221.381], "Text": "siege"},
	{"Rotation": 0,"TextBB": [334.462,223.544,338.596,226.898], "Text": "−2"},
	{"Rotation": 0,"TextBB": [114.211,229.806,117.234,234.837], "Text": "1"},
	{"Rotation": 0,"TextBB": [560.961,165.432,562.977,168.785], "Text": "0"},
	{"Rotation": 0,"TextBB": [554.931,167.476,560.978,172.506], "Text": "10"},
	{"Rotation": 0,"TextBB": [560.961,194.469,565.094,197.823], "Text": "−1"},
	{"Rotation": 0,"TextBB": [328.432,196.515,334.479,201.545], "Text": "10"},
	{"Rotation": 0,"TextBB": [275.475,204.394,293.758,209.424], "Text": "r+rsaps"},
	{"Rotation": 0,"TextBB": [275.475,211.436,297.837,216.466], "Text": "march_dl"},
	{"Rotation": 0,"TextBB": [275.475,218.477,288.472,223.508], "Text": "siege"},
	{"Rotation": 0,"TextBB": [101.765,225.588,107.813,230.619], "Text": "10"},
	{"Rotation": 0,"TextBB": [560.961,136.357,562.977,139.71], "Text": "1"},
	{"Rotation": 0,"TextBB": [554.931,138.402,560.978,143.433], "Text": "10"},
	{"Rotation": 0,"TextBB": [409.412,409.473,412.436,414.503], "Text": "8"},
	{"Rotation": 0,"TextBB": [425.692,409.473,431.739,414.503], "Text": "10"},
	{"Rotation": 0,"TextBB": [443.506,409.473,449.553,414.503], "Text": "12"},
	{"Rotation": 0,"TextBB": [423.461,415.363,442.799,420.394], "Text": "medium"},
	{"Rotation": 0,"TextBB": [461.285,409.473,467.332,414.503], "Text": "14"},
	{"Rotation": 0,"TextBB": [479.064,409.473,485.111,414.503], "Text": "16"},
	{"Rotation": 0,"TextBB": [361.606,422.896,368.326,431.768], "Text": "e."},
	{"Rotation": 0,"TextBB": [371.24,422.896,406.748,431.768], "Text": "Unsorted"},
	{"Rotation": 0,"TextBB": [409.236,422.896,426.45,431.768], "Text": "total"},
	{"Rotation": 0,"TextBB": [428.919,422.896,461.133,431.768], "Text": "problem"},
	{"Rotation": 0,"TextBB": [463.592,422.896,487.309,431.768], "Text": "(SAT)"},
	{"Rotation": 0,"TextBB": [496.843,409.473,502.89,414.503], "Text": "18"},
	{"Rotation": 0,"TextBB": [514.621,409.473,520.668,414.503], "Text": "20"},
	{"Rotation": 0,"TextBB": [564.796,409.473,567.819,414.503], "Text": "0"},
	{"Rotation": 0,"TextBB": [582.575,409.473,585.599,414.503], "Text": "2"},
	{"Rotation": 0,"TextBB": [600.354,409.473,603.378,414.503], "Text": "4"},
	{"Rotation": 0,"TextBB": [618.132,409.473,621.156,414.503], "Text": "6"},
	{"Rotation": 0,"TextBB": [635.911,409.473,638.935,414.503], "Text": "8"},
	{"Rotation": 0,"TextBB": [652.192,409.473,658.239,414.503], "Text": "10"},
	{"Rotation": 0,"TextBB": [670.006,409.473,676.053,414.503], "Text": "12"},
	{"Rotation": 0,"TextBB": [649.96,415.363,669.298,420.394], "Text": "medium"},
	{"Rotation": 0,"TextBB": [687.783,409.473,693.831,414.503], "Text": "14"},
	{"Rotation": 0,"TextBB": [705.562,409.473,711.61,414.503], "Text": "16"},
	{"Rotation": 0,"TextBB": [723.342,409.473,729.389,414.503], "Text": "18"},
	{"Rotation": 0,"TextBB": [741.121,409.473,747.168,414.503], "Text": "20"},
	{"Rotation": 0,"TextBB": [584.912,422.896,590.5,431.768], "Text": "f."},
	{"Rotation": 0,"TextBB": [593.579,422.896,629.096,431.768], "Text": "Unsorted"},
	{"Rotation": 0,"TextBB": [631.584,422.896,656.263,431.768], "Text": "partial"},
	{"Rotation": 0,"TextBB": [658.732,422.896,690.946,431.768], "Text": "problem"},
	{"Rotation": 0,"TextBB": [693.405,422.896,717.131,431.768], "Text": "(SAT)"}
]}
