{"Type":"Figure",
"Number": 8,
"Page": 6,
"DPI": 100,
"Width": 826,
"Height": 1169,
"CaptionBB": [438,512,772,542],
"Caption": "Figure 8: Anytime behavior on the Tic-Tac-Toe dataset. ",
"ImageBB": [459,84,745,499],
"ImageText" : [
{"Rotation": 0,"TextBB": [483.592,97.917,499.808,106.91], "Text": "180"},
	{"Rotation": 3,"TextBB": [461.994,174.988,470.987,211.194], "Text": "Average"},
	{"Rotation": 3,"TextBB": [461.994,152.296,470.987,172.285], "Text": "Tree"},
	{"Rotation": 3,"TextBB": [461.994,130.684,470.987,149.594], "Text": "Size"},
	{"Rotation": 0,"TextBB": [483.592,159.445,499.808,168.438], "Text": "140"},
	{"Rotation": 0,"TextBB": [668.987,180.973,684.115,189.966], "Text": "ID3"},
	{"Rotation": 0,"TextBB": [663.582,190.695,684.115,199.688], "Text": "C4.5"},
	{"Rotation": 0,"TextBB": [653.869,200.418,684.115,209.411], "Text": "IIDT(1)"},
	{"Rotation": 0,"TextBB": [645.761,210.14,684.115,219.133], "Text": "IIDT(0.1)"},
	{"Rotation": 0,"TextBB": [483.592,190.209,499.808,199.202], "Text": "120"},
	{"Rotation": 0,"TextBB": [483.592,220.973,499.809,229.966], "Text": "100"},
	{"Rotation": 0,"TextBB": [488.998,251.737,499.809,260.73], "Text": "80"},
	{"Rotation": 0,"TextBB": [504.29,261.46,509.696,270.453], "Text": "0"},
	{"Rotation": 0,"TextBB": [539.195,261.46,552.709,270.453], "Text": "0.5"},
	{"Rotation": 0,"TextBB": [582.277,261.46,587.683,270.453], "Text": "1"},
	{"Rotation": 0,"TextBB": [617.181,261.46,630.695,270.453], "Text": "1.5"},
	{"Rotation": 0,"TextBB": [600.167,276.043,621.77,285.036], "Text": "Time"},
	{"Rotation": 0,"TextBB": [624.473,276.043,645.007,285.036], "Text": "[sec]"},
	{"Rotation": 0,"TextBB": [660.194,261.46,665.6,270.453], "Text": "2"},
	{"Rotation": 0,"TextBB": [695.168,261.46,708.682,270.453], "Text": "2.5"},
	{"Rotation": 0,"TextBB": [738.181,261.46,743.586,270.453], "Text": "3"},
	{"Rotation": 0,"TextBB": [696.14,472.574,709.654,481.567], "Text": "2.5"},
	{"Rotation": 0,"TextBB": [738.181,472.574,743.586,481.567], "Text": "3"},
	{"Rotation": 0,"TextBB": [492.128,293.684,505.642,302.677], "Text": "0.9"},
	{"Rotation": 0,"TextBB": [486.723,316.254,505.642,325.247], "Text": "0.88"},
	{"Rotation": 3,"TextBB": [461.994,386.103,470.987,422.309], "Text": "Average"},
	{"Rotation": 3,"TextBB": [461.994,363.411,470.987,383.4], "Text": "Tree"},
	{"Rotation": 3,"TextBB": [461.994,341.798,470.987,360.708], "Text": "Size"},
	{"Rotation": 0,"TextBB": [483.592,128.681,499.808,137.674], "Text": "160"},
	{"Rotation": 0,"TextBB": [486.723,338.823,505.642,347.817], "Text": "0.86"},
	{"Rotation": 0,"TextBB": [486.723,361.324,505.642,370.317], "Text": "0.84"},
	{"Rotation": 0,"TextBB": [663.154,379.24,678.282,388.233], "Text": "ID3"},
	{"Rotation": 0,"TextBB": [657.748,388.963,678.282,397.956], "Text": "C4.5"},
	{"Rotation": 0,"TextBB": [648.036,398.685,678.282,407.678], "Text": "IIDT(1)"},
	{"Rotation": 0,"TextBB": [639.927,408.407,678.282,417.4], "Text": "IIDT(0.1)"},
	{"Rotation": 0,"TextBB": [486.723,383.893,505.642,392.886], "Text": "0.82"},
	{"Rotation": 0,"TextBB": [492.128,406.463,505.642,415.456], "Text": "0.8"},
	{"Rotation": 0,"TextBB": [486.723,429.032,505.642,438.025], "Text": "0.78"},
	{"Rotation": 0,"TextBB": [486.723,451.602,505.642,460.595], "Text": "0.76"},
	{"Rotation": 0,"TextBB": [510.124,472.574,515.53,481.567], "Text": "0"},
	{"Rotation": 0,"TextBB": [544.056,472.574,557.57,481.567], "Text": "0.5"},
	{"Rotation": 0,"TextBB": [586.166,472.574,591.572,481.567], "Text": "1"},
	{"Rotation": 0,"TextBB": [620.098,472.574,633.612,481.567], "Text": "1.5"},
	{"Rotation": 0,"TextBB": [603.084,487.158,624.687,496.151], "Text": "Time"},
	{"Rotation": 0,"TextBB": [627.39,487.158,647.923,496.151], "Text": "[sec]"},
	{"Rotation": 0,"TextBB": [662.139,472.574,667.544,481.567], "Text": "2"}
]}
