{"Caption":"Figure 2: Strongly dependent outputs where output 2 is simply a translated version of out- put 1, with independent Gaussian noise, σ = 0.025. The solid lines represent the model, the dotted lines are the true function, and the dots are samples. The shaded regions repre- sent 1σ error bars for the model prediction. (top) Independent model of the two outputs. (bottom) Dependent model. ","ImageText":[{"Text":"Output","TextBB":[485.712,105.566,507.569,112.3],"Rotation":0},{"Text":"2","TextBB":[509.593,105.566,513.641,112.3],"Rotation":0},{"Text":"−","TextBB":[515.665,105.566,519.917,112.3],"Rotation":0},{"Text":"independent","TextBB":[521.941,105.566,562.014,112.3],"Rotation":0},{"Text":"model","TextBB":[564.038,105.566,583.864,112.3],"Rotation":0},{"Text":"Output","TextBB":[274.7,105.566,296.557,112.301],"Rotation":0},{"Text":"1","TextBB":[298.581,105.566,302.629,112.301],"Rotation":0},{"Text":"−","TextBB":[304.653,105.566,308.905,112.301],"Rotation":0},{"Text":"independent","TextBB":[310.929,105.566,351.002,112.301],"Rotation":0},{"Text":"model","TextBB":[353.026,105.566,372.851,112.301],"Rotation":0},{"Text":"True","TextBB":[267.285,121.071,282.254,127.806],"Rotation":0},{"Text":"function","TextBB":[284.278,121.071,309.775,127.806],"Rotation":0},{"Text":"Model","TextBB":[267.285,128.184,287.11,134.918],"Rotation":0},{"Text":"mean","TextBB":[289.134,128.184,307.343,134.918],"Rotation":0},{"Text":"0.5","TextBB":[226.667,131.114,232.289,134.855],"Rotation":0},{"Text":"0.5","TextBB":[437.679,131.114,443.301,134.855],"Rotation":0},{"Text":"0.4","TextBB":[226.667,148.911,232.289,152.653],"Rotation":0},{"Text":"0.4","TextBB":[437.679,148.911,443.301,152.653],"Rotation":0},{"Text":"0.3","TextBB":[226.667,166.708,232.289,170.45],"Rotation":0},{"Text":"0.3","TextBB":[437.679,166.708,443.301,170.45],"Rotation":0},{"Text":"0.2","TextBB":[226.667,184.506,232.289,188.247],"Rotation":0},{"Text":"0.2","TextBB":[437.679,184.506,443.301,188.247],"Rotation":0},{"Text":"0.1","TextBB":[226.667,202.303,232.289,206.044],"Rotation":0},{"Text":"0.1","TextBB":[437.679,202.303,443.301,206.044],"Rotation":0},{"Text":"0","TextBB":[230.037,220.1,232.286,223.841],"Rotation":0},{"Text":"0","TextBB":[441.05,220.1,443.299,223.841],"Rotation":0},{"Text":"−0.1","TextBB":[224.308,237.897,232.293,241.639],"Rotation":0},{"Text":"−0.1","TextBB":[435.321,237.897,443.305,241.639],"Rotation":0},{"Text":"−0.2","TextBB":[224.308,255.694,232.293,259.436],"Rotation":0},{"Text":"−1","TextBB":[229.971,259.132,234.582,262.873],"Rotation":0},{"Text":"−0.8","TextBB":[246.351,259.132,254.336,262.873],"Rotation":0},{"Text":"−0.6","TextBB":[264.385,259.132,272.369,262.873],"Rotation":0},{"Text":"−0.4","TextBB":[282.453,259.132,290.437,262.873],"Rotation":0},{"Text":"−0.2","TextBB":[300.485,259.132,308.469,262.873],"Rotation":0},{"Text":"0","TextBB":[322.597,259.132,324.846,262.873],"Rotation":0},{"Text":"0.2","TextBB":[338.979,259.132,344.601,262.873],"Rotation":0},{"Text":"0.4","TextBB":[357.013,259.132,362.635,262.873],"Rotation":0},{"Text":"0.6","TextBB":[375.079,259.132,380.701,262.873],"Rotation":0},{"Text":"0.8","TextBB":[393.112,259.132,398.735,262.873],"Rotation":0},{"Text":"1","TextBB":[412.864,259.132,415.113,262.873],"Rotation":0},{"Text":"−0.2","TextBB":[435.321,255.694,443.305,259.436],"Rotation":0},{"Text":"−1","TextBB":[440.983,259.132,445.594,262.873],"Rotation":0},{"Text":"−0.8","TextBB":[457.364,259.132,465.348,262.873],"Rotation":0},{"Text":"−0.6","TextBB":[475.397,259.132,483.382,262.873],"Rotation":0},{"Text":"Output","TextBB":[277.894,278.129,299.88,284.903],"Rotation":0},{"Text":"1","TextBB":[301.916,278.129,305.987,284.903],"Rotation":0},{"Text":"−","TextBB":[308.023,278.129,312.3,284.903],"Rotation":0},{"Text":"dependent","TextBB":[314.336,278.129,348.947,284.903],"Rotation":0},{"Text":"model","TextBB":[350.983,278.129,370.925,284.903],"Rotation":0},{"Text":"0.5","TextBB":[437.744,303.827,443.4,307.591],"Rotation":0},{"Text":"0.4","TextBB":[226.732,321.729,232.387,325.492],"Rotation":0},{"Text":"0.4","TextBB":[437.744,321.729,443.4,325.492],"Rotation":0},{"Text":"0.3","TextBB":[226.732,339.632,232.387,343.395],"Rotation":0},{"Text":"0.3","TextBB":[437.744,339.632,443.4,343.395],"Rotation":0},{"Text":"0.2","TextBB":[226.732,357.533,232.387,361.296],"Rotation":0},{"Text":"0.2","TextBB":[437.744,357.533,443.4,361.296],"Rotation":0},{"Text":"0.1","TextBB":[226.732,375.436,232.387,379.199],"Rotation":0},{"Text":"0.1","TextBB":[437.744,375.436,443.4,379.199],"Rotation":0},{"Text":"0","TextBB":[230.122,393.337,232.384,397.101],"Rotation":0},{"Text":"0","TextBB":[441.135,393.337,443.397,397.101],"Rotation":0},{"Text":"−0.1","TextBB":[224.358,411.238,232.39,415.002],"Rotation":0},{"Text":"−0.1","TextBB":[435.371,411.238,443.402,415.002],"Rotation":0},{"Text":"−0.8","TextBB":[246.532,432.6,254.563,436.363],"Rotation":0},{"Text":"−0.6","TextBB":[264.672,432.6,272.704,436.363],"Rotation":0},{"Text":"−0.4","TextBB":[282.844,432.6,290.876,436.363],"Rotation":0},{"Text":"−0.2","TextBB":[300.985,432.6,309.016,436.363],"Rotation":0},{"Text":"0","TextBB":[323.226,432.6,325.489,436.363],"Rotation":0},{"Text":"0.2","TextBB":[339.704,432.6,345.36,436.363],"Rotation":0},{"Text":"0.4","TextBB":[357.843,432.6,363.498,436.363],"Rotation":0},{"Text":"−0.2","TextBB":[511.497,259.132,519.482,262.873],"Rotation":0},{"Text":"0","TextBB":[533.61,259.132,535.859,262.873],"Rotation":0},{"Text":"0.2","TextBB":[549.992,259.132,555.614,262.873],"Rotation":0},{"Text":"0.4","TextBB":[568.025,259.132,573.647,262.873],"Rotation":0},{"Text":"0.6","TextBB":[586.092,259.132,591.714,262.873],"Rotation":0},{"Text":"0.8","TextBB":[604.125,259.132,609.747,262.873],"Rotation":0},{"Text":"1","TextBB":[623.876,259.132,626.125,262.873],"Rotation":0},{"Text":"0.6","TextBB":[587.029,432.6,592.685,436.363],"Rotation":0},{"Text":"0.8","TextBB":[605.168,432.6,610.823,436.363],"Rotation":0},{"Text":"1","TextBB":[625.036,432.6,627.298,436.363],"Rotation":0},{"Text":"Output","TextBB":[488.907,278.129,510.892,284.903],"Rotation":0},{"Text":"2","TextBB":[512.928,278.129,517,284.903],"Rotation":0},{"Text":"−","TextBB":[519.036,278.129,523.313,284.903],"Rotation":0},{"Text":"dependent","TextBB":[525.349,278.129,559.96,284.903],"Rotation":0},{"Text":"model","TextBB":[561.996,278.129,581.938,284.903],"Rotation":0},{"Text":"0.5","TextBB":[226.732,303.827,232.387,307.591],"Rotation":0},{"Text":"−0.2","TextBB":[224.358,429.141,232.39,432.905],"Rotation":0},{"Text":"−1","TextBB":[230.054,432.6,234.692,436.363],"Rotation":0},{"Text":"−0.4","TextBB":[493.465,259.132,501.45,262.873],"Rotation":0},{"Text":"0.6","TextBB":[376.017,432.6,381.672,436.363],"Rotation":0},{"Text":"0.8","TextBB":[394.156,432.6,399.811,436.363],"Rotation":0},{"Text":"1","TextBB":[414.024,432.6,416.286,436.363],"Rotation":0},{"Text":"−0.2","TextBB":[435.371,429.141,443.402,432.905],"Rotation":0},{"Text":"−1","TextBB":[441.067,432.6,445.705,436.363],"Rotation":0},{"Text":"−0.8","TextBB":[457.544,432.6,465.576,436.363],"Rotation":0},{"Text":"−0.6","TextBB":[475.685,432.6,483.716,436.363],"Rotation":0},{"Text":"−0.4","TextBB":[493.857,432.6,501.888,436.363],"Rotation":0},{"Text":"−0.2","TextBB":[511.997,432.6,520.029,436.363],"Rotation":0},{"Text":"0","TextBB":[534.239,432.6,536.501,436.363],"Rotation":0},{"Text":"0.2","TextBB":[550.717,432.6,556.372,436.363],"Rotation":0},{"Text":"0.4","TextBB":[568.856,432.6,574.511,436.363],"Rotation":0}],"Mention":["Most GP implementations model only a single output variable. Attempts to handle multiple\noutputs generally involve using an independent model for each output - a method known\nas multi-kriging [18] - but such models cannot capture the structure in outputs that covary.\nAs an example, consider the two tightly coupled outputs shown at the top of Figure 2, in\nwhich one output is simply a shifted version of the other. Here we have detailed knowledge\nof output 1, but sampling of output 2 is sparse. A model that treats the outputs as indepen-\ndent cannot exploit their obvious similarity - intuitively, we should make predictions about\noutput 2 using what we learn from both output 1 and 2.\n","The resulting dependent model is shown in Figure 2 along with an independent (control)\nmodel with no coupling (see Figure 1). Observe that the dependent model has learned the\ncoupling and translation between the outputs, and has filled in output 2 where samples are\nmissing. The control model cannot achieve such infilling as it is consists of two independent\nGaussian processes.\n"],"Page":5,"Number":2,"Type":"Figure","CaptionBB":[173,462,675,537],"Height":1100,"Width":850,"DPI":100,"ImageBB":[222,102,630,438]}