{"Caption":"Figure 3: ROC on USPS for queries from digits 1 to 6. Note that this experimental results also provide indirect proof of the intrinsic manifold structure in USPS. ","ImageText":[{"Text":"(a)","TextBB":[241.55,654.606,248.698,662.515],"Rotation":0},{"Text":"Query","TextBB":[250.325,654.606,266.254,662.515],"Rotation":0},{"Text":"digit","TextBB":[267.88,654.606,278.609,662.515],"Rotation":0},{"Text":"1","TextBB":[280.235,654.606,283.487,662.515],"Rotation":0},{"Text":"1","TextBB":[193.386,662.095,196.639,670.004],"Rotation":0},{"Text":"(b)","TextBB":[401.46,654.606,408.689,662.515],"Rotation":0},{"Text":"Query","TextBB":[410.333,654.606,426.442,662.515],"Rotation":0},{"Text":"digit","TextBB":[428.087,654.606,438.936,662.515],"Rotation":0},{"Text":"2","TextBB":[440.581,654.606,443.87,662.515],"Rotation":0},{"Text":"1","TextBB":[352.753,662.095,356.042,670.004],"Rotation":0},{"Text":"0.95","TextBB":[344.536,676.151,356.048,684.06],"Rotation":0},{"Text":"0.994","TextBB":[182.011,729.565,196.647,737.474],"Rotation":0},{"Text":"0.9","TextBB":[508.747,690.205,516.97,698.114],"Rotation":0},{"Text":"0.85","TextBB":[505.461,704.259,516.973,712.168],"Rotation":0},{"Text":"0.8","TextBB":[347.822,718.331,356.045,726.24],"Rotation":0},{"Text":"0.7","TextBB":[347.822,746.441,356.045,754.35],"Rotation":0},{"Text":"2","TextBB":[210.074,778.738,213.326,786.647],"Rotation":0},{"Text":"4","TextBB":[239.096,778.738,242.348,786.647],"Rotation":0},{"Text":"6","TextBB":[268.101,778.738,271.354,786.647],"Rotation":0},{"Text":"#","TextBB":[250.454,784.418,253.707,792.326],"Rotation":0},{"Text":"queries","TextBB":[255.333,784.418,274.515,792.326],"Rotation":0},{"Text":"(d)","TextBB":[240.522,793.781,247.751,801.69],"Rotation":0},{"Text":"Query","TextBB":[249.396,793.781,265.505,801.69],"Rotation":0},{"Text":"digit","TextBB":[267.149,793.781,277.999,801.69],"Rotation":0},{"Text":"4","TextBB":[279.643,793.781,282.933,801.69],"Rotation":0},{"Text":"8","TextBB":[297.123,778.738,300.376,786.647],"Rotation":0},{"Text":"0.6","TextBB":[347.822,774.551,356.045,782.46],"Rotation":0},{"Text":"10","TextBB":[324.519,778.738,331.024,786.647],"Rotation":0},{"Text":"0.8","TextBB":[508.747,718.331,516.97,726.24],"Rotation":0},{"Text":"0.75","TextBB":[505.461,732.387,516.973,740.296],"Rotation":0},{"Text":"0.7","TextBB":[508.747,746.441,516.97,754.35],"Rotation":0},{"Text":"0.65","TextBB":[344.536,760.495,356.048,768.404],"Rotation":0},{"Text":"Data","TextBB":[266.721,761.72,279.076,769.629],"Rotation":0},{"Text":"manifold","TextBB":[280.702,761.72,302.808,769.629],"Rotation":0},{"Text":"ranking","TextBB":[304.435,761.72,323.616,769.629],"Rotation":0},{"Text":"Euclidean","TextBB":[266.721,769.103,292.407,777.011],"Rotation":0},{"Text":"distance","TextBB":[294.034,769.103,315.819,777.011],"Rotation":0},{"Text":"1","TextBB":[191.815,801.27,195.104,809.179],"Rotation":0},{"Text":"0.65","TextBB":[505.461,760.495,516.973,768.404],"Rotation":0},{"Text":"Data","TextBB":[426.914,761.72,439.408,769.629],"Rotation":0},{"Text":"manifold","TextBB":[441.053,761.72,463.408,769.629],"Rotation":0},{"Text":"ranking","TextBB":[465.053,761.72,484.451,769.629],"Rotation":0},{"Text":"Euclidean","TextBB":[426.914,769.103,452.89,777.011],"Rotation":0},{"Text":"distance","TextBB":[454.535,769.103,476.565,777.011],"Rotation":0},{"Text":"2","TextBB":[369.629,778.738,372.918,786.647],"Rotation":0},{"Text":"1","TextBB":[352.74,801.27,356.029,809.179],"Rotation":0},{"Text":"4","TextBB":[398.978,778.738,402.267,786.647],"Rotation":0},{"Text":"6","TextBB":[428.311,778.738,431.6,786.647],"Rotation":0},{"Text":"#","TextBB":[410.465,784.418,413.754,792.326],"Rotation":0},{"Text":"queries","TextBB":[415.399,784.418,434.797,792.326],"Rotation":0},{"Text":"(e)","TextBB":[401.447,793.781,408.676,801.69],"Rotation":0},{"Text":"Query","TextBB":[410.321,793.781,426.43,801.69],"Rotation":0},{"Text":"digit","TextBB":[428.074,793.781,438.924,801.69],"Rotation":0},{"Text":"5","TextBB":[440.568,793.781,443.858,801.69],"Rotation":0},{"Text":"8","TextBB":[457.66,778.738,460.949,786.647],"Rotation":0},{"Text":"0.6","TextBB":[508.747,774.551,516.97,782.46],"Rotation":0},{"Text":"10","TextBB":[485.365,778.738,491.943,786.647],"Rotation":0},{"Text":"0.95","TextBB":[505.448,815.326,516.961,823.235],"Rotation":0},{"Text":"0.9","TextBB":[347.81,829.38,356.033,837.289],"Rotation":0},{"Text":"0.9","TextBB":[508.735,829.38,516.958,837.289],"Rotation":0},{"Text":"0.85","TextBB":[183.599,843.434,195.111,851.343],"Rotation":0},{"Text":"0.85","TextBB":[344.523,843.434,356.036,851.343],"Rotation":0},{"Text":"0.85","TextBB":[505.448,843.434,516.961,851.343],"Rotation":0},{"Text":"ROC","TextBB":[497.576,854.12,504.9,868.315],"Rotation":3},{"Text":"0.95","TextBB":[344.523,815.326,356.036,823.235],"Rotation":0},{"Text":"0.9","TextBB":[186.885,829.38,195.108,837.289],"Rotation":0},{"Text":"0.8","TextBB":[186.885,857.506,195.108,865.415],"Rotation":0},{"Text":"0.8","TextBB":[347.81,857.506,356.033,865.415],"Rotation":0},{"Text":"0.75","TextBB":[344.523,871.562,356.036,879.471],"Rotation":0},{"Text":"0.75","TextBB":[505.448,871.562,516.961,879.471],"Rotation":0},{"Text":"0.7","TextBB":[186.885,885.616,195.108,893.525],"Rotation":0},{"Text":"0.7","TextBB":[347.81,885.616,356.033,893.525],"Rotation":0},{"Text":"0.7","TextBB":[508.735,885.616,516.958,893.525],"Rotation":0},{"Text":"0.6","TextBB":[186.885,913.726,195.108,921.635],"Rotation":0},{"Text":"0.65","TextBB":[344.523,899.67,356.036,907.579],"Rotation":0},{"Text":"Data","TextBB":[265.976,900.895,278.471,908.804],"Rotation":0},{"Text":"manifold","TextBB":[280.115,900.895,302.471,908.804],"Rotation":0},{"Text":"ranking","TextBB":[304.116,900.895,323.514,908.804],"Rotation":0},{"Text":"Euclidean","TextBB":[265.976,908.277,291.953,916.186],"Rotation":0},{"Text":"distance","TextBB":[293.597,908.277,315.628,916.186],"Rotation":0},{"Text":"2","TextBB":[208.692,917.913,211.981,925.822],"Rotation":0},{"Text":"4","TextBB":[238.04,917.913,241.329,925.822],"Rotation":0},{"Text":"6","TextBB":[267.374,917.913,270.663,925.822],"Rotation":0},{"Text":"#","TextBB":[249.528,923.592,252.817,931.501],"Rotation":0},{"Text":"queries","TextBB":[254.461,923.592,273.859,931.501],"Rotation":0},{"Text":"8","TextBB":[296.722,917.913,300.011,925.822],"Rotation":0},{"Text":"10","TextBB":[324.428,917.913,331.006,925.822],"Rotation":0},{"Text":"0.6","TextBB":[347.81,913.726,356.033,921.635],"Rotation":0},{"Text":"4","TextBB":[398.965,917.913,402.254,925.822],"Rotation":0},{"Text":"6","TextBB":[428.298,917.913,431.588,925.822],"Rotation":0},{"Text":"#","TextBB":[410.453,923.592,413.742,931.501],"Rotation":0},{"Text":"queries","TextBB":[415.386,923.592,434.784,931.501],"Rotation":0},{"Text":"8","TextBB":[457.647,917.913,460.936,925.822],"Rotation":0},{"Text":"4","TextBB":[559.903,778.738,563.192,786.647],"Rotation":0},{"Text":"6","TextBB":[589.236,778.738,592.525,786.647],"Rotation":0},{"Text":"#","TextBB":[571.39,784.418,574.679,792.326],"Rotation":0},{"Text":"queries","TextBB":[576.324,784.418,595.722,792.326],"Rotation":0},{"Text":"(e)","TextBB":[562.372,793.781,569.601,801.69],"Rotation":0},{"Text":"Query","TextBB":[571.246,793.781,587.355,801.69],"Rotation":0},{"Text":"digit","TextBB":[588.999,793.781,599.849,801.69],"Rotation":0},{"Text":"6","TextBB":[601.493,793.781,604.783,801.69],"Rotation":0},{"Text":"0.65","TextBB":[505.448,899.67,516.961,907.579],"Rotation":0},{"Text":"Data","TextBB":[426.901,900.895,439.395,908.804],"Rotation":0},{"Text":"manifold","TextBB":[441.04,900.895,463.396,908.804],"Rotation":0},{"Text":"ranking","TextBB":[465.041,900.895,484.439,908.804],"Rotation":0},{"Text":"Euclidean","TextBB":[426.901,908.277,452.878,916.186],"Rotation":0},{"Text":"distance","TextBB":[454.522,908.277,476.553,916.186],"Rotation":0},{"Text":"2","TextBB":[369.617,917.913,372.906,925.822],"Rotation":0},{"Text":"2","TextBB":[530.554,778.738,533.843,786.647],"Rotation":0},{"Text":"10","TextBB":[485.353,917.913,491.931,925.822],"Rotation":0},{"Text":"8","TextBB":[618.584,778.738,621.874,786.647],"Rotation":0},{"Text":"10","TextBB":[646.29,778.738,652.868,786.647],"Rotation":0},{"Text":"0.8","TextBB":[508.735,857.506,516.958,865.415],"Rotation":0},{"Text":"0.75","TextBB":[183.599,871.562,195.111,879.471],"Rotation":0},{"Text":"0.65","TextBB":[183.599,899.67,195.111,907.579],"Rotation":0},{"Text":"Data","TextBB":[587.839,761.72,600.333,769.629],"Rotation":0},{"Text":"manifold","TextBB":[601.977,761.72,624.333,769.629],"Rotation":0},{"Text":"ranking","TextBB":[625.978,761.72,645.376,769.629],"Rotation":0},{"Text":"Euclidean","TextBB":[587.839,769.103,613.815,777.011],"Rotation":0},{"Text":"distance","TextBB":[615.46,769.103,637.49,777.011],"Rotation":0},{"Text":"1","TextBB":[513.665,801.27,516.954,809.179],"Rotation":0},{"Text":"0.95","TextBB":[183.599,815.326,195.111,823.235],"Rotation":0},{"Text":"ROC","TextBB":[336.651,854.12,343.975,868.315],"Rotation":3},{"Text":"ROC","TextBB":[175.726,854.12,183.05,868.315],"Rotation":3},{"Text":"0.9","TextBB":[347.822,690.205,356.045,698.114],"Rotation":0},{"Text":"0.85","TextBB":[344.536,704.259,356.048,712.168],"Rotation":0},{"Text":"0.75","TextBB":[344.536,732.387,356.048,740.296],"Rotation":0},{"Text":"0.992","TextBB":[182.011,752.066,196.647,759.975],"Rotation":0},{"Text":"0.99","TextBB":[185.261,774.568,196.645,782.476],"Rotation":0},{"Text":"0.95","TextBB":[505.461,676.151,516.973,684.06],"Rotation":0},{"Text":"ROC","TextBB":[497.588,714.945,504.912,729.14],"Rotation":3},{"Text":"0.996","TextBB":[182.011,707.081,196.647,714.99],"Rotation":0},{"Text":"ROC","TextBB":[336.663,714.945,343.987,729.14],"Rotation":3},{"Text":"ROC","TextBB":[174.226,714.945,181.469,729.14],"Rotation":3},{"Text":"0.998","TextBB":[182.011,684.58,196.647,692.489],"Rotation":0},{"Text":"(c)","TextBB":[562.548,654.606,569.446,662.515],"Rotation":0},{"Text":"Query","TextBB":[571.091,654.606,587.2,662.515],"Rotation":0},{"Text":"digit","TextBB":[588.844,654.606,599.694,662.515],"Rotation":0},{"Text":"3","TextBB":[601.338,654.606,604.628,662.515],"Rotation":0},{"Text":"1","TextBB":[513.678,662.095,516.967,670.004],"Rotation":0},{"Text":"0.6","TextBB":[508.735,913.726,516.958,921.635],"Rotation":0},{"Text":"Data","TextBB":[587.826,900.895,600.32,908.804],"Rotation":0},{"Text":"manifold","TextBB":[601.965,900.895,624.321,908.804],"Rotation":0},{"Text":"ranking","TextBB":[625.965,900.895,645.363,908.804],"Rotation":0},{"Text":"Euclidean","TextBB":[587.826,908.277,613.803,916.186],"Rotation":0},{"Text":"distance","TextBB":[615.447,908.277,637.478,916.186],"Rotation":0},{"Text":"2","TextBB":[530.541,917.913,533.831,925.822],"Rotation":0},{"Text":"4","TextBB":[559.89,917.913,563.179,925.822],"Rotation":0},{"Text":"6","TextBB":[589.223,917.913,592.513,925.822],"Rotation":0},{"Text":"#","TextBB":[571.376,923.592,574.665,931.501],"Rotation":0},{"Text":"queries","TextBB":[576.31,923.592,595.708,931.501],"Rotation":0},{"Text":"8","TextBB":[618.572,917.913,621.861,925.822],"Rotation":0},{"Text":"10","TextBB":[646.278,917.913,652.856,925.822],"Rotation":0}],"Mention":["The results, measured as ROC scores, are summarized in Figure 3; each plot corresponds to a different query class,\nfrom digit one to six respectively. Our algorithm is comparable to the baseline when a digit 1 is the query. For the\nother digits, however, our algorithm signi\u0002cantly outperforms the baseline. This experimental result also provides\nindirect proof of the underlying manifold structure in the USPS digit dataset [7].\n"],"Page":5,"Number":3,"Type":"Figure","CaptionBB":[98,954,729,989],"Height":1169,"Width":826,"DPI":100,"ImageBB":[173,653,655,933]}