{"Caption":"Figure 2. ROC graphs for the MUSK1 data set (top) and the Tiger data set (bottom). Each graph shows the ROC curve for a set of related models. They are, left to right: Diverse Density with 1, 3 and 5 disjuncts and the Gaussian model; Logistic Regression and Multiple Instance Logistic Regression; SVMs with the Normalized Set kernel, Statistic kernel, and Quadratic kernel; FOIL and MI\/FOIL. ","ImageText":[{"Text":"True","TextBB":[81.6864,167.403,88.7552,183.115],"Rotation":3},{"Text":"Positive","TextBB":[81.6864,138.524,88.7552,165.279],"Rotation":3},{"Text":"Rate","TextBB":[81.6864,120.26,88.7552,136.4],"Rotation":3},{"Text":"1","TextBB":[107.14,100.778,111.389,107.847],"Rotation":0},{"Text":"1","TextBB":[271.971,103.453,276.12,110.356],"Rotation":0},{"Text":"1","TextBB":[440.971,103.453,445.12,110.356],"Rotation":0},{"Text":"1","TextBB":[609.971,103.453,614.12,110.356],"Rotation":0},{"Text":"0.8","TextBB":[100.767,119.955,111.389,127.024],"Rotation":0},{"Text":"0.8","TextBB":[265.747,122.18,276.12,129.084],"Rotation":0},{"Text":"0.8","TextBB":[434.747,122.18,445.12,129.084],"Rotation":0},{"Text":"0.8","TextBB":[603.747,122.18,614.12,129.084],"Rotation":0},{"Text":"0.6","TextBB":[100.767,139.133,111.389,146.201],"Rotation":0},{"Text":"0.6","TextBB":[265.747,140.907,276.12,147.81],"Rotation":0},{"Text":"0.6","TextBB":[434.747,140.907,445.12,147.81],"Rotation":0},{"Text":"0.6","TextBB":[603.747,140.907,614.12,147.81],"Rotation":0},{"Text":"0.4","TextBB":[265.747,159.658,276.12,166.561],"Rotation":0},{"Text":"0.4","TextBB":[434.747,159.658,445.12,166.561],"Rotation":0},{"Text":"0.4","TextBB":[603.747,159.658,614.12,166.561],"Rotation":0},{"Text":"0.4","TextBB":[100.767,158.333,111.389,165.401],"Rotation":0},{"Text":"DD(1)","TextBB":[181.979,168.434,202.353,175.503],"Rotation":0},{"Text":"DD(3)","TextBB":[181.979,176.076,202.353,183.144],"Rotation":0},{"Text":"DD(5)","TextBB":[181.979,183.719,202.353,190.787],"Rotation":0},{"Text":"Gauss","TextBB":[180.267,191.36,202.352,198.429],"Rotation":0},{"Text":"0.2","TextBB":[100.767,177.509,111.389,184.578],"Rotation":0},{"Text":"0","TextBB":[107.14,196.685,111.389,203.754],"Rotation":0},{"Text":"True","TextBB":[81.6864,288.958,88.7552,304.669],"Rotation":3},{"Text":"Positive","TextBB":[81.6864,260.079,88.7552,286.833],"Rotation":3},{"Text":"Rate","TextBB":[81.6864,241.814,88.7552,257.954],"Rotation":3},{"Text":"0","TextBB":[114.912,204.327,119.161,211.396],"Rotation":0},{"Text":"0.2","TextBB":[135.726,204.327,146.348,211.396],"Rotation":0},{"Text":"0.4","TextBB":[159.726,204.327,170.348,211.396],"Rotation":0},{"Text":"0.6","TextBB":[183.704,204.327,194.326,211.396],"Rotation":0},{"Text":"0.2","TextBB":[265.747,178.386,276.12,185.289],"Rotation":0},{"Text":"0","TextBB":[271.971,197.112,276.12,204.016],"Rotation":0},{"Text":"0.8","TextBB":[207.704,204.327,218.326,211.396],"Rotation":0},{"Text":"1","TextBB":[234.891,204.327,239.14,211.396],"Rotation":0},{"Text":"0","TextBB":[279.561,204.576,283.71,211.48],"Rotation":0},{"Text":"0.2","TextBB":[301.38,204.576,311.754,211.48],"Rotation":0},{"Text":"0.4","TextBB":[326.311,204.576,336.684,211.48],"Rotation":0},{"Text":"SVM","TextBB":[502.854,176.986,519.026,183.889],"Rotation":0},{"Text":"(NSK)","TextBB":[521.101,176.986,541.415,183.889],"Rotation":0},{"Text":"SVM","TextBB":[504.922,184.449,521.094,191.352],"Rotation":0},{"Text":"(Stat)","TextBB":[523.169,184.449,541.416,191.352],"Rotation":0},{"Text":"SVM","TextBB":[499.944,191.912,516.117,198.816],"Rotation":0},{"Text":"(Quad)","TextBB":[518.191,191.912,541.416,198.816],"Rotation":0},{"Text":"0.2","TextBB":[434.747,178.386,445.12,185.289],"Rotation":0},{"Text":"MI\/LR","TextBB":[352.512,184.449,372.416,191.352],"Rotation":0},{"Text":"LR","TextBB":[362.878,191.912,372.415,198.816],"Rotation":0},{"Text":"0","TextBB":[440.971,197.112,445.12,204.016],"Rotation":0},{"Text":"0.6","TextBB":[351.218,204.576,361.591,211.48],"Rotation":0},{"Text":"0.8","TextBB":[376.15,204.576,386.523,211.48],"Rotation":0},{"Text":"1","TextBB":[404.193,204.576,408.342,211.48],"Rotation":0},{"Text":"0","TextBB":[448.561,204.576,452.71,211.48],"Rotation":0},{"Text":"0.2","TextBB":[470.38,204.576,480.754,211.48],"Rotation":0},{"Text":"0.4","TextBB":[495.311,204.576,505.684,211.48],"Rotation":0},{"Text":"0.6","TextBB":[520.218,204.576,530.591,211.48],"Rotation":0},{"Text":"0.2","TextBB":[603.747,178.386,614.12,185.289],"Rotation":0},{"Text":"0.8","TextBB":[545.15,204.576,555.523,211.48],"Rotation":0},{"Text":"1","TextBB":[573.193,204.576,577.342,211.48],"Rotation":0},{"Text":"0","TextBB":[617.561,204.576,621.71,211.48],"Rotation":0},{"Text":"1","TextBB":[107.14,226.153,111.389,233.222],"Rotation":0},{"Text":"1","TextBB":[271.971,228.828,276.12,235.731],"Rotation":0},{"Text":"1","TextBB":[440.971,228.828,445.12,235.731],"Rotation":0},{"Text":"1","TextBB":[609.971,228.828,614.12,235.731],"Rotation":0},{"Text":"0.8","TextBB":[100.767,243.802,111.389,250.871],"Rotation":0},{"Text":"0.8","TextBB":[265.747,246.062,276.12,252.966],"Rotation":0},{"Text":"0.8","TextBB":[434.747,246.062,445.12,252.966],"Rotation":0},{"Text":"0.8","TextBB":[603.747,246.062,614.12,252.966],"Rotation":0},{"Text":"0.6","TextBB":[100.767,261.451,111.389,268.519],"Rotation":0},{"Text":"0.6","TextBB":[265.747,263.297,276.12,270.2],"Rotation":0},{"Text":"0.6","TextBB":[434.747,263.297,445.12,270.2],"Rotation":0},{"Text":"0.6","TextBB":[603.747,263.297,614.12,270.2],"Rotation":0},{"Text":"0.4","TextBB":[265.747,280.555,276.12,287.459],"Rotation":0},{"Text":"0.4","TextBB":[434.747,280.555,445.12,287.459],"Rotation":0},{"Text":"0.4","TextBB":[603.747,280.555,614.12,287.459],"Rotation":0},{"Text":"0.4","TextBB":[100.767,279.123,111.389,286.192],"Rotation":0},{"Text":"DD(1)","TextBB":[181.979,286.167,202.353,293.235],"Rotation":0},{"Text":"DD(3)","TextBB":[181.979,293.809,202.353,300.878],"Rotation":0},{"Text":"DD(5)","TextBB":[181.979,301.451,202.353,308.519],"Rotation":0},{"Text":"Gauss","TextBB":[180.267,309.094,202.352,316.162],"Rotation":0},{"Text":"0.2","TextBB":[100.767,296.77,111.389,303.839],"Rotation":0},{"Text":"0","TextBB":[107.14,314.419,111.389,321.487],"Rotation":0},{"Text":"0","TextBB":[114.912,322.06,119.161,329.129],"Rotation":0},{"Text":"0.2","TextBB":[265.747,297.79,276.12,304.693],"Rotation":0},{"Text":"0","TextBB":[271.971,315.025,276.12,321.928],"Rotation":0},{"Text":"0.2","TextBB":[135.726,322.06,146.348,329.129],"Rotation":0},{"Text":"0.4","TextBB":[159.726,322.06,170.348,329.129],"Rotation":0},{"Text":"0.6","TextBB":[183.704,322.06,194.326,329.129],"Rotation":0},{"Text":"0.8","TextBB":[207.704,322.06,218.326,329.129],"Rotation":0},{"Text":"False","TextBB":[143.05,333.523,161.735,340.592],"Rotation":0},{"Text":"Positive","TextBB":[163.859,333.523,190.614,340.592],"Rotation":0},{"Text":"Rate","TextBB":[192.738,333.523,208.878,340.592],"Rotation":0},{"Text":"1","TextBB":[234.891,322.06,239.14,329.129],"Rotation":0},{"Text":"0","TextBB":[279.561,322.487,283.71,329.391],"Rotation":0},{"Text":"0.2","TextBB":[301.38,322.487,311.754,329.391],"Rotation":0},{"Text":"0.4","TextBB":[326.311,322.487,336.684,329.391],"Rotation":0},{"Text":"SVM","TextBB":[502.855,294.898,519.027,301.801],"Rotation":0},{"Text":"(NSK)","TextBB":[521.102,294.898,541.416,301.801],"Rotation":0},{"Text":"SVM","TextBB":[504.922,302.361,521.094,309.264],"Rotation":0},{"Text":"(Stat)","TextBB":[523.169,302.361,541.416,309.264],"Rotation":0},{"Text":"SVM","TextBB":[499.944,309.824,516.117,316.727],"Rotation":0},{"Text":"(Quad)","TextBB":[518.191,309.824,541.416,316.727],"Rotation":0},{"Text":"0.2","TextBB":[434.747,297.79,445.12,304.693],"Rotation":0},{"Text":"MI\/LR","TextBB":[352.512,302.361,372.416,309.264],"Rotation":0},{"Text":"LR","TextBB":[362.878,309.824,372.415,316.727],"Rotation":0},{"Text":"0","TextBB":[440.971,315.025,445.12,321.928],"Rotation":0},{"Text":"0.6","TextBB":[351.218,322.487,361.591,329.391],"Rotation":0},{"Text":"0.8","TextBB":[376.15,322.487,386.523,329.391],"Rotation":0},{"Text":"1","TextBB":[404.193,322.487,408.342,329.391],"Rotation":0},{"Text":"0","TextBB":[448.561,322.487,452.71,329.391],"Rotation":0},{"Text":"False","TextBB":[310.771,333.682,329.018,340.585],"Rotation":0},{"Text":"Positive","TextBB":[331.092,333.682,357.22,340.585],"Rotation":0},{"Text":"Rate","TextBB":[359.295,333.682,375.057,340.585],"Rotation":0},{"Text":"0.2","TextBB":[470.38,322.487,480.754,329.391],"Rotation":0},{"Text":"0.4","TextBB":[495.311,322.487,505.684,329.391],"Rotation":0},{"Text":"0.6","TextBB":[520.218,322.487,530.591,329.391],"Rotation":0},{"Text":"MI\/FOIL","TextBB":[683.46,184.449,710.416,191.352],"Rotation":0},{"Text":"FOIL","TextBB":[693.825,191.912,710.415,198.816],"Rotation":0},{"Text":"0","TextBB":[609.971,197.112,614.12,204.016],"Rotation":0},{"Text":"0.2","TextBB":[639.38,204.576,649.754,211.48],"Rotation":0},{"Text":"0.4","TextBB":[664.311,204.576,674.684,211.48],"Rotation":0},{"Text":"0.2","TextBB":[603.747,297.79,614.12,304.693],"Rotation":0},{"Text":"1","TextBB":[573.193,322.487,577.342,329.391],"Rotation":0},{"Text":"0.8","TextBB":[714.15,204.576,724.523,211.48],"Rotation":0},{"Text":"1","TextBB":[742.193,204.576,746.342,211.48],"Rotation":0},{"Text":"0.8","TextBB":[714.15,322.487,724.523,329.391],"Rotation":0},{"Text":"1","TextBB":[742.193,322.487,746.342,329.391],"Rotation":0},{"Text":"MI\/FOIL","TextBB":[683.46,302.361,710.416,309.264],"Rotation":0},{"Text":"FOIL","TextBB":[693.825,309.824,710.415,316.727],"Rotation":0},{"Text":"0","TextBB":[609.971,315.025,614.12,321.928],"Rotation":0},{"Text":"0.8","TextBB":[545.15,322.487,555.523,329.391],"Rotation":0},{"Text":"0.6","TextBB":[689.218,204.576,699.591,211.48],"Rotation":0},{"Text":"0","TextBB":[617.561,322.487,621.71,329.391],"Rotation":0},{"Text":"False","TextBB":[479.771,333.682,498.018,340.585],"Rotation":0},{"Text":"Positive","TextBB":[500.092,333.682,526.22,340.585],"Rotation":0},{"Text":"Rate","TextBB":[528.295,333.682,544.057,340.585],"Rotation":0},{"Text":"0.2","TextBB":[639.38,322.487,649.754,329.391],"Rotation":0},{"Text":"0.4","TextBB":[664.311,322.487,674.684,329.391],"Rotation":0},{"Text":"0.6","TextBB":[689.218,322.487,699.591,329.391],"Rotation":0},{"Text":"False","TextBB":[648.771,333.682,667.018,340.585],"Rotation":0},{"Text":"Positive","TextBB":[669.092,333.682,695.22,340.585],"Rotation":0},{"Text":"Rate","TextBB":[697.295,333.682,713.057,340.585],"Rotation":0}],"Mention":["Due to lack of space, we cannot show all the ROC\ngraphs for all experiments in this paper. In Figure 2\nwe show the ROC graphs obtained for the MUSK1 and\nTiger data sets. In Table 1 we report a summary statis-\ntic, the area under the ROC graph (AROC) for every\ndata set and algorithm (Bradley, 1997).\n","counterpart, we obtain a more mixed picture. Thus,\nDiverse Density is always superior to the supervised\nGaussian model. Similarly, the MI\/LR algorithm is\noften superior to the LR algorithm (9 out of 12 data\nsets). Therefore, for these algorithms, taking the MI\nsetting into account when learning from MI data is\nusually useful. In the case of SVMs, on the other hand,\nthere is not a clear winner between the supervised and\nthe MI methods. With FOIL, the MI representation is\nalways worse than its supervised learning counterpart.\nThe MI representation for FOIL su\u000Bers from low re-\ncall (recall is identical to the true positive rate). This\ncan be seen in the graphs in Figure 2. Since FOIL's\n\\combining function\" is an absolute disjunction, there\nis no gain in modeling more than one instance from\nany bag. This bias prevents it from trying to cover as\nmany instances in a positive bag while still not cover-\ning any negatives, and leads to lower recall on the test\nset. This also indicates that there is often more than\none positive instance in any positive bag.\n"],"Page":6,"Number":2,"Type":"Figure","CaptionBB":[75,345,751,405],"Height":1100,"Width":850,"DPI":100,"ImageBB":[79,98,747,342]}