{"Caption":"(right) on graphs ✤✥✠★✧ Figure 11: DSA-A (left), DSA-B (middle) and DSA-C                         and 5 colors. ","ImageText":[{"Text":"400","TextBB":[468.182,76.8938,476.037,81.2498],"Rotation":0},{"Text":"100","TextBB":[468.182,106.02,476.037,110.376],"Rotation":0},{"Text":"10","TextBB":[672.875,172.263,678.034,176.555],"Rotation":0},{"Text":"steps","TextBB":[687.997,175.406,702.782,181.128],"Rotation":0},{"Text":"100","TextBB":[709.928,172.263,717.667,176.555],"Rotation":0},{"Text":"1000","TextBB":[747,172.263,757.318,176.555],"Rotation":0},{"Text":"p=0.6","TextBB":[642.627,226.093,658.394,231.857],"Rotation":0},{"Text":"p=0.3","TextBB":[576.258,236.371,592.026,242.136],"Rotation":0},{"Text":"10","TextBB":[593.072,279.601,598.27,283.924],"Rotation":0},{"Text":"100","TextBB":[630.4,279.601,638.196,283.924],"Rotation":0},{"Text":"steps","TextBB":[612.05,283.091,626.945,288.855],"Rotation":0},{"Text":"1000","TextBB":[667.75,279.601,678.145,283.924],"Rotation":0},{"Text":"1","TextBB":[633.782,168.933,636.362,173.224],"Rotation":0},{"Text":"1","TextBB":[635.824,172.263,638.403,176.555],"Rotation":0},{"Text":"1000","TextBB":[588.332,172.385,598.805,176.741],"Rotation":0},{"Text":"p=0.95","TextBB":[633.365,205.21,652.597,210.975],"Rotation":0},{"Text":"1","TextBB":[553.689,276.247,556.288,280.57],"Rotation":0},{"Text":"1","TextBB":[555.744,279.601,558.343,283.924],"Rotation":0},{"Text":"100","TextBB":[550.701,172.385,558.556,176.741],"Rotation":0},{"Text":"steps","TextBB":[527.112,175.379,542.119,181.187],"Rotation":0},{"Text":"p=0.05","TextBB":[602.247,253.899,621.48,259.664],"Rotation":0},{"Text":"10","TextBB":[513.093,172.385,518.33,176.741],"Rotation":0},{"Text":"1000","TextBB":[545.899,184.82,556.294,189.144],"Rotation":0},{"Text":"p=0.6","TextBB":[653.822,151.8,669.473,157.522],"Rotation":0},{"Text":"100","TextBB":[548.496,215.288,556.292,219.612],"Rotation":0},{"Text":"1","TextBB":[475.485,172.385,478.103,176.741],"Rotation":0},{"Text":"p=0.95","TextBB":[556.479,148.017,575.856,153.825],"Rotation":0},{"Text":"p=0.6","TextBB":[493.188,151.222,509.074,157.03],"Rotation":0},{"Text":"p=0.95","TextBB":[723.673,128.108,742.764,133.83],"Rotation":0},{"Text":"p=0.3","TextBB":[642.975,130.685,658.626,136.407],"Rotation":0},{"Text":"10","TextBB":[631.206,138.669,636.365,142.96],"Rotation":0},{"Text":"10","TextBB":[551.092,245.756,556.289,250.08],"Rotation":0},{"Text":"p=0.05","TextBB":[707.564,107.767,726.654,113.489],"Rotation":0},{"Text":"100","TextBB":[628.628,108.426,636.367,112.717],"Rotation":0},{"Text":"p=0.3","TextBB":[480.281,136.179,496.167,141.987],"Rotation":0},{"Text":"violations","TextBB":[541.338,219.654,547.103,245.629],"Rotation":3},{"Text":"p=0.05","TextBB":[547.169,107.924,566.546,113.732],"Rotation":0},{"Text":"10","TextBB":[470.799,154.42,476.035,158.776],"Rotation":0},{"Text":"1000","TextBB":[626.05,78.1827,636.368,82.4743],"Rotation":0},{"Text":"violations","TextBB":[461.864,111.596,467.672,137.767],"Rotation":3},{"Text":"violations","TextBB":[620.426,112.264,626.149,138.047],"Rotation":3}],"Mention":["Graphs The anytime performance of DSAs on random\ngraphs in principle follows similar patterns as those on grids.\nAgain, DSA-C and DSA-E are not very competitive on\ngraphs, so we do not include their results here. In Figures 10\nand 11, we show the results of DSA-A, DSA-B and DSA-\nC on random graphs. The anytime performance of DSA on\ngraphs have similar behavior as that on grids.\nIn summary, a balance between the inherited aggressive-\nness of a DSA algorithm and its degree of parallelism must\nbe maintained in order to achieve a good anytime perfor-\nmance as well as a good final solution quality. The more\n"],"Page":6,"Number":11,"Type":"Figure","CaptionBB":[442,307,774,337],"Height":1100,"Width":850,"DPI":100,"ImageBB":[459,74,759,291]}