{"Type":"Figure",
"Number": 1,
"Page": 4,
"DPI": 100,
"Width": 826,
"Height": 1169,
"CaptionBB": [442,225,775,285],
"Caption": "Figure 1: Scalability of PAWS and RSAPS variants on flat problems. The problems are ordered by hardness. The N - m and N -h stand for the median and hard instances of the flatN series. ",
"ImageBB": [444,76,773,209],
"ImageText" : [
{"Rotation": 0,"TextBB": [473.014,78.5969,475.517,82.7615], "Text": "7"},
	{"Rotation": 0,"TextBB": [647.252,78.5969,649.755,82.7615], "Text": "7"},
	{"Rotation": 0,"TextBB": [497.889,78.838,517.778,85.0849], "Text": "PAWS"},
	{"Rotation": 0,"TextBB": [519.655,78.838,550.052,85.0849], "Text": "Scalability"},
	{"Rotation": 0,"TextBB": [460.295,81.1452,463.671,87.3921], "Text": "x"},
	{"Rotation": 0,"TextBB": [465.549,81.1452,473.059,87.3921], "Text": "10"},
	{"Rotation": 0,"TextBB": [628.849,86.6605,632.604,92.9074], "Text": "6"},
	{"Rotation": 0,"TextBB": [487.139,102.055,499.752,110.801], "Text": "SS"},
	{"Rotation": 0,"TextBB": [487.139,112.635,500.272,121.38], "Text": "SC"},
	{"Rotation": 0,"TextBB": [487.139,123.159,500.272,131.905], "Text": "CS"},
	{"Rotation": 0,"TextBB": [487.139,133.739,500.792,142.485], "Text": "CC"},
	{"Rotation": 0,"TextBB": [454.611,103.375,458.365,109.622], "Text": "5"},
	{"Rotation": 0,"TextBB": [454.611,120.09,458.365,126.337], "Text": "4"},
	{"Rotation": 0,"TextBB": [454.611,136.805,458.365,143.051], "Text": "3"},
	{"Rotation": 0,"TextBB": [454.611,170.234,458.365,176.481], "Text": "1"},
	{"Rotation": 0,"TextBB": [628.849,170.234,632.604,176.481], "Text": "1"},
	{"Rotation": 0,"TextBB": [454.611,186.949,458.365,193.196], "Text": "0"},
	{"Rotation": 0,"TextBB": [449.883,192.689,470.717,198.936], "Text": "100−m"},
	{"Rotation": 0,"TextBB": [476.278,192.689,495.241,198.936], "Text": "100−h"},
	{"Rotation": 0,"TextBB": [500.759,192.689,521.593,198.936], "Text": "200−m"},
	{"Rotation": 0,"TextBB": [527.097,192.689,546.061,198.936], "Text": "200−h"},
	{"Rotation": 0,"TextBB": [551.578,192.689,572.413,198.936], "Text": "450−m"},
	{"Rotation": 0,"TextBB": [577.973,192.689,596.936,198.936], "Text": "450−h"},
	{"Rotation": 0,"TextBB": [491.698,200.737,516.841,206.984], "Text": "Problem"},
	{"Rotation": 0,"TextBB": [518.718,200.737,528.099,206.984], "Text": "(by"},
	{"Rotation": 0,"TextBB": [529.976,200.737,556.618,206.984], "Text": "difficulty)"},
	{"Rotation": 0,"TextBB": [628.849,186.949,632.604,193.196], "Text": "0"},
	{"Rotation": 0,"TextBB": [624.121,192.689,644.956,198.936], "Text": "100−m"},
	{"Rotation": 0,"TextBB": [650.516,192.689,669.479,198.936], "Text": "100−h"},
	{"Rotation": 0,"TextBB": [674.997,192.689,695.831,198.936], "Text": "200−m"},
	{"Rotation": 0,"TextBB": [701.391,192.689,720.355,198.936], "Text": "200−h"},
	{"Rotation": 0,"TextBB": [725.872,192.689,746.707,198.936], "Text": "450−m"},
	{"Rotation": 0,"TextBB": [752.267,192.689,771.231,198.936], "Text": "450−h"},
	{"Rotation": 0,"TextBB": [665.936,200.737,691.079,206.984], "Text": "Problem"},
	{"Rotation": 0,"TextBB": [692.956,200.737,702.337,206.984], "Text": "(by"},
	{"Rotation": 0,"TextBB": [704.214,200.737,730.856,206.984], "Text": "difficulty)"},
	{"Rotation": 0,"TextBB": [628.849,136.805,632.604,143.051], "Text": "3"},
	{"Rotation": 0,"TextBB": [628.849,153.519,632.604,159.766], "Text": "2"},
	{"Rotation": 0,"TextBB": [661.377,102.055,673.99,110.801], "Text": "SS"},
	{"Rotation": 0,"TextBB": [661.377,112.635,674.51,121.38], "Text": "SC"},
	{"Rotation": 0,"TextBB": [661.377,123.159,674.51,131.905], "Text": "CS"},
	{"Rotation": 0,"TextBB": [661.377,133.739,675.03,142.485], "Text": "CC"},
	{"Rotation": 0,"TextBB": [628.849,120.09,632.604,126.337], "Text": "4"},
	{"Rotation": 0,"TextBB": [454.611,153.519,458.365,159.766], "Text": "2"},
	{"Rotation": 0,"TextBB": [673.084,78.838,691.102,85.0849], "Text": "SAPS"},
	{"Rotation": 0,"TextBB": [692.979,78.838,723.376,85.0849], "Text": "Scalability"},
	{"Rotation": 0,"TextBB": [634.533,81.1452,637.91,87.3921], "Text": "x"},
	{"Rotation": 0,"TextBB": [639.787,81.1452,647.297,87.3921], "Text": "10"},
	{"Rotation": 0,"TextBB": [628.849,103.375,632.604,109.622], "Text": "5"},
	{"Rotation": 3,"TextBB": [620.904,132.068,627.151,146.325], "Text": "Flips"},
	{"Rotation": 0,"TextBB": [454.611,86.6605,458.365,92.9074], "Text": "6"},
	{"Rotation": 3,"TextBB": [446.666,132.068,452.913,146.325], "Text": "Flips"}
]}
