{"Caption":" Figure 4. The real data distribution (dashed line) vs. the estimated data distribution (solid line) for motion tracking ","ImageText":[{"Text":"(a)","TextBB":[111.59,270.8,127.127,282.507],"Rotation":0},{"Text":"L","TextBB":[133.239,270.109,141.016,282.895],"Rotation":0},{"Text":"1","TextBB":[140.233,277.767,144.4,285.343],"Rotation":0},{"Text":"(0.0997)","TextBB":[146.894,270.8,193.739,282.507],"Rotation":0},{"Text":"(b)","TextBB":[273.465,270.8,288.671,282.507],"Rotation":0},{"Text":"L","TextBB":[295.106,270.109,302.884,282.895],"Rotation":0},{"Text":"2","TextBB":[302.767,277.767,306.934,285.343],"Rotation":0},{"Text":"(0.0765)","TextBB":[310.094,270.8,356.606,282.507],"Rotation":0},{"Text":"(c)","TextBB":[107.932,419.679,122.823,431.386],"Rotation":0},{"Text":"Cauchy","TextBB":[126.305,419.679,168.565,431.386],"Rotation":0},{"Text":"a","TextBB":[105.928,435.689,112.173,447.105],"Rotation":0},{"Text":"=","TextBB":[115.586,432.554,122.443,448.791],"Rotation":0},{"Text":"7","TextBB":[125.578,435.752,131.823,447.105],"Rotation":0},{"Text":".","TextBB":[131.573,435.752,134.695,447.105],"Rotation":0},{"Text":"1","TextBB":[134.904,435.752,141.149,447.105],"Rotation":0},{"Text":"(0.0790)","TextBB":[143.563,434.999,190.408,446.706],"Rotation":0},{"Text":"(d)","TextBB":[220.529,419.679,235.754,431.386],"Rotation":0},{"Text":"Generalized","TextBB":[239.219,419.679,306.805,431.386],"Rotation":0},{"Text":"geometric","TextBB":[310.093,419.679,365.073,431.386],"Rotation":0},{"Text":"Mean","TextBB":[224.833,434.999,256.515,446.706],"Rotation":0},{"Text":"with","TextBB":[259.804,434.999,282.161,446.706],"Rotation":0},{"Text":"r","TextBB":[284.448,434.697,289.858,447.41],"Rotation":0},{"Text":"=","TextBB":[294.44,431.206,302.076,449.288],"Rotation":0},{"Text":"7","TextBB":[305.431,434.734,312.409,447.42],"Rotation":0},{"Text":".","TextBB":[312.426,434.734,315.915,447.42],"Rotation":0},{"Text":"0","TextBB":[316.089,434.734,323.067,447.42],"Rotation":0},{"Text":"(0.0712)","TextBB":[329.745,434.999,376.258,446.706],"Rotation":0}],"Mention":["In figure 4, we display the fit between the real data \ndistribution and the four distance metrics. The real data \ndistribution is calculated using the template around points in the \nground truth data set considering sequential frames. The best fit \n"],"Page":6,"Number":4,"Type":"Figure","CaptionBB":[63,457,408,486],"Height":1100,"Width":850,"DPI":100,"ImageBB":[59,139,397,449]}