{"Caption":"Figure 2: PER performance of various soft-demodulation schemes versus SNR for (a) a synthetic MIMO channel, (b) a measured MIMO channel. ","ImageText":[{"Text":"(a)","TextBB":[103.569,104.724,115.214,115.328],"Rotation":0},{"Text":"10","TextBB":[122.954,106.995,132.124,117.599],"Rotation":0},{"Text":"0","TextBB":[132.139,102.571,135.96,113.392],"Rotation":0},{"Text":"PER","TextBB":[112.46,170.168,123.064,189.515],"Rotation":3},{"Text":"M","TextBB":[149.831,144.063,159.287,157.044],"Rotation":0},{"Text":"T","TextBB":[159.306,147.866,164.084,158.687],"Rotation":0},{"Text":"=","TextBB":[168.153,146.44,175.342,157.045],"Rotation":0},{"Text":"M","TextBB":[178.107,144.064,187.563,157.045],"Rotation":0},{"Text":"R","TextBB":[187.585,147.866,193.787,158.687],"Rotation":0},{"Text":"=","TextBB":[196.818,146.44,204.008,157.045],"Rotation":0},{"Text":"4","TextBB":[206.775,146.44,211.358,157.045],"Rotation":0},{"Text":"10","TextBB":[122.954,156.108,132.125,166.713],"Rotation":0},{"Text":"−1","TextBB":[132.139,151.685,142.435,162.505],"Rotation":0},{"Text":"L","TextBB":[150.363,158.325,157.014,171.305],"Rotation":0},{"Text":"=","TextBB":[159.788,160.701,166.978,171.305],"Rotation":0},{"Text":"3","TextBB":[169.745,160.701,174.328,171.305],"Rotation":0},{"Text":"K","TextBB":[188.054,158.325,196.372,171.305],"Rotation":0},{"Text":"=","TextBB":[199.843,160.701,207.032,171.305],"Rotation":0},{"Text":"128","TextBB":[209.799,160.701,223.557,171.305],"Rotation":0},{"Text":"synthetic","TextBB":[150.363,173.269,186.474,183.873],"Rotation":0},{"Text":"channel","TextBB":[189.467,173.269,219.746,183.873],"Rotation":0},{"Text":"ZF","TextBB":[174.388,192.654,186,203.258],"Rotation":0},{"Text":"10","TextBB":[124.115,212.086,133.285,222.69],"Rotation":0},{"Text":"−2","TextBB":[133.299,207.663,143.596,218.484],"Rotation":0},{"Text":"MMSE","TextBB":[173.228,208.026,201.635,218.63],"Rotation":0},{"Text":"SSPA-Z","TextBB":[173.228,223.495,204.518,234.099],"Rotation":0},{"Text":"SSPA-M","TextBB":[173.228,237.223,207.384,247.827],"Rotation":0},{"Text":"LFPSD","TextBB":[173.228,252.064,203.431,262.668],"Rotation":0},{"Text":"0","TextBB":[142.387,270.336,146.97,280.94],"Rotation":0},{"Text":"2","TextBB":[169.162,270.336,173.746,280.94],"Rotation":0},{"Text":"4","TextBB":[198.364,270.337,202.948,280.941],"Rotation":0},{"Text":"6","TextBB":[225.71,270.336,230.293,280.94],"Rotation":0},{"Text":"8","TextBB":[254.816,270.336,259.399,280.94],"Rotation":0},{"Text":"10","TextBB":[280.586,270.337,289.756,280.941],"Rotation":0},{"Text":"SNR","TextBB":[240.613,284.018,259.433,294.622],"Rotation":0},{"Text":"[dB]","TextBB":[262.398,284.018,279.045,294.622],"Rotation":0},{"Text":"12","TextBB":[307.936,270.337,317.107,280.941],"Rotation":0},{"Text":"14","TextBB":[334.234,270.336,343.404,280.94],"Rotation":0},{"Text":"16","TextBB":[362.744,270.336,371.915,280.94],"Rotation":0},{"Text":"(b)","TextBB":[103.548,317.149,115.78,327.796],"Rotation":0},{"Text":"10","TextBB":[121.894,318.268,131.102,328.915],"Rotation":0},{"Text":"0","TextBB":[131.117,313.825,134.953,324.69],"Rotation":0},{"Text":"PER","TextBB":[111.31,383.979,121.958,403.406],"Rotation":3},{"Text":"M","TextBB":[148.834,355.488,158.329,368.522],"Rotation":0},{"Text":"T","TextBB":[158.347,359.306,163.145,370.171],"Rotation":0},{"Text":"=","TextBB":[167.278,357.874,174.497,368.522],"Rotation":0},{"Text":"M","TextBB":[177.274,355.488,186.768,368.522],"Rotation":0},{"Text":"R","TextBB":[186.791,359.306,193.018,370.171],"Rotation":0},{"Text":"=","TextBB":[196.062,357.874,203.281,368.522],"Rotation":0},{"Text":"4","TextBB":[206.059,357.874,210.661,368.522],"Rotation":0},{"Text":"10","TextBB":[121.895,367.582,131.103,378.23],"Rotation":0},{"Text":"−1","TextBB":[131.117,363.14,141.456,374.005],"Rotation":0},{"Text":"L","TextBB":[149.417,369.806,156.094,382.84],"Rotation":0},{"Text":"=","TextBB":[158.88,372.192,166.099,382.84],"Rotation":0},{"Text":"20","TextBB":[168.877,372.192,178.085,382.84],"Rotation":0},{"Text":"K","TextBB":[186.089,369.806,194.441,382.84],"Rotation":0},{"Text":"=","TextBB":[197.926,372.192,205.145,382.84],"Rotation":0},{"Text":"128","TextBB":[207.923,372.192,221.737,382.84],"Rotation":0},{"Text":"measured","TextBB":[149.417,384.813,187.28,395.461],"Rotation":0},{"Text":"channel","TextBB":[190.311,384.813,220.721,395.461],"Rotation":0},{"Text":"ZF","TextBB":[173.49,404.276,185.15,414.924],"Rotation":0},{"Text":"10","TextBB":[123.011,423.79,132.219,434.438],"Rotation":0},{"Text":"−2","TextBB":[132.233,419.348,142.572,430.213],"Rotation":0},{"Text":"MMSE","TextBB":[172.375,419.712,200.899,430.359],"Rotation":0},{"Text":"SSPA-Z","TextBB":[172.326,435.244,203.745,445.892],"Rotation":0},{"Text":"SSPA-M","TextBB":[172.326,449.029,206.623,459.677],"Rotation":0},{"Text":"LFPSD","TextBB":[172.326,463.931,202.653,474.579],"Rotation":0},{"Text":"0","TextBB":[141.359,482.279,145.961,492.927],"Rotation":0},{"Text":"2","TextBB":[168.244,482.279,172.846,492.927],"Rotation":0},{"Text":"4","TextBB":[197.566,482.279,202.168,492.926],"Rotation":0},{"Text":"6","TextBB":[225.024,482.279,229.626,492.927],"Rotation":0},{"Text":"10","TextBB":[280.125,482.279,289.333,492.926],"Rotation":0},{"Text":"8","TextBB":[254.249,482.279,258.851,492.927],"Rotation":0},{"Text":"SNR","TextBB":[239.989,496.015,258.904,506.663],"Rotation":0},{"Text":"[dB]","TextBB":[261.929,496.015,278.587,506.663],"Rotation":0},{"Text":"12","TextBB":[307.636,482.279,316.844,492.926],"Rotation":0},{"Text":"14","TextBB":[333.992,482.279,343.2,492.927],"Rotation":0},{"Text":"16","TextBB":[362.668,482.279,371.876,492.927],"Rotation":0}],"Mention":["Synthetic Channel. We ﬁrst consider a synthetic MIMO chan-\nnel with L = 3. The channel taps H[l] are spatially and temporally\ni.i.d. The PER obtained with the different soft demodulation algo-\nrithms versus SNR is shown in Fig. 2(a). For a PER of 10−2, SSPA-\nM achieves virtually the same performance as LFPSD and SSPA-Z\nperforms less than 1 dB worse. ZF-based and MMSE-based demod-\nulation perform more than, respectively, 8 dB and 2dB worse than\ntheir SSPA counterparts. In contrast to ZF\/MMSE-based demodu-\nlation, SSPA-M apparently does not incur any diversity loss.\n","line of sight. The channel data comprised 4452 impulse response\nsnapshots of length L= 20. Fig. 2(b) again shows PER versus SNR\nfor the various soft demodulators. While in general PER perfor-\nmance for the measured channel (speciﬁcally the coding gain) is\nsomewhat poorer, the relations of the individual algorithms to each\nother are quite similar to the synthetic case. To achieve a PER of\n10−2, an SNR of about 9.5 dB, 11.3 dB, 12.8 dB, 13.3 dB, and 20 dB\nis required for LFPSD, SSPA-M, SSPA-Z, MMSE, and ZF, respec-\ntively. The gap between SSPA-M and LFPSD now is larger, which\ncan be attributed to spatial channel correlations that reduce the qual-\nity of the IBC approximation underlying the SSPA.\n"],"Page":4,"Number":2,"Type":"Figure","CaptionBB":[80,512,417,538],"Height":1100,"Width":850,"DPI":100,"ImageBB":[102,98,374,508]}