{"Type":"Figure",
"Number": 4,
"Page": 6,
"DPI": 100,
"Width": 850,
"Height": 1100,
"CaptionBB": [73,263,774,296],
"Caption": "Figure 4: Performance profiles: The multiagent tiger game using the (a) level 1, and (b) level 2 belief as the prior for agent i. The multiagent MM using the (c) level 1, and (d) level 2 belief as i’s prior. ",
"ImageBB": [75,72,771,255],
"ImageText" : [
{"Rotation": 0,"TextBB": [89.9826,131.927,99.8167,140.352], "Text": "-10"},
	{"Rotation": 0,"TextBB": [89.9826,146.559,99.8167,154.984], "Text": "-15"},
	{"Rotation": 0,"TextBB": [89.9826,161.191,99.8167,169.616], "Text": "-20"},
	{"Rotation": 0,"TextBB": [268.432,131.927,278.266,140.352], "Text": "-10"},
	{"Rotation": 0,"TextBB": [268.432,146.559,278.266,154.984], "Text": "-15"},
	{"Rotation": 0,"TextBB": [268.432,161.191,278.266,169.616], "Text": "-20"},
	{"Rotation": 0,"TextBB": [89.9826,175.823,99.8167,184.248], "Text": "-25"},
	{"Rotation": 0,"TextBB": [268.432,175.823,278.266,184.248], "Text": "-25"},
	{"Rotation": 0,"TextBB": [89.9826,190.455,99.8167,198.88], "Text": "-30"},
	{"Rotation": 0,"TextBB": [268.432,190.455,278.266,198.88], "Text": "-30"},
	{"Rotation": 0,"TextBB": [102.954,197.26,106.738,205.685], "Text": "1"},
	{"Rotation": 0,"TextBB": [136.986,197.26,144.553,205.685], "Text": "10"},
	{"Rotation": 0,"TextBB": [170.968,197.26,182.32,205.685], "Text": "100"},
	{"Rotation": 0,"TextBB": [205,197.26,220.136,205.685], "Text": "1000"},
	{"Rotation": 0,"TextBB": [452.741,106.989,456.524,115.415], "Text": "1"},
	{"Rotation": 0,"TextBB": [447.066,125.121,456.525,133.547], "Text": "0.5"},
	{"Rotation": 0,"TextBB": [452.741,143.253,456.524,151.678], "Text": "0"},
	{"Rotation": 0,"TextBB": [444.799,161.434,456.525,169.859], "Text": "-0.5"},
	{"Rotation": 0,"TextBB": [450.475,179.566,456.525,187.991], "Text": "-1"},
	{"Rotation": 0,"TextBB": [281.404,197.26,285.188,205.685], "Text": "1"},
	{"Rotation": 0,"TextBB": [337.213,197.26,344.781,205.685], "Text": "10"},
	{"Rotation": 0,"TextBB": [141.562,207.468,152.152,215.894], "Text": "No."},
	{"Rotation": 0,"TextBB": [154.044,207.468,159.72,215.894], "Text": "of"},
	{"Rotation": 0,"TextBB": [161.612,207.468,187.704,215.894], "Text": "Particles"},
	{"Rotation": 0,"TextBB": [189.596,207.468,199.042,215.894], "Text": "(N)"},
	{"Rotation": 0,"TextBB": [97.8364,221.08,129.421,229.505], "Text": "H=2:Exact"},
	{"Rotation": 0,"TextBB": [93.2971,227.885,129.421,236.31], "Text": "H=2:Approx"},
	{"Rotation": 0,"TextBB": [631.203,106.989,634.987,115.415], "Text": "1"},
	{"Rotation": 3,"TextBB": [606.918,144.186,615.344,172.558], "Text": "Expected"},
	{"Rotation": 3,"TextBB": [606.918,118.849,615.344,142.294], "Text": "Reward"},
	{"Rotation": 0,"TextBB": [274.482,102.712,278.266,111.137], "Text": "0"},
	{"Rotation": 0,"TextBB": [272.217,117.343,278.267,125.769], "Text": "-5"},
	{"Rotation": 3,"TextBB": [428.456,144.186,436.881,172.558], "Text": "Expected"},
	{"Rotation": 3,"TextBB": [428.456,118.849,436.881,142.294], "Text": "Reward"},
	{"Rotation": 0,"TextBB": [96.0328,102.712,99.8167,111.137], "Text": "0"},
	{"Rotation": 0,"TextBB": [93.7665,117.343,99.8167,125.769], "Text": "-5"},
	{"Rotation": 3,"TextBB": [254.281,144.186,262.706,172.558], "Text": "Expected"},
	{"Rotation": 3,"TextBB": [254.281,118.849,262.706,142.294], "Text": "Reward"},
	{"Rotation": 3,"TextBB": [75.8308,144.186,84.2561,172.558], "Text": "Expected"},
	{"Rotation": 3,"TextBB": [75.8308,118.849,84.2561,142.294], "Text": "Reward"},
	{"Rotation": 0,"TextBB": [393.071,197.26,404.423,205.685], "Text": "100"},
	{"Rotation": 0,"TextBB": [276.286,221.08,307.871,229.505], "Text": "H=2:Exact"},
	{"Rotation": 0,"TextBB": [271.747,227.885,307.871,236.31], "Text": "H=2:Approx"},
	{"Rotation": 0,"TextBB": [155.8,237.977,171.145,254.651], "Text": "(a)"},
	{"Rotation": 0,"TextBB": [631.203,143.253,634.987,151.678], "Text": "0"},
	{"Rotation": 0,"TextBB": [623.261,161.434,634.987,169.859], "Text": "-0.5"},
	{"Rotation": 0,"TextBB": [628.938,179.566,634.988,187.991], "Text": "-1"},
	{"Rotation": 0,"TextBB": [459.663,197.26,463.447,205.685], "Text": "1"},
	{"Rotation": 0,"TextBB": [320.012,207.468,330.602,215.894], "Text": "No."},
	{"Rotation": 0,"TextBB": [332.494,207.468,338.17,215.894], "Text": "of"},
	{"Rotation": 0,"TextBB": [340.062,207.468,366.154,215.894], "Text": "Particles"},
	{"Rotation": 0,"TextBB": [368.046,207.468,377.492,215.894], "Text": "(N)"},
	{"Rotation": 0,"TextBB": [177.169,221.08,208.754,229.505], "Text": "H=3:Exact"},
	{"Rotation": 0,"TextBB": [172.631,227.885,208.754,236.31], "Text": "H=3:Approx"},
	{"Rotation": 0,"TextBB": [625.528,125.121,634.988,133.547], "Text": "0.5"},
	{"Rotation": 0,"TextBB": [489.95,197.26,497.518,205.685], "Text": "10"},
	{"Rotation": 0,"TextBB": [520.239,197.26,531.591,205.685], "Text": "100"},
	{"Rotation": 0,"TextBB": [550.528,197.26,565.664,205.685], "Text": "1000"},
	{"Rotation": 0,"TextBB": [580.817,197.26,599.736,205.685], "Text": "10000"},
	{"Rotation": 0,"TextBB": [638.125,197.26,641.909,205.685], "Text": "1"},
	{"Rotation": 0,"TextBB": [496.229,207.468,506.819,215.894], "Text": "No."},
	{"Rotation": 0,"TextBB": [508.711,207.468,514.386,215.894], "Text": "of"},
	{"Rotation": 0,"TextBB": [516.278,207.468,542.371,215.894], "Text": "Particles"},
	{"Rotation": 0,"TextBB": [544.263,207.468,553.709,215.894], "Text": "(N)"},
	{"Rotation": 0,"TextBB": [355.619,221.08,387.204,229.505], "Text": "H=3:Exact"},
	{"Rotation": 0,"TextBB": [351.081,227.885,387.204,236.31], "Text": "H=3:Approx"},
	{"Rotation": 0,"TextBB": [450.461,221.08,482.046,229.505], "Text": "H=2:Exact"},
	{"Rotation": 0,"TextBB": [445.922,227.885,482.046,236.31], "Text": "H=2:Approx"},
	{"Rotation": 0,"TextBB": [328.058,237.977,344.178,254.651], "Text": "(b)"},
	{"Rotation": 0,"TextBB": [529.794,221.08,561.379,229.505], "Text": "H=3:Exact"},
	{"Rotation": 0,"TextBB": [525.256,227.885,561.379,236.31], "Text": "H=3:Approx"},
	{"Rotation": 0,"TextBB": [692.184,197.26,699.751,205.685], "Text": "10"},
	{"Rotation": 0,"TextBB": [746.243,197.26,757.595,205.685], "Text": "100"},
	{"Rotation": 0,"TextBB": [674.692,207.468,685.281,215.894], "Text": "No."},
	{"Rotation": 0,"TextBB": [687.173,207.468,692.849,215.894], "Text": "of"},
	{"Rotation": 0,"TextBB": [694.741,207.468,720.833,215.894], "Text": "Particles"},
	{"Rotation": 0,"TextBB": [722.725,207.468,732.171,215.894], "Text": "(N)"},
	{"Rotation": 0,"TextBB": [628.924,221.08,660.508,229.505], "Text": "H=2:Exact"},
	{"Rotation": 0,"TextBB": [624.385,227.885,660.509,236.31], "Text": "H=2:Approx"},
	{"Rotation": 0,"TextBB": [508.425,237.977,523.77,254.651], "Text": "(c)"},
	{"Rotation": 0,"TextBB": [708.257,221.08,739.842,229.505], "Text": "H=3:Exact"},
	{"Rotation": 0,"TextBB": [703.718,227.885,739.842,236.31], "Text": "H=3:Approx"},
	{"Rotation": 0,"TextBB": [680.683,237.977,696.803,254.651], "Text": "(d)"}
]}
