{"Caption":"Figure 7: Asymptotic power for PIM alternatives, with different choices of η and 18 binary covariates: The three rows corresponds to three levels of Factor 1, the columns corresponds to the levels of Factor 2 and Factor 3 is set to be 2. Solid lines denote power curves based on diffuse interaction model fitting and dashed lines denote power curves based on pairwise interaction model fitting. ","ImageText":[{"Text":"20","Rotation":0,"TextBB":[328.085,399.567,334.263,404.706]},{"Text":"1.0","Rotation":3,"TextBB":[540.15,317.889,545.289,325.611]},{"Text":"0.8","Rotation":3,"TextBB":[540.15,331.333,545.289,339.055]},{"Text":"0.2","Rotation":3,"TextBB":[540.15,371.674,545.289,379.396]},{"Text":"0.0","Rotation":3,"TextBB":[540.15,385.125,545.289,392.847]},{"Text":"0","Rotation":0,"TextBB":[380.483,399.567,383.572,404.706]},{"Text":"5","Rotation":0,"TextBB":[411.518,399.567,414.607,404.706]},{"Text":"10","Rotation":0,"TextBB":[441.008,399.567,447.186,404.706]},{"Text":"15","Rotation":0,"TextBB":[472.05,399.567,478.228,404.706]},{"Text":"20","Rotation":0,"TextBB":[503.085,399.567,509.263,404.706]},{"Text":"0","Rotation":0,"TextBB":[555.483,399.567,558.572,404.706]},{"Text":"medium","Rotation":0,"TextBB":[430.786,436.368,457.411,442.792]},{"Text":"high","Rotation":0,"TextBB":[611.768,436.368,626.428,442.792]},{"Text":"20","Rotation":0,"TextBB":[328.085,532.9,334.263,538.039]},{"Text":"15","Rotation":0,"TextBB":[472.05,532.9,478.228,538.039]},{"Text":"20","Rotation":0,"TextBB":[503.085,532.9,509.263,538.039]},{"Text":"0","Rotation":0,"TextBB":[555.483,532.9,558.572,538.039]},{"Text":"5","Rotation":0,"TextBB":[586.518,532.9,589.607,538.039]},{"Text":"10","Rotation":0,"TextBB":[616.008,532.9,622.186,538.039]},{"Text":"high","Rotation":0,"TextBB":[611.768,569.701,626.428,576.125]},{"Text":"∆","Rotation":0,"TextBB":[267.403,679.132,270.803,686.371]},{"Text":"0.8","Rotation":3,"TextBB":[540.15,598,545.289,605.722]},{"Text":"0.6","Rotation":3,"TextBB":[540.15,611.452,545.289,619.174]},{"Text":"high","Rotation":3,"TextBB":[526.949,616.785,532.087,627.285]},{"Text":"0.0","Rotation":3,"TextBB":[540.15,651.792,545.289,659.514]},{"Text":"0.2","Rotation":3,"TextBB":[540.15,638.341,545.289,646.063]},{"Text":"0.4","Rotation":3,"TextBB":[540.15,624.896,545.289,632.618]},{"Text":"0.8","Rotation":3,"TextBB":[365.15,598,370.289,605.722]},{"Text":"0.6","Rotation":3,"TextBB":[365.15,611.452,370.289,619.174]},{"Text":"0.4","Rotation":3,"TextBB":[365.15,624.896,370.289,632.618]},{"Text":"0.0","Rotation":3,"TextBB":[365.15,651.792,370.289,659.514]},{"Text":"0.2","Rotation":3,"TextBB":[365.15,638.341,370.289,646.063]},{"Text":"0.4","Rotation":3,"TextBB":[190.15,624.896,195.289,632.618]},{"Text":"high","Rotation":3,"TextBB":[351.949,616.785,357.087,627.285]},{"Text":"0.6","Rotation":3,"TextBB":[190.15,611.452,195.289,619.174]},{"Text":"0.8","Rotation":3,"TextBB":[190.15,598,195.289,605.722]},{"Text":"1.0","Rotation":3,"TextBB":[540.15,584.556,545.289,592.278]},{"Text":"medium","Rotation":0,"TextBB":[430.786,569.701,457.411,576.125]},{"Text":"1.0","Rotation":3,"TextBB":[365.15,584.556,370.289,592.278]},{"Text":"low","Rotation":0,"TextBB":[263.31,569.701,274.886,576.125]},{"Text":"20","Rotation":0,"TextBB":[328.085,666.233,334.263,671.372]},{"Text":"20","Rotation":0,"TextBB":[678.085,666.233,684.263,671.372]},{"Text":"0.8","Rotation":3,"TextBB":[540.15,464.667,545.289,472.389]},{"Text":"10","Rotation":0,"TextBB":[441.008,532.9,447.186,538.039]},{"Text":"∆","Rotation":0,"TextBB":[617.403,545.798,620.803,553.037]},{"Text":"15","Rotation":0,"TextBB":[297.05,666.233,303.228,671.372]},{"Text":"15","Rotation":0,"TextBB":[647.05,666.233,653.228,671.372]},{"Text":"0.2","Rotation":3,"TextBB":[540.15,505.007,545.289,512.73]},{"Text":"5","Rotation":0,"TextBB":[411.518,532.9,414.607,538.039]},{"Text":"∆","Rotation":0,"TextBB":[442.403,545.798,445.803,553.037]},{"Text":"10","Rotation":0,"TextBB":[266.008,666.233,272.186,671.372]},{"Text":"20","Rotation":0,"TextBB":[678.085,532.9,684.263,538.039]},{"Text":"0.0","Rotation":3,"TextBB":[540.15,518.458,545.289,526.181]},{"Text":"0","Rotation":0,"TextBB":[380.483,532.9,383.572,538.039]},{"Text":"∆","Rotation":0,"TextBB":[267.403,545.798,270.803,553.037]},{"Text":"0.2","Rotation":3,"TextBB":[190.15,638.341,195.289,646.063]},{"Text":"5","Rotation":0,"TextBB":[236.518,666.233,239.607,671.372]},{"Text":"15","Rotation":0,"TextBB":[647.05,532.9,653.228,538.039]},{"Text":"0.6","Rotation":3,"TextBB":[540.15,478.118,545.289,485.84]},{"Text":"medium","Rotation":3,"TextBB":[526.949,478.822,532.087,498.578]},{"Text":"0.2","Rotation":3,"TextBB":[365.15,505.007,370.289,512.73]},{"Text":"0.0","Rotation":3,"TextBB":[365.15,518.458,370.289,526.181]},{"Text":"15","Rotation":0,"TextBB":[297.05,532.9,303.228,538.039]},{"Text":"20","Rotation":0,"TextBB":[678.085,399.567,684.263,404.706]},{"Text":"0.4","Rotation":3,"TextBB":[540.15,491.563,545.289,499.285]},{"Text":"0.8","Rotation":3,"TextBB":[365.15,464.667,370.289,472.389]},{"Text":"0.6","Rotation":3,"TextBB":[365.15,478.118,370.289,485.84]},{"Text":"medium","Rotation":3,"TextBB":[351.949,478.822,357.087,498.578]},{"Text":"0.4","Rotation":3,"TextBB":[365.15,491.563,370.289,499.285]},{"Text":"0.8","Rotation":3,"TextBB":[190.15,464.667,195.289,472.389]},{"Text":"0.6","Rotation":3,"TextBB":[190.15,478.118,195.289,485.84]},{"Text":"0.4","Rotation":3,"TextBB":[190.15,491.563,195.289,499.285]},{"Text":"10","Rotation":0,"TextBB":[266.008,532.9,272.186,538.039]},{"Text":"15","Rotation":0,"TextBB":[647.05,399.567,653.228,404.706]},{"Text":"1.0","Rotation":3,"TextBB":[540.15,451.223,545.289,458.945]},{"Text":"low","Rotation":0,"TextBB":[263.31,436.368,274.886,442.792]},{"Text":"1.0","Rotation":3,"TextBB":[365.15,451.223,370.289,458.945]},{"Text":"∆","Rotation":0,"TextBB":[617.403,412.465,620.803,419.704]},{"Text":"0.0","Rotation":3,"TextBB":[190.15,651.792,195.289,659.514]},{"Text":"0","Rotation":0,"TextBB":[205.483,666.233,208.572,671.372]},{"Text":"10","Rotation":0,"TextBB":[616.008,399.567,622.186,404.706]},{"Text":"∆","Rotation":0,"TextBB":[442.403,412.465,445.803,419.704]},{"Text":"0.0","Rotation":3,"TextBB":[190.15,518.458,195.289,526.181]},{"Text":"5","Rotation":0,"TextBB":[236.518,532.9,239.607,538.039]},{"Text":"5","Rotation":0,"TextBB":[586.518,399.567,589.607,404.706]},{"Text":"∆","Rotation":0,"TextBB":[267.403,412.465,270.803,419.704]},{"Text":"1.0","Rotation":3,"TextBB":[190.15,584.556,195.289,592.278]},{"Text":"0","Rotation":0,"TextBB":[205.483,532.9,208.572,538.039]},{"Text":"0.6","Rotation":3,"TextBB":[540.15,344.785,545.289,352.507]},{"Text":"low","Rotation":3,"TextBB":[526.949,351.201,532.087,359.535]},{"Text":"0.2","Rotation":3,"TextBB":[365.15,371.674,370.289,379.396]},{"Text":"0.0","Rotation":3,"TextBB":[365.15,385.125,370.289,392.847]},{"Text":"15","Rotation":0,"TextBB":[297.05,399.567,303.228,404.706]},{"Text":"0.4","Rotation":3,"TextBB":[540.15,358.229,545.289,365.952]},{"Text":"0.8","Rotation":3,"TextBB":[365.15,331.333,370.289,339.055]},{"Text":"0.6","Rotation":3,"TextBB":[365.15,344.785,370.289,352.507]},{"Text":"low","Rotation":3,"TextBB":[351.949,351.201,357.087,359.535]},{"Text":"10","Rotation":0,"TextBB":[266.008,399.567,272.186,404.706]},{"Text":"0.2","Rotation":3,"TextBB":[190.15,505.007,195.289,512.73]},{"Text":"medium","Rotation":3,"TextBB":[176.949,478.822,182.087,498.578]},{"Text":"0.4","Rotation":3,"TextBB":[365.15,358.229,370.289,365.952]},{"Text":"0.8","Rotation":3,"TextBB":[190.15,331.333,195.289,339.055]},{"Text":"0.6","Rotation":3,"TextBB":[190.15,344.785,195.289,352.507]},{"Text":"low","Rotation":3,"TextBB":[176.949,351.201,182.087,359.535]},{"Text":"0.4","Rotation":3,"TextBB":[190.15,358.229,195.289,365.952]},{"Text":"0.2","Rotation":3,"TextBB":[190.15,371.674,195.289,379.396]},{"Text":"0.0","Rotation":3,"TextBB":[190.15,385.125,195.289,392.847]},{"Text":"5","Rotation":0,"TextBB":[236.518,399.567,239.607,404.706]},{"Text":"1.0","Rotation":3,"TextBB":[190.15,451.223,195.289,458.945]},{"Text":"0","Rotation":0,"TextBB":[205.483,399.567,208.572,404.706]},{"Text":"high","Rotation":3,"TextBB":[176.949,616.785,182.087,627.285]},{"Text":"high","Rotation":0,"TextBB":[611.768,303.035,626.428,309.458]},{"Text":"1.0","Rotation":3,"TextBB":[365.15,317.889,370.289,325.611]},{"Text":"medium","Rotation":0,"TextBB":[430.786,303.035,457.411,309.458]},{"Text":"1.0","Rotation":3,"TextBB":[190.15,317.889,195.289,325.611]},{"Text":"low","Rotation":0,"TextBB":[263.31,303.035,274.886,309.458]},{"Text":"0","Rotation":0,"TextBB":[380.483,666.233,383.572,671.372]},{"Text":"5","Rotation":0,"TextBB":[411.518,666.233,414.607,671.372]},{"Text":"10","Rotation":0,"TextBB":[441.008,666.233,447.186,671.372]},{"Text":"∆","Rotation":0,"TextBB":[442.403,679.132,445.803,686.371]},{"Text":"15","Rotation":0,"TextBB":[472.05,666.233,478.228,671.372]},{"Text":"20","Rotation":0,"TextBB":[503.085,666.233,509.263,671.372]},{"Text":"0","Rotation":0,"TextBB":[555.483,666.233,558.572,671.372]},{"Text":"5","Rotation":0,"TextBB":[586.518,666.233,589.607,671.372]},{"Text":"10","Rotation":0,"TextBB":[616.008,666.233,622.186,671.372]},{"Text":"∆","Rotation":0,"TextBB":[617.403,679.132,620.803,686.371]}],"Mention":["While Figures 2 through 4 compare the DIM and PIM-based tests across different\nsettings of the primary factors, there are of course numerous secondary factors which\nmight be varied as well. These include the number of covariates and their joint distri-\nbution, as well as the values of the main effect coefficients. As one example, Figures 5\nthrough 7 make comparisons as per Figures 2 through 4, but with the number of co-\nvariates doubled (p = 18 now). Here we see more of a tendency for the DIM-based test\nto compare favourably with the PIM-based test, as we might expect. R code is avail-\n"],"Type":"Figure","Number":7,"Page":18,"CaptionBB":[123,162,750,261],"Height":1100,"Width":850,"DPI":100,"ImageBB":[174,300,689,686]}