{"Caption":"Figure 3: Learning curves. Test and training errors for the (a) ionosphere, (b) breast cancer, (c) sonar, and (d) Pima Indians diabetes data sets. (e) Rate of admissible stumps. (f) Test and training errors for the ionosphere data set with 100 labeled and 251 unlabeled data points. ","ImageText":[{"Text":"(a)","TextBB":[261.813,364.061,277.171,376.515],"Rotation":0},{"Text":"(b)","TextBB":[425.575,364.062,441.708,376.515],"Rotation":0},{"Text":"ionosphere","TextBB":[256.955,382.54,276.743,386.24],"Rotation":0},{"Text":"0.25","TextBB":[179.466,388.542,187.25,392.242],"Rotation":0},{"Text":"(c)","TextBB":[590.125,364.062,605.483,376.515],"Rotation":0},{"Text":"breast","TextBB":[418.884,382.54,430,386.24],"Rotation":0},{"Text":"cancer","TextBB":[431.112,382.54,443.116,386.24],"Rotation":0},{"Text":"training","TextBB":[281.887,392.115,295.003,395.815],"Rotation":0},{"Text":"error","TextBB":[296.115,392.115,304.559,395.815],"Rotation":0},{"Text":"(AdaBoost)","TextBB":[305.671,392.115,325.679,395.815],"Rotation":0},{"Text":"test","TextBB":[288.554,396.116,295.002,399.816],"Rotation":0},{"Text":"error","TextBB":[296.114,396.116,304.558,399.816],"Rotation":0},{"Text":"(AdaBoost)","TextBB":[305.67,396.116,325.678,399.816],"Rotation":0},{"Text":"training","TextBB":[281.667,400.117,294.783,403.817],"Rotation":0},{"Text":"error","TextBB":[295.895,400.117,304.339,403.817],"Rotation":0},{"Text":"(RegBoost)","TextBB":[305.451,400.117,325.679,403.817],"Rotation":0},{"Text":"test","TextBB":[288.335,404.117,294.783,407.817],"Rotation":0},{"Text":"error","TextBB":[295.895,404.117,304.339,407.817],"Rotation":0},{"Text":"(RegBoost)","TextBB":[305.451,404.117,325.679,407.817],"Rotation":0},{"Text":"0.2","TextBB":[181.69,408.942,187.25,412.642],"Rotation":0},{"Text":"0.09","TextBB":[343.616,388.542,351.4,392.242],"Rotation":0},{"Text":"sonar","TextBB":[588.948,382.54,598.952,386.24],"Rotation":0},{"Text":"training","TextBB":[446.037,392.115,459.153,395.815],"Rotation":0},{"Text":"error","TextBB":[460.265,392.115,468.709,395.815],"Rotation":0},{"Text":"(AdaBoost)","TextBB":[469.821,392.115,489.829,395.815],"Rotation":0},{"Text":"test","TextBB":[452.704,396.116,459.152,399.816],"Rotation":0},{"Text":"error","TextBB":[460.264,396.116,468.708,399.816],"Rotation":0},{"Text":"(AdaBoost)","TextBB":[469.82,396.116,489.828,399.816],"Rotation":0},{"Text":"training","TextBB":[445.817,400.117,458.933,403.817],"Rotation":0},{"Text":"error","TextBB":[460.045,400.117,468.489,403.817],"Rotation":0},{"Text":"(RegBoost)","TextBB":[469.601,400.117,489.829,403.817],"Rotation":0},{"Text":"test","TextBB":[452.485,404.117,458.933,407.817],"Rotation":0},{"Text":"error","TextBB":[460.045,404.117,468.489,407.817],"Rotation":0},{"Text":"(RegBoost)","TextBB":[469.601,404.117,489.829,407.817],"Rotation":0},{"Text":"0.08","TextBB":[343.616,399.866,351.4,403.566],"Rotation":0},{"Text":"0.6","TextBB":[507.588,388.542,513.148,392.242],"Rotation":0},{"Text":"training","TextBB":[610.188,392.115,623.304,395.815],"Rotation":0},{"Text":"error","TextBB":[624.416,392.115,632.86,395.815],"Rotation":0},{"Text":"(AdaBoost)","TextBB":[633.972,392.115,653.98,395.815],"Rotation":0},{"Text":"test","TextBB":[616.854,396.116,623.302,399.816],"Rotation":0},{"Text":"error","TextBB":[624.414,396.116,632.858,399.816],"Rotation":0},{"Text":"(AdaBoost)","TextBB":[633.97,396.116,653.978,399.816],"Rotation":0},{"Text":"training","TextBB":[609.967,400.117,623.083,403.817],"Rotation":0},{"Text":"error","TextBB":[624.195,400.117,632.639,403.817],"Rotation":0},{"Text":"(RegBoost)","TextBB":[633.751,400.117,653.979,403.817],"Rotation":0},{"Text":"test","TextBB":[616.635,404.117,623.083,407.817],"Rotation":0},{"Text":"error","TextBB":[624.195,404.117,632.639,407.817],"Rotation":0},{"Text":"(RegBoost)","TextBB":[633.751,404.117,653.979,407.817],"Rotation":0},{"Text":"0.5","TextBB":[507.588,405.541,513.148,409.24],"Rotation":0},{"Text":"0.07","TextBB":[343.616,411.217,351.4,414.917],"Rotation":0},{"Text":"0.06","TextBB":[343.616,422.542,351.4,426.242],"Rotation":0},{"Text":"0.4","TextBB":[507.588,422.542,513.148,426.242],"Rotation":0},{"Text":"0.15","TextBB":[179.466,429.342,187.25,433.042],"Rotation":0},{"Text":"0.05","TextBB":[343.616,433.867,351.4,437.567],"Rotation":0},{"Text":"0.3","TextBB":[507.588,439.542,513.148,443.242],"Rotation":0},{"Text":"0.04","TextBB":[343.616,445.215,351.4,448.915],"Rotation":0},{"Text":"0.1","TextBB":[181.69,449.742,187.25,453.442],"Rotation":0},{"Text":"0.03","TextBB":[343.616,456.541,351.4,460.241],"Rotation":0},{"Text":"0.2","TextBB":[507.588,456.541,513.148,460.241],"Rotation":0},{"Text":"0.02","TextBB":[343.616,467.867,351.4,471.567],"Rotation":0},{"Text":"0.05","TextBB":[179.466,470.142,187.25,473.842],"Rotation":0},{"Text":"0.1","TextBB":[507.588,473.542,513.148,477.242],"Rotation":0},{"Text":"0.01","TextBB":[343.616,479.217,351.4,482.917],"Rotation":0},{"Text":"0","TextBB":[185.026,490.541,187.25,494.24],"Rotation":0},{"Text":"0","TextBB":[349.174,490.541,351.398,494.24],"Rotation":0},{"Text":"1","TextBB":[189.093,494.541,191.317,498.24],"Rotation":0},{"Text":"10","TextBB":[239.455,494.541,243.903,498.24],"Rotation":0},{"Text":"100","TextBB":[289.794,494.541,296.466,498.24],"Rotation":0},{"Text":"1000","TextBB":[340.158,494.541,349.054,498.24],"Rotation":0},{"Text":"1","TextBB":[353.243,494.541,355.467,498.24],"Rotation":0},{"Text":"10","TextBB":[403.605,494.541,408.053,498.24],"Rotation":0},{"Text":"100","TextBB":[453.944,494.541,460.616,498.24],"Rotation":0},{"Text":"t","TextBB":[266.293,500.541,267.405,504.24],"Rotation":0},{"Text":"pima","TextBB":[247.509,509.917,256.177,513.617],"Rotation":0},{"Text":"indians","TextBB":[257.289,509.917,269.961,513.617],"Rotation":0},{"Text":"diabetes","TextBB":[271.073,509.917,286.193,513.617],"Rotation":0},{"Text":"0.35","TextBB":[179.466,515.917,187.25,519.617],"Rotation":0},{"Text":"0","TextBB":[510.924,490.541,513.149,494.24],"Rotation":0},{"Text":"1000","TextBB":[504.308,494.541,513.204,498.24],"Rotation":0},{"Text":"1","TextBB":[514.993,494.541,517.217,498.24],"Rotation":0},{"Text":"10","TextBB":[566.156,494.541,570.604,498.24],"Rotation":0},{"Text":"t","TextBB":[430.443,500.541,431.555,504.24],"Rotation":0},{"Text":"rate","TextBB":[407.128,509.917,414.02,513.617],"Rotation":0},{"Text":"of","TextBB":[415.132,509.917,418.468,513.617],"Rotation":0},{"Text":"admissible","TextBB":[419.58,509.917,438.472,513.617],"Rotation":0},{"Text":"stumps","TextBB":[439.584,509.917,452.476,513.617],"Rotation":0},{"Text":"training","TextBB":[281.887,519.492,295.003,523.192],"Rotation":0},{"Text":"error","TextBB":[296.115,519.492,304.559,523.192],"Rotation":0},{"Text":"(AdaBoost)","TextBB":[305.671,519.492,325.679,523.192],"Rotation":0},{"Text":"test","TextBB":[288.554,523.492,295.002,527.192],"Rotation":0},{"Text":"error","TextBB":[296.114,523.492,304.558,527.192],"Rotation":0},{"Text":"(AdaBoost)","TextBB":[305.67,523.492,325.678,527.192],"Rotation":0},{"Text":"training","TextBB":[281.667,527.492,294.783,531.192],"Rotation":0},{"Text":"error","TextBB":[295.895,527.492,304.339,531.192],"Rotation":0},{"Text":"(RegBoost)","TextBB":[305.451,527.492,325.679,531.192],"Rotation":0},{"Text":"test","TextBB":[288.335,531.492,294.783,535.192],"Rotation":0},{"Text":"error","TextBB":[295.895,531.492,304.339,535.192],"Rotation":0},{"Text":"(RegBoost)","TextBB":[305.451,531.492,325.679,535.192],"Rotation":0},{"Text":"0.3","TextBB":[181.69,536.317,187.25,540.017],"Rotation":0},{"Text":"1","TextBB":[346.774,515.917,348.998,519.617],"Rotation":0},{"Text":"1000","TextBB":[668.458,494.541,677.354,498.24],"Rotation":0},{"Text":"semi-supervised","TextBB":[570.143,509.917,599.259,513.617],"Rotation":0},{"Text":"ionosphere","TextBB":[600.371,509.917,620.159,513.617],"Rotation":0},{"Text":"ionosphere","TextBB":[470.038,519.492,489.826,523.192],"Rotation":0},{"Text":"breast","TextBB":[465.594,523.492,476.71,527.192],"Rotation":0},{"Text":"cancer","TextBB":[477.822,523.492,489.826,527.192],"Rotation":0},{"Text":"sonar","TextBB":[479.821,527.492,489.825,531.192],"Rotation":0},{"Text":"pima","TextBB":[451.144,531.492,459.812,535.192],"Rotation":0},{"Text":"indians","TextBB":[460.924,531.492,473.596,535.192],"Rotation":0},{"Text":"diabetes","TextBB":[474.708,531.492,489.828,535.192],"Rotation":0},{"Text":"0.9","TextBB":[343.438,527.242,348.998,530.942],"Rotation":0},{"Text":"100","TextBB":[617.294,494.541,623.966,498.24],"Rotation":0},{"Text":"t","TextBB":[593.393,500.541,594.505,504.24],"Rotation":0},{"Text":"0.2","TextBB":[509.99,515.917,515.55,519.617],"Rotation":0},{"Text":"training","TextBB":[610.187,519.492,623.303,523.192],"Rotation":0},{"Text":"error","TextBB":[624.415,519.492,632.859,523.192],"Rotation":0},{"Text":"(AdaBoost)","TextBB":[633.971,519.492,653.979,523.192],"Rotation":0},{"Text":"test","TextBB":[616.854,523.492,623.302,527.192],"Rotation":0},{"Text":"error","TextBB":[624.414,523.492,632.858,527.192],"Rotation":0},{"Text":"(AdaBoost)","TextBB":[633.97,523.492,653.978,527.192],"Rotation":0},{"Text":"training","TextBB":[609.967,527.492,623.083,531.192],"Rotation":0},{"Text":"error","TextBB":[624.195,527.492,632.639,531.192],"Rotation":0},{"Text":"(RegBoost)","TextBB":[633.751,527.492,653.979,531.192],"Rotation":0},{"Text":"test","TextBB":[616.635,531.492,623.083,535.192],"Rotation":0},{"Text":"error","TextBB":[624.195,531.492,632.639,535.192],"Rotation":0},{"Text":"(RegBoost)","TextBB":[633.751,531.492,653.979,535.192],"Rotation":0},{"Text":"0.18","TextBB":[507.766,526.115,515.55,529.815],"Rotation":0},{"Text":"0.16","TextBB":[507.766,536.317,515.55,540.017],"Rotation":0},{"Text":"0.8","TextBB":[343.438,538.592,348.998,542.292],"Rotation":0},{"Text":"0.14","TextBB":[507.766,546.517,515.55,550.217],"Rotation":0},{"Text":"0.7","TextBB":[343.438,549.917,348.998,553.617],"Rotation":0},{"Text":"0.25","TextBB":[179.466,556.717,187.25,560.417],"Rotation":0},{"Text":"0.12","TextBB":[507.766,556.717,515.55,560.417],"Rotation":0},{"Text":"0.6","TextBB":[343.438,561.242,348.998,564.942],"Rotation":0},{"Text":"0.1","TextBB":[509.99,566.917,515.55,570.617],"Rotation":0},{"Text":"0.5","TextBB":[343.438,572.592,348.998,576.292],"Rotation":0},{"Text":"0.2","TextBB":[181.69,577.117,187.25,580.817],"Rotation":0},{"Text":"0.08","TextBB":[507.766,577.117,515.55,580.817],"Rotation":0},{"Text":"0.4","TextBB":[343.438,583.917,348.998,587.617],"Rotation":0},{"Text":"0.06","TextBB":[507.766,587.317,515.55,591.017],"Rotation":0},{"Text":"0.3","TextBB":[343.438,595.242,348.998,598.942],"Rotation":0},{"Text":"0.15","TextBB":[179.466,597.517,187.25,601.217],"Rotation":0},{"Text":"0.04","TextBB":[507.766,597.517,515.55,601.217],"Rotation":0},{"Text":"0.2","TextBB":[343.438,606.592,348.998,610.292],"Rotation":0},{"Text":"0.1","TextBB":[181.69,617.917,187.25,621.617],"Rotation":0},{"Text":"1","TextBB":[189.093,621.917,191.317,625.617],"Rotation":0},{"Text":"10","TextBB":[239.455,621.917,243.903,625.617],"Rotation":0},{"Text":"100","TextBB":[289.794,621.917,296.466,625.617],"Rotation":0},{"Text":"0.1","TextBB":[343.438,617.917,348.998,621.617],"Rotation":0},{"Text":"1000","TextBB":[340.158,621.917,349.054,625.617],"Rotation":0},{"Text":"1","TextBB":[350.843,621.917,353.067,625.617],"Rotation":0},{"Text":"t","TextBB":[266.293,627.917,267.405,631.617],"Rotation":0},{"Text":"0.02","TextBB":[507.766,607.717,515.55,611.417],"Rotation":0},{"Text":"0","TextBB":[513.324,617.917,515.548,621.617],"Rotation":0},{"Text":"10","TextBB":[402.006,621.917,406.454,625.617],"Rotation":0},{"Text":"100","TextBB":[453.144,621.917,459.816,625.617],"Rotation":0},{"Text":"1000","TextBB":[504.308,621.917,513.204,625.617],"Rotation":0},{"Text":"1","TextBB":[517.393,621.917,519.617,625.617],"Rotation":0},{"Text":"t","TextBB":[429.243,627.917,430.355,631.617],"Rotation":0},{"Text":"10","TextBB":[567.755,621.917,572.203,625.617],"Rotation":0},{"Text":"100","TextBB":[618.094,621.917,624.766,625.617],"Rotation":0},{"Text":"1000","TextBB":[668.458,621.917,677.354,625.617],"Rotation":0},{"Text":"t","TextBB":[594.593,627.917,595.705,631.617],"Rotation":0},{"Text":"(d)","TextBB":[261.425,632.674,277.558,645.128],"Rotation":0},{"Text":"(e)","TextBB":[425.962,632.674,441.32,645.128],"Rotation":0},{"Text":"(f)","TextBB":[590.887,632.674,604.72,645.128],"Rotation":0}],"Mention":["The results (Figure 3(a)-(d) and Table 1) show that the REGBOOST consistently improves\ngeneralization. Although the improvement is within the standard deviation, the difference\nbetween the test and the training error decreases significantly in two of the four experi-\nments, which indicates reduced overfitting. The final classifier is also significantly sparser\nafter 1000 iterations (last two columns of Table 1). To measure how the penalty affects the\nbase classifier pool, in each iteration we calculated the number of admissible base classi-\nfiers relative to the total number of stumps considered by ADABOOST. Figure 3(e) shows\nthat, as expected, REGBOOST traverses only a (sometimes quite small) subset of the base\nclassifier space.\n","Since the Laplacian penalty can be computed without knowing the labels, the algorithm\ncan also be used for semi-supervised learning. Figure 3(f) shows the results when only a\nsubset of the training points are labeled. In this case, REGBOOST can use the combined\ndata set to calculate the penalty, whereas both algorithms can use only the labeled points\n","to determine the base errors. Figure 3(f) indicates that REGBOOST has a clear advantage\nhere. REGBOOST is also far better than the semi-supervised algorithm proposed in [12]\n(their best test error using the same settings is 18%).\n"],"Page":7,"Number":3,"Type":"Figure","CaptionBB":[173,648,675,708],"Height":1100,"Width":850,"DPI":100,"ImageBB":[177,361,679,647]}