{"Type":"Figure",
"Number": 3,
"Page": 8,
"DPI": 100,
"Width": 850,
"Height": 1100,
"CaptionBB": [157,226,690,245],
"Caption": "Figure 3: Results on the extended MIT face data (some abscissas and ordinates are in log scale).",
"ImageBB": [157,105,692,221],
"ImageText" : [
{"Rotation": 3,"TextBB": [158.916,163.24,164.23,172.302], "Text": "CPU"},
	{"Rotation": 3,"TextBB": [158.916,153.937,164.23,162.046], "Text": "time"},
	{"Rotation": 3,"TextBB": [158.916,147.975,164.23,152.744], "Text": "(in"},
	{"Rotation": 3,"TextBB": [158.916,129.366,164.23,146.781], "Text": "seconds)"},
	{"Rotation": 3,"TextBB": [291.928,163.845,297.243,178.398], "Text": "number"},
	{"Rotation": 3,"TextBB": [291.928,159.072,297.243,162.652], "Text": "of"},
	{"Rotation": 3,"TextBB": [291.928,146.189,297.243,157.878], "Text": "kernel"},
	{"Rotation": 3,"TextBB": [291.928,123.283,297.243,144.996], "Text": "expansions"},
	{"Rotation": 0,"TextBB": [169.55,122.607,171.141,126.15], "Text": "4"},
	{"Rotation": 0,"TextBB": [164.78,123.897,169.554,129.211], "Text": "10"},
	{"Rotation": 0,"TextBB": [169.55,138.93,171.141,142.473], "Text": "3"},
	{"Rotation": 0,"TextBB": [164.78,140.219,169.554,145.534], "Text": "10"},
	{"Rotation": 0,"TextBB": [169.55,155.25,171.141,158.793], "Text": "2"},
	{"Rotation": 0,"TextBB": [164.78,156.54,169.554,161.854], "Text": "10"},
	{"Rotation": 0,"TextBB": [169.55,171.571,171.141,175.114], "Text": "1"},
	{"Rotation": 0,"TextBB": [164.78,172.861,169.554,178.175], "Text": "10"},
	{"Rotation": 0,"TextBB": [169.55,187.893,171.141,191.436], "Text": "0"},
	{"Rotation": 0,"TextBB": [164.78,189.183,169.554,194.497], "Text": "10"},
	{"Rotation": 0,"TextBB": [173.247,192.112,174.839,195.654], "Text": "3"},
	{"Rotation": 0,"TextBB": [168.478,193.401,173.251,198.715], "Text": "10"},
	{"Rotation": 0,"TextBB": [431.05,106.334,435.886,111.718], "Text": "50"},
	{"Rotation": 0,"TextBB": [378.729,112.018,398.291,117.332], "Text": "SLapCVM"},
	{"Rotation": 0,"TextBB": [378.729,117.086,395.312,122.4], "Text": "core−set"},
	{"Rotation": 0,"TextBB": [396.505,117.086,404.855,122.4], "Text": "Size"},
	{"Rotation": 0,"TextBB": [378.729,122.168,395.192,127.482], "Text": "LapSVM"},
	{"Rotation": 0,"TextBB": [378.729,127.236,395.909,132.55], "Text": "Reduced"},
	{"Rotation": 0,"TextBB": [397.102,127.236,413.565,132.55], "Text": "LapSVM"},
	{"Rotation": 0,"TextBB": [431.05,116.661,435.886,122.045], "Text": "45"},
	{"Rotation": 0,"TextBB": [302.563,133.489,304.154,137.032], "Text": "4"},
	{"Rotation": 0,"TextBB": [297.793,134.779,302.566,140.093], "Text": "10"},
	{"Rotation": 0,"TextBB": [302.563,160.691,304.154,164.234], "Text": "3"},
	{"Rotation": 0,"TextBB": [297.793,161.98,302.566,167.295], "Text": "10"},
	{"Rotation": 0,"TextBB": [302.563,187.893,304.154,191.436], "Text": "2"},
	{"Rotation": 0,"TextBB": [229.127,192.112,230.718,195.654], "Text": "4"},
	{"Rotation": 0,"TextBB": [224.357,193.401,229.13,198.715], "Text": "10"},
	{"Rotation": 0,"TextBB": [201.672,197.38,216.225,202.695], "Text": "number"},
	{"Rotation": 0,"TextBB": [217.418,197.38,220.998,202.695], "Text": "of"},
	{"Rotation": 0,"TextBB": [222.191,197.38,240.805,202.695], "Text": "unlabeled"},
	{"Rotation": 0,"TextBB": [241.998,197.38,253.451,202.695], "Text": "points"},
	{"Rotation": 0,"TextBB": [185.987,204.594,199.798,219.6], "Text": "(a)"},
	{"Rotation": 0,"TextBB": [204.361,204.594,228.57,219.6], "Text": "CPU"},
	{"Rotation": 0,"TextBB": [231.682,204.594,256.9,219.6], "Text": "time."},
	{"Rotation": 0,"TextBB": [285.007,192.112,286.598,195.654], "Text": "5"},
	{"Rotation": 0,"TextBB": [280.237,193.401,285.011,198.715], "Text": "10"},
	{"Rotation": 0,"TextBB": [297.793,189.183,302.566,194.497], "Text": "10"},
	{"Rotation": 0,"TextBB": [306.26,192.112,307.851,195.654], "Text": "3"},
	{"Rotation": 0,"TextBB": [301.49,193.401,306.264,198.715], "Text": "10"},
	{"Rotation": 0,"TextBB": [362.139,192.112,363.73,195.654], "Text": "4"},
	{"Rotation": 0,"TextBB": [357.369,193.401,362.143,198.715], "Text": "10"},
	{"Rotation": 0,"TextBB": [334.685,197.38,349.237,202.695], "Text": "number"},
	{"Rotation": 0,"TextBB": [350.43,197.38,354.01,202.695], "Text": "of"},
	{"Rotation": 0,"TextBB": [355.204,197.38,373.817,202.695], "Text": "unlabeled"},
	{"Rotation": 0,"TextBB": [375.011,197.38,386.464,202.695], "Text": "points"},
	{"Rotation": 0,"TextBB": [295.65,204.594,310.158,219.6], "Text": "(b)"},
	{"Rotation": 0,"TextBB": [314.72,204.594,351.881,219.6], "Text": "#kernel"},
	{"Rotation": 0,"TextBB": [355.006,204.594,413.174,219.6], "Text": "expansions."},
	{"Rotation": 0,"TextBB": [418.02,192.112,419.611,195.654], "Text": "5"},
	{"Rotation": 0,"TextBB": [413.25,193.401,418.023,198.715], "Text": "10"},
	{"Rotation": 0,"TextBB": [431.05,126.991,435.886,132.375], "Text": "40"},
	{"Rotation": 0,"TextBB": [431.05,137.335,435.886,142.719], "Text": "35"},
	{"Rotation": 0,"TextBB": [566.74,106.334,572.785,111.718], "Text": "1.1"},
	{"Rotation": 0,"TextBB": [492.69,108.991,512.508,114.375], "Text": "SLapCVM"},
	{"Rotation": 0,"TextBB": [492.69,115.031,509.368,120.415], "Text": "LapSVM"},
	{"Rotation": 0,"TextBB": [492.69,121.071,510.094,126.455], "Text": "Reduced"},
	{"Rotation": 0,"TextBB": [511.303,121.071,527.982,126.455], "Text": "LapSVM"},
	{"Rotation": 0,"TextBB": [492.69,127.096,502.114,132.48], "Text": "SVM"},
	{"Rotation": 0,"TextBB": [503.323,127.096,521.21,132.48], "Text": "(#labeled"},
	{"Rotation": 0,"TextBB": [522.419,127.096,524.959,132.48], "Text": "="},
	{"Rotation": 0,"TextBB": [526.168,127.096,532.452,132.48], "Text": "10)"},
	{"Rotation": 0,"TextBB": [492.69,133.136,502.353,138.52], "Text": "CVM"},
	{"Rotation": 0,"TextBB": [503.562,133.136,509.359,138.52], "Text": "(w/"},
	{"Rotation": 0,"TextBB": [510.568,133.136,514.917,138.52], "Text": "all"},
	{"Rotation": 0,"TextBB": [516.126,133.136,530.386,138.52], "Text": "training"},
	{"Rotation": 0,"TextBB": [531.595,133.136,544.403,138.52], "Text": "labels)"},
	{"Rotation": 0,"TextBB": [564.325,116.661,572.788,122.045], "Text": "1.05"},
	{"Rotation": 0,"TextBB": [570.365,126.991,572.783,132.375], "Text": "1"},
	{"Rotation": 0,"TextBB": [564.325,137.335,572.788,142.719], "Text": "0.95"},
	{"Rotation": 3,"TextBB": [558.383,145.602,563.767,154.782], "Text": "AUC"},
	{"Rotation": 0,"TextBB": [302.563,106.287,304.154,109.83], "Text": "5"},
	{"Rotation": 0,"TextBB": [297.793,107.576,302.566,112.89], "Text": "10"},
	{"Rotation": 0,"TextBB": [245.717,112.018,265.279,117.332], "Text": "SLapCVM"},
	{"Rotation": 0,"TextBB": [245.717,117.101,262.179,122.415], "Text": "LapSVM"},
	{"Rotation": 0,"TextBB": [245.717,122.168,262.896,127.482], "Text": "Reduced"},
	{"Rotation": 0,"TextBB": [264.089,122.168,280.552,127.482], "Text": "LapSVM"},
	{"Rotation": 3,"TextBB": [425.108,152.098,430.492,169.746], "Text": "balanced"},
	{"Rotation": 3,"TextBB": [425.108,143.157,430.492,150.889], "Text": "loss"},
	{"Rotation": 3,"TextBB": [425.108,137.116,430.492,141.948], "Text": "(in"},
	{"Rotation": 3,"TextBB": [425.108,130.593,430.492,135.907], "Text": "%)"},
	{"Rotation": 0,"TextBB": [169.55,106.287,171.141,109.83], "Text": "5"},
	{"Rotation": 0,"TextBB": [164.78,107.576,169.554,112.89], "Text": "10"},
	{"Rotation": 0,"TextBB": [431.05,147.663,435.886,153.047], "Text": "30"},
	{"Rotation": 0,"TextBB": [431.05,157.992,435.886,163.376], "Text": "25"},
	{"Rotation": 0,"TextBB": [566.74,147.663,572.785,153.047], "Text": "0.9"},
	{"Rotation": 0,"TextBB": [564.325,157.992,572.788,163.376], "Text": "0.85"},
	{"Rotation": 0,"TextBB": [431.05,168.335,435.886,173.719], "Text": "20"},
	{"Rotation": 0,"TextBB": [566.74,168.335,572.785,173.719], "Text": "0.8"},
	{"Rotation": 0,"TextBB": [431.05,178.664,435.886,184.048], "Text": "15"},
	{"Rotation": 0,"TextBB": [564.325,178.664,572.788,184.048], "Text": "0.75"},
	{"Rotation": 0,"TextBB": [431.05,189.007,435.886,194.391], "Text": "10"},
	{"Rotation": 0,"TextBB": [438.026,191.975,439.638,195.564], "Text": "3"},
	{"Rotation": 0,"TextBB": [433.194,193.281,438.03,198.665], "Text": "10"},
	{"Rotation": 0,"TextBB": [629.74,109.459,649.558,114.843], "Text": "SLapCVM"},
	{"Rotation": 0,"TextBB": [629.74,115.499,646.418,120.883], "Text": "LapSVM"},
	{"Rotation": 0,"TextBB": [629.74,121.539,647.144,126.923], "Text": "Reduced"},
	{"Rotation": 0,"TextBB": [648.353,121.539,665.031,126.923], "Text": "LapSVM"},
	{"Rotation": 0,"TextBB": [629.74,127.564,639.164,132.948], "Text": "SVM"},
	{"Rotation": 0,"TextBB": [640.373,127.564,658.26,132.948], "Text": "(#labeled"},
	{"Rotation": 0,"TextBB": [659.469,127.564,662.009,132.948], "Text": "="},
	{"Rotation": 0,"TextBB": [663.218,127.564,669.502,132.948], "Text": "10)"},
	{"Rotation": 0,"TextBB": [629.74,133.604,639.403,138.988], "Text": "CVM"},
	{"Rotation": 0,"TextBB": [640.612,133.604,646.409,138.988], "Text": "(w/"},
	{"Rotation": 0,"TextBB": [647.618,133.604,651.967,138.988], "Text": "all"},
	{"Rotation": 0,"TextBB": [653.176,133.604,667.436,138.988], "Text": "training"},
	{"Rotation": 0,"TextBB": [668.645,133.604,681.453,138.988], "Text": "labels)"},
	{"Rotation": 0,"TextBB": [494.637,191.975,496.249,195.564], "Text": "4"},
	{"Rotation": 0,"TextBB": [489.805,193.281,494.641,198.665], "Text": "10"},
	{"Rotation": 0,"TextBB": [466.822,197.313,481.565,202.697], "Text": "number"},
	{"Rotation": 0,"TextBB": [482.774,197.313,486.401,202.697], "Text": "of"},
	{"Rotation": 0,"TextBB": [487.61,197.313,506.467,202.697], "Text": "unlabeled"},
	{"Rotation": 0,"TextBB": [507.676,197.313,519.279,202.697], "Text": "points"},
	{"Rotation": 0,"TextBB": [442.475,204.594,456.286,219.6], "Text": "(c)"},
	{"Rotation": 0,"TextBB": [460.848,204.594,507.112,219.6], "Text": "Balanced"},
	{"Rotation": 0,"TextBB": [510.237,204.594,532.703,219.6], "Text": "loss."},
	{"Rotation": 0,"TextBB": [551.248,191.975,552.86,195.564], "Text": "5"},
	{"Rotation": 0,"TextBB": [546.416,193.281,551.252,198.665], "Text": "10"},
	{"Rotation": 0,"TextBB": [566.74,189.009,572.785,194.393], "Text": "0.7"},
	{"Rotation": 0,"TextBB": [574.925,191.975,576.537,195.564], "Text": "3"},
	{"Rotation": 0,"TextBB": [570.093,193.281,574.929,198.665], "Text": "10"},
	{"Rotation": 0,"TextBB": [631.536,191.975,633.148,195.564], "Text": "4"},
	{"Rotation": 0,"TextBB": [626.704,193.281,631.54,198.665], "Text": "10"},
	{"Rotation": 0,"TextBB": [603.722,197.313,618.465,202.697], "Text": "number"},
	{"Rotation": 0,"TextBB": [619.674,197.313,623.301,202.697], "Text": "of"},
	{"Rotation": 0,"TextBB": [624.51,197.313,643.367,202.697], "Text": "unlabeled"},
	{"Rotation": 0,"TextBB": [644.576,197.313,656.179,202.697], "Text": "points"},
	{"Rotation": 0,"TextBB": [688.148,191.975,689.76,195.564], "Text": "5"},
	{"Rotation": 0,"TextBB": [683.315,193.281,688.151,198.665], "Text": "10"},
	{"Rotation": 0,"TextBB": [599.2,204.594,613.708,219.6], "Text": "(d)"},
	{"Rotation": 0,"TextBB": [618.27,204.594,646.948,219.6], "Text": "AUC."}
]}
