{"Caption":"Figure 1: Speaker verification detection error tradeoff (DET) curves for the HUB and the KING corpora, tested on all 50 speakers. ","ImageText":[{"Text":"HUB","TextBB":[282.011,108.951,299.603,119.268],"Rotation":0},{"Text":"DETs","TextBB":[301.92,108.951,322.753,119.268],"Rotation":0},{"Text":"0.4","TextBB":[187.636,118.604,199.219,128.921],"Rotation":0},{"Text":"GMM","TextBB":[337.636,131.034,358.003,141.351],"Rotation":0},{"Text":"NG=256","TextBB":[360.32,131.034,391.586,141.351],"Rotation":0},{"Text":"AHS","TextBB":[337.636,140.618,354.77,150.934],"Rotation":0},{"Text":"SVM","TextBB":[337.636,150.201,355.695,160.518],"Rotation":0},{"Text":"Fisher","TextBB":[358.011,150.201,381.161,160.518],"Rotation":0},{"Text":"SVM","TextBB":[337.636,159.784,355.695,170.101],"Rotation":0},{"Text":"GMM\/KL","TextBB":[358.011,159.784,390.886,170.101],"Rotation":0},{"Text":"SVM","TextBB":[337.636,169.368,355.695,179.684],"Rotation":0},{"Text":"COV\/KL","TextBB":[358.011,169.368,388.578,179.684],"Rotation":0},{"Text":"0.35","TextBB":[182.983,139.784,199.2,150.101],"Rotation":0},{"Text":"0.3","TextBB":[187.636,160.965,199.219,171.282],"Rotation":0},{"Text":"0.35","TextBB":[459.095,139.784,475.311,150.101],"Rotation":0},{"Text":"0.3","TextBB":[463.747,160.965,475.331,171.282],"Rotation":0},{"Text":"0.25","TextBB":[459.095,182.146,475.311,192.463],"Rotation":0},{"Text":"P(miss)","TextBB":[447.333,194.076,457.65,222.309],"Rotation":3},{"Text":"P(miss)","TextBB":[171.222,194.076,181.539,222.309],"Rotation":3},{"Text":"0.25","TextBB":[182.983,182.146,199.2,192.463],"Rotation":0},{"Text":"0.2","TextBB":[187.636,203.326,199.219,213.643],"Rotation":0},{"Text":"0.2","TextBB":[463.747,203.326,475.331,213.643],"Rotation":0},{"Text":"0.15","TextBB":[182.983,224.507,199.2,234.824],"Rotation":0},{"Text":"0.15","TextBB":[459.095,224.507,475.311,234.824],"Rotation":0},{"Text":"0.1","TextBB":[187.636,245.688,199.219,256.004],"Rotation":0},{"Text":"0.1","TextBB":[463.747,245.688,475.331,256.004],"Rotation":0},{"Text":"0.05","TextBB":[182.983,266.868,199.2,277.185],"Rotation":0},{"Text":"0.05","TextBB":[459.095,266.868,475.311,277.185],"Rotation":0},{"Text":"0","TextBB":[194.581,288.049,199.214,298.365],"Rotation":0},{"Text":"KING","TextBB":[556.733,108.951,577.108,119.268],"Rotation":0},{"Text":"DETs","TextBB":[579.425,108.951,600.258,119.268],"Rotation":0},{"Text":"0.4","TextBB":[463.747,118.604,475.331,128.921],"Rotation":0},{"Text":"0","TextBB":[199.303,295.132,203.936,305.449],"Rotation":0},{"Text":"0.05","TextBB":[218.747,295.132,234.964,305.449],"Rotation":0},{"Text":"0.1","TextBB":[246.247,295.132,257.831,305.449],"Rotation":0},{"Text":"0.15","TextBB":[269.095,295.132,285.311,305.449],"Rotation":0},{"Text":"0.2","TextBB":[296.595,295.132,308.178,305.449],"Rotation":0},{"Text":"0.25","TextBB":[319.511,295.132,335.728,305.449],"Rotation":0},{"Text":"P(false","TextBB":[272.914,305.062,298.847,315.379],"Rotation":0},{"Text":"positive)","TextBB":[301.164,305.062,332.189,315.379],"Rotation":0},{"Text":"0.3","TextBB":[347.011,295.132,358.595,305.449],"Rotation":0},{"Text":"0.35","TextBB":[369.858,295.132,386.075,305.449],"Rotation":0},{"Text":"0","TextBB":[470.691,288.049,475.325,298.365],"Rotation":0},{"Text":"0.4","TextBB":[397.358,295.132,408.941,305.449],"Rotation":0},{"Text":"0","TextBB":[475.414,295.132,480.047,305.449],"Rotation":0},{"Text":"0.05","TextBB":[494.858,295.132,511.075,305.449],"Rotation":0},{"Text":"0.1","TextBB":[522.358,295.132,533.941,305.449],"Rotation":0},{"Text":"0.15","TextBB":[545.206,295.132,561.422,305.449],"Rotation":0},{"Text":"0.2","TextBB":[572.706,295.132,584.289,305.449],"Rotation":0},{"Text":"0.25","TextBB":[595.622,295.132,611.839,305.449],"Rotation":0},{"Text":"P(false","TextBB":[549.025,305.062,574.958,315.379],"Rotation":0},{"Text":"positive)","TextBB":[577.275,305.062,608.3,315.379],"Rotation":0},{"Text":"0.3","TextBB":[623.122,295.132,634.706,305.449],"Rotation":0},{"Text":"0.35","TextBB":[645.97,295.132,662.186,305.449],"Rotation":0},{"Text":"0.4","TextBB":[673.47,295.132,685.053,305.449],"Rotation":0}],"Mention":["and false positive rates we compare the decision scores to a threshold Θ. By varying Θ we can\ncompute Detection Error Tradeoff (DET) curves as the ones shown in Fig. 1.\n"],"Page":8,"Number":1,"Type":"Figure","CaptionBB":[113,354,746,391],"Height":1100,"Width":850,"DPI":100,"ImageBB":[170,107,687,317]}