{"Caption":"Figure 3. (a) True and recovered topic intensities (topic deltas) using various inference techniques with IDA\u2013IT on syn- thetic dataset 1. (b) Classification noise confuses traditional approach of separate classification and topic intensity tracking. By coupling classification and intensity tracking, IDA\u2013IT recovers true topic intensities. (c)-(f): Comparison of IDA\u2013IT and WAM on Enron and Reuters datasets. We plot intensity level vs. message number. Dashed line presents true intensity and solid lines present recovered intensity level. We circled the areas where WAM model significantly deviates from the truth. Only in one case (first ellipse in (c)) does WAM perform better. ","ImageText":[{"Text":"30","TextBB":[331.948,93.7278,340.547,100.881],"Rotation":0},{"Text":"True","TextBB":[152.925,104.119,168.824,111.272],"Rotation":0},{"Text":"∆","TextBB":[170.122,101.861,174.855,111.937],"Rotation":0},{"Text":"Particle","TextBB":[152.925,114.47,178.706,121.623],"Rotation":0},{"Text":"F.","TextBB":[180.856,114.47,187.731,121.623],"Rotation":0},{"Text":"Mean","TextBB":[152.925,124.498,172.265,131.651],"Rotation":0},{"Text":"Field","TextBB":[174.414,124.498,191.172,131.651],"Rotation":0},{"Text":"Exact","TextBB":[152.925,134.527,172.265,141.68],"Rotation":0},{"Text":"Inf.","TextBB":[174.414,134.527,185.163,141.68],"Rotation":0},{"Text":"Observed","TextBB":[152.925,144.958,186.447,152.111],"Rotation":0},{"Text":"∆","TextBB":[188.609,142.7,193.341,152.776],"Rotation":0},{"Text":"150","TextBB":[116.717,144.394,129.616,151.547],"Rotation":0},{"Text":"25","TextBB":[331.948,113.422,340.547,120.575],"Rotation":0},{"Text":"Topic","TextBB":[322.448,155.527,329.601,174.434],"Rotation":3},{"Text":"delta","TextBB":[322.448,136.612,329.601,153.377],"Rotation":3},{"Text":"Topic","TextBB":[107.218,156.091,114.371,174.998],"Rotation":3},{"Text":"delta","TextBB":[107.218,137.176,114.371,153.941],"Rotation":3},{"Text":"200","TextBB":[116.717,121.8,129.616,128.953],"Rotation":0},{"Text":"140","TextBB":[540.17,93.7278,553.069,100.881],"Rotation":0},{"Text":"WAM","TextBB":[470.253,101.622,489.153,108.775],"Rotation":0},{"Text":"IDA−IT","TextBB":[470.253,111.046,494.535,118.199],"Rotation":0},{"Text":"True","TextBB":[470.253,120.833,486.152,127.986],"Rotation":0},{"Text":"∆","TextBB":[487.451,118.575,492.184,128.651],"Rotation":0},{"Text":"100","TextBB":[116.717,167.029,129.616,174.182],"Rotation":0},{"Text":"50","TextBB":[121.027,189.664,129.626,196.817],"Rotation":0},{"Text":"100","TextBB":[540.17,127.519,553.069,134.672],"Rotation":0},{"Text":"20","TextBB":[331.948,133.157,340.547,140.31],"Rotation":0},{"Text":"15","TextBB":[331.948,152.893,340.547,160.046],"Rotation":0},{"Text":"10","TextBB":[331.948,172.587,340.547,179.74],"Rotation":0},{"Text":"50","TextBB":[152.804,217.978,161.403,225.13],"Rotation":0},{"Text":"100","TextBB":[176.728,217.978,189.626,225.13],"Rotation":0},{"Text":"150","TextBB":[202.786,217.978,215.684,225.13],"Rotation":0},{"Text":"200","TextBB":[228.884,217.978,241.783,225.13],"Rotation":0},{"Text":"Message","TextBB":[179.507,225.872,210.879,233.024],"Rotation":0},{"Text":"number","TextBB":[213.029,225.872,239.243,233.024],"Rotation":0},{"Text":"250","TextBB":[254.943,217.978,267.841,225.13],"Rotation":0},{"Text":"20","TextBB":[376.975,217.736,385.574,224.889],"Rotation":0},{"Text":"(a)","TextBB":[160.668,242.567,177.031,253.626],"Rotation":0},{"Text":"Synthetic","TextBB":[181.589,242.567,234.214,253.626],"Rotation":0},{"Text":"1","TextBB":[238.473,242.567,244.874,253.626],"Rotation":0},{"Text":"40","TextBB":[416.285,217.736,424.884,224.889],"Rotation":0},{"Text":"60","TextBB":[455.593,217.736,464.192,224.889],"Rotation":0},{"Text":"Message","TextBB":[390.83,225.63,422.203,232.783],"Rotation":0},{"Text":"number","TextBB":[424.352,225.63,450.567,232.783],"Rotation":0},{"Text":"0","TextBB":[548.789,212.057,553.089,219.21],"Rotation":0},{"Text":"80","TextBB":[494.943,217.736,503.542,224.889],"Rotation":0},{"Text":"0","TextBB":[555.112,217.736,559.412,224.889],"Rotation":0},{"Text":"(b)","TextBB":[372.04,242.567,389.113,253.626],"Rotation":0},{"Text":"Synthetic","TextBB":[393.671,242.567,446.296,253.626],"Rotation":0},{"Text":"2","TextBB":[450.567,242.567,456.968,253.626],"Rotation":0},{"Text":"70","TextBB":[120.221,258.321,128.82,265.474],"Rotation":0},{"Text":"True","TextBB":[258.527,266.134,274.426,273.287],"Rotation":0},{"Text":"WAM","TextBB":[258.527,275.397,277.426,282.55],"Rotation":0},{"Text":"IDA−IT","TextBB":[258.527,284.661,282.808,291.814],"Rotation":0},{"Text":"20","TextBB":[580.929,217.736,589.528,224.889],"Rotation":0},{"Text":"40","TextBB":[608.84,217.736,617.439,224.889],"Rotation":0},{"Text":"60","TextBB":[636.791,217.736,645.39,224.889],"Rotation":0},{"Text":"80","TextBB":[664.742,217.736,673.341,224.889],"Rotation":0},{"Text":"Message","TextBB":[602.959,225.63,634.332,232.783],"Rotation":0},{"Text":"number","TextBB":[636.481,225.63,662.696,232.783],"Rotation":0},{"Text":"100","TextBB":[690.518,217.736,703.417,224.889],"Rotation":0},{"Text":"(c)","TextBB":[577.622,242.567,593.275,253.626],"Rotation":0},{"Text":"Enron","TextBB":[597.833,242.567,632.165,253.626],"Rotation":0},{"Text":"topic","TextBB":[636.437,242.567,664.169,253.626],"Rotation":0},{"Text":"1","TextBB":[668.428,242.567,674.829,253.626],"Rotation":0},{"Text":"50","TextBB":[331.948,258.321,340.547,265.474],"Rotation":0},{"Text":"60","TextBB":[120.221,275.196,128.82,282.349],"Rotation":0},{"Text":"60","TextBB":[544.48,161.31,553.079,168.463],"Rotation":0},{"Text":"20","TextBB":[544.48,195.141,553.079,202.294],"Rotation":0},{"Text":"0","TextBB":[336.257,212.057,340.557,219.21],"Rotation":0},{"Text":"0","TextBB":[339.801,217.736,344.101,224.889],"Rotation":0},{"Text":"300","TextBB":[281.041,217.978,293.94,225.13],"Rotation":0},{"Text":"80","TextBB":[544.48,144.435,553.079,151.588],"Rotation":0},{"Text":"40","TextBB":[544.48,178.226,553.079,185.378],"Rotation":0},{"Text":"5","TextBB":[336.257,192.322,340.557,199.475],"Rotation":0},{"Text":"0","TextBB":[125.336,212.299,129.636,219.452],"Rotation":0},{"Text":"0","TextBB":[128.88,217.978,133.18,225.13],"Rotation":0},{"Text":"True","TextBB":[681.98,101.541,697.879,108.694],"Rotation":0},{"Text":"WAM","TextBB":[681.98,110.804,700.879,117.957],"Rotation":0},{"Text":"IDA−IT","TextBB":[681.98,120.068,706.261,127.221],"Rotation":0},{"Text":"120","TextBB":[540.17,110.603,553.069,117.756],"Rotation":0},{"Text":"Topic","TextBB":[530.671,155.527,537.824,174.434],"Rotation":3},{"Text":"delta","TextBB":[530.671,136.612,537.824,153.377],"Rotation":3},{"Text":"250","TextBB":[116.717,99.165,129.616,106.318],"Rotation":0},{"Text":"50","TextBB":[543.674,258.321,552.273,265.474],"Rotation":0},{"Text":"True","TextBB":[470.253,266.134,486.152,273.287],"Rotation":0},{"Text":"WAM","TextBB":[470.253,275.397,489.153,282.55],"Rotation":0},{"Text":"IDA−IT","TextBB":[470.253,284.661,494.535,291.814],"Rotation":0},{"Text":"40","TextBB":[331.948,281.963,340.547,289.116],"Rotation":0},{"Text":"True","TextBB":[681.98,266.134,697.879,273.287],"Rotation":0},{"Text":"WAM","TextBB":[681.98,275.397,700.879,282.55],"Rotation":0},{"Text":"IDA−IT","TextBB":[681.98,284.661,706.261,291.814],"Rotation":0},{"Text":"40","TextBB":[543.674,281.963,552.273,289.116],"Rotation":0},{"Text":"40","TextBB":[120.221,309.028,128.82,316.181],"Rotation":0},{"Text":"30","TextBB":[120.221,325.903,128.82,333.056],"Rotation":0},{"Text":"Topic","TextBB":[534.175,320.12,541.328,339.027],"Rotation":3},{"Text":"delta","TextBB":[534.175,301.206,541.328,317.97],"Rotation":3},{"Text":"Topic","TextBB":[322.448,320.12,329.601,339.027],"Rotation":3},{"Text":"delta","TextBB":[322.448,301.206,329.601,317.97],"Rotation":3},{"Text":"Topic","TextBB":[110.722,320.12,117.875,339.027],"Rotation":3},{"Text":"delta","TextBB":[110.722,301.206,117.875,317.97],"Rotation":3},{"Text":"50","TextBB":[120.221,292.112,128.82,299.265],"Rotation":0},{"Text":"30","TextBB":[331.948,305.645,340.547,312.798],"Rotation":0},{"Text":"20","TextBB":[331.948,329.286,340.547,336.439],"Rotation":0},{"Text":"30","TextBB":[543.674,305.645,552.273,312.798],"Rotation":0},{"Text":"20","TextBB":[543.674,329.286,552.273,336.439],"Rotation":0},{"Text":"20","TextBB":[120.221,342.819,128.82,349.972],"Rotation":0},{"Text":"10","TextBB":[331.948,352.968,340.547,360.121],"Rotation":0},{"Text":"10","TextBB":[120.221,359.734,128.82,366.887],"Rotation":0},{"Text":"0","TextBB":[124.531,376.65,128.83,383.803],"Rotation":0},{"Text":"0","TextBB":[132.666,382.329,136.966,389.482],"Rotation":0},{"Text":"50","TextBB":[153.69,382.329,162.289,389.482],"Rotation":0},{"Text":"100","TextBB":[174.633,382.329,187.532,389.482],"Rotation":0},{"Text":"150","TextBB":[197.751,382.329,210.65,389.482],"Rotation":0},{"Text":"200","TextBB":[220.87,382.329,233.768,389.482],"Rotation":0},{"Text":"250","TextBB":[244.028,382.329,256.926,389.482],"Rotation":0},{"Text":"Message","TextBB":[179.104,390.223,210.476,397.376],"Rotation":0},{"Text":"number","TextBB":[212.626,390.223,238.841,397.376],"Rotation":0},{"Text":"(d)","TextBB":[153.457,407.161,170.53,418.219],"Rotation":0},{"Text":"Enron","TextBB":[175.087,407.161,209.42,418.219],"Rotation":0},{"Text":"topic","TextBB":[213.691,407.161,241.423,418.219],"Rotation":0},{"Text":"2","TextBB":[245.695,407.161,252.095,418.219],"Rotation":0},{"Text":"300","TextBB":[267.146,382.329,280.045,389.482],"Rotation":0},{"Text":"0","TextBB":[336.257,376.65,340.557,383.803],"Rotation":0},{"Text":"0","TextBB":[339.801,382.329,344.101,389.482],"Rotation":0},{"Text":"10","TextBB":[543.674,352.968,552.273,360.121],"Rotation":0},{"Text":"100","TextBB":[357.925,382.329,370.824,389.482],"Rotation":0},{"Text":"200","TextBB":[380.399,382.329,393.298,389.482],"Rotation":0},{"Text":"300","TextBB":[402.873,382.329,415.771,389.482],"Rotation":0},{"Text":"400","TextBB":[425.347,382.329,438.245,389.482],"Rotation":0},{"Text":"500","TextBB":[447.82,382.329,460.719,389.482],"Rotation":0},{"Text":"Message","TextBB":[390.83,390.223,422.203,397.376],"Rotation":0},{"Text":"number","TextBB":[424.352,390.223,450.567,397.376],"Rotation":0},{"Text":"(e)","TextBB":[361.586,407.161,377.239,418.219],"Rotation":0},{"Text":"Reuters","TextBB":[381.797,407.161,424.747,418.219],"Rotation":0},{"Text":"topic","TextBB":[429.018,407.161,456.75,418.219],"Rotation":0},{"Text":"1","TextBB":[461.009,407.161,467.41,418.219],"Rotation":0},{"Text":"600","TextBB":[470.294,382.329,483.193,389.482],"Rotation":0},{"Text":"700","TextBB":[492.768,382.329,505.666,389.482],"Rotation":0},{"Text":"0","TextBB":[547.984,376.65,552.283,383.803],"Rotation":0},{"Text":"0","TextBB":[551.528,382.329,555.827,389.482],"Rotation":0},{"Text":"100","TextBB":[571.384,382.329,584.282,389.482],"Rotation":0},{"Text":"200","TextBB":[595.589,382.329,608.487,389.482],"Rotation":0},{"Text":"300","TextBB":[619.795,382.329,632.693,389.482],"Rotation":0},{"Text":"400","TextBB":[644,382.329,656.899,389.482],"Rotation":0},{"Text":"500","TextBB":[668.166,382.329,681.064,389.482],"Rotation":0},{"Text":"Message","TextBB":[602.557,390.223,633.929,397.376],"Rotation":0},{"Text":"number","TextBB":[636.079,390.223,662.293,397.376],"Rotation":0},{"Text":"600","TextBB":[692.371,382.329,705.269,389.482],"Rotation":0},{"Text":"(f)","TextBB":[573.717,407.161,588.56,418.219],"Rotation":0},{"Text":"Reuters","TextBB":[593.118,407.161,636.068,418.219],"Rotation":0},{"Text":"topic","TextBB":[640.339,407.161,668.071,418.219],"Rotation":0},{"Text":"4","TextBB":[672.343,407.161,678.743,418.219],"Rotation":0}],"Mention":["IDA\u2013IT recovers the true underlying rate of both top-\nics. Figure 3(b) shows this for the low intensity topic 2.\nEstimating the rates after hard-assigning labels drasti-\ncally decreases performance. Furthermore, all 30% ex-\namples misclassified by the Na¨ıve Bayes are correctly\nclassified during our inference. This indicates syner-\ngetic effects between intensity estimation and topic\nidentification. It also shows that IDA\u2013IT does true\ndata association of topic deltas, even with completely\nuninformative message deltas.\n","Similarly, Figures 3(e) and 3(f) show the results for 2\nout of 4 topics from the Reuters data set. Notice how\ntopic 1 interchanges the low and high activity and how\nusing hard classification with WAM model misses sev-\neral transitions between intensities. In a data-mining\napplication aiming at the detection of bursts, these\nlapses would be highly problematic.\n"],"Page":7,"Number":3,"Type":"Figure","CaptionBB":[75,427,752,516],"Height":1100,"Width":850,"DPI":100,"ImageBB":[105,91,714,421]}