{"Caption":"Figure 7: Unrolling the averages: Ratio and the difference in the response times from using just ISP 3 for all transfers relative to using the passive measurement scheme. The average client arrival rate in either case is 13.3 requests\/s. ","ImageText":[{"Text":"1","TextBB":[491.167,83.5033,496.167,92.5033],"Rotation":0},{"Text":"Fraction","TextBB":[463.67,197.43,472.67,230.76],"Rotation":3},{"Text":"of","TextBB":[463.67,186.6,472.67,194.93],"Rotation":3},{"Text":"improvements","TextBB":[463.67,126.88,472.67,184.1],"Rotation":3},{"Text":"<","TextBB":[463.67,118.74,472.67,124.38],"Rotation":3},{"Text":"x","TextBB":[463.67,111.24,472.67,116.24],"Rotation":3},{"Text":"Fraction","TextBB":[124.337,197.43,133.337,230.76],"Rotation":3},{"Text":"of","TextBB":[124.337,186.6,133.337,194.93],"Rotation":3},{"Text":"improvements","TextBB":[124.337,126.88,133.337,184.1],"Rotation":3},{"Text":"<","TextBB":[124.337,118.74,133.337,124.38],"Rotation":3},{"Text":"x","TextBB":[124.337,111.24,133.337,116.24],"Rotation":3},{"Text":"1","TextBB":[151.833,83.5033,156.833,92.5033],"Rotation":0},{"Text":"0.8","TextBB":[144.333,117.114,156.833,126.114],"Rotation":0},{"Text":"0.6","TextBB":[144.333,150.726,156.833,159.726],"Rotation":0},{"Text":"0.4","TextBB":[144.333,184.281,156.833,193.281],"Rotation":0},{"Text":"0.2","TextBB":[144.333,217.892,156.833,226.892],"Rotation":0},{"Text":"0.8","TextBB":[483.667,117.114,496.167,126.114],"Rotation":0},{"Text":"0.6","TextBB":[483.667,150.726,496.167,159.726],"Rotation":0},{"Text":"0.4","TextBB":[483.667,184.281,496.167,193.281],"Rotation":0},{"Text":"0.2","TextBB":[483.667,217.892,496.167,226.892],"Rotation":0},{"Text":"Ratio","TextBB":[261.174,243.003,282.844,252.003],"Rotation":0},{"Text":"of","TextBB":[285.344,243.003,293.674,252.003],"Rotation":0},{"Text":"response","TextBB":[296.174,243.003,331.164,252.003],"Rotation":0},{"Text":"times","TextBB":[333.664,243.003,355.334,252.003],"Rotation":0},{"Text":"0","TextBB":[151.833,251.503,156.833,260.503],"Rotation":0},{"Text":"0.5","TextBB":[171.472,261.503,183.972,270.503],"Rotation":0},{"Text":"1","TextBB":[200,261.503,205,270.503],"Rotation":0},{"Text":"1.5","TextBB":[221.028,261.503,233.528,270.503],"Rotation":0},{"Text":"2","TextBB":[249.556,261.503,254.556,270.503],"Rotation":0},{"Text":"2.5","TextBB":[270.639,261.503,283.139,270.503],"Rotation":0},{"Text":"3","TextBB":[299.167,261.503,304.167,270.503],"Rotation":0},{"Text":"3.5","TextBB":[320.194,261.503,332.694,270.503],"Rotation":0},{"Text":"Ratio","TextBB":[234.754,276.503,256.424,285.503],"Rotation":0},{"Text":"of","TextBB":[258.924,276.503,267.254,285.503],"Rotation":0},{"Text":"response","TextBB":[269.754,276.503,304.744,285.503],"Rotation":0},{"Text":"times","TextBB":[307.244,276.503,328.914,285.503],"Rotation":0},{"Text":"Difference","TextBB":[505.256,91.8922,548.006,100.892],"Rotation":0},{"Text":"in","TextBB":[550.506,91.8922,558.286,100.892],"Rotation":0},{"Text":"response","TextBB":[560.786,91.8922,595.776,100.892],"Rotation":0},{"Text":"times","TextBB":[598.276,91.8922,619.946,100.892],"Rotation":0},{"Text":"0","TextBB":[491.167,251.503,496.167,260.503],"Rotation":0},{"Text":"4","TextBB":[348.722,261.503,353.722,270.503],"Rotation":0},{"Text":"4.5","TextBB":[369.806,261.503,382.306,270.503],"Rotation":0},{"Text":"5","TextBB":[398.333,261.503,403.333,270.503],"Rotation":0},{"Text":"-1.2","TextBB":[499.029,261.503,514.859,270.503],"Rotation":0},{"Text":"-1","TextBB":[521.779,261.503,530.109,270.503],"Rotation":0},{"Text":"-0.8","TextBB":[537.085,261.503,552.915,270.503],"Rotation":0},{"Text":"-0.6","TextBB":[556.14,261.503,571.97,270.503],"Rotation":0},{"Text":"-0.4","TextBB":[575.196,261.503,591.026,270.503],"Rotation":0},{"Text":"-0.2","TextBB":[594.196,261.503,610.026,270.503],"Rotation":0},{"Text":"0","TextBB":[618.667,261.503,623.667,270.503],"Rotation":0},{"Text":"0.2","TextBB":[633.972,261.503,646.472,270.503],"Rotation":0},{"Text":"0.4","TextBB":[652.972,261.503,665.472,270.503],"Rotation":0},{"Text":"0.6","TextBB":[672.028,261.503,684.528,270.503],"Rotation":0},{"Text":"0.8","TextBB":[691.083,261.503,703.583,270.503],"Rotation":0},{"Text":"Difference","TextBB":[557.022,276.503,599.772,285.503],"Rotation":0},{"Text":"of","TextBB":[602.272,276.503,610.602,285.503],"Rotation":0},{"Text":"response","TextBB":[613.102,276.503,648.092,285.503],"Rotation":0},{"Text":"times","TextBB":[650.592,276.503,672.262,285.503],"Rotation":0},{"Text":"(s)","TextBB":[674.762,276.503,685.312,285.503],"Rotation":0},{"Text":"(a)","TextBB":[193.333,292.216,208.817,304.669],"Rotation":0},{"Text":"Ratio","TextBB":[211.984,292.216,241.955,304.669],"Rotation":0},{"Text":"of","TextBB":[245.455,292.216,257.105,304.669],"Rotation":0},{"Text":"response","TextBB":[260.439,292.216,309.034,304.669],"Rotation":0},{"Text":"times","TextBB":[312.201,292.216,342.172,304.669],"Rotation":0},{"Text":"1","TextBB":[713.889,261.503,718.889,270.503],"Rotation":0},{"Text":"1.2","TextBB":[729.139,261.503,741.639,270.503],"Rotation":0},{"Text":"(b)","TextBB":[518.005,292.216,534.319,304.669],"Rotation":0},{"Text":"Difference","TextBB":[537.652,292.216,596.749,304.669],"Rotation":0},{"Text":"in","TextBB":[599.748,292.216,610.569,304.669],"Rotation":0},{"Text":"response","TextBB":[614.069,292.216,662.665,304.669],"Rotation":0},{"Text":"times","TextBB":[665.831,292.216,695.802,304.669],"Rotation":0}],"Mention":["to being singly-home to the best provider from Figure 6, i.e.,\nISP 3. Figure (a) plots the CDF of the ratio of the response\ntime from using ISP 3 to the response time from the passive\nmeasurement scheme across all transfers. These results are\nfor the specific instance where the client arrival rate is 13.3\nrequests\/s at the server. Figure (b) similarly plots the differ-\nence in the response times for the same client workload.\nNotice, from either figure, that the passive measurement\nscheme improves the response time performance for over\n65% of the transfers. Figure 7(a) shows that this route con-\ntrol scheme improves the response times by factors as large\nas 5 for a small fraction of transfers (about 1%), relative\nto being singly-homed. Similarly, Figure 7(b) shows that\nthe scheme can improve the response time by more than\n1s for some transfers. Notice also, from either figure, that\nthe passive measurement-based scheme ends up offering sub-\noptimal performance for about 35% of the transfers.\n","set the EWMA parameter \u000B = 0 so that only the current mea-\nsurement samples are used to estimate provider performance,\nand select a sampling interval of 30s. The figure plots the per-\nformance for the five client workloads. In addition, we show\nthe performance from using the three providers individually.\nThe performance improvement relative to the best indi-\nvidual provider is significant \u2013 about 20-25% for the heavy\nworkloads (right end of the graph) and about 10-15% for the\nlight workloads (left end of the graph). The performance is\nstill about 15-20% away from the optimal value of 1, how-\never. The results for other sampling intervals (60s, 120s, 300s\nand 450s) are similar, and are omitted for brevity. The per-\nformance improvements from using the active measurement-\nbased schemes are also similar and are discussed later.\nFigures 7(a) and (b) illustrate the distribution of the re-\nsponse time improvements offered by the passive measure-\n"],"Page":8,"Number":7,"Type":"Figure","CaptionBB":[86,314,787,345],"Height":1100,"Width":850,"DPI":100,"ImageBB":[122,81,744,306]}