{"Caption":"Figure 2: RTDs of PAWS and RSAPS variants on the 50v15d40c-hard instance. ","ImageText":[{"Text":"PAWS","TextBB":[486.567,303.26,506.134,309.406],"Rotation":0},{"Text":"Run−Time","TextBB":[507.982,303.26,538.811,309.406],"Rotation":0},{"Text":"Distribution","TextBB":[540.658,303.26,573.886,309.406],"Rotation":0},{"Text":"SAPS","TextBB":[658.875,303.26,676.601,309.406],"Rotation":0},{"Text":"Run−Time","TextBB":[678.449,303.26,709.278,309.406],"Rotation":0},{"Text":"Distribution","TextBB":[711.125,303.26,744.353,309.406],"Rotation":0},{"Text":"100","TextBB":[625.764,310.956,636.847,317.102],"Rotation":0},{"Text":"SS","TextBB":[569.897,326.102,582.306,334.706],"Rotation":0},{"Text":"SC","TextBB":[569.897,336.511,582.818,345.115],"Rotation":0},{"Text":"CS","TextBB":[569.897,346.865,582.818,355.47],"Rotation":0},{"Text":"CC","TextBB":[569.897,357.274,583.329,365.878],"Rotation":0},{"Text":"80","TextBB":[458.052,330.668,465.441,336.814],"Rotation":0},{"Text":"60","TextBB":[458.052,350.435,465.441,356.58],"Rotation":0},{"Text":"40","TextBB":[458.052,370.145,465.441,376.291],"Rotation":0},{"Text":"20","TextBB":[458.052,389.912,465.441,396.058],"Rotation":0},{"Text":"0","TextBB":[461.762,409.624,465.456,415.77],"Rotation":0},{"Text":"0","TextBB":[465.527,415.271,469.221,421.417],"Rotation":0},{"Text":"200","TextBB":[482.692,415.271,493.774,421.417],"Rotation":0},{"Text":"400","TextBB":[503.51,415.271,514.593,421.417],"Rotation":0},{"Text":"600","TextBB":[524.384,415.271,535.467,421.417],"Rotation":0},{"Text":"800","TextBB":[545.203,415.271,556.285,421.417],"Rotation":0},{"Text":"Time","TextBB":[503.731,423.189,518.495,429.335],"Rotation":0},{"Text":"(in","TextBB":[520.342,423.189,527.724,429.335],"Rotation":0},{"Text":"seconds)","TextBB":[529.571,423.189,556.526,429.335],"Rotation":0},{"Text":"1000","TextBB":[564.25,415.271,579.027,421.417],"Rotation":0},{"Text":"1200","TextBB":[585.068,415.271,599.845,421.417],"Rotation":0},{"Text":"Percent","TextBB":[617.949,374.776,624.095,397.673],"Rotation":3},{"Text":"successful","TextBB":[617.949,341.914,624.095,372.929],"Rotation":3},{"Text":"runs","TextBB":[617.949,327.144,624.095,340.067],"Rotation":3},{"Text":"Percent","TextBB":[446.527,374.776,452.673,397.673],"Rotation":3},{"Text":"successful","TextBB":[446.527,341.914,452.673,372.929],"Rotation":3},{"Text":"runs","TextBB":[446.527,327.144,452.673,340.067],"Rotation":3},{"Text":"100","TextBB":[454.342,310.956,465.425,317.102],"Rotation":0},{"Text":"SS","TextBB":[741.374,326.102,753.783,334.706],"Rotation":0},{"Text":"SC","TextBB":[741.374,336.511,754.295,345.115],"Rotation":0},{"Text":"CS","TextBB":[741.374,346.865,754.295,355.47],"Rotation":0},{"Text":"CC","TextBB":[741.374,357.274,754.806,365.878],"Rotation":0},{"Text":"80","TextBB":[629.474,330.668,636.862,336.814],"Rotation":0},{"Text":"60","TextBB":[629.474,350.435,636.862,356.58],"Rotation":0},{"Text":"40","TextBB":[629.474,370.145,636.862,376.291],"Rotation":0},{"Text":"20","TextBB":[629.474,389.912,636.862,396.058],"Rotation":0},{"Text":"0","TextBB":[633.184,409.624,636.878,415.77],"Rotation":0},{"Text":"0","TextBB":[636.949,415.271,640.643,421.417],"Rotation":0},{"Text":"200","TextBB":[654.113,415.271,665.196,421.417],"Rotation":0},{"Text":"400","TextBB":[674.932,415.271,686.014,421.417],"Rotation":0},{"Text":"600","TextBB":[695.806,415.271,706.889,421.417],"Rotation":0},{"Text":"800","TextBB":[716.68,415.271,727.762,421.417],"Rotation":0},{"Text":"Time","TextBB":[675.153,423.189,689.917,429.335],"Rotation":0},{"Text":"(in","TextBB":[691.764,423.189,699.145,429.335],"Rotation":0},{"Text":"seconds)","TextBB":[700.993,423.189,727.948,429.335],"Rotation":0},{"Text":"1000","TextBB":[735.672,415.271,750.448,421.417],"Rotation":0},{"Text":"1200","TextBB":[756.545,415.271,771.322,421.417],"Rotation":0}],"Mention":["no mention found"],"Page":4,"Number":2,"Type":"Figure","CaptionBB":[442,448,775,478],"Height":1169,"Width":826,"DPI":100,"ImageBB":[444,301,773,431]}