{"Caption":"Figure 5: cwnd of primary\/auxiliary paths, primary fails","ImageText":[{"Text":"cwnd","TextBB":[338.08,85.7359,354.32,92.1723],"Rotation":0},{"Text":"ssthresh","TextBB":[328.025,92.6942,354.321,99.1307],"Rotation":0},{"Text":"fast","TextBB":[310.24,99.6525,321.457,106.089],"Rotation":0},{"Text":"retransmit","TextBB":[323.392,99.6525,354.321,106.089],"Rotation":0},{"Text":"timeout","TextBB":[331.504,106.611,354.321,113.047],"Rotation":0},{"Text":"300","TextBB":[125.531,115.294,137.137,121.731],"Rotation":0},{"Text":"350","TextBB":[125.531,97.8984,137.137,104.335],"Rotation":0},{"Text":"400","TextBB":[125.531,80.5025,137.137,86.939],"Rotation":0},{"Text":"150","TextBB":[125.531,167.454,137.137,173.89],"Rotation":0},{"Text":"100","TextBB":[125.531,184.85,137.137,191.286],"Rotation":0},{"Text":"200","TextBB":[125.531,150.058,137.137,156.495],"Rotation":0},{"Text":"segment","TextBB":[114.281,139.394,120.717,166.079],"Rotation":3},{"Text":"250","TextBB":[125.531,132.662,137.137,139.099],"Rotation":0},{"Text":"50","TextBB":[129.4,202.218,137.137,208.654],"Rotation":0},{"Text":"0","TextBB":[133.268,219.614,137.137,226.05],"Rotation":0},{"Text":"0","TextBB":[139.378,226.572,143.247,233.008],"Rotation":0},{"Text":"7.5","TextBB":[167.204,226.572,176.876,233.008],"Rotation":0},{"Text":"15","TextBB":[198.872,226.572,206.61,233.008],"Rotation":0},{"Text":"22.5","TextBB":[226.699,226.572,240.24,233.008],"Rotation":0},{"Text":"30","TextBB":[260.3,226.572,268.038,233.008],"Rotation":0},{"Text":"37.5","TextBB":[288.126,226.572,301.667,233.008],"Rotation":0},{"Text":"45","TextBB":[321.756,226.572,329.493,233.008],"Rotation":0},{"Text":"52.5","TextBB":[349.554,226.572,363.095,233.008],"Rotation":0},{"Text":"60","TextBB":[383.183,226.572,390.921,233.008],"Rotation":0},{"Text":"second","TextBB":[252.951,237.009,275.385,243.446],"Rotation":0},{"Text":"400","TextBB":[125.531,263.836,137.137,270.272],"Rotation":0},{"Text":"250","TextBB":[125.531,315.996,137.137,322.432],"Rotation":0},{"Text":"segment","TextBB":[114.281,322.727,120.717,349.413],"Rotation":3},{"Text":"300","TextBB":[125.531,298.628,137.137,305.064],"Rotation":0},{"Text":"200","TextBB":[125.531,333.391,137.137,339.828],"Rotation":0},{"Text":"150","TextBB":[125.531,350.787,137.137,357.224],"Rotation":0},{"Text":"cwnd","TextBB":[338.08,269.069,354.32,275.506],"Rotation":0},{"Text":"ssthresh","TextBB":[328.025,276.028,354.321,282.464],"Rotation":0},{"Text":"fast","TextBB":[310.24,282.986,321.457,289.422],"Rotation":0},{"Text":"retransmit","TextBB":[323.392,282.986,354.321,289.422],"Rotation":0},{"Text":"timeout","TextBB":[331.504,289.944,354.321,296.381],"Rotation":0},{"Text":"350","TextBB":[125.531,281.232,137.137,287.668],"Rotation":0},{"Text":"100","TextBB":[125.531,368.183,137.137,374.62],"Rotation":0},{"Text":"50","TextBB":[129.4,385.551,137.137,391.988],"Rotation":0},{"Text":"0","TextBB":[133.268,402.947,137.137,409.383],"Rotation":0},{"Text":"0","TextBB":[139.378,409.905,143.247,416.342],"Rotation":0},{"Text":"7.5","TextBB":[167.204,409.905,176.876,416.342],"Rotation":0},{"Text":"15","TextBB":[198.872,409.905,206.61,416.342],"Rotation":0},{"Text":"22.5","TextBB":[226.699,409.905,240.24,416.342],"Rotation":0},{"Text":"30","TextBB":[260.3,409.905,268.038,416.342],"Rotation":0},{"Text":"second","TextBB":[252.951,420.343,275.385,426.779],"Rotation":0},{"Text":"37.5","TextBB":[288.126,409.905,301.667,416.342],"Rotation":0},{"Text":"45","TextBB":[321.756,409.905,329.493,416.342],"Rotation":0},{"Text":"52.5","TextBB":[349.554,409.905,363.095,416.342],"Rotation":0},{"Text":"60","TextBB":[383.183,409.905,390.921,416.342],"Rotation":0}],"Mention":["Now we will study whether mTCP can quickly recover\nfrom partial path failures using experiments on PlanetLab.\nBecause path failures on the Internet are unpredictable, we\nintentionally introduce failures by killing the appropriate\nRON agent. The source and destination nodes are still the\nPrinceton and Berkeley nodes. The paths are shown in Ta-\nble 2.\nThe two graphs in Figure 5 show how the congestion\nwindow (cwnd) of the primary and auxiliary paths changes\nover time. As shown in the first graph in Figure 5, the pri-\n"],"Page":10,"Number":5,"Type":"Figure","CaptionBB":[93,445,405,460],"Height":1100,"Width":850,"DPI":100,"ImageBB":[112,78,393,428]}