{"Type":"Figure",
"Number": 3,
"Page": 5,
"DPI": 100,
"Width": 850,
"Height": 1100,
"CaptionBB": [73,309,413,369],
"Caption": "Figure 3: Confidence maps at four locations during the return home journey for Experiment 1: distance (light dotted), rela- tive orientation (dark dashed), and overall map (solid). Hori- zontal axis: ASR number; vertical axis: confidence (0 to 1). ",
"ImageBB": [98,74,388,294],
"ImageText" : [
{"Rotation": 0,"TextBB": [102.607,76.7955,104.204,78.898], "Text": "1"},
	{"Rotation": 0,"TextBB": [254.774,76.7955,256.371,78.898], "Text": "1"},
	{"Rotation": 0,"TextBB": [100.213,86.8968,104.206,88.9994], "Text": "0.9"},
	{"Rotation": 0,"TextBB": [252.379,86.8968,256.372,88.9994], "Text": "0.9"},
	{"Rotation": 0,"TextBB": [100.213,97.0218,104.206,99.1244], "Text": "0.8"},
	{"Rotation": 0,"TextBB": [252.379,97.0218,256.372,99.1244], "Text": "0.8"},
	{"Rotation": 0,"TextBB": [100.213,107.123,104.206,109.226], "Text": "0.7"},
	{"Rotation": 0,"TextBB": [252.379,107.123,256.372,109.226], "Text": "0.7"},
	{"Rotation": 0,"TextBB": [100.213,117.248,104.206,119.351], "Text": "0.6"},
	{"Rotation": 0,"TextBB": [252.379,117.248,256.372,119.351], "Text": "0.6"},
	{"Rotation": 0,"TextBB": [100.213,127.373,104.206,129.476], "Text": "0.5"},
	{"Rotation": 0,"TextBB": [252.379,127.373,256.372,129.476], "Text": "0.5"},
	{"Rotation": 0,"TextBB": [100.213,137.475,104.206,139.577], "Text": "0.4"},
	{"Rotation": 0,"TextBB": [252.379,137.475,256.372,139.577], "Text": "0.4"},
	{"Rotation": 0,"TextBB": [100.213,147.6,104.206,149.702], "Text": "0.3"},
	{"Rotation": 0,"TextBB": [252.379,147.6,256.372,149.702], "Text": "0.3"},
	{"Rotation": 0,"TextBB": [100.213,157.701,104.206,159.804], "Text": "0.2"},
	{"Rotation": 0,"TextBB": [252.379,157.701,256.372,159.804], "Text": "0.2"},
	{"Rotation": 0,"TextBB": [100.213,167.825,104.206,169.927], "Text": "0.1"},
	{"Rotation": 0,"TextBB": [252.379,167.825,256.372,169.927], "Text": "0.1"},
	{"Rotation": 0,"TextBB": [102.607,177.951,104.204,180.054], "Text": "0"},
	{"Rotation": 0,"TextBB": [254.774,177.951,256.371,180.054], "Text": "0"},
	{"Rotation": 0,"TextBB": [104.234,180.368,105.831,182.47], "Text": "0"},
	{"Rotation": 0,"TextBB": [120.247,180.368,121.844,182.47], "Text": "1"},
	{"Rotation": 0,"TextBB": [136.285,180.368,137.882,182.47], "Text": "2"},
	{"Rotation": 0,"TextBB": [152.299,180.368,153.896,182.47], "Text": "3"},
	{"Rotation": 0,"TextBB": [168.336,180.368,169.933,182.47], "Text": "4"},
	{"Rotation": 0,"TextBB": [184.349,180.368,185.946,182.47], "Text": "5"},
	{"Rotation": 0,"TextBB": [200.386,180.368,201.983,182.47], "Text": "6"},
	{"Rotation": 0,"TextBB": [216.399,180.368,217.996,182.47], "Text": "7"},
	{"Rotation": 0,"TextBB": [232.436,180.368,234.033,182.47], "Text": "8"},
	{"Rotation": 0,"TextBB": [256.401,180.368,257.998,182.47], "Text": "0"},
	{"Rotation": 0,"TextBB": [272.414,180.368,274.011,182.47], "Text": "1"},
	{"Rotation": 0,"TextBB": [288.451,180.368,290.048,182.47], "Text": "2"},
	{"Rotation": 0,"TextBB": [304.464,180.368,306.061,182.47], "Text": "3"},
	{"Rotation": 0,"TextBB": [320.501,180.368,322.098,182.47], "Text": "4"},
	{"Rotation": 0,"TextBB": [336.515,180.368,338.112,182.47], "Text": "5"},
	{"Rotation": 0,"TextBB": [352.553,180.368,354.15,182.47], "Text": "6"},
	{"Rotation": 0,"TextBB": [368.565,180.368,370.162,182.47], "Text": "7"},
	{"Rotation": 0,"TextBB": [384.603,180.368,386.2,182.47], "Text": "8"},
	{"Rotation": 0,"TextBB": [102.607,185.464,104.204,187.566], "Text": "1"},
	{"Rotation": 0,"TextBB": [254.774,185.464,256.371,187.566], "Text": "1"},
	{"Rotation": 0,"TextBB": [100.213,195.564,104.206,197.666], "Text": "0.9"},
	{"Rotation": 0,"TextBB": [252.379,195.564,256.372,197.666], "Text": "0.9"},
	{"Rotation": 0,"TextBB": [100.213,205.689,104.206,207.791], "Text": "0.8"},
	{"Rotation": 0,"TextBB": [252.379,205.689,256.372,207.791], "Text": "0.8"},
	{"Rotation": 0,"TextBB": [100.213,215.79,104.206,217.892], "Text": "0.7"},
	{"Rotation": 0,"TextBB": [252.379,215.79,256.372,217.892], "Text": "0.7"},
	{"Rotation": 0,"TextBB": [100.213,225.915,104.206,228.017], "Text": "0.6"},
	{"Rotation": 0,"TextBB": [252.379,225.915,256.372,228.017], "Text": "0.6"},
	{"Rotation": 0,"TextBB": [100.213,236.04,104.206,238.142], "Text": "0.5"},
	{"Rotation": 0,"TextBB": [252.379,236.04,256.372,238.142], "Text": "0.5"},
	{"Rotation": 0,"TextBB": [100.213,246.141,104.206,248.244], "Text": "0.4"},
	{"Rotation": 0,"TextBB": [252.379,246.141,256.372,248.244], "Text": "0.4"},
	{"Rotation": 0,"TextBB": [100.213,256.266,104.206,258.369], "Text": "0.3"},
	{"Rotation": 0,"TextBB": [252.379,256.266,256.372,258.369], "Text": "0.3"},
	{"Rotation": 0,"TextBB": [100.213,266.368,104.206,268.47], "Text": "0.2"},
	{"Rotation": 0,"TextBB": [252.379,266.368,256.372,268.47], "Text": "0.2"},
	{"Rotation": 0,"TextBB": [100.213,276.493,104.206,278.595], "Text": "0.1"},
	{"Rotation": 0,"TextBB": [252.379,276.493,256.372,278.595], "Text": "0.1"},
	{"Rotation": 0,"TextBB": [102.607,286.618,104.204,288.72], "Text": "0"},
	{"Rotation": 0,"TextBB": [254.774,286.618,256.371,288.72], "Text": "0"},
	{"Rotation": 0,"TextBB": [104.234,289.034,105.831,291.137], "Text": "0"},
	{"Rotation": 0,"TextBB": [120.247,289.034,121.844,291.137], "Text": "1"},
	{"Rotation": 0,"TextBB": [136.285,289.034,137.882,291.137], "Text": "2"},
	{"Rotation": 0,"TextBB": [152.299,289.034,153.896,291.137], "Text": "3"},
	{"Rotation": 0,"TextBB": [168.336,289.034,169.933,291.137], "Text": "4"},
	{"Rotation": 0,"TextBB": [184.349,289.034,185.946,291.137], "Text": "5"},
	{"Rotation": 0,"TextBB": [200.386,289.034,201.983,291.137], "Text": "6"},
	{"Rotation": 0,"TextBB": [216.399,289.034,217.996,291.137], "Text": "7"},
	{"Rotation": 0,"TextBB": [232.436,289.034,234.033,291.137], "Text": "8"},
	{"Rotation": 0,"TextBB": [256.401,289.034,257.998,291.137], "Text": "0"},
	{"Rotation": 0,"TextBB": [272.414,289.034,274.011,291.137], "Text": "1"},
	{"Rotation": 0,"TextBB": [288.451,289.034,290.048,291.137], "Text": "2"},
	{"Rotation": 0,"TextBB": [304.464,289.034,306.061,291.137], "Text": "3"},
	{"Rotation": 0,"TextBB": [320.501,289.034,322.098,291.137], "Text": "4"},
	{"Rotation": 0,"TextBB": [336.515,289.034,338.112,291.137], "Text": "5"},
	{"Rotation": 0,"TextBB": [352.553,289.034,354.15,291.137], "Text": "6"},
	{"Rotation": 0,"TextBB": [368.565,289.034,370.162,291.137], "Text": "7"},
	{"Rotation": 0,"TextBB": [384.603,289.034,386.2,291.137], "Text": "8"}
]}
