{"Type":"Figure",
"Number": 3,
"Page": 8,
"DPI": 100,
"Width": 850,
"Height": 1100,
"CaptionBB": [163,309,691,330],
"Caption": "Figure 3: Adaptively changing the percentage of memory allocated to cold blocks in workloads ✆ ✌ ✁ ✎ ✄ ✑ and ✠ ✞ ✰ ✄ ✎ ☛ .",
"ImageBB": [122,100,740,297],
"ImageText" : [
{"Rotation": 0,"TextBB": [583.132,100.853,613.291,112.52], "Text": "SPRITE"},
	{"Rotation": 0,"TextBB": [142.504,138.134,151.788,149.8], "Text": "50"},
	{"Rotation": 0,"TextBB": [142.504,163.515,151.788,175.182], "Text": "40"},
	{"Rotation": 0,"TextBB": [142.504,188.897,151.788,200.563], "Text": "30"},
	{"Rotation": 0,"TextBB": [142.502,214.281,151.786,225.948], "Text": "20"},
	{"Rotation": 0,"TextBB": [142.504,239.662,151.788,251.329], "Text": "10"},
	{"Rotation": 0,"TextBB": [147.145,265.044,151.787,276.711], "Text": "0"},
	{"Rotation": 0,"TextBB": [459.505,112.749,468.789,124.416], "Text": "60"},
	{"Rotation": 3,"TextBB": [438.755,229.029,451.036,269.577], "Text": "Percentage"},
	{"Rotation": 3,"TextBB": [438.755,220.211,451.036,226.824], "Text": "of"},
	{"Rotation": 3,"TextBB": [438.755,189.373,451.036,218.006], "Text": "Memory"},
	{"Rotation": 3,"TextBB": [438.755,177.916,451.036,187.169], "Text": "for"},
	{"Rotation": 3,"TextBB": [438.755,159.408,451.036,175.711], "Text": "Cold"},
	{"Rotation": 3,"TextBB": [438.755,133.853,451.036,157.203], "Text": "Blocks"},
	{"Rotation": 3,"TextBB": [438.755,119.318,451.036,131.648], "Text": "(%)"},
	{"Rotation": 3,"TextBB": [121.757,229.029,134.038,269.577], "Text": "Percentage"},
	{"Rotation": 3,"TextBB": [121.757,220.211,134.038,226.824], "Text": "of"},
	{"Rotation": 3,"TextBB": [121.757,189.373,134.038,218.006], "Text": "Memory"},
	{"Rotation": 3,"TextBB": [121.757,177.916,134.038,187.169], "Text": "for"},
	{"Rotation": 3,"TextBB": [121.757,159.408,134.038,175.711], "Text": "Cold"},
	{"Rotation": 3,"TextBB": [121.757,133.853,134.038,157.203], "Text": "Blocks"},
	{"Rotation": 3,"TextBB": [121.757,119.318,134.038,131.648], "Text": "(%)"},
	{"Rotation": 0,"TextBB": [266.366,100.853,296.056,112.52], "Text": "MULTI2"},
	{"Rotation": 0,"TextBB": [142.504,112.749,151.788,124.416], "Text": "60"},
	{"Rotation": 0,"TextBB": [155.636,272.976,160.279,284.643], "Text": "0"},
	{"Rotation": 0,"TextBB": [196.506,272.976,215.074,284.643], "Text": "5000"},
	{"Rotation": 0,"TextBB": [242.078,272.976,265.288,284.643], "Text": "10000"},
	{"Rotation": 0,"TextBB": [289.911,272.976,313.122,284.643], "Text": "15000"},
	{"Rotation": 0,"TextBB": [337.743,272.976,360.954,284.643], "Text": "20000"},
	{"Rotation": 0,"TextBB": [459.505,138.134,468.789,149.8], "Text": "50"},
	{"Rotation": 0,"TextBB": [459.505,163.515,468.789,175.182], "Text": "40"},
	{"Rotation": 0,"TextBB": [459.505,188.897,468.789,200.563], "Text": "30"},
	{"Rotation": 0,"TextBB": [459.504,214.281,468.788,225.948], "Text": "20"},
	{"Rotation": 0,"TextBB": [459.505,239.662,468.789,251.329], "Text": "10"},
	{"Rotation": 0,"TextBB": [464.146,265.044,468.788,276.711], "Text": "0"},
	{"Rotation": 0,"TextBB": [385.637,272.976,408.847,284.643], "Text": "25000"},
	{"Rotation": 0,"TextBB": [472.638,272.976,477.28,284.643], "Text": "0"},
	{"Rotation": 0,"TextBB": [498.9,272.976,522.11,284.643], "Text": "20000"},
	{"Rotation": 0,"TextBB": [534.446,272.976,557.657,284.643], "Text": "40000"},
	{"Rotation": 0,"TextBB": [234.581,284.874,258.243,296.541], "Text": "Virtual"},
	{"Rotation": 0,"TextBB": [260.564,284.874,279.115,296.541], "Text": "Time"},
	{"Rotation": 0,"TextBB": [281.437,284.874,288.859,296.541], "Text": "(#"},
	{"Rotation": 0,"TextBB": [291.18,284.874,298.143,296.541], "Text": "of"},
	{"Rotation": 0,"TextBB": [300.464,284.874,327.833,296.541], "Text": "Blocks)"},
	{"Rotation": 0,"TextBB": [605.54,272.976,628.751,284.643], "Text": "80000"},
	{"Rotation": 0,"TextBB": [569.992,272.976,593.203,284.643], "Text": "60000"},
	{"Rotation": 0,"TextBB": [638.765,272.976,666.617,284.643], "Text": "100000"},
	{"Rotation": 0,"TextBB": [674.313,272.976,702.166,284.643], "Text": "120000"},
	{"Rotation": 0,"TextBB": [709.859,272.976,737.711,284.643], "Text": "140000"},
	{"Rotation": 0,"TextBB": [551.583,284.874,575.244,296.541], "Text": "Virtual"},
	{"Rotation": 0,"TextBB": [577.565,284.874,596.117,296.541], "Text": "Time"},
	{"Rotation": 0,"TextBB": [598.438,284.874,605.86,296.541], "Text": "(#"},
	{"Rotation": 0,"TextBB": [608.181,284.874,615.145,296.541], "Text": "of"},
	{"Rotation": 0,"TextBB": [617.466,284.874,644.834,296.541], "Text": "Blocks)"}
]}
