{"Caption":"Figure 17. Accuracy & Speedup (Corbis)","ImageText":[{"Text":"Speedup","TextBB":[336.06,435.473,364.177,444.169],"Rotation":0},{"Text":"12","TextBB":[265.808,440.841,273.619,449.537],"Rotation":0},{"Text":"Speedup","TextBB":[248.863,461.272,257.559,489.389],"Rotation":3},{"Text":"Accuracy","TextBB":[79.6379,460.888,88.3336,489.771],"Rotation":3},{"Text":"14","TextBB":[265.808,428.801,273.619,437.496],"Rotation":0},{"Text":"Subset","TextBB":[173.087,435.473,194.953,444.169],"Rotation":0},{"Text":"SVM","TextBB":[179.732,442.496,194.953,451.192],"Rotation":0},{"Text":"10","TextBB":[265.808,452.883,273.619,461.578],"Rotation":0},{"Text":"8","TextBB":[269.712,464.923,273.618,473.619],"Rotation":0},{"Text":"6","TextBB":[269.712,476.964,273.618,485.66],"Rotation":0},{"Text":"4","TextBB":[269.712,489.006,273.618,497.702],"Rotation":0},{"Text":"2","TextBB":[269.712,501.046,273.618,509.742],"Rotation":0},{"Text":"0","TextBB":[116.06,520.112,119.966,528.807],"Rotation":0},{"Text":"5","TextBB":[129.908,520.112,133.813,528.807],"Rotation":0},{"Text":"10","TextBB":[141.753,520.112,149.563,528.807],"Rotation":0},{"Text":"15","TextBB":[155.6,520.112,163.411,528.807],"Rotation":0},{"Text":"20","TextBB":[169.397,520.112,177.208,528.807],"Rotation":0},{"Text":"25","TextBB":[183.244,520.112,191.055,528.807],"Rotation":0},{"Text":"30","TextBB":[197.04,520.112,204.851,528.807],"Rotation":0},{"Text":"35","TextBB":[210.889,520.112,218.699,528.807],"Rotation":0},{"Text":"40","TextBB":[224.685,520.112,232.495,528.807],"Rotation":0},{"Text":"Class","TextBB":[163.546,530.648,181.106,539.344],"Rotation":0},{"Text":"0","TextBB":[269.712,513.088,273.618,521.784],"Rotation":0},{"Text":"0","TextBB":[276.857,520.112,280.762,528.807],"Rotation":0},{"Text":"5","TextBB":[291.707,520.112,295.612,528.807],"Rotation":0},{"Text":"10","TextBB":[304.655,520.112,312.466,528.807],"Rotation":0},{"Text":"15","TextBB":[319.505,520.112,327.316,528.807],"Rotation":0},{"Text":"20","TextBB":[334.407,520.112,342.218,528.807],"Rotation":0},{"Text":"25","TextBB":[349.258,520.112,357.069,528.807],"Rotation":0},{"Text":"30","TextBB":[364.158,520.112,371.969,528.807],"Rotation":0},{"Text":"99.8","TextBB":[99.1536,428.801,112.822,437.496],"Rotation":0},{"Text":"99.7","TextBB":[99.1536,438.183,112.822,446.878],"Rotation":0},{"Text":"99.6","TextBB":[99.1536,447.514,112.822,456.21],"Rotation":0},{"Text":"99.5","TextBB":[99.1536,456.896,112.822,465.592],"Rotation":0},{"Text":"99.4","TextBB":[99.1536,466.278,112.822,474.974],"Rotation":0},{"Text":"99.3","TextBB":[99.1536,475.61,112.822,484.306],"Rotation":0},{"Text":"99.2","TextBB":[99.1536,484.992,112.822,493.688],"Rotation":0},{"Text":"99.1","TextBB":[99.1536,494.374,112.822,503.07],"Rotation":0},{"Text":"99","TextBB":[105.012,503.706,112.822,512.402],"Rotation":0},{"Text":"98.9","TextBB":[99.1536,513.088,112.822,521.784],"Rotation":0},{"Text":"35","TextBB":[379.01,520.112,386.82,528.807],"Rotation":0},{"Text":"40","TextBB":[393.91,520.112,401.72,528.807],"Rotation":0},{"Text":"Class","TextBB":[328.556,530.648,346.116,539.344],"Rotation":0}],"Mention":["Similar experiments were also performed with the\nLetter-recognition, the 25K-image and the image\ndatasets. Because of space limitations, we present only\nresults with the highest percentage (99% of G) of se-\nlected instances for these datasets. Figure 14 presents\nthe variation of the accuracy and speedup over the\n26 di®erent categories in the letter-recognition dataset\n(We include concept-independent preprocessing time\nin all cases). Figures 15, 17 and 16 present the results\nover di®erent categories of the image datasets. Aver-\nage speedup values for these datasets were about 3:5,\n3 and 10 times respectively. Accuracy results for both\nthe datasets were close to those obtained by SVMs on\nthe entire dataset.\n"],"Page":8,"Number":17,"Type":"Figure","CaptionBB":[122,542,355,556],"Height":1100,"Width":850,"DPI":100,"ImageBB":[79,428,404,540]}