{"Caption":"Figure 5: Rodeo run on the examples of Section 4.A, but now estimating the noise using the estimate σ discussed in Section 6.A. Top: σ = .5, d = 10; bottom: σ = 1, d = 20. In higher dimensions the noise is over-estimated (right plots), which results in the irrelevant variables being more aggressively eliminated; compare Figure 3. ","ImageText":[{"Text":"1.0","TextBB":[169.041,146.464,176.636,157.878],"Rotation":3},{"Text":"0.50","TextBB":[455.641,291.199,463.236,307.178],"Rotation":3},{"Text":"0.4","TextBB":[169.041,312.947,176.636,324.36],"Rotation":3},{"Text":"sigmahat","TextBB":[435.819,273.272,443.861,308.544],"Rotation":3},{"Text":"Bandwidth","TextBB":[149.219,270.613,157.261,311.206],"Rotation":3},{"Text":"0.6","TextBB":[169.041,257.454,176.636,268.868],"Rotation":3},{"Text":"0.55","TextBB":[455.641,225.317,463.236,241.296],"Rotation":3},{"Text":"0.8","TextBB":[169.041,201.962,176.636,213.375],"Rotation":3},{"Text":"0.60","TextBB":[455.641,159.435,463.236,175.414],"Rotation":3},{"Text":"4","TextBB":[386.872,155.414,390.363,161.222],"Rotation":0},{"Text":"5","TextBB":[386.872,159.467,390.363,165.275],"Rotation":0},{"Text":"9","TextBB":[386.872,163.689,390.363,169.497],"Rotation":0},{"Text":"10","TextBB":[385.126,164.64,392.109,170.448],"Rotation":0},{"Text":"3","TextBB":[386.872,167.75,390.363,173.558],"Rotation":0},{"Text":"6","TextBB":[386.872,167.89,390.363,173.698],"Rotation":0},{"Text":"8","TextBB":[386.872,171.842,390.363,177.65],"Rotation":0},{"Text":"7","TextBB":[386.872,173.875,390.363,179.683],"Rotation":0},{"Text":"0.45","TextBB":[455.641,357.081,463.236,373.06],"Rotation":3},{"Text":"2","TextBB":[386.872,343.406,390.363,349.214],"Rotation":0},{"Text":"0.0","TextBB":[169.041,423.937,176.636,435.35],"Rotation":3},{"Text":"0.40","TextBB":[455.641,422.963,463.236,438.942],"Rotation":3},{"Text":"0.2","TextBB":[169.041,368.439,176.636,379.853],"Rotation":3},{"Text":"1","TextBB":[386.872,361.885,390.363,367.693],"Rotation":0},{"Text":"2","TextBB":[210.608,452.37,215.174,459.965],"Rotation":0},{"Text":"4","TextBB":[247.602,452.37,252.167,459.965],"Rotation":0},{"Text":"6","TextBB":[284.595,452.37,289.161,459.965],"Rotation":0},{"Text":"8","TextBB":[321.593,452.37,326.159,459.965],"Rotation":0},{"Text":"10","TextBB":[356.304,452.37,365.435,459.965],"Rotation":0},{"Text":"1.0","TextBB":[169.041,501.639,176.636,513.053],"Rotation":3},{"Text":"Rodeo","TextBB":[268.549,471.498,294.161,479.54],"Rotation":0},{"Text":"Step","TextBB":[296.578,471.498,314.462,479.54],"Rotation":0},{"Text":"2.2","TextBB":[455.641,655.741,463.236,667.155],"Rotation":3},{"Text":"2.0","TextBB":[455.641,703.105,463.236,714.518],"Rotation":3},{"Text":"0.4","TextBB":[169.041,668.122,176.636,679.535],"Rotation":3},{"Text":"sigmahat","TextBB":[435.819,628.447,443.861,663.719],"Rotation":3},{"Text":"Bandwidth","TextBB":[149.219,625.788,157.261,666.381],"Rotation":3},{"Text":"0.6","TextBB":[169.041,612.629,176.636,624.043],"Rotation":3},{"Text":"2.4","TextBB":[455.641,608.383,463.236,619.796],"Rotation":3},{"Text":"2.6","TextBB":[455.641,561.019,463.236,572.432],"Rotation":3},{"Text":"0.8","TextBB":[169.041,557.137,176.636,568.55],"Rotation":3},{"Text":"2.8","TextBB":[455.641,513.66,463.236,525.074],"Rotation":3},{"Text":"19","TextBB":[385.126,510.45,392.109,516.258],"Rotation":0},{"Text":"8","TextBB":[386.872,511.16,390.363,516.968],"Rotation":0},{"Text":"11","TextBB":[385.126,511.942,392.109,517.75],"Rotation":0},{"Text":"16","TextBB":[385.126,513.067,392.109,518.875],"Rotation":0},{"Text":"3","TextBB":[386.872,513.121,390.363,518.929],"Rotation":0},{"Text":"4","TextBB":[386.872,513.382,390.363,519.19],"Rotation":0},{"Text":"15","TextBB":[385.126,517.008,392.109,522.816],"Rotation":0},{"Text":"7","TextBB":[386.872,517.129,390.363,522.937],"Rotation":0},{"Text":"20","TextBB":[385.126,517.593,392.109,523.401],"Rotation":0},{"Text":"5","TextBB":[386.872,518.574,390.363,524.382],"Rotation":0},{"Text":"12","TextBB":[385.126,520.757,392.109,526.565],"Rotation":0},{"Text":"14","TextBB":[385.126,521.297,392.109,527.105],"Rotation":0},{"Text":"6","TextBB":[386.872,521.326,390.363,527.134],"Rotation":0},{"Text":"10","TextBB":[385.126,522.921,392.109,528.729],"Rotation":0},{"Text":"9","TextBB":[386.872,523.515,390.363,529.323],"Rotation":0},{"Text":"18","TextBB":[385.126,523.529,392.109,529.337],"Rotation":0},{"Text":"17","TextBB":[385.126,525.356,392.109,531.164],"Rotation":0},{"Text":"13","TextBB":[385.126,529.383,392.109,535.191],"Rotation":0},{"Text":"1.8","TextBB":[455.641,750.469,463.236,761.882],"Rotation":3},{"Text":"0.2","TextBB":[169.041,723.614,176.636,735.028],"Rotation":3},{"Text":"1","TextBB":[386.872,718.711,390.363,724.519],"Rotation":0},{"Text":"0.0","TextBB":[169.041,779.112,176.636,790.525],"Rotation":3},{"Text":"2","TextBB":[386.872,763.139,390.363,768.947],"Rotation":0},{"Text":"2","TextBB":[207.647,807.545,212.213,815.14],"Rotation":0},{"Text":"4","TextBB":[238.724,807.545,243.289,815.14],"Rotation":0},{"Text":"6","TextBB":[269.8,807.545,274.366,815.14],"Rotation":0},{"Text":"8","TextBB":[300.872,807.545,305.438,815.14],"Rotation":0},{"Text":"10","TextBB":[329.666,807.545,338.797,815.14],"Rotation":0},{"Text":"12","TextBB":[360.743,807.545,369.874,815.14],"Rotation":0},{"Text":"14","TextBB":[391.819,807.545,400.95,815.14],"Rotation":0},{"Text":"Rodeo","TextBB":[268.549,826.673,294.161,834.715],"Rotation":0},{"Text":"Step","TextBB":[296.578,826.673,314.462,834.715],"Rotation":0}],"Mention":["Now we redo the earlier examples, taking σ as unknown. Figure 5 shows the result of running the\nalgorithm on the examples of Section 4.A, however now estimating the noise using estimate (6.6).\nFor the higher dimensional example, with d = 20, the noise variance is over-estimated, with the\nprimary result that the irrelevant variables are more aggressively thresholded out; compare Figure 5\nto Figure 3.\n"],"Page":22,"Number":5,"Type":"Figure","CaptionBB":[98,860,750,936],"Height":1100,"Width":850,"DPI":100,"ImageBB":[146,139,686,836]}