{"Caption":"Figure 1: The top 100 singular values of the four classes of matrices of our experiments, for n = 384. ","ImageText":[{"Text":"15","TextBB":[518.057,96.1238,529.346,105.514],"Rotation":0},{"Text":"LOGDIST","TextBB":[280.5,96.6663,347.351,110.752],"Rotation":0},{"Text":"1","TextBB":[194.969,114.307,203.436,128.392],"Rotation":0},{"Text":"3","TextBB":[476.561,114.307,485.028,128.392],"Rotation":0},{"Text":"x","TextBB":[489.378,101.87,496.992,115.956],"Rotation":0},{"Text":"10","TextBB":[501.225,101.87,518.159,115.956],"Rotation":0},{"Text":"SCALERANDOM","TextBB":[536.712,96.6663,654.318,110.752],"Rotation":0},{"Text":"0.8","TextBB":[182.279,146.284,203.446,160.37],"Rotation":0},{"Text":"2","TextBB":[476.561,167.732,485.028,181.817],"Rotation":0},{"Text":"0.6","TextBB":[182.279,178.391,203.446,192.477],"Rotation":0},{"Text":"0.4","TextBB":[182.279,210.369,203.446,224.455],"Rotation":0},{"Text":"1","TextBB":[476.561,221.157,485.028,235.242],"Rotation":0},{"Text":"0.2","TextBB":[182.279,242.476,203.446,256.562],"Rotation":0},{"Text":"0","TextBB":[194.969,274.582,203.436,288.667],"Rotation":0},{"Text":"0","TextBB":[203.599,287.398,212.065,301.484],"Rotation":0},{"Text":"50","TextBB":[305.626,287.398,322.56,301.484],"Rotation":0},{"Text":"singular","TextBB":[263.242,305.544,316.555,319.63],"Rotation":0},{"Text":"values","TextBB":[320.788,305.544,364.798,319.63],"Rotation":0},{"Text":"GKS","TextBB":[297.759,323.945,329.92,338.031],"Rotation":0},{"Text":"0","TextBB":[476.561,274.582,485.028,288.667],"Rotation":0},{"Text":"100","TextBB":[407.528,287.398,432.928,301.484],"Rotation":0},{"Text":"20","TextBB":[186.467,341.584,203.4,355.67],"Rotation":0},{"Text":"20","TextBB":[468.058,341.584,484.992,355.67],"Rotation":0},{"Text":"15","TextBB":[186.467,381.558,203.4,395.644],"Rotation":0},{"Text":"15","TextBB":[468.058,381.558,484.992,395.644],"Rotation":0},{"Text":"10","TextBB":[186.467,421.659,203.4,435.745],"Rotation":0},{"Text":"10","TextBB":[468.058,421.659,484.992,435.745],"Rotation":0},{"Text":"5","TextBB":[194.969,461.759,203.436,475.845],"Rotation":0},{"Text":"5","TextBB":[476.561,461.759,485.028,475.845],"Rotation":0},{"Text":"0","TextBB":[194.969,501.859,203.436,515.945],"Rotation":0},{"Text":"0","TextBB":[203.599,514.676,212.065,528.762],"Rotation":0},{"Text":"50","TextBB":[305.626,514.676,322.56,528.762],"Rotation":0},{"Text":"singular","TextBB":[263.242,532.823,316.555,546.909],"Rotation":0},{"Text":"values","TextBB":[320.788,532.823,364.798,546.909],"Rotation":0},{"Text":"0","TextBB":[476.561,501.859,485.028,515.945],"Rotation":0},{"Text":"100","TextBB":[407.528,514.676,432.928,528.762],"Rotation":0},{"Text":"0","TextBB":[485.19,287.398,493.657,301.484],"Rotation":0},{"Text":"50","TextBB":[587.218,287.398,604.152,301.484],"Rotation":0},{"Text":"singular","TextBB":[544.833,305.544,598.147,319.63],"Rotation":0},{"Text":"values","TextBB":[602.38,305.544,646.389,319.63],"Rotation":0},{"Text":"KAHAN","TextBB":[569.198,323.945,621.659,338.031],"Rotation":0},{"Text":"100","TextBB":[689.119,287.398,714.52,301.484],"Rotation":0},{"Text":"0","TextBB":[485.19,514.676,493.657,528.762],"Rotation":0},{"Text":"50","TextBB":[587.218,514.676,604.152,528.762],"Rotation":0},{"Text":"singular","TextBB":[544.833,532.823,598.147,546.909],"Rotation":0},{"Text":"values","TextBB":[602.38,532.823,646.389,546.909],"Rotation":0},{"Text":"100","TextBB":[689.119,514.676,714.52,528.762],"Rotation":0}],"Mention":["In our numerical experiments we work with three different values of n = 100, 384, and 768,\nfollowing the experimental setup of [23]. For n = 384, Figure 1 illustrates the top singular values\nof typical matrices chosen from each of the above families. The corresponding linear structure is\nplotted in Figure 2. The linear structure of a matrix A whose rank is equal to ρ is measured via\n"],"Page":15,"Number":1,"Type":"Figure","CaptionBB":[123,579,763,615],"Height":1100,"Width":850,"DPI":100,"ImageBB":[180,93,716,549]}