{"Caption":"Figure 10: Comparison on energy consumption.","ImageText":[{"Text":"Energy","TextBB":[459.35,159.62,467.167,186.392],"Rotation":3},{"Text":"Consumption","TextBB":[459.35,107.487,467.167,157.271],"Rotation":3},{"Text":"Ratio","TextBB":[459.35,85.4142,467.167,105.138],"Rotation":3},{"Text":"Energy","TextBB":[459.35,282.456,467.167,309.228],"Rotation":3},{"Text":"Consumption","TextBB":[459.35,230.324,467.167,280.107],"Rotation":3},{"Text":"Ratio","TextBB":[459.35,208.25,467.167,227.974],"Rotation":3},{"Text":"(a)","TextBB":[568.586,79.9213,578.913,87.7382],"Rotation":0},{"Text":"Compared","TextBB":[581.262,79.9213,620.71,87.7382],"Rotation":0},{"Text":"to","TextBB":[623.059,79.9213,630.107,87.7382],"Rotation":0},{"Text":"ECDSA","TextBB":[632.457,79.9213,661.569,87.7382],"Rotation":0},{"Text":"0.4","TextBB":[470.044,89.1493,478.435,94.7328],"Rotation":0},{"Text":"0.3","TextBB":[470.044,111.534,478.435,117.118],"Rotation":0},{"Text":"0.2","TextBB":[470.044,133.969,478.435,139.552],"Rotation":0},{"Text":"0.1","TextBB":[470.044,156.402,478.435,161.986],"Rotation":0},{"Text":"0","TextBB":[475.075,178.838,478.431,184.422],"Rotation":0},{"Text":"Basic","TextBB":[629.05,159.498,649.712,167.315],"Rotation":0},{"Text":"Scheme","TextBB":[652.061,159.498,683.058,167.315],"Rotation":0},{"Text":"Using","TextBB":[629.05,169.206,650.65,177.023],"Rotation":0},{"Text":"Deployment","TextBB":[652.999,169.206,698.084,177.023],"Rotation":0},{"Text":"Knowledge","TextBB":[700.433,169.206,742.239,177.023],"Rotation":0},{"Text":"0","TextBB":[478.496,183.917,481.852,189.501],"Rotation":0},{"Text":"0.5","TextBB":[529.854,183.917,538.245,189.501],"Rotation":0},{"Text":"1","TextBB":[586.243,183.917,589.599,189.501],"Rotation":0},{"Text":"1.5","TextBB":[637.6,183.917,645.99,189.501],"Rotation":0},{"Text":"2","TextBB":[693.989,183.917,697.345,189.501],"Rotation":0},{"Text":"2.5","TextBB":[745.397,183.917,753.788,189.501],"Rotation":0},{"Text":"Network","TextBB":[590.015,191.138,621.004,198.955],"Rotation":0},{"Text":"Size","TextBB":[623.353,191.138,639.79,198.955],"Rotation":0},{"Text":"(b)","TextBB":[574.422,202.757,584.749,210.574],"Rotation":0},{"Text":"Compared","TextBB":[587.098,202.757,626.546,210.574],"Rotation":0},{"Text":"to","TextBB":[628.895,202.757,635.943,210.574],"Rotation":0},{"Text":"RSA","TextBB":[638.293,202.757,655.667,210.574],"Rotation":0},{"Text":"4","TextBB":[747.358,191.801,749.596,195.523],"Rotation":0},{"Text":"x","TextBB":[735.991,194.079,739.009,199.662],"Rotation":0},{"Text":"10","TextBB":[740.687,194.079,747.399,199.662],"Rotation":0},{"Text":"0.8","TextBB":[470.044,211.987,478.435,217.57],"Rotation":0},{"Text":"0.6","TextBB":[470.044,234.372,478.435,239.955],"Rotation":0},{"Text":"0.4","TextBB":[470.044,256.805,478.435,262.388],"Rotation":0},{"Text":"0.2","TextBB":[470.044,279.24,478.435,284.823],"Rotation":0},{"Text":"0","TextBB":[475.075,301.674,478.431,307.258],"Rotation":0},{"Text":"Basic","TextBB":[629.05,282.335,649.712,290.152],"Rotation":0},{"Text":"Scheme","TextBB":[652.061,282.335,683.058,290.152],"Rotation":0},{"Text":"Using","TextBB":[629.05,292.044,650.65,299.861],"Rotation":0},{"Text":"Deployment","TextBB":[652.999,292.044,698.084,299.861],"Rotation":0},{"Text":"Knowledge","TextBB":[700.433,292.044,742.239,299.861],"Rotation":0},{"Text":"0","TextBB":[478.496,306.755,481.852,312.338],"Rotation":0},{"Text":"0.5","TextBB":[529.854,306.755,538.245,312.338],"Rotation":0},{"Text":"1","TextBB":[586.243,306.755,589.599,312.338],"Rotation":0},{"Text":"1.5","TextBB":[637.6,306.755,645.99,312.338],"Rotation":0},{"Text":"2","TextBB":[693.989,306.755,697.345,312.338],"Rotation":0},{"Text":"2.5","TextBB":[745.397,306.755,753.788,312.338],"Rotation":0},{"Text":"Network","TextBB":[590.015,313.975,621.004,321.792],"Rotation":0},{"Text":"Size","TextBB":[623.353,313.975,639.79,321.792],"Rotation":0},{"Text":"4","TextBB":[747.358,314.638,749.596,318.361],"Rotation":0},{"Text":"x","TextBB":[735.991,316.916,739.009,322.5],"Rotation":0},{"Text":"10","TextBB":[740.687,316.916,747.399,322.5],"Rotation":0}],"Mention":["We have computed the ratio of our scheme to the RSA algo-\nrithm and ECC algorithm. For ECC, we assume that Elliptic Curve\nDigital Signature Algorithm (ECDSA) [1] is used. Our result is\ndepicted in Figure 10. The amount of energy saving is substantial,\nespecially for ECDSA algorithm. For example, our deployment\nknowledge-based scheme consumes only 14% of the energy used\nby ECDSA algorithm for a network of 10, 000 nodes while our\nbasic scheme consumes 28%.\nThe saving over RSA algorithm is relatively less; this is because\nthe signature verification of RSA is about four times as fast as that\nof ECDSA due to the small public key used in RSA. However, it\nis believed that ECC is more practical for sensor networks because\nRSA signature generation is quite slow: about 20 times slower than\nsignature verification.\n"],"Page":9,"Number":10,"Type":"Figure","CaptionBB":[477,341,733,354],"Height":1100,"Width":850,"DPI":100,"ImageBB":[457,76,756,324]}