{"Caption":"Figure 17: On PlanetLab (top), comparing 2 D + H to 4 D + H, the data show a 20% improvement in RRL and a 15% im- provement in RALP. The bottom two graphs show how these metrics changed on the wider set of Azureus end-hosts as compared to simulation. ","ImageText":[{"Text":"1.0","TextBB":[136.248,104.495,148.266,113.148],"Rotation":0},{"Text":"CDF","TextBB":[440.484,158.524,449.137,177.223],"Rotation":3},{"Text":"0.6","TextBB":[136.248,155.038,148.266,163.691],"Rotation":0},{"Text":"0.4","TextBB":[459.707,180.309,471.725,188.962],"Rotation":0},{"Text":"0.2","TextBB":[136.248,205.581,148.266,214.234],"Rotation":0},{"Text":"0.2","TextBB":[459.707,205.581,471.725,214.234],"Rotation":0},{"Text":"0.1","TextBB":[200.354,240.467,212.372,249.12],"Rotation":0},{"Text":"0.2","TextBB":[252.752,240.467,264.769,249.12],"Rotation":0},{"Text":"0.3","TextBB":[305.08,240.467,317.098,249.12],"Rotation":0},{"Text":"Relative","TextBB":[247.273,254.888,279.317,263.541],"Rotation":0},{"Text":"Rank","TextBB":[281.721,254.888,302.016,263.541],"Rotation":0},{"Text":"Loss","TextBB":[304.42,254.888,322.581,263.541],"Rotation":0},{"Text":"0.4","TextBB":[357.478,240.467,369.496,249.12],"Rotation":0},{"Text":"0.0","TextBB":[459.707,230.853,471.725,239.505],"Rotation":0},{"Text":"0.0","TextBB":[471.484,240.467,483.502,249.12],"Rotation":0},{"Text":"0.5","TextBB":[409.807,240.467,421.824,249.12],"Rotation":0},{"Text":"1.0","TextBB":[134.518,278.934,146.536,287.587],"Rotation":0},{"Text":"1.0","TextBB":[457.977,278.934,469.995,287.587],"Rotation":0},{"Text":"0.8","TextBB":[134.518,304.205,146.536,312.858],"Rotation":0},{"Text":"0.8","TextBB":[457.977,304.205,469.995,312.858],"Rotation":0},{"Text":"0.6","TextBB":[134.518,329.477,146.536,338.13],"Rotation":0},{"Text":"0.6","TextBB":[457.977,329.477,469.995,338.13],"Rotation":0},{"Text":"0.4","TextBB":[134.518,354.749,146.536,363.401],"Rotation":0},{"Text":"0.1","TextBB":[504.241,240.467,516.259,249.12],"Rotation":0},{"Text":"0.2","TextBB":[536.93,240.467,548.947,249.12],"Rotation":0},{"Text":"0.3","TextBB":[569.687,240.467,581.704,249.12],"Rotation":0},{"Text":"0.4","TextBB":[602.375,240.467,614.393,249.12],"Rotation":0},{"Text":"0.5","TextBB":[635.132,240.467,647.15,249.12],"Rotation":0},{"Text":"0.6","TextBB":[667.82,240.467,679.838,249.12],"Rotation":0},{"Text":"Relative","TextBB":[540.295,254.888,572.339,263.541],"Rotation":0},{"Text":"Application-Level","TextBB":[574.743,254.888,645.234,263.541],"Rotation":0},{"Text":"Penalty","TextBB":[647.638,254.888,676.48,263.541],"Rotation":0},{"Text":"0.7","TextBB":[700.509,240.467,712.526,249.12],"Rotation":0},{"Text":"0.8","TextBB":[733.266,240.467,745.283,249.12],"Rotation":0},{"Text":"0.7","TextBB":[698.779,414.906,710.797,423.559],"Rotation":0},{"Text":"0.8","TextBB":[731.536,414.906,743.554,423.559],"Rotation":0},{"Text":"0.4","TextBB":[457.977,354.749,469.995,363.401],"Rotation":0},{"Text":"Simulation","TextBB":[277.083,376.93,319.29,385.583],"Rotation":0},{"Text":"Live","TextBB":[277.083,386.544,294.706,395.197],"Rotation":0},{"Text":"(All)","TextBB":[297.11,386.544,315.8,395.197],"Rotation":0},{"Text":"Live","TextBB":[277.083,396.158,294.706,404.811],"Rotation":0},{"Text":"(PlanetLab)","TextBB":[297.11,396.158,342.498,404.811],"Rotation":0},{"Text":"0.2","TextBB":[134.518,380.02,146.536,388.673],"Rotation":0},{"Text":"0.0","TextBB":[134.518,405.292,146.536,413.945],"Rotation":0},{"Text":"0.0","TextBB":[146.296,414.906,158.314,423.559],"Rotation":0},{"Text":"4d+h","TextBB":[483.262,107.31,503.105,115.963],"Rotation":0},{"Text":"5d","TextBB":[483.262,116.925,492.876,125.577],"Rotation":0},{"Text":"2d+h","TextBB":[483.262,126.538,503.105,135.191],"Rotation":0},{"Text":"0.6","TextBB":[459.707,155.038,471.725,163.691],"Rotation":0},{"Text":"0.4","TextBB":[136.248,180.309,148.266,188.962],"Rotation":0},{"Text":"0.0","TextBB":[136.248,230.853,148.266,239.505],"Rotation":0},{"Text":"0.0","TextBB":[148.025,240.467,160.043,249.12],"Rotation":0},{"Text":"CDF","TextBB":[115.295,332.963,123.948,351.663],"Rotation":3},{"Text":"0.8","TextBB":[459.707,129.766,471.725,138.419],"Rotation":0},{"Text":"CDF","TextBB":[438.754,332.963,447.407,351.663],"Rotation":3},{"Text":"CDF","TextBB":[117.025,158.524,125.678,177.223],"Rotation":3},{"Text":"0.8","TextBB":[136.248,129.766,148.266,138.419],"Rotation":0},{"Text":"1.0","TextBB":[459.707,104.495,471.725,113.148],"Rotation":0},{"Text":"4d+h","TextBB":[159.803,107.31,179.647,115.963],"Rotation":0},{"Text":"5d","TextBB":[159.803,116.925,169.417,125.577],"Rotation":0},{"Text":"2d+h","TextBB":[159.803,126.538,179.647,135.191],"Rotation":0},{"Text":"0.1","TextBB":[198.625,414.906,210.642,423.559],"Rotation":0},{"Text":"0.2","TextBB":[251.022,414.906,263.04,423.559],"Rotation":0},{"Text":"0.3","TextBB":[303.351,414.906,315.368,423.559],"Rotation":0},{"Text":"Relative","TextBB":[245.543,429.327,277.587,437.98],"Rotation":0},{"Text":"Rank","TextBB":[279.991,429.327,300.286,437.98],"Rotation":0},{"Text":"Loss","TextBB":[302.69,429.327,320.851,437.98],"Rotation":0},{"Text":"Simulation","TextBB":[600.542,376.93,642.749,385.583],"Rotation":0},{"Text":"Live","TextBB":[600.542,386.544,618.165,395.197],"Rotation":0},{"Text":"(All)","TextBB":[620.569,386.544,639.259,395.197],"Rotation":0},{"Text":"Live","TextBB":[600.542,396.158,618.165,404.811],"Rotation":0},{"Text":"(PlanetLab)","TextBB":[620.569,396.158,665.957,404.811],"Rotation":0},{"Text":"0.2","TextBB":[457.977,380.02,469.995,388.673],"Rotation":0},{"Text":"0.4","TextBB":[355.748,414.906,367.766,423.559],"Rotation":0},{"Text":"0.5","TextBB":[408.077,414.906,420.095,423.559],"Rotation":0},{"Text":"0.0","TextBB":[457.977,405.292,469.995,413.945],"Rotation":0},{"Text":"0.0","TextBB":[469.755,414.906,481.773,423.559],"Rotation":0},{"Text":"0.1","TextBB":[502.512,414.906,514.53,423.559],"Rotation":0},{"Text":"0.2","TextBB":[535.2,414.906,547.218,423.559],"Rotation":0},{"Text":"0.3","TextBB":[567.957,414.906,579.975,423.559],"Rotation":0},{"Text":"0.4","TextBB":[600.645,414.906,612.663,423.559],"Rotation":0},{"Text":"0.5","TextBB":[633.402,414.906,645.42,423.559],"Rotation":0},{"Text":"0.6","TextBB":[666.091,414.906,678.108,423.559],"Rotation":0},{"Text":"Relative","TextBB":[538.566,429.327,570.61,437.98],"Rotation":0},{"Text":"Application-Level","TextBB":[573.013,429.327,643.505,437.98],"Rotation":0},{"Text":"Penalty","TextBB":[645.908,429.327,674.751,437.98],"Rotation":0}],"Mention":["We show these additional metrics collected on Planet-\nLab (see § 6.2) and on Azureus\u2019 end hosts (see § 6.3) in\nFigure 17.\n"],"Page":16,"Number":17,"Type":"Figure","CaptionBB":[98,439,765,484],"Height":1100,"Width":850,"DPI":100,"ImageBB":[113,100,747,440]}