{"Caption":"Figure 4. Results for the maze in Figure 1(c) using various levels of action noise (i.e., (1 \u2013 action-success-probability)). In all the above graphs, the X axis is the diminishing sensor accuracy, and the Y axis is the average reward per agent action. The above results are averaged over 10 different executions for each observation accuracy and method. All variances were below 0.015 and in most cases below 0.005. ","ImageText":[{"Text":" ","TextBB":[386.813,115.391,391.244,129.491],"Rotation":0},{"Text":"   ","TextBB":[607.583,118.471,618.503,132.571],"Rotation":0},{"Text":"   ","TextBB":[386.813,132.787,397.733,146.887],"Rotation":0},{"Text":"   ","TextBB":[607.583,139.914,618.503,154.014],"Rotation":0},{"Text":"   ","TextBB":[386.813,150.606,397.733,164.706],"Rotation":0},{"Text":"   ","TextBB":[607.583,160.874,618.503,174.974],"Rotation":0},{"Text":"   ","TextBB":[386.813,168.002,397.733,182.102],"Rotation":0},{"Text":"   ","TextBB":[607.583,182.257,618.503,196.357],"Rotation":0},{"Text":"   ","TextBB":[386.813,185.821,397.733,199.921],"Rotation":0},{"Text":" ","TextBB":[386.813,203.217,391.244,217.317],"Rotation":0},{"Text":" ","TextBB":[216.289,217.472,220.719,231.572],"Rotation":0},{"Text":"    ","TextBB":[292.049,217.472,307.246,231.572],"Rotation":0},{"Text":"   ","TextBB":[375.328,217.472,386.248,231.572],"Rotation":0},{"Text":" ","TextBB":[607.583,203.217,612.014,217.317],"Rotation":0},{"Text":" ","TextBB":[437.059,217.472,441.49,231.572],"Rotation":0},{"Text":"(a)","TextBB":[202.834,251.487,216.652,262.69],"Rotation":0},{"Text":"0","TextBB":[221.228,249.408,227.625,262.479],"Rotation":0},{"Text":"action","TextBB":[230.731,251.487,261.154,262.69],"Rotation":0},{"Text":"noise","TextBB":[264.266,251.487,290.543,262.69],"Rotation":0},{"Text":"(deterministic","TextBB":[293.655,251.487,362.804,262.69],"Rotation":0},{"Text":"actions)","TextBB":[365.916,251.487,405.326,262.69],"Rotation":0},{"Text":"    ","TextBB":[512.819,217.472,528.016,231.572],"Rotation":0},{"Text":"   ","TextBB":[596.098,217.472,607.018,231.572],"Rotation":0},{"Text":"(b)","TextBB":[475.688,251.487,490.203,262.69],"Rotation":0},{"Text":"0.1","TextBB":[494.777,249.408,511.121,262.479],"Rotation":0},{"Text":"action","TextBB":[514.241,251.487,544.664,262.69],"Rotation":0},{"Text":"noise","TextBB":[547.763,251.487,574.041,262.69],"Rotation":0},{"Text":"   ","TextBB":[386.813,274.631,397.733,288.73],"Rotation":0},{"Text":"   ","TextBB":[607.583,274.631,618.503,288.73],"Rotation":0},{"Text":"   ","TextBB":[386.813,289.792,397.733,303.892],"Rotation":0},{"Text":"   ","TextBB":[607.583,292.51,618.503,306.61],"Rotation":0},{"Text":"   ","TextBB":[386.813,304.953,397.733,319.053],"Rotation":0},{"Text":"   ","TextBB":[607.583,309.906,618.503,324.006],"Rotation":0},{"Text":"   ","TextBB":[386.813,320.114,397.733,334.214],"Rotation":0},{"Text":" ","TextBB":[607.583,327.725,612.014,341.825],"Rotation":0},{"Text":" ","TextBB":[386.813,334.852,391.244,348.952],"Rotation":0},{"Text":"   ","TextBB":[607.583,345.121,618.503,359.221],"Rotation":0},{"Text":"   ","TextBB":[386.813,350.013,397.733,364.113],"Rotation":0},{"Text":" ","TextBB":[216.289,394.591,220.719,408.691],"Rotation":0},{"Text":"    ","TextBB":[292.049,394.591,307.246,408.691],"Rotation":0},{"Text":"   ","TextBB":[386.813,365.175,397.733,379.274],"Rotation":0},{"Text":"   ","TextBB":[607.583,362.94,618.503,377.04],"Rotation":0},{"Text":"   ","TextBB":[386.813,380.336,397.733,394.436],"Rotation":0},{"Text":"   ","TextBB":[607.583,380.336,618.503,394.436],"Rotation":0},{"Text":"   ","TextBB":[375.328,394.591,386.248,408.691],"Rotation":0},{"Text":"(c)","TextBB":[255.28,428.606,269.097,439.809],"Rotation":0},{"Text":"0.2","TextBB":[273.66,426.527,290.018,439.598],"Rotation":0},{"Text":"action","TextBB":[293.137,428.606,323.56,439.809],"Rotation":0},{"Text":"noise","TextBB":[326.66,428.606,352.937,439.809],"Rotation":0},{"Text":" ","TextBB":[437.059,394.591,441.49,408.691],"Rotation":0},{"Text":"    ","TextBB":[512.819,394.591,528.016,408.691],"Rotation":0},{"Text":"   ","TextBB":[596.098,394.591,607.018,408.691],"Rotation":0},{"Text":"(d)","TextBB":[475.688,428.606,490.203,439.809],"Rotation":0},{"Text":"0.3","TextBB":[494.777,426.527,511.121,439.598],"Rotation":0},{"Text":"action","TextBB":[514.241,428.606,544.664,439.809],"Rotation":0},{"Text":"noise","TextBB":[547.763,428.606,574.041,439.809],"Rotation":0},{"Text":"(e)","TextBB":[332.621,475.717,346.438,486.92],"Rotation":0},{"Text":"Legend","TextBB":[350.994,475.717,388.151,486.92],"Rotation":0},{"Text":"for","TextBB":[391.25,475.717,405.765,486.92],"Rotation":0},{"Text":"the","TextBB":[408.877,475.717,424.088,486.92],"Rotation":0},{"Text":"above","TextBB":[427.2,475.717,456.565,486.92],"Rotation":0},{"Text":"graphs","TextBB":[459.664,475.717,492.85,486.92],"Rotation":0}],"Mention":["no mention found"],"Page":7,"Number":4,"Type":"Figure","CaptionBB":[75,507,752,566],"Height":1169,"Width":826,"DPI":100,"ImageBB":[201,102,621,489]}