{"Caption":"Figure 12. Final principal beliefs for values of λ (the exponential distribution parameter) when the true distribution is uniform (left) and exponential (right) under the Bayesian approach, when the prior places probability on both types of distribution. ","ImageText":[{"Text":"0.015","TextBB":[430.15,591.399,435.559,606.028],"Rotation":3},{"Text":"0.015","TextBB":[605.65,586.183,611.059,600.813],"Rotation":3},{"Text":"0.010","TextBB":[605.65,617.255,611.059,631.885],"Rotation":3},{"Text":"0.005","TextBB":[605.65,648.327,611.059,662.957],"Rotation":3},{"Text":"0.000","TextBB":[605.65,679.399,611.059,694.029],"Rotation":3},{"Text":"f","TextBB":[591.617,634.579,597.026,636.204],"Rotation":3},{"Text":"0.010","TextBB":[430.15,620.734,435.559,635.364],"Rotation":3},{"Text":"0.005","TextBB":[430.15,650.064,435.559,664.694],"Rotation":3},{"Text":"0.000","TextBB":[430.15,679.399,435.559,694.029],"Rotation":3},{"Text":"0","TextBB":[445.908,699.254,449.159,704.663],"Rotation":0},{"Text":"1","TextBB":[458.135,699.254,461.386,704.663],"Rotation":0},{"Text":"2","TextBB":[470.361,699.254,473.612,704.663],"Rotation":0},{"Text":"3","TextBB":[482.588,699.254,485.839,704.663],"Rotation":0},{"Text":"4","TextBB":[494.815,699.254,498.066,704.663],"Rotation":0},{"Text":"5","TextBB":[507.041,699.254,510.292,704.663],"Rotation":0},{"Text":"6","TextBB":[519.268,699.254,522.519,704.663],"Rotation":0},{"Text":"7","TextBB":[531.494,699.254,534.745,704.663],"Rotation":0},{"Text":"8","TextBB":[543.721,699.254,546.972,704.663],"Rotation":0},{"Text":"lambda","TextBB":[463.224,713.288,482.397,718.696],"Rotation":0},{"Text":"in","TextBB":[484.022,713.288,488.571,718.696],"Rotation":0},{"Text":"(0.01,0.02,...,9.99,10.00)","TextBB":[490.197,713.288,554.236,718.696],"Rotation":0},{"Text":"9","TextBB":[555.947,699.254,559.198,704.663],"Rotation":0},{"Text":"10","TextBB":[566.548,699.254,573.05,704.663],"Rotation":0},{"Text":"0","TextBB":[621.408,699.254,624.659,704.663],"Rotation":0},{"Text":"1","TextBB":[633.633,699.254,636.884,704.663],"Rotation":0},{"Text":"2","TextBB":[645.861,699.254,649.112,704.663],"Rotation":0},{"Text":"3","TextBB":[658.086,699.254,661.337,704.663],"Rotation":0},{"Text":"4","TextBB":[670.314,699.254,673.566,704.663],"Rotation":0},{"Text":"5","TextBB":[682.539,699.254,685.791,704.663],"Rotation":0},{"Text":"6","TextBB":[694.768,699.254,698.019,704.663],"Rotation":0},{"Text":"7","TextBB":[706.993,699.254,710.244,704.663],"Rotation":0},{"Text":"8","TextBB":[719.221,699.254,722.472,704.663],"Rotation":0},{"Text":"9","TextBB":[731.446,699.254,734.697,704.663],"Rotation":0},{"Text":"10","TextBB":[742.048,699.254,748.55,704.663],"Rotation":0},{"Text":"lambda","TextBB":[638.724,713.288,657.897,718.696],"Rotation":0},{"Text":"in","TextBB":[659.522,713.288,664.071,718.696],"Rotation":0},{"Text":"(0.01,0.02,...,9.99,10.00)","TextBB":[665.697,713.288,729.736,718.696],"Rotation":0}],"Mention":["no mention found"],"Page":7,"Number":12,"Type":"Figure","CaptionBB":[425,722,752,784],"Height":1100,"Width":850,"DPI":100,"ImageBB":[428,578,753,721]}