{"Type":"Figure",
"Number": 10,
"Page": 9,
"DPI": 100,
"Width": 850,
"Height": 1100,
"CaptionBB": [433,734,745,762],
"Caption": "Figure 10: Emulated parameters for System Logs real and syn- thesized datasets as the number of snapshots in them increases. ",
"ImageBB": [433,447,746,734],
"ImageText" : [
{"Rotation": 3,"TextBB": [435.132,497.248,441.129,518.448], "Text": "Chunks"},
	{"Rotation": 3,"TextBB": [435.132,488.562,441.129,495.51], "Text": "(in"},
	{"Rotation": 3,"TextBB": [435.132,455.887,441.129,486.824], "Text": "thousands)"},
	{"Rotation": 0,"TextBB": [442.183,449.779,459.568,455.776], "Text": "10000"},
	{"Rotation": 0,"TextBB": [445.66,467.2,459.568,473.197], "Text": "1000"},
	{"Rotation": 0,"TextBB": [449.137,484.576,459.568,490.573], "Text": "100"},
	{"Rotation": 0,"TextBB": [452.614,501.996,459.568,507.993], "Text": "10"},
	{"Rotation": 0,"TextBB": [495.488,507.222,508.345,513.219], "Text": "Real"},
	{"Rotation": 0,"TextBB": [474.282,513.476,508.345,519.473], "Text": "Synthesized"},
	{"Rotation": 0,"TextBB": [456.091,519.417,459.568,525.414], "Text": "1"},
	{"Rotation": 0,"TextBB": [461.581,525.67,465.058,531.667], "Text": "1"},
	{"Rotation": 0,"TextBB": [502.205,525.67,505.682,531.667], "Text": "2"},
	{"Rotation": 0,"TextBB": [542.004,525.67,545.481,531.667], "Text": "3"},
	{"Rotation": 0,"TextBB": [581.759,525.67,585.236,531.667], "Text": "4"},
	{"Rotation": 0,"TextBB": [621.558,525.67,625.035,531.667], "Text": "5"},
	{"Rotation": 0,"TextBB": [661.312,525.67,664.789,531.667], "Text": "6"},
	{"Rotation": 0,"TextBB": [701.112,525.67,704.589,531.667], "Text": "7"},
	{"Rotation": 0,"TextBB": [740.866,525.67,744.343,531.667], "Text": "8"},
	{"Rotation": 0,"TextBB": [661.312,619.984,664.789,625.981], "Text": "6"},
	{"Rotation": 0,"TextBB": [701.112,619.984,704.589,625.981], "Text": "7"},
	{"Rotation": 0,"TextBB": [740.866,619.984,744.343,625.981], "Text": "8"},
	{"Rotation": 0,"TextBB": [701.112,714.299,704.589,720.296], "Text": "7"},
	{"Rotation": 0,"TextBB": [740.866,714.299,744.343,720.296], "Text": "8"},
	{"Rotation": 0,"TextBB": [523.928,532.9,536.215,542.797], "Text": "(a)"},
	{"Rotation": 0,"TextBB": [540.787,532.9,577.062,542.797], "Text": "Number"},
	{"Rotation": 0,"TextBB": [579.829,532.9,589.05,542.797], "Text": "of"},
	{"Rotation": 0,"TextBB": [591.818,532.9,621.949,542.797], "Text": "unique"},
	{"Rotation": 0,"TextBB": [624.716,532.9,656.076,542.797], "Text": "chunks"},
	{"Rotation": 0,"TextBB": [442.183,544.093,459.568,550.09], "Text": "10000"},
	{"Rotation": 3,"TextBB": [435.132,591.562,441.129,612.762], "Text": "Chunks"},
	{"Rotation": 3,"TextBB": [435.132,582.876,441.129,589.824], "Text": "(in"},
	{"Rotation": 3,"TextBB": [435.132,550.201,441.129,581.138], "Text": "thousands)"},
	{"Rotation": 0,"TextBB": [445.66,561.514,459.568,567.511], "Text": "1000"},
	{"Rotation": 0,"TextBB": [449.137,578.889,459.568,584.887], "Text": "100"},
	{"Rotation": 0,"TextBB": [452.614,596.31,459.568,602.307], "Text": "10"},
	{"Rotation": 0,"TextBB": [495.488,601.536,508.345,607.533], "Text": "Real"},
	{"Rotation": 0,"TextBB": [474.282,607.79,508.345,613.787], "Text": "Synthesized"},
	{"Rotation": 0,"TextBB": [456.091,613.731,459.568,619.728], "Text": "1"},
	{"Rotation": 0,"TextBB": [461.581,619.984,465.058,625.981], "Text": "1"},
	{"Rotation": 0,"TextBB": [502.205,619.984,505.682,625.981], "Text": "2"},
	{"Rotation": 0,"TextBB": [542.004,619.984,545.481,625.981], "Text": "3"},
	{"Rotation": 0,"TextBB": [581.759,619.984,585.236,625.981], "Text": "4"},
	{"Rotation": 0,"TextBB": [621.558,619.984,625.035,625.981], "Text": "5"},
	{"Rotation": 0,"TextBB": [503.018,627.214,515.925,637.11], "Text": "(b)"},
	{"Rotation": 0,"TextBB": [520.497,627.214,556.772,637.11], "Text": "Number"},
	{"Rotation": 0,"TextBB": [559.528,627.214,568.749,637.11], "Text": "of"},
	{"Rotation": 0,"TextBB": [571.517,627.214,602.877,637.11], "Text": "chunks"},
	{"Rotation": 0,"TextBB": [605.644,627.214,625.326,637.11], "Text": "with"},
	{"Rotation": 0,"TextBB": [628.093,627.214,633.628,637.11], "Text": "1"},
	{"Rotation": 0,"TextBB": [636.395,627.214,676.977,637.11], "Text": "duplicate"},
	{"Rotation": 3,"TextBB": [435.132,685.877,441.129,707.077], "Text": "Chunks"},
	{"Rotation": 3,"TextBB": [435.132,677.191,441.129,684.139], "Text": "(in"},
	{"Rotation": 3,"TextBB": [435.132,644.517,441.129,675.453], "Text": "thousands)"},
	{"Rotation": 0,"TextBB": [442.183,638.408,459.568,644.405], "Text": "10000"},
	{"Rotation": 0,"TextBB": [445.66,655.829,459.568,661.826], "Text": "1000"},
	{"Rotation": 0,"TextBB": [449.137,673.205,459.568,679.202], "Text": "100"},
	{"Rotation": 0,"TextBB": [452.614,690.625,459.568,696.622], "Text": "10"},
	{"Rotation": 0,"TextBB": [495.488,695.851,508.345,701.849], "Text": "Real"},
	{"Rotation": 0,"TextBB": [474.282,702.105,508.345,708.102], "Text": "Synthesized"},
	{"Rotation": 0,"TextBB": [456.091,708.046,459.568,714.043], "Text": "1"},
	{"Rotation": 0,"TextBB": [461.581,714.299,465.058,720.296], "Text": "1"},
	{"Rotation": 0,"TextBB": [502.205,714.299,505.682,720.296], "Text": "2"},
	{"Rotation": 0,"TextBB": [542.004,714.299,545.481,720.296], "Text": "3"},
	{"Rotation": 0,"TextBB": [581.759,714.299,585.236,720.296], "Text": "4"},
	{"Rotation": 0,"TextBB": [621.558,714.299,625.035,720.296], "Text": "5"},
	{"Rotation": 0,"TextBB": [661.312,714.299,664.789,720.296], "Text": "6"},
	{"Rotation": 0,"TextBB": [501.175,721.53,513.462,731.426], "Text": "(c)"},
	{"Rotation": 0,"TextBB": [518.034,721.53,554.309,731.426], "Text": "Number"},
	{"Rotation": 0,"TextBB": [557.076,721.53,566.297,731.426], "Text": "of"},
	{"Rotation": 0,"TextBB": [569.054,721.53,600.414,731.426], "Text": "chunks"},
	{"Rotation": 0,"TextBB": [603.181,721.53,622.863,731.426], "Text": "with"},
	{"Rotation": 0,"TextBB": [625.63,721.53,631.165,731.426], "Text": "2"},
	{"Rotation": 0,"TextBB": [633.933,721.53,678.82,731.426], "Text": "duplicates"}
]}
