{"Caption":"Figure 9: Beat-tracking results; log-log scale. The dual- tree method becomes more efficient at t = 10ms, and there- after dominates the na¨ıve method. ","ImageText":[{"Text":"2","TextBB":[91.9626,653.944,93.9591,657.266],"Rotation":0},{"Text":"naive","TextBB":[113.457,655.548,126.33,660.53],"Rotation":0},{"Text":"dual−tree","TextBB":[113.457,661.757,136.063,666.739],"Rotation":0},{"Text":"10","TextBB":[85.9781,655.997,91.9674,660.979],"Rotation":0},{"Text":"1","TextBB":[91.9626,673.918,93.9591,677.239],"Rotation":0},{"Text":"Distance","TextBB":[243.903,710.544,248.954,731.783],"Rotation":3},{"Text":"computations","TextBB":[243.903,676.557,248.954,709.027],"Rotation":3},{"Text":"10","TextBB":[85.9781,675.97,91.9674,680.952],"Rotation":0},{"Text":"Time","TextBB":[79.5425,703.004,84.5246,714.972],"Rotation":3},{"Text":"(s)","TextBB":[79.5425,695.227,84.5246,701.507],"Rotation":3},{"Text":"naive","TextBB":[276.16,653.953,289.209,659.004],"Rotation":0},{"Text":"dual−tree","TextBB":[276.16,660.247,299.075,665.298],"Rotation":0},{"Text":"9","TextBB":[256.494,663.222,258.518,666.589],"Rotation":0},{"Text":"10","TextBB":[250.428,665.302,256.499,670.352],"Rotation":0},{"Text":"0","TextBB":[91.9626,693.917,93.9591,697.238],"Rotation":0},{"Text":"10","TextBB":[85.9781,695.969,91.9674,700.951],"Rotation":0},{"Text":"−1","TextBB":[91.9626,713.89,96.0561,717.212],"Rotation":0},{"Text":"10","TextBB":[85.9781,715.943,91.9674,720.925],"Rotation":0},{"Text":"8","TextBB":[256.494,681.979,258.518,685.345],"Rotation":0},{"Text":"10","TextBB":[250.428,684.059,256.499,689.109],"Rotation":0},{"Text":"7","TextBB":[256.494,700.734,258.518,704.101],"Rotation":0},{"Text":"10","TextBB":[250.428,702.815,256.499,707.865],"Rotation":0},{"Text":"6","TextBB":[256.494,719.465,258.518,722.832],"Rotation":0},{"Text":"10","TextBB":[250.428,721.545,256.499,726.595],"Rotation":0},{"Text":"−2","TextBB":[91.9626,733.889,96.0561,737.21],"Rotation":0},{"Text":"10","TextBB":[85.9781,735.941,91.9674,740.923],"Rotation":0},{"Text":"5","TextBB":[256.494,738.22,258.518,741.587],"Rotation":0},{"Text":"10","TextBB":[250.428,740.301,256.499,745.351],"Rotation":0},{"Text":"−3","TextBB":[91.9626,753.862,96.0561,757.184],"Rotation":0},{"Text":"10","TextBB":[85.9781,755.915,91.9674,760.897],"Rotation":0},{"Text":"2","TextBB":[98.9197,759.422,100.916,762.744],"Rotation":0},{"Text":"10","TextBB":[92.9351,761.474,98.9245,766.457],"Rotation":0},{"Text":"3","TextBB":[148.442,759.422,150.438,762.744],"Rotation":0},{"Text":"4","TextBB":[197.964,759.422,199.96,762.744],"Rotation":0},{"Text":"10","TextBB":[142.457,761.474,148.446,766.457],"Rotation":0},{"Text":"10","TextBB":[191.979,761.474,197.969,766.457],"Rotation":0},{"Text":"Particles","TextBB":[153.429,766.811,174.079,771.793],"Rotation":0},{"Text":"2","TextBB":[261.424,759.251,263.447,762.618],"Rotation":0},{"Text":"10","TextBB":[255.357,761.331,261.428,766.382],"Rotation":0},{"Text":"3","TextBB":[311.623,759.251,313.647,762.618],"Rotation":0},{"Text":"4","TextBB":[361.825,759.251,363.849,762.618],"Rotation":0},{"Text":"10","TextBB":[305.557,761.331,311.628,766.382],"Rotation":0},{"Text":"10","TextBB":[355.758,761.331,361.83,766.382],"Rotation":0},{"Text":"Particles","TextBB":[316.679,766.74,337.612,771.79],"Rotation":0}],"Mention":["Beat-tracking is the process of determining the time\nslices in a raw song \fle that correspond to musical\nbeats. This is a challenging multi-modal MAP prob-\nlem (Cemgil & Kappen, 2003). We applied the model\nin (Lang & de Freitas, 2004) to \\I Will Survive\" by\nCake, using the MAP particle smoothing algorithm\ndescribed in section 3.3, and the exact dual-tree ac-\nceleration method. The dual-tree version is faster for\nN > 100 particles, and then dominates: it takes 2:53s\nto smooth N = 50000 particles, while na\u007F\u0010ve compu-\ntation requires 1m46s (see Figure 9). This problem\nbene\fts from a high particle count: Using 1000 parti-\ncles results in a MAP sequence of probability p = 0:53,\nwhile 50000 particles results in p = 0:87.\n"],"Page":8,"Number":9,"Type":"Figure","CaptionBB":[75,783,402,826],"Height":1100,"Width":850,"DPI":100,"ImageBB":[77,648,398,773]}