{"Caption":"Figure 8: Cube growing vs. cube pruning vs. full-integration (with beam search) on tree-to-string decoding.","ImageText":[{"Text":"full-integration","TextBB":[264.591,124.074,339.602,135.123],"Rotation":0},{"Text":"cube","TextBB":[270.55,141.991,296.445,153.039],"Rotation":0},{"Text":"pruning","TextBB":[299.766,141.991,339.601,153.039],"Rotation":0},{"Text":"cube","TextBB":[268.566,159.907,294.462,170.956],"Rotation":0},{"Text":"growing","TextBB":[297.783,159.907,339.6,170.956],"Rotation":0},{"Text":"218.8","TextBB":[139.334,150.949,169.219,161.998],"Rotation":0},{"Text":"0.262","TextBB":[463.084,128.084,492.969,139.132],"Rotation":0},{"Text":"BLEU","TextBB":[439.401,197.411,450.45,228.61],"Rotation":3},{"Text":"score","TextBB":[439.401,164.886,450.45,194.09],"Rotation":3},{"Text":"average","TextBB":[115.651,205.705,126.7,248.86],"Rotation":3},{"Text":"model","TextBB":[115.651,169.859,126.7,202.384],"Rotation":3},{"Text":"cost","TextBB":[115.651,144.633,126.7,166.539],"Rotation":3},{"Text":"219.0","TextBB":[139.334,109.741,169.219,120.789],"Rotation":0},{"Text":"218.6","TextBB":[139.334,192.157,169.219,203.206],"Rotation":0},{"Text":"218.4","TextBB":[139.334,233.366,169.219,244.414],"Rotation":0},{"Text":"218.2","TextBB":[139.334,274.574,169.219,285.623],"Rotation":0},{"Text":"0.260","TextBB":[463.084,164.684,492.969,175.732],"Rotation":0},{"Text":"0.258","TextBB":[463.084,201.287,492.969,212.335],"Rotation":0},{"Text":"0.256","TextBB":[463.084,237.973,492.969,249.021],"Rotation":0},{"Text":"3","TextBB":[196.066,283.456,201.379,292.295],"Rotation":0},{"Text":"4","TextBB":[297.594,283.456,302.907,292.295],"Rotation":0},{"Text":"5","TextBB":[399.122,283.456,404.435,292.295],"Rotation":0},{"Text":"10","TextBB":[182.784,287.713,196.067,298.762],"Rotation":0},{"Text":"10","TextBB":[284.312,287.713,297.594,298.762],"Rotation":0},{"Text":"10","TextBB":[385.84,287.713,399.122,298.762],"Rotation":0},{"Text":"average","TextBB":[145.523,304.435,188.679,315.484],"Rotation":0},{"Text":"number","TextBB":[191.999,304.435,232.491,315.484],"Rotation":0},{"Text":"of","TextBB":[235.811,304.435,245.773,315.484],"Rotation":0},{"Text":"+LM","TextBB":[249.094,304.435,272.66,315.484],"Rotation":0},{"Text":"items","TextBB":[275.981,304.435,304.516,315.484],"Rotation":0},{"Text":"explored","TextBB":[307.836,304.435,353.643,315.484],"Rotation":0},{"Text":"per","TextBB":[356.964,304.435,374.224,315.484],"Rotation":0},{"Text":"sentence","TextBB":[377.544,304.435,426.015,315.484],"Rotation":0},{"Text":"(a)","TextBB":[254.964,325.306,268.786,336.514],"Rotation":0},{"Text":"full-integration","TextBB":[588.339,224.408,663.35,235.456],"Rotation":0},{"Text":"cube","TextBB":[594.298,242.324,620.194,253.373],"Rotation":0},{"Text":"pruning","TextBB":[623.514,242.324,663.349,253.373],"Rotation":0},{"Text":"cube","TextBB":[592.315,260.241,618.211,271.289],"Rotation":0},{"Text":"growing","TextBB":[621.531,260.241,663.349,271.289],"Rotation":0},{"Text":"0.254","TextBB":[463.084,274.574,492.969,285.623],"Rotation":0},{"Text":"10","TextBB":[506.534,287.713,519.817,298.762],"Rotation":0},{"Text":"3","TextBB":[519.816,283.456,525.129,292.295],"Rotation":0},{"Text":"10","TextBB":[608.062,287.713,621.344,298.762],"Rotation":0},{"Text":"4","TextBB":[621.344,283.456,626.657,292.295],"Rotation":0},{"Text":"10","TextBB":[709.59,287.713,722.872,298.762],"Rotation":0},{"Text":"5","TextBB":[722.872,283.456,728.185,292.295],"Rotation":0},{"Text":"average","TextBB":[469.272,304.435,512.427,315.484],"Rotation":0},{"Text":"number","TextBB":[515.748,304.435,556.239,315.484],"Rotation":0},{"Text":"of","TextBB":[559.56,304.435,569.522,315.484],"Rotation":0},{"Text":"+LM","TextBB":[572.842,304.435,596.409,315.484],"Rotation":0},{"Text":"items","TextBB":[599.729,304.435,628.264,315.484],"Rotation":0},{"Text":"explored","TextBB":[631.585,304.435,677.392,315.484],"Rotation":0},{"Text":"per","TextBB":[680.713,304.435,697.972,315.484],"Rotation":0},{"Text":"sentence","TextBB":[701.293,304.435,749.763,315.484],"Rotation":0},{"Text":"(b)","TextBB":[576.814,325.306,591.336,336.514],"Rotation":0}],"Mention":["derivation trees remain context-free and the search\nspace is still a hypergraph, where we can adapt the\nmethods presented in Sections 3 and 4.\nThe data set is same as in Section 5.1, except that\nwe also parsed the English-side using a variant of\nthe Collins (1997) parser, and then extracted 24.7M\ntree-to-string rules using the algorithm of (Galley et\nal., 2006). Since our tree-to-string rules may have\nmany variables, we first binarize each hyperedge in\nthe forest on the target projection (Huang, 2007).\nAll the three +LM decoding methods to be com-\npared below take these binarized forests as input. For\ncube growing, we use a non-duplicate k-best method\n(Huang et al., 2006) to get 100-best unique transla-\ntions according to−LM to estimate the lower-bound\nheuristics.4 This preprocessing step takes on aver-\nage 0.12 seconds per sentence, which is negligible\nin comparison to the +LM decoding time.\nFigure 8(a) compares cube growing and cube\npruning against full-integration under various beam\nsettings in the same fashion of Figure 7(a). At the\nlowest level of search error, the relative speed-up\nfrom cube growing and cube pruning compared with\nfull-integration is by a factor of 9.8 and 4.1, respec-\ntively. Figure 8(b) is a similar comparison in terms\nof BLEU scores and shows an even bigger advantage\nof cube growing and cube pruning over the baseline.\n"],"Page":8,"Number":8,"Type":"Figure","CaptionBB":[98,353,750,369],"Height":1100,"Width":850,"DPI":100,"ImageBB":[113,107,752,338]}