{"Caption":"Figure 2. Contributions. The first five graphs plot the contribution and the time spent against the rank of the worker. The rank is determined by the total amount of the contribution by a particular worker. The lower the rank the higher the contributions. Note that the scales differ from experiment to experiment, because of different complexity of the tasks. The sixth graph plots the total contribution against the percentage of the top workers. It is really astonishing how closely the curves follow each other. These graphs give insight into the job distribution among the workers: (1) single top contributors produce very significant amounts spending hours on the task (2) top contributors are very effective in performing the tasks and (3) top 20% of annotators produce 70% of the data. ","ImageText":[{"Text":"Click","TextBB":[142.017,120.337,170.19,137.554],"Rotation":0},{"Text":"on","TextBB":[173.226,120.337,189.039,137.554],"Rotation":0},{"Text":"sites","TextBB":[192.075,120.337,218.601,137.554],"Rotation":0},{"Text":"90","TextBB":[95.5276,128.316,99.4504,134.137],"Rotation":0},{"Text":"Experiment","TextBB":[318.564,102.433,387.414,119.649],"Rotation":0},{"Text":"2","TextBB":[393.487,102.433,400.835,119.649],"Rotation":0},{"Text":"Click","TextBB":[318.661,121.526,346.834,138.742],"Rotation":0},{"Text":"on","TextBB":[349.871,121.526,365.683,138.742],"Rotation":0},{"Text":"sites","TextBB":[368.72,121.526,395.246,138.742],"Rotation":0},{"Text":"140","TextBB":[263.496,109.86,279.423,125.615],"Rotation":0},{"Text":"120","TextBB":[272.943,134.304,278.795,140.093],"Rotation":0},{"Text":"250","TextBB":[451.767,137.253,457.619,143.042],"Rotation":0},{"Text":"Number","TextBB":[266.218,189.326,272.007,201.803],"Rotation":3},{"Text":"of","TextBB":[266.218,185.424,272.007,188.35],"Rotation":3},{"Text":"images","TextBB":[266.218,173.14,272.007,184.448],"Rotation":3},{"Text":"labeled","TextBB":[266.218,160.852,272.007,172.164],"Rotation":3},{"Text":"60","TextBB":[95.5276,165.62,99.4504,171.441],"Rotation":0},{"Text":"50","TextBB":[95.5276,178.055,99.4504,183.876],"Rotation":0},{"Text":"40","TextBB":[95.5276,190.492,99.4504,196.313],"Rotation":0},{"Text":"30","TextBB":[95.5276,202.925,99.4504,208.746],"Rotation":0},{"Text":"Number","TextBB":[445.137,189.434,450.926,201.909],"Rotation":3},{"Text":"of","TextBB":[445.137,185.533,450.926,188.459],"Rotation":3},{"Text":"images","TextBB":[445.137,173.252,450.926,184.558],"Rotation":3},{"Text":"labeled","TextBB":[445.137,160.967,450.926,172.276],"Rotation":3},{"Text":"100","TextBB":[272.943,151.966,278.795,157.755],"Rotation":0},{"Text":"70","TextBB":[95.5276,153.183,99.4504,159.004],"Rotation":0},{"Text":"80","TextBB":[274.9,169.627,278.801,175.417],"Rotation":0},{"Text":"60","TextBB":[274.9,187.291,278.801,193.08],"Rotation":0},{"Text":"200","TextBB":[451.767,157.862,457.619,163.651],"Rotation":0},{"Text":"Number","TextBB":[661.418,161.193,703.861,180.887],"Rotation":0},{"Text":"of","TextBB":[707.18,161.193,717.134,180.887],"Rotation":0},{"Text":"HITs","TextBB":[720.452,161.193,745.649,180.887],"Rotation":0},{"Text":"Time","TextBB":[661.418,175.814,687.939,195.508],"Rotation":0},{"Text":"spent","TextBB":[691.257,175.814,720.452,195.508],"Rotation":0},{"Text":"in","TextBB":[661.815,188.943,671.101,208.637],"Rotation":0},{"Text":"minutes","TextBB":[674.42,188.943,716.207,208.637],"Rotation":0},{"Text":"(net)","TextBB":[719.525,188.943,744.065,208.637],"Rotation":0},{"Text":"150","TextBB":[451.767,178.474,457.619,184.262],"Rotation":0},{"Text":"Low","TextBB":[483.174,195.531,495.606,204.139],"Rotation":0},{"Text":"quality","TextBB":[497.125,195.531,517.728,204.139],"Rotation":0},{"Text":"annotations","TextBB":[519.246,195.531,555.161,204.139],"Rotation":0},{"Text":"100","TextBB":[451.767,199.083,457.619,204.871],"Rotation":0},{"Text":"40","TextBB":[274.9,204.948,278.801,210.738],"Rotation":0},{"Text":"50","TextBB":[447.154,214.805,457.772,230.56],"Rotation":0},{"Text":"20","TextBB":[268.314,217.231,278.932,232.986],"Rotation":0},{"Text":"10","TextBB":[88.992,222.298,99.6101,238.053],"Rotation":0},{"Text":"10","TextBB":[121.183,240.382,131.801,256.138],"Rotation":0},{"Text":"0","TextBB":[99.4964,243.2,101.458,249.021],"Rotation":0},{"Text":"20","TextBB":[151.031,243.2,154.954,249.021],"Rotation":0},{"Text":"30","TextBB":[177.282,243.2,181.205,249.021],"Rotation":0},{"Text":"40","TextBB":[203.536,243.2,207.459,249.021],"Rotation":0},{"Text":"60","TextBB":[252.282,239.072,262.9,254.828],"Rotation":0},{"Text":"50","TextBB":[229.786,243.2,233.709,249.021],"Rotation":0},{"Text":"The","TextBB":[141.292,251.377,153.632,263.194],"Rotation":0},{"Text":"rank","TextBB":[155.623,251.377,169.552,263.194],"Rotation":0},{"Text":"of","TextBB":[171.542,251.377,177.515,263.194],"Rotation":0},{"Text":"the","TextBB":[179.506,251.377,189.46,263.194],"Rotation":0},{"Text":"worker","TextBB":[191.451,251.377,212.936,263.194],"Rotation":0},{"Text":"Experiment","TextBB":[135.247,276.06,204.097,293.276],"Rotation":0},{"Text":"4","TextBB":[210.17,276.06,217.517,293.276],"Rotation":0},{"Text":"Click","TextBB":[135.247,295.797,163.42,313.013],"Rotation":0},{"Text":"on","TextBB":[166.456,295.797,182.269,313.013],"Rotation":0},{"Text":"14pts","TextBB":[185.305,295.797,218.563,313.013],"Rotation":0},{"Text":"Exp","TextBB":[205.668,314.098,227.496,331.314],"Rotation":0},{"Text":"4","TextBB":[230.532,314.098,237.88,331.314],"Rotation":0},{"Text":"180","TextBB":[87.3082,286.904,103.235,302.659],"Rotation":0},{"Text":"160","TextBB":[97.1407,304.369,103.025,310.19],"Rotation":0},{"Text":"140","TextBB":[97.1407,318.188,103.025,324.009],"Rotation":0},{"Text":"0","TextBB":[276.86,240.301,278.811,246.091],"Rotation":0},{"Text":"10","TextBB":[317.035,243.255,320.937,249.044],"Rotation":0},{"Text":"5","TextBB":[297.066,243.281,302.375,259.037],"Rotation":0},{"Text":"15","TextBB":[336.626,243.255,340.528,249.044],"Rotation":0},{"Text":"20","TextBB":[356.22,243.255,360.122,249.044],"Rotation":0},{"Text":"25","TextBB":[375.808,243.255,379.71,249.044],"Rotation":0},{"Text":"30","TextBB":[395.4,243.255,399.301,249.044],"Rotation":0},{"Text":"35","TextBB":[414.993,243.255,418.895,249.044],"Rotation":0},{"Text":"The","TextBB":[327.473,252.579,339.812,264.396],"Rotation":0},{"Text":"rank","TextBB":[341.803,252.579,355.732,264.396],"Rotation":0},{"Text":"of","TextBB":[357.723,252.579,363.696,264.396],"Rotation":0},{"Text":"the","TextBB":[365.687,252.579,375.641,264.396],"Rotation":0},{"Text":"worker","TextBB":[377.632,252.579,399.116,264.396],"Rotation":0},{"Text":"0","TextBB":[455.684,240.303,457.634,246.091],"Rotation":0},{"Text":"40","TextBB":[429.945,242.599,440.563,258.355],"Rotation":0},{"Text":"20","TextBB":[480.426,243.134,491.044,258.89],"Rotation":0},{"Text":"0","TextBB":[457.674,243.258,459.624,249.046],"Rotation":0},{"Text":"40","TextBB":[508.919,243.258,512.82,249.046],"Rotation":0},{"Text":"60","TextBB":[535.024,243.258,538.925,249.046],"Rotation":0},{"Text":"80","TextBB":[561.132,243.258,565.033,249.046],"Rotation":0},{"Text":"1","TextBB":[570.729,289.401,572.769,295.452],"Rotation":0},{"Text":"200","TextBB":[276.554,314.865,282.438,320.686],"Rotation":0},{"Text":"100","TextBB":[97.1407,345.82,103.025,351.641],"Rotation":0},{"Text":"80","TextBB":[99.1083,359.639,103.031,365.46],"Rotation":0},{"Text":"60","TextBB":[99.1083,373.455,103.031,379.276],"Rotation":0},{"Text":"Number","TextBB":[409.876,323.503,437.897,336.505],"Rotation":0},{"Text":"of","TextBB":[440.088,323.503,446.66,336.505],"Rotation":0},{"Text":"submitted","TextBB":[448.85,323.503,483.009,336.505],"Rotation":0},{"Text":"hits","TextBB":[485.2,323.503,497.461,336.505],"Rotation":0},{"Text":"Time","TextBB":[409.876,332.399,427.385,345.401],"Rotation":0},{"Text":"spent","TextBB":[429.576,332.399,448.85,345.401],"Rotation":0},{"Text":"in","TextBB":[451.041,332.399,457.171,345.401],"Rotation":0},{"Text":"minutes","TextBB":[459.362,332.399,486.949,345.401],"Rotation":0},{"Text":"(gross=submit−load)","TextBB":[409.876,341.855,481.693,354.857],"Rotation":0},{"Text":"Time","TextBB":[409.876,351.538,427.385,364.54],"Rotation":0},{"Text":"spent","TextBB":[429.576,351.538,448.85,364.54],"Rotation":0},{"Text":"in","TextBB":[451.041,351.538,457.171,364.54],"Rotation":0},{"Text":"minutes","TextBB":[459.362,351.538,486.949,364.54],"Rotation":0},{"Text":"(net=last_click−first_click)","TextBB":[409.876,360.994,499.636,373.996],"Rotation":0},{"Text":"150","TextBB":[276.554,339.735,282.438,345.556],"Rotation":0},{"Text":"100","TextBB":[276.554,364.608,282.438,370.429],"Rotation":0},{"Text":"50","TextBB":[270.465,384.303,281.083,400.058],"Rotation":0},{"Text":"40","TextBB":[99.1083,387.271,103.031,393.092],"Rotation":0},{"Text":"20","TextBB":[92.4561,396.082,103.074,411.838],"Rotation":0},{"Text":"0","TextBB":[103.077,417.876,105.039,423.697],"Rotation":0},{"Text":"5","TextBB":[123.739,413.711,129.048,429.466],"Rotation":0},{"Text":"10","TextBB":[147.116,417.876,151.039,423.697],"Rotation":0},{"Text":"15","TextBB":[169.605,417.876,173.528,423.697],"Rotation":0},{"Text":"20","TextBB":[192.124,417.876,196.047,423.697],"Rotation":0},{"Text":"25","TextBB":[214.614,417.876,218.536,423.697],"Rotation":0},{"Text":"35","TextBB":[256.645,413.828,267.263,429.583],"Rotation":0},{"Text":"30","TextBB":[237.13,417.876,241.052,423.697],"Rotation":0},{"Text":"The","TextBB":[148.752,423.068,161.092,434.885],"Rotation":0},{"Text":"rank","TextBB":[163.082,423.068,177.011,434.885],"Rotation":0},{"Text":"of","TextBB":[179.002,423.068,184.975,434.885],"Rotation":0},{"Text":"the","TextBB":[186.966,423.068,196.92,434.885],"Rotation":0},{"Text":"worker","TextBB":[198.911,423.068,220.396,434.885],"Rotation":0},{"Text":"0","TextBB":[280.492,414.347,282.454,420.168],"Rotation":0},{"Text":"10","TextBB":[303.977,414.142,314.595,429.897],"Rotation":0},{"Text":"0","TextBB":[282.49,417.317,284.451,423.138],"Rotation":0},{"Text":"20","TextBB":[334.024,417.317,337.947,423.138],"Rotation":0},{"Text":"30","TextBB":[360.277,417.317,364.199,423.138],"Rotation":0},{"Text":"120","TextBB":[607.007,242.538,622.934,258.293],"Rotation":0},{"Text":"100","TextBB":[586.243,243.258,592.094,249.046],"Rotation":0},{"Text":"The","TextBB":[505.09,251.982,517.429,263.799],"Rotation":0},{"Text":"rank","TextBB":[519.42,251.982,533.349,263.799],"Rotation":0},{"Text":"of","TextBB":[535.34,251.982,541.313,263.799],"Rotation":0},{"Text":"the","TextBB":[543.304,251.982,553.258,263.799],"Rotation":0},{"Text":"worker","TextBB":[555.249,251.982,576.734,263.799],"Rotation":0},{"Text":"Experiment","TextBB":[319.353,275.258,388.204,292.474],"Rotation":0},{"Text":"5","TextBB":[394.277,275.258,401.624,292.474],"Rotation":0},{"Text":"Click","TextBB":[319.353,293.806,347.527,311.022],"Rotation":0},{"Text":"on","TextBB":[350.563,293.806,366.375,311.022],"Rotation":0},{"Text":"14pts","TextBB":[369.412,293.806,402.67,311.022],"Rotation":0},{"Text":"250","TextBB":[265.513,284.554,281.44,300.309],"Rotation":0},{"Text":"120","TextBB":[97.1407,332.005,103.025,337.826],"Rotation":0},{"Text":"0","TextBB":[101.079,414.905,103.041,420.726],"Rotation":0},{"Text":"0","TextBB":[278.846,243.255,280.797,249.044],"Rotation":0},{"Text":"Percentage","TextBB":[550.621,360.85,562.099,405.652],"Rotation":3},{"Text":"of","TextBB":[550.621,350.795,562.099,358.826],"Rotation":3},{"Text":"contribution","TextBB":[550.621,298.861,562.099,348.771],"Rotation":3},{"Text":"20","TextBB":[95.5276,215.36,99.4504,221.181],"Rotation":0},{"Text":"0","TextBB":[97.4985,240.23,99.4599,246.051],"Rotation":0},{"Text":"Experiment","TextBB":[502.441,102.433,571.292,119.649],"Rotation":0},{"Text":"3","TextBB":[577.365,102.433,584.712,119.649],"Rotation":0},{"Text":"Trace","TextBB":[494.518,122.328,526.014,139.545],"Rotation":0},{"Text":"boundary","TextBB":[529.05,122.328,587.674,139.545],"Rotation":0},{"Text":"300","TextBB":[441.856,110.706,457.783,126.461],"Rotation":0},{"Text":"80","TextBB":[95.5276,140.749,99.4504,146.569],"Rotation":0},{"Text":"Number","TextBB":[269.888,363.193,275.708,375.738],"Rotation":3},{"Text":"of","TextBB":[269.888,359.27,275.708,362.212],"Rotation":3},{"Text":"images","TextBB":[269.888,346.919,275.708,358.289],"Rotation":3},{"Text":"labeled","TextBB":[269.888,334.565,275.708,345.939],"Rotation":3},{"Text":"Number","TextBB":[71.2777,378.548,87.0329,412.503],"Rotation":3},{"Text":"of","TextBB":[71.2777,367.93,87.0329,375.894],"Rotation":3},{"Text":"images","TextBB":[71.2777,334.5,87.0329,365.275],"Rotation":3},{"Text":"labeled","TextBB":[71.2777,301.061,87.0329,331.846],"Rotation":3},{"Text":"Number","TextBB":[71.2777,206.658,87.0329,240.613],"Rotation":3},{"Text":"of","TextBB":[71.2777,196.04,87.0329,204.003],"Rotation":3},{"Text":"images","TextBB":[71.2777,162.61,87.0329,193.385],"Rotation":3},{"Text":"labeled","TextBB":[71.2777,129.171,87.0329,159.956],"Rotation":3},{"Text":"100","TextBB":[83.1645,110.082,99.0916,125.837],"Rotation":0},{"Text":"40","TextBB":[386.531,417.317,390.453,423.138],"Rotation":0},{"Text":"60","TextBB":[435.649,413.468,446.267,429.224],"Rotation":0},{"Text":"50","TextBB":[412.781,417.317,416.704,423.138],"Rotation":0},{"Text":"The","TextBB":[329.062,423.702,341.401,435.519],"Rotation":0},{"Text":"rank","TextBB":[343.392,423.702,357.321,435.519],"Rotation":0},{"Text":"of","TextBB":[359.312,423.702,365.284,435.519],"Rotation":0},{"Text":"the","TextBB":[367.275,423.702,377.23,435.519],"Rotation":0},{"Text":"worker","TextBB":[379.22,423.702,400.705,435.519],"Rotation":0},{"Text":"0.9","TextBB":[567.672,303.735,572.77,309.787],"Rotation":0},{"Text":"0.8","TextBB":[567.672,318.099,572.77,324.15],"Rotation":0},{"Text":"0.7","TextBB":[567.672,332.463,572.77,338.514],"Rotation":0},{"Text":"Experiment","TextBB":[662.394,328.192,708.294,339.669],"Rotation":0},{"Text":"1","TextBB":[712.342,328.192,717.241,339.669],"Rotation":0},{"Text":"0.6","TextBB":[567.672,346.829,572.77,352.88],"Rotation":0},{"Text":"Experiment","TextBB":[662.394,344.606,708.485,356.083],"Rotation":0},{"Text":"2","TextBB":[712.533,344.606,717.432,356.083],"Rotation":0},{"Text":"0.5","TextBB":[567.672,361.192,572.77,367.244],"Rotation":0},{"Text":"Experiment","TextBB":[662.394,359.721,708.485,371.199],"Rotation":0},{"Text":"3","TextBB":[712.533,359.721,717.432,371.199],"Rotation":0},{"Text":"0.4","TextBB":[567.672,375.556,572.77,381.608],"Rotation":0},{"Text":"Experiment","TextBB":[662.394,378.647,708.485,390.124],"Rotation":0},{"Text":"4","TextBB":[712.533,378.647,717.432,390.124],"Rotation":0},{"Text":"Experiment","TextBB":[662.394,392.74,708.485,404.218],"Rotation":0},{"Text":"5","TextBB":[712.533,392.74,717.432,404.218],"Rotation":0},{"Text":"0.3","TextBB":[567.672,389.923,572.77,395.975],"Rotation":0},{"Text":"0.2","TextBB":[567.672,404.287,572.77,410.338],"Rotation":0},{"Text":"0.1","TextBB":[567.672,418.651,572.77,424.702],"Rotation":0},{"Text":"0","TextBB":[572.807,421.74,574.846,427.791],"Rotation":0},{"Text":"0.1","TextBB":[587.631,421.74,592.73,427.791],"Rotation":0},{"Text":"0.2","TextBB":[604.012,421.74,609.111,427.791],"Rotation":0},{"Text":"0.3","TextBB":[620.393,421.74,625.491,427.791],"Rotation":0},{"Text":"0.4","TextBB":[636.777,421.74,641.876,427.791],"Rotation":0},{"Text":"0.5","TextBB":[653.156,421.74,658.256,427.791],"Rotation":0},{"Text":"0.6","TextBB":[669.538,421.74,674.637,427.791],"Rotation":0},{"Text":"0.7","TextBB":[685.921,421.74,691.02,427.791],"Rotation":0},{"Text":"0.8","TextBB":[702.303,421.74,707.403,427.791],"Rotation":0},{"Text":"0.9","TextBB":[718.684,421.74,723.783,427.791],"Rotation":0},{"Text":"1","TextBB":[736.595,421.74,738.634,427.791],"Rotation":0},{"Text":"Percentage","TextBB":[616.855,428.094,661.657,439.572],"Rotation":0},{"Text":"of","TextBB":[663.681,428.094,671.711,439.572],"Rotation":0},{"Text":"workers","TextBB":[673.736,428.094,705.237,439.572],"Rotation":0}],"Mention":["ficult to answer. Consider figure 5, experiment 2, sample\n\u201CG\u201D, leftmost circle. One annotator decided to mark the bat,\nwhile the other decided not to. This is not the fault of the\nannotators, but is rather a sign for us to give better instruc-\ntions. The situation is even more difficult in experiment 4,\nwhere we ask to label landmarks that are not immediately\nvisible. In figure 6 we show consistency of the annotations\nof each landmark between the 35th and the 65th percentile\nof figure 5. It is obvious from this figure that hips are much\nmore difficult to localize compared to shoulders, knees, el-\nbows, wrists, ankles, the head and the neck.\n"],"Page":5,"Number":2,"Type":"Figure","CaptionBB":[68,462,757,551],"Height":1100,"Width":850,"DPI":100,"ImageBB":[67,102,759,441]}