{"Caption":"Figure 3. Zero-shot learning performance as the proportion of unseen cat- egories increases. Total number of classes N remains constant at 8. ","ImageText":[{"Text":"60","TextBB":[450.453,143.959,463.079,155.313],"Rotation":0},{"Text":"40","TextBB":[450.453,168.181,463.079,179.535],"Rotation":0},{"Text":"20","TextBB":[450.453,192.497,463.079,203.851],"Rotation":0},{"Text":"Accuracy","TextBB":[595.936,149.348,607.29,196.036],"Rotation":3},{"Text":"80","TextBB":[450.453,119.642,463.079,130.996],"Rotation":0},{"Text":"60","TextBB":[612.437,138.093,625.063,149.447],"Rotation":0},{"Text":"40","TextBB":[612.437,164.301,625.063,175.655],"Rotation":0},{"Text":"20","TextBB":[612.437,190.51,625.063,201.864],"Rotation":0},{"Text":"DAP","TextBB":[525.2,209.717,548.544,221.072],"Rotation":0},{"Text":"SRA","TextBB":[593.798,209.717,617.141,221.072],"Rotation":0},{"Text":"Proposed","TextBB":[662.395,209.717,710.99,221.072],"Rotation":0},{"Text":"0","TextBB":[618.776,216.814,625.089,228.168],"Rotation":0},{"Text":"0","TextBB":[480.447,226.37,486.759,237.724],"Rotation":0},{"Text":"1","TextBB":[497.761,226.37,504.074,237.724],"Rotation":0},{"Text":"2","TextBB":[515.076,226.37,521.389,237.724],"Rotation":0},{"Text":"3","TextBB":[532.391,226.37,538.704,237.724],"Rotation":0},{"Text":"4","TextBB":[549.706,226.37,556.019,237.724],"Rotation":0},{"Text":"5","TextBB":[567.021,226.37,573.334,237.724],"Rotation":0},{"Text":"0","TextBB":[642.431,226.37,648.743,237.724],"Rotation":0},{"Text":"1","TextBB":[659.746,226.37,666.058,237.724],"Rotation":0},{"Text":"2","TextBB":[677.06,226.37,683.373,237.724],"Rotation":0},{"Text":"3","TextBB":[694.375,226.37,700.688,237.724],"Rotation":0},{"Text":"4","TextBB":[711.69,226.37,718.003,237.724],"Rotation":0},{"Text":"5","TextBB":[729.005,226.37,735.318,237.724],"Rotation":0},{"Text":"#","TextBB":[475.621,239.9,481.934,251.254],"Rotation":0},{"Text":"unseen","TextBB":[485.09,239.9,522.332,251.254],"Rotation":0},{"Text":"categories","TextBB":[525.488,239.9,577.874,251.254],"Rotation":0},{"Text":"#","TextBB":[637.605,239.9,643.918,251.254],"Rotation":0},{"Text":"unseen","TextBB":[647.074,239.9,684.316,251.254],"Rotation":0},{"Text":"categories","TextBB":[687.472,239.9,739.858,251.254],"Rotation":0},{"Text":"0","TextBB":[456.792,216.814,463.105,228.168],"Rotation":0},{"Text":"PubFig","TextBB":[670.815,106.301,706.785,117.655],"Rotation":0},{"Text":"OSR","TextBB":[514.508,106.301,539.112,117.655],"Rotation":0},{"Text":"Accuracy","TextBB":[433.952,149.348,445.306,196.036],"Rotation":3}],"Mention":["Proportion of unseen categories: We first study zero-\nshot learning accuracy as the proportion of unseen cate-\ngories increases. Figure 3 shows the results.\nFirst, we see even when all 8 categories are seen (0 un-\nseen), our approach significantly outperforms both base-\nlines. This validates the power of relative attributes for the\nclassical recognition task. Also, SRA\u2019s gains over DAPwith\n"],"Page":6,"Number":3,"Type":"Figure","CaptionBB":[427,255,757,280],"Height":1100,"Width":850,"DPI":100,"ImageBB":[432,104,751,253]}