{"Caption":"Figure 7. C4.5 Error vs Average Term Coverage with noise probability ǫ = 0, 1%, . . . , 10%, 15%, 19%, k = 15 (left) and 25 (right), m = 50, Gaussian parameter K = 100. ","ImageText":[{"Text":"Error","Rotation":0,"TextBB":[465.049,329.326,477.47,333.799]},{"Text":"vs","Rotation":0,"TextBB":[478.713,329.326,483.132,333.799]},{"Text":"Average","Rotation":0,"TextBB":[484.375,329.326,502.04,333.799]},{"Text":"TCoverage","Rotation":0,"TextBB":[503.283,329.326,526.749,333.799]},{"Text":"with","Rotation":0,"TextBB":[527.992,329.326,537.382,333.799]},{"Text":"noise","Rotation":0,"TextBB":[538.624,329.326,549.396,333.799]},{"Text":"(k=15,","Rotation":0,"TextBB":[550.638,329.326,564.104,333.799]},{"Text":"m=50)","Rotation":0,"TextBB":[565.346,329.326,578.946,333.799]},{"Text":"40","Rotation":0,"TextBB":[455.767,335.759,460.737,340.233]},{"Text":"0.19","Rotation":0,"TextBB":[543.239,336.253,548.894,339.161]},{"Text":"0.15","Rotation":0,"TextBB":[543.239,339.628,548.894,342.536]},{"Text":"0.10","Rotation":0,"TextBB":[543.239,343.012,548.894,345.921]},{"Text":"0.08","Rotation":0,"TextBB":[543.239,346.389,548.894,349.297]},{"Text":"0.06","Rotation":0,"TextBB":[543.239,349.772,548.894,352.68]},{"Text":"0.04","Rotation":0,"TextBB":[543.239,353.15,548.894,356.058]},{"Text":"0.02","Rotation":0,"TextBB":[543.239,356.526,548.894,359.435]},{"Text":"0.00","Rotation":0,"TextBB":[543.239,359.909,548.894,362.818]},{"Text":"Error","Rotation":0,"TextBB":[619.549,329.326,631.97,333.799]},{"Text":"vs","Rotation":0,"TextBB":[633.213,329.326,637.632,333.799]},{"Text":"Average","Rotation":0,"TextBB":[638.875,329.326,656.54,333.799]},{"Text":"Coverage","Rotation":0,"TextBB":[657.783,329.326,677.934,333.799]},{"Text":"with","Rotation":0,"TextBB":[679.177,329.326,688.566,333.799]},{"Text":"noise","Rotation":0,"TextBB":[689.809,329.326,700.58,333.799]},{"Text":"(k=25,","Rotation":0,"TextBB":[701.823,329.326,715.288,333.799]},{"Text":"m=50)","Rotation":0,"TextBB":[716.531,329.326,730.131,333.799]},{"Text":"0.19","Rotation":0,"TextBB":[697.737,336.253,703.393,339.161]},{"Text":"0.15","Rotation":0,"TextBB":[697.737,339.628,703.393,342.536]},{"Text":"0.10","Rotation":0,"TextBB":[697.737,343.012,703.393,345.921]},{"Text":"0.08","Rotation":0,"TextBB":[697.737,346.389,703.393,349.297]},{"Text":"0.06","Rotation":0,"TextBB":[697.737,349.772,703.393,352.68]},{"Text":"0.04","Rotation":0,"TextBB":[697.737,353.15,703.393,356.058]},{"Text":"0.02","Rotation":0,"TextBB":[697.737,356.526,703.393,359.435]},{"Text":"0.00","Rotation":0,"TextBB":[697.737,359.909,703.393,362.818]},{"Text":"30","Rotation":0,"TextBB":[610.267,344.469,615.237,348.943]},{"Text":"C4.5","Rotation":3,"TextBB":[598.713,371.61,603.187,381.413]},{"Text":"Error","Rotation":3,"TextBB":[598.713,357.946,603.187,370.368]},{"Text":"30","Rotation":0,"TextBB":[455.767,352.512,460.737,356.986]},{"Text":"C4.5","Rotation":3,"TextBB":[444.213,371.61,448.687,381.413]},{"Text":"Error","Rotation":3,"TextBB":[444.213,357.946,448.687,370.368]},{"Text":"20","Rotation":0,"TextBB":[455.767,369.256,460.737,373.73]},{"Text":"20","Rotation":0,"TextBB":[610.267,363.736,615.237,368.209]},{"Text":"10","Rotation":0,"TextBB":[610.267,382.995,615.237,387.469]},{"Text":"10","Rotation":0,"TextBB":[455.767,386.009,460.737,390.483]},{"Text":"0","Rotation":0,"TextBB":[612.751,402.255,615.237,406.729]},{"Text":"0","Rotation":0,"TextBB":[458.251,402.755,460.737,407.229]},{"Text":"0","Rotation":0,"TextBB":[461.222,410.008,463.708,414.481]},{"Text":"50","Rotation":0,"TextBB":[512.582,410.008,517.553,414.481]},{"Text":"Average","Rotation":0,"TextBB":[491.901,417.695,509.567,422.169]},{"Text":"Term","Rotation":0,"TextBB":[510.81,417.695,522.68,422.169]},{"Text":"Coverage","Rotation":0,"TextBB":[523.922,417.695,544.073,422.169]},{"Text":"100","Rotation":0,"TextBB":[563.947,410.008,571.403,414.481]},{"Text":"10","Rotation":0,"TextBB":[626.049,410.008,631.019,414.481]},{"Text":"30","Rotation":0,"TextBB":[649.199,410.008,654.169,414.481]},{"Text":"50","Rotation":0,"TextBB":[672.342,410.008,677.312,414.481]},{"Text":"70","Rotation":0,"TextBB":[695.492,410.008,700.462,414.481]},{"Text":"90","Rotation":0,"TextBB":[718.636,410.008,723.607,414.481]},{"Text":"Average","Rotation":0,"TextBB":[646.401,417.695,664.067,422.169]},{"Text":"Term","Rotation":0,"TextBB":[665.31,417.695,677.18,422.169]},{"Text":"Coverage","Rotation":0,"TextBB":[678.422,417.695,698.573,422.169]}],"Mention":["above experiments were corrupted by flipping the ex-\nample labels with probability ǫ = 0, 1, ..20%. The test\nsets are unchanged. The above competence map (Fig.\n7) demonstrates the known C4.5 robustness with re-\nspect to label noise. The predictive error smoothly\nincreases with the data noise, almost linearly in the\ncompetence region (from 3% to 20% as ǫ goes from\n0% to 20%) while it increases comparatively less in\nthe failure region (from 35% to 41%).\n"],"Type":"Figure","Number":7,"Page":7,"CaptionBB":[425,439,752,484],"Height":1100,"Width":850,"DPI":100,"ImageBB":[442,326,736,424]}