{"Caption":"Figure 3:","ImageText":[{"Text":"0.25","TextBB":[175.812,156.302,190.321,163.199],"Rotation":0},{"Text":"β=0.5","TextBB":[398.727,163.09,417.527,172.805],"Rotation":0},{"Text":"β=1.0","TextBB":[398.727,172.765,417.527,182.48],"Rotation":0},{"Text":"β=1.5","TextBB":[398.727,182.439,417.527,192.154],"Rotation":0},{"Text":"collaboration","TextBB":[168.018,254.656,174.914,296.922],"Rotation":3},{"Text":"rate","TextBB":[168.018,239.737,174.914,252.584],"Rotation":3},{"Text":"per","TextBB":[168.018,226.891,174.914,237.665],"Rotation":3},{"Text":"robot","TextBB":[168.018,207.827,174.914,224.819],"Rotation":3},{"Text":"0.2","TextBB":[179.939,193.803,190.302,200.699],"Rotation":0},{"Text":"0.15","TextBB":[175.812,231.258,190.321,238.155],"Rotation":0},{"Text":"0.1","TextBB":[179.939,268.803,190.302,275.699],"Rotation":0},{"Text":"0.05","TextBB":[175.812,306.303,190.321,313.2],"Rotation":0},{"Text":"0","TextBB":[186.152,343.803,190.298,350.7],"Rotation":0},{"Text":"0","TextBB":[189.791,349.484,193.937,356.38],"Rotation":0},{"Text":"10","TextBB":[235.235,349.484,243.526,356.38],"Rotation":0},{"Text":"20","TextBB":[282.765,349.484,291.056,356.38],"Rotation":0},{"Text":"30","TextBB":[330.295,349.484,338.586,356.38],"Rotation":0},{"Text":"40","TextBB":[377.825,349.484,386.115,356.38],"Rotation":0},{"Text":"50","TextBB":[425.399,349.484,433.689,356.38],"Rotation":0},{"Text":"1\/γ","TextBB":[306.019,357.383,315.297,364.28],"Rotation":0},{"Text":"(a)","TextBB":[291.943,370.151,309.624,384.68],"Rotation":0},{"Text":"(b)","TextBB":[578.162,370.151,596.613,384.68],"Rotation":0}],"Mention":["no mention found"],"Page":26,"Number":3,"Type":"Figure","CaptionBB":[425,398,481,415],"Height":1169,"Width":826,"DPI":100,"ImageBB":[165,152,724,387]}