{"Caption":"Figure 2: Results of NDCG@k for state-of-the-art methods on TD2004 (left), TD2003 (middle) and OHSUMED (right). This is best viewed in color. ","ImageText":[{"Text":"TD2003","TextBB":[418.819,127.289,437.231,132.077],"Rotation":0},{"Text":"TD2004","TextBB":[243.086,130.838,261.497,135.626],"Rotation":0},{"Text":"0.55","TextBB":[339.847,133.796,349.919,138.584],"Rotation":0},{"Text":"0.65","TextBB":[164.113,137.345,174.186,142.133],"Rotation":0},{"Text":"RankBoost","TextBB":[256.692,159.529,282.008,164.316],"Rotation":0},{"Text":"DORM","TextBB":[609.047,153.021,624.86,157.809],"Rotation":0},{"Text":"RankBoost","TextBB":[609.047,161.007,634.364,165.795],"Rotation":0},{"Text":"0.56","TextBB":[515.581,168.698,525.654,173.486],"Rotation":0},{"Text":"RankSVM","TextBB":[609.047,168.993,632.345,173.781],"Rotation":0},{"Text":"FRank","TextBB":[609.047,176.979,624.291,181.767],"Rotation":0},{"Text":"ListNet","TextBB":[424.143,179.937,440.251,184.725],"Rotation":0},{"Text":"ListNet","TextBB":[609.047,184.965,625.155,189.753],"Rotation":0},{"Text":"AdaRank−MAP","TextBB":[424.143,188.219,459.672,193.007],"Rotation":0},{"Text":"AdaRank−MAP","TextBB":[256.692,191.177,292.221,195.965],"Rotation":0},{"Text":"AdaRank−MAP","TextBB":[609.047,193.247,644.576,198.035],"Rotation":0},{"Text":"AdaRank−NDCG","TextBB":[424.143,196.501,463.694,201.289],"Rotation":0},{"Text":"0.45","TextBB":[339.847,197.98,349.919,202.768],"Rotation":0},{"Text":"AdaRank−NDCG","TextBB":[256.692,199.163,296.242,203.951],"Rotation":0},{"Text":"0.55","TextBB":[164.113,220.755,174.186,225.542],"Rotation":0},{"Text":"RankMatch","TextBB":[609.047,145.035,635.223,149.823],"Rotation":0},{"Text":"(Our","TextBB":[636.662,145.035,647.014,149.823],"Rotation":0},{"Text":"Method),","TextBB":[648.453,145.035,668.878,149.823],"Rotation":0},{"Text":"M=3","TextBB":[670.317,145.035,680.529,149.823],"Rotation":0},{"Text":"RankBoost","TextBB":[424.143,154.796,449.46,159.584],"Rotation":0},{"Text":"FRank","TextBB":[424.143,171.655,439.387,176.443],"Rotation":0},{"Text":"FRank","TextBB":[256.692,175.501,271.935,180.288],"Rotation":0},{"Text":"ListNet","TextBB":[256.692,183.191,272.8,187.979],"Rotation":0},{"Text":"0.6","TextBB":[166.775,179.05,173.97,183.838],"Rotation":0},{"Text":"DORM","TextBB":[424.143,146.514,439.956,151.302],"Rotation":0},{"Text":"RankSVM","TextBB":[424.143,163.078,447.441,167.866],"Rotation":0},{"Text":"0.5","TextBB":[342.509,165.74,349.704,170.528],"Rotation":0},{"Text":"RankSVM","TextBB":[256.692,167.515,279.99,172.302],"Rotation":0},{"Text":"OHSUMED","TextBB":[590.413,130.838,616.868,135.626],"Rotation":0},{"Text":"0.58","TextBB":[515.581,137.345,525.654,142.133],"Rotation":0},{"Text":"RankMatch","TextBB":[424.143,137.937,450.319,142.725],"Rotation":0},{"Text":"(Our","TextBB":[451.758,137.937,462.11,142.725],"Rotation":0},{"Text":"Method),","TextBB":[463.549,137.937,483.974,142.725],"Rotation":0},{"Text":"M=2","TextBB":[485.413,137.937,495.625,142.725],"Rotation":0},{"Text":"(all)","TextBB":[497.064,137.937,505.688,142.725],"Rotation":0},{"Text":"RankMatch","TextBB":[256.692,143.852,282.867,148.64],"Rotation":0},{"Text":"(Our","TextBB":[284.306,143.852,294.659,148.64],"Rotation":0},{"Text":"Method),","TextBB":[296.098,143.852,316.523,148.64],"Rotation":0},{"Text":"M=2","TextBB":[317.961,143.852,328.174,148.64],"Rotation":0},{"Text":"DORM","TextBB":[256.692,151.543,272.505,156.33],"Rotation":0},{"Text":"0.54","TextBB":[515.581,200.05,525.654,204.838],"Rotation":0},{"Text":"QBRank","TextBB":[256.692,207.149,276.252,211.937],"Rotation":0},{"Text":"IsoRank","TextBB":[256.692,214.839,275.678,219.627],"Rotation":0},{"Text":"QBRank","TextBB":[424.143,205.078,443.704,209.866],"Rotation":0},{"Text":"SortNet","TextBB":[256.692,222.825,274.239,227.613],"Rotation":0},{"Text":"20","TextBB":[275.678,222.825,281.434,227.613],"Rotation":0},{"Text":"hiddens","TextBB":[282.873,222.825,300.999,227.613],"Rotation":0},{"Text":"MAP","TextBB":[302.438,222.825,313.655,227.613],"Rotation":0},{"Text":"SortNet","TextBB":[424.143,221.642,441.69,226.43],"Rotation":0},{"Text":"10","TextBB":[443.129,221.642,448.885,226.43],"Rotation":0},{"Text":"hiddens","TextBB":[450.324,221.642,468.451,226.43],"Rotation":0},{"Text":"MAP","TextBB":[469.89,221.642,481.106,226.43],"Rotation":0},{"Text":"AdaRank−NDCG","TextBB":[609.047,201.233,648.598,206.021],"Rotation":0},{"Text":"QBRank","TextBB":[609.047,209.219,628.608,214.007],"Rotation":0},{"Text":"IsoRank","TextBB":[424.143,213.36,443.129,218.148],"Rotation":0},{"Text":"0.4","TextBB":[342.509,230.219,349.704,235.007],"Rotation":0},{"Text":"SortNet","TextBB":[256.692,230.811,274.239,235.599],"Rotation":0},{"Text":"20","TextBB":[275.678,230.811,281.434,235.599],"Rotation":0},{"Text":"hiddens","TextBB":[282.873,230.811,300.999,235.599],"Rotation":0},{"Text":"P@10","TextBB":[302.438,230.811,316.9,235.599],"Rotation":0},{"Text":"IsoRank","TextBB":[609.047,217.205,628.033,221.993],"Rotation":0},{"Text":"StructRank","TextBB":[609.047,225.191,634.648,229.979],"Rotation":0},{"Text":"SortNet","TextBB":[424.143,230.219,441.69,235.007],"Rotation":0},{"Text":"10","TextBB":[443.129,230.219,448.885,235.007],"Rotation":0},{"Text":"hiddens","TextBB":[450.324,230.219,468.451,235.007],"Rotation":0},{"Text":"P@10","TextBB":[469.89,230.219,484.352,235.007],"Rotation":0},{"Text":"0.52","TextBB":[515.581,231.403,525.654,236.19],"Rotation":0},{"Text":"C−CRF","TextBB":[609.047,233.177,626.444,237.965],"Rotation":0},{"Text":"0.5","TextBB":[166.775,262.755,173.97,267.543],"Rotation":0},{"Text":"NDCG","TextBB":[508.907,256.853,513.695,272.091],"Rotation":3},{"Text":"NDCG","TextBB":[333.172,256.557,337.96,271.795],"Rotation":3},{"Text":"NDCG","TextBB":[157.439,256.853,162.227,272.091],"Rotation":3},{"Text":"StructRank","TextBB":[256.692,238.797,282.293,243.585],"Rotation":0},{"Text":"C−CRF","TextBB":[256.692,246.487,274.089,251.275],"Rotation":0},{"Text":"0.35","TextBB":[339.847,262.459,349.919,267.247],"Rotation":0},{"Text":"0.5","TextBB":[518.243,262.755,525.438,267.543],"Rotation":0},{"Text":"0.3","TextBB":[342.509,294.699,349.704,299.487],"Rotation":0},{"Text":"0.48","TextBB":[515.581,294.107,525.654,298.895],"Rotation":0},{"Text":"0.25","TextBB":[339.847,326.939,349.919,331.727],"Rotation":0},{"Text":"0.46","TextBB":[515.581,325.46,525.654,330.248],"Rotation":0},{"Text":"0.2","TextBB":[342.509,359.179,349.704,363.966],"Rotation":0},{"Text":"0.44","TextBB":[515.581,356.812,525.654,361.6],"Rotation":0},{"Text":"0.45","TextBB":[164.113,304.46,174.186,309.248],"Rotation":0},{"Text":"0.4","TextBB":[166.775,346.164,173.97,350.952],"Rotation":0},{"Text":"0.35","TextBB":[164.113,387.869,174.186,392.657],"Rotation":0},{"Text":"1","TextBB":[173.282,392.601,176.16,397.389],"Rotation":0},{"Text":"2","TextBB":[190.438,392.601,193.316,397.389],"Rotation":0},{"Text":"3","TextBB":[207.888,392.601,210.766,397.389],"Rotation":0},{"Text":"4","TextBB":[225.044,392.601,227.922,397.389],"Rotation":0},{"Text":"5","TextBB":[242.494,392.601,245.372,397.389],"Rotation":0},{"Text":"6","TextBB":[259.65,392.601,262.528,397.389],"Rotation":0},{"Text":"k","TextBB":[250.776,398.221,253.364,403.009],"Rotation":0},{"Text":"7","TextBB":[277.101,392.601,279.978,397.389],"Rotation":0},{"Text":"8","TextBB":[294.256,392.601,297.134,397.389],"Rotation":0},{"Text":"9","TextBB":[311.706,392.601,314.584,397.389],"Rotation":0},{"Text":"10","TextBB":[327.678,392.601,333.434,397.389],"Rotation":0},{"Text":"1","TextBB":[349.016,395.855,351.894,400.643],"Rotation":0},{"Text":"2","TextBB":[366.171,395.855,369.049,400.643],"Rotation":0},{"Text":"3","TextBB":[383.622,395.855,386.5,400.643],"Rotation":0},{"Text":"4","TextBB":[400.777,395.855,403.655,400.643],"Rotation":0},{"Text":"5","TextBB":[418.228,395.855,421.106,400.643],"Rotation":0},{"Text":"6","TextBB":[435.383,395.855,438.261,400.643],"Rotation":0},{"Text":"7","TextBB":[452.834,395.855,455.712,400.643],"Rotation":0},{"Text":"8","TextBB":[469.989,395.855,472.867,400.643],"Rotation":0},{"Text":"9","TextBB":[487.44,395.855,490.318,400.643],"Rotation":0},{"Text":"10","TextBB":[503.412,395.855,509.168,400.643],"Rotation":0},{"Text":"k","TextBB":[426.51,401.475,429.098,406.263],"Rotation":0},{"Text":"0.42","TextBB":[515.581,388.165,525.654,392.953],"Rotation":0},{"Text":"1","TextBB":[524.751,392.601,527.628,397.389],"Rotation":0},{"Text":"2","TextBB":[541.906,392.601,544.784,397.389],"Rotation":0},{"Text":"3","TextBB":[559.357,392.601,562.234,397.389],"Rotation":0},{"Text":"4","TextBB":[576.512,392.601,579.39,397.389],"Rotation":0},{"Text":"5","TextBB":[593.963,392.601,596.84,397.389],"Rotation":0},{"Text":"6","TextBB":[611.118,392.601,613.996,397.389],"Rotation":0},{"Text":"7","TextBB":[628.569,392.601,631.446,397.389],"Rotation":0},{"Text":"8","TextBB":[645.724,392.601,648.602,397.389],"Rotation":0},{"Text":"9","TextBB":[663.175,392.601,666.052,397.389],"Rotation":0},{"Text":"10","TextBB":[679.147,392.601,684.902,397.389],"Rotation":0},{"Text":"k","TextBB":[602.244,398.221,604.832,403.009],"Rotation":0}],"Mention":["In Figure 2 we plot the results of our method (named RankMatch), forM = R, compared to those\nachieved by a number of state-of-the-art methods which have published NDCG scores in at least two\nof the datasets: RankBoost [6], RankSVM [7], FRank [28], ListNet [5], AdaRank [32], QBRank\n[34], IsoRank [33], SortNet [24], StructRank [9] and C-CRF [23]. We also included a plot of our\nimplementation of DORM [13], using precisely the same resampling methodology and data for a\nfair comparison. RankMatch performs among the best methods on both TD2004 and OHSUMED,\nwhile on TD2003 it performs poorly (for low k) or fairly well (for high k).\n","t the criter\nce of MAP\nn Figure 2.\nmargin met\ning set siz\nonal overlo\n"],"Page":6,"Number":2,"Type":"Figure","CaptionBB":[148,412,700,446],"Height":1100,"Width":850,"DPI":100,"ImageBB":[155,126,687,407]}