{"Caption":"Figure 1: Plots of the samples of Z1024,k .","ImageText":[{"Text":"4","TextBB":[199.156,373.559,204.562,382.552],"Rotation":0},{"Text":"3","TextBB":[199.156,385.434,204.562,394.427],"Rotation":0},{"Text":"2","TextBB":[199.156,397.308,204.562,406.301],"Rotation":0},{"Text":"1","TextBB":[199.156,409.219,204.562,418.212],"Rotation":0},{"Text":"0","TextBB":[199.156,421.094,204.562,430.087],"Rotation":0},{"Text":"-1","TextBB":[195.919,432.969,204.562,441.962],"Rotation":0},{"Text":"-2","TextBB":[195.919,444.844,204.562,453.837],"Rotation":0},{"Text":"-3","TextBB":[195.919,456.754,204.562,465.747],"Rotation":0},{"Text":"-4","TextBB":[195.919,468.629,204.562,477.622],"Rotation":0},{"Text":"-5","TextBB":[195.919,480.503,204.562,489.496],"Rotation":0},{"Text":"Hiring","TextBB":[510.535,349.253,535.92,358.246],"Rotation":0},{"Text":"above","TextBB":[538.623,349.253,565.106,358.246],"Rotation":0},{"Text":"the","TextBB":[567.809,349.253,581.323,358.246],"Rotation":0},{"Text":"Median","TextBB":[584.026,349.253,615.905,358.246],"Rotation":0},{"Text":"(Normal","TextBB":[510.55,358.975,545.113,367.968],"Rotation":0},{"Text":"Probability","TextBB":[547.815,358.975,593.199,367.968],"Rotation":0},{"Text":"Plot)","TextBB":[595.902,358.975,615.891,367.968],"Rotation":0},{"Text":"4","TextBB":[454.2,373.559,459.606,382.552],"Rotation":0},{"Text":"2","TextBB":[454.2,391.371,459.606,400.364],"Rotation":0},{"Text":"Ordered","TextBB":[433.492,424.569,442.485,460.23],"Rotation":3},{"Text":"Data","TextBB":[433.492,401.332,442.485,421.866],"Rotation":3},{"Text":"Ordered","TextBB":[178.449,424.569,187.442,460.23],"Rotation":3},{"Text":"Data","TextBB":[178.449,401.332,187.442,421.866],"Rotation":3},{"Text":"Hiring","TextBB":[259.273,349.253,284.658,358.246],"Rotation":0},{"Text":"above","TextBB":[287.361,349.253,313.844,358.246],"Rotation":0},{"Text":"the","TextBB":[316.547,349.253,330.061,358.246],"Rotation":0},{"Text":"Mean","TextBB":[332.764,349.253,357.079,358.246],"Rotation":0},{"Text":"(Normal","TextBB":[255.506,358.975,290.069,367.968],"Rotation":0},{"Text":"Probability","TextBB":[292.772,358.975,338.155,367.968],"Rotation":0},{"Text":"Plot)","TextBB":[340.858,358.975,360.847,367.968],"Rotation":0},{"Text":"k","TextBB":[341.582,454.01,346.444,463.003],"Rotation":0},{"Text":"=","TextBB":[349.146,454.01,354.824,463.003],"Rotation":0},{"Text":"0","TextBB":[357.527,454.01,362.932,463.003],"Rotation":0},{"Text":"k","TextBB":[336.177,463.733,341.038,472.726],"Rotation":0},{"Text":"=","TextBB":[343.741,463.733,349.419,472.726],"Rotation":0},{"Text":"32","TextBB":[352.121,463.733,362.932,472.726],"Rotation":0},{"Text":"y","TextBB":[342.127,473.455,346.988,482.448],"Rotation":0},{"Text":"=","TextBB":[349.691,473.455,355.369,482.448],"Rotation":0},{"Text":"x","TextBB":[358.071,473.455,362.932,482.448],"Rotation":0},{"Text":"-4","TextBB":[206.074,490.226,214.717,499.219],"Rotation":0},{"Text":"-3","TextBB":[230.518,490.226,239.161,499.219],"Rotation":0},{"Text":"-2","TextBB":[254.962,490.226,263.606,499.219],"Rotation":0},{"Text":"-1","TextBB":[279.408,490.226,288.051,499.219],"Rotation":0},{"Text":"0","TextBB":[306.822,490.226,312.228,499.219],"Rotation":0},{"Text":"1","TextBB":[331.267,490.226,336.673,499.219],"Rotation":0},{"Text":"2","TextBB":[355.711,490.226,361.116,499.219],"Rotation":0},{"Text":"3","TextBB":[380.155,490.226,385.561,499.219],"Rotation":0},{"Text":"Normal","TextBB":[225.791,504.809,257.117,513.802],"Rotation":0},{"Text":"N(0,1)","TextBB":[259.819,504.809,286.828,513.802],"Rotation":0},{"Text":"Order","TextBB":[289.531,504.809,314.381,513.802],"Rotation":0},{"Text":"Statistic","TextBB":[317.084,504.809,351.121,513.802],"Rotation":0},{"Text":"Medians","TextBB":[353.824,504.809,390.565,513.802],"Rotation":0},{"Text":"0","TextBB":[454.2,409.219,459.606,418.212],"Rotation":0},{"Text":"-2","TextBB":[450.963,427.031,459.606,436.024],"Rotation":0},{"Text":"-4","TextBB":[450.963,444.844,459.606,453.837],"Rotation":0},{"Text":"k","TextBB":[596.626,454.01,601.487,463.003],"Rotation":0},{"Text":"=","TextBB":[604.19,454.01,609.868,463.003],"Rotation":0},{"Text":"0","TextBB":[612.571,454.01,617.976,463.003],"Rotation":0},{"Text":"k","TextBB":[591.22,463.733,596.082,472.726],"Rotation":0},{"Text":"=","TextBB":[598.784,463.733,604.462,472.726],"Rotation":0},{"Text":"32","TextBB":[607.165,463.733,617.976,472.726],"Rotation":0},{"Text":"y","TextBB":[597.17,473.455,602.032,482.448],"Rotation":0},{"Text":"=","TextBB":[604.734,473.455,610.412,482.448],"Rotation":0},{"Text":"x","TextBB":[613.115,473.455,617.976,482.448],"Rotation":0},{"Text":"-6","TextBB":[450.963,462.691,459.606,471.684],"Rotation":0},{"Text":"-8","TextBB":[450.963,480.503,459.606,489.496],"Rotation":0},{"Text":"4","TextBB":[404.601,490.226,410.006,499.219],"Rotation":0},{"Text":"-4","TextBB":[461.118,490.226,469.761,499.219],"Rotation":0},{"Text":"-3","TextBB":[485.562,490.226,494.205,499.219],"Rotation":0},{"Text":"-2","TextBB":[510.006,490.226,518.649,499.219],"Rotation":0},{"Text":"-1","TextBB":[534.451,490.226,543.094,499.219],"Rotation":0},{"Text":"0","TextBB":[561.866,490.226,567.272,499.219],"Rotation":0},{"Text":"1","TextBB":[586.311,490.226,591.716,499.219],"Rotation":0},{"Text":"2","TextBB":[610.755,490.226,616.16,499.219],"Rotation":0},{"Text":"3","TextBB":[635.199,490.226,640.605,499.219],"Rotation":0},{"Text":"Normal","TextBB":[480.835,504.809,512.16,513.802],"Rotation":0},{"Text":"N(0,1)","TextBB":[514.863,504.809,541.872,513.802],"Rotation":0},{"Text":"Order","TextBB":[544.574,504.809,569.424,513.802],"Rotation":0},{"Text":"Statistic","TextBB":[572.127,504.809,606.165,513.802],"Rotation":0},{"Text":"Medians","TextBB":[608.868,504.809,645.608,513.802],"Rotation":0},{"Text":"4","TextBB":[659.644,490.226,665.05,499.219],"Rotation":0}],"Mention":["no mention found","no mention found"],"Page":9,"Number":1,"Type":"Figure","CaptionBB":[288,531,561,551],"Height":1100,"Width":850,"DPI":100,"ImageBB":[176,346,667,516]}