{"Caption":"Figure 2. X-ray light curve of the cloud in the [0.1 − 10] keV (top panel), [0.3 − 0.5] keV (middle panel), and [0.5 − 1.0] keV (bottom panel) bands of the shocked cloud derived for the M = 30 and M = 50 shock cases with (RC models) or without (HY models) thermal conduction and radiative cooling. ","ImageText":[{"Text":"1000","TextBB":[111.724,132.666,138.513,147.577],"Rotation":0},{"Text":"100","TextBB":[118.421,187.264,138.512,202.176],"Rotation":0},{"Text":"RCm30c10","TextBB":[310.273,210.564,370.51,225.476],"Rotation":0},{"Text":"HYm50c10","TextBB":[192.257,229.659,251.832,244.571],"Rotation":0},{"Text":"RCm50c10","TextBB":[310.273,229.659,370.51,244.571],"Rotation":0},{"Text":"1000","TextBB":[111.724,457.471,138.513,472.383],"Rotation":0},{"Text":"10","TextBB":[125.118,376.949,138.513,391.861],"Rotation":0},{"Text":"[0.3","TextBB":[90.8038,381.384,105.715,401.475],"Rotation":3},{"Text":"-","TextBB":[90.8038,374.025,105.715,378.036],"Rotation":3},{"Text":"0.5]","TextBB":[90.8038,350.585,105.715,370.676],"Rotation":3},{"Text":"keV","TextBB":[90.8038,326.483,105.715,347.237],"Rotation":3},{"Text":"band","TextBB":[90.8038,296.347,105.715,323.135],"Rotation":3},{"Text":"100","TextBB":[118.421,322.352,138.512,337.263],"Rotation":0},{"Text":"1","TextBB":[131.816,427.532,138.513,442.444],"Rotation":0},{"Text":"100","TextBB":[118.421,512.036,138.512,526.948],"Rotation":0},{"Text":"3","TextBB":[391.239,632.234,397.936,647.145],"Rotation":0},{"Text":"t","TextBB":[256.025,645.259,259.374,660.17],"Rotation":0},{"Text":"\/","TextBB":[262.722,645.259,266.071,660.17],"Rotation":0},{"Text":"t","TextBB":[269.419,645.259,272.768,660.17],"Rotation":0},{"Text":"cc","TextBB":[272.767,652.496,280.235,661.741],"Rotation":0},{"Text":"2","TextBB":[306.924,632.234,313.621,647.145],"Rotation":0},{"Text":"1","TextBB":[222.64,632.234,229.337,647.145],"Rotation":0},{"Text":"1","TextBB":[131.816,617.217,138.513,632.129],"Rotation":0},{"Text":"0","TextBB":[138.325,632.234,145.022,647.145],"Rotation":0},{"Text":"10","TextBB":[125.118,566.635,138.513,581.547],"Rotation":0},{"Text":"[0.5","TextBB":[90.8038,571.069,105.715,591.16],"Rotation":3},{"Text":"-","TextBB":[90.8038,563.71,105.715,567.721],"Rotation":3},{"Text":"1.0]","TextBB":[90.8038,540.27,105.715,560.361],"Rotation":3},{"Text":"keV","TextBB":[90.8038,516.168,105.715,536.921],"Rotation":3},{"Text":"band","TextBB":[90.8038,486.031,105.715,512.819],"Rotation":3},{"Text":"L","TextBB":[70.7919,382.306,85.7037,389.003],"Rotation":3},{"Text":"X","TextBB":[78.029,377.324,87.2743,382.306],"Rotation":3},{"Text":"[10","TextBB":[70.7919,357.234,85.7037,373.976],"Rotation":3},{"Text":"30","TextBB":[69.6643,348.929,78.9096,357.233],"Rotation":3},{"Text":"erg","TextBB":[70.7919,328.176,85.7037,345.581],"Rotation":3},{"Text":"s","TextBB":[70.7919,318.805,85.7037,324.827],"Rotation":3},{"Text":"-1","TextBB":[69.6643,312.167,78.9096,318.806],"Rotation":3},{"Text":"]","TextBB":[70.7919,308.818,85.7037,312.167],"Rotation":3},{"Text":"HYm30c10","TextBB":[192.257,210.564,251.832,225.476],"Rotation":0},{"Text":"1000","TextBB":[111.724,267.785,138.513,282.697],"Rotation":0},{"Text":"L","TextBB":[70.7919,571.992,85.7037,578.689],"Rotation":3},{"Text":"X","TextBB":[78.029,567.011,87.2743,571.992],"Rotation":3},{"Text":"[10","TextBB":[70.7919,546.919,85.7037,563.661],"Rotation":3},{"Text":"30","TextBB":[69.6643,538.615,78.9096,546.919],"Rotation":3},{"Text":"erg","TextBB":[70.7919,517.862,85.7037,535.267],"Rotation":3},{"Text":"s","TextBB":[70.7919,508.491,85.7037,514.513],"Rotation":3},{"Text":"-1","TextBB":[69.6643,501.851,78.9096,508.49],"Rotation":3},{"Text":"]","TextBB":[70.7919,498.503,85.7037,501.851],"Rotation":3},{"Text":"[0.1","TextBB":[84.1015,190.024,99.0133,210.115],"Rotation":3},{"Text":"-","TextBB":[84.1015,182.664,99.0133,186.675],"Rotation":3},{"Text":"10]","TextBB":[84.1015,162.573,99.0133,179.316],"Rotation":3},{"Text":"keV","TextBB":[84.1015,138.471,99.0133,159.225],"Rotation":3},{"Text":"band","TextBB":[84.1015,108.335,99.0133,135.123],"Rotation":3},{"Text":"10","TextBB":[125.118,237.846,138.513,252.758],"Rotation":0},{"Text":"L","TextBB":[64.0897,192.621,79.0014,199.318],"Rotation":3},{"Text":"X","TextBB":[71.3268,187.64,80.5721,192.621],"Rotation":3},{"Text":"[10","TextBB":[64.0897,167.548,79.0014,184.29],"Rotation":3},{"Text":"30","TextBB":[62.9621,159.244,72.2074,167.549],"Rotation":3},{"Text":"erg","TextBB":[64.0897,138.491,79.0014,155.896],"Rotation":3},{"Text":"s","TextBB":[64.0897,129.12,79.0014,135.142],"Rotation":3},{"Text":"-1","TextBB":[62.9621,122.48,72.2074,129.119],"Rotation":3},{"Text":"]","TextBB":[64.0897,119.132,79.0014,122.481],"Rotation":3},{"Text":"10000","TextBB":[105.027,78.1003,138.512,93.012],"Rotation":0}],"Mention":["Fig. 2 shows the cloudX-ray light curves in the broad [0:1\u000010]\nkeV band and in the [0:3\u0000 0:5] keV, and [0:5\u0000 1:0] keV bands\n","We now discuss in detail the evolution of the cloud mor-\nphology as detected in the X-ray band. We expect the rich-\nest scenario from the hottestM = 50 case. Fig. 3 shows 2-D\nsections in the (x; z) plane of the mass density distribution, \u001A,\nthe temperature, T , and the X-ray \u0003ux in the [0:1 \u0000 10] keV\n","(see Fig. 2). The maps of \u001A and FX are in log scale to highlight\nstructures with very di\u000Berent density and X-ray \u0003uxes.\n","Fig. 4 shows the map of X-ray emission in the [0:1 \u0000 10]\nkeV band (in linear scale) integrated over 10 pc along the LoS\n(see Sect. 2.2) for HYm50c10 and RCm50c10 at four selected\nepochs around the time of the maximum cloud X-ray lumi-\nnosity (see Fig. 2). The superimposed contours are the mass\n","density distribution (in log scale) in the (x; z) plane. The third\nrow of plots corresponds to the time of Fig. 3 (t = 1:2 \u001Ccc).\n","\u0018\n(see Fig. 2). Since the XMM-Newton\/EPIC-MOS sensitivity\n"],"Page":5,"Number":2,"Type":"Figure","CaptionBB":[56,674,404,752],"Height":1100,"Width":850,"DPI":100,"ImageBB":[62,67,400,662]}