{"Caption":"Figure 15. Accuracy & Speedup (25K)","ImageText":[{"Text":"99.8","TextBB":[99.1536,152.776,112.822,161.471],"Rotation":0},{"Text":"99.6","TextBB":[99.1536,162.158,112.822,170.853],"Rotation":0},{"Text":"99.4","TextBB":[99.1536,171.489,112.822,180.185],"Rotation":0},{"Text":"99.2","TextBB":[99.1536,180.871,112.822,189.567],"Rotation":0},{"Text":"99","TextBB":[105.012,190.253,112.822,198.949],"Rotation":0},{"Text":"98.8","TextBB":[99.1536,199.585,112.822,208.281],"Rotation":0},{"Text":"98.6","TextBB":[99.1536,208.967,112.822,217.663],"Rotation":0},{"Text":"98.4","TextBB":[99.1536,218.349,112.822,227.045],"Rotation":0},{"Text":"98.2","TextBB":[99.1536,227.681,112.822,236.377],"Rotation":0},{"Text":"98","TextBB":[105.012,237.063,112.822,245.759],"Rotation":0},{"Text":"5","TextBB":[273.928,152.776,277.833,161.471],"Rotation":0},{"Text":"Subset","TextBB":[173.087,159.448,194.953,168.144],"Rotation":0},{"Text":"SVM","TextBB":[179.732,166.471,194.953,175.167],"Rotation":0},{"Text":"Speedup","TextBB":[336.06,159.448,364.177,168.144],"Rotation":0},{"Text":"4.5","TextBB":[268.069,163.312,277.833,172.007],"Rotation":0},{"Text":"4","TextBB":[273.928,173.846,277.833,182.542],"Rotation":0},{"Text":"Speedup","TextBB":[248.863,185.247,257.559,213.364],"Rotation":3},{"Text":"Accuracy","TextBB":[79.6379,184.863,88.3336,213.746],"Rotation":3},{"Text":"3","TextBB":[273.928,194.919,277.833,203.614],"Rotation":0},{"Text":"2.5","TextBB":[268.069,205.455,277.833,214.15],"Rotation":0},{"Text":"2","TextBB":[273.928,215.991,277.833,224.687],"Rotation":0},{"Text":"2","TextBB":[134.473,244.087,138.378,252.782],"Rotation":0},{"Text":"4","TextBB":[152.936,244.087,156.841,252.782],"Rotation":0},{"Text":"6","TextBB":[171.349,244.087,175.254,252.782],"Rotation":0},{"Text":"8","TextBB":[189.762,244.087,193.668,252.782],"Rotation":0},{"Text":"10","TextBB":[206.272,244.087,214.083,252.782],"Rotation":0},{"Text":"1","TextBB":[273.928,237.063,277.833,245.759],"Rotation":0},{"Text":"12","TextBB":[224.685,244.087,232.495,252.782],"Rotation":0},{"Text":"0","TextBB":[289.901,244.087,293.807,252.782],"Rotation":0},{"Text":"2","TextBB":[307.561,244.087,311.466,252.782],"Rotation":0},{"Text":"4","TextBB":[325.222,244.087,329.127,252.782],"Rotation":0},{"Text":"Class","TextBB":[163.546,254.623,181.106,263.319],"Rotation":0},{"Text":"6","TextBB":[342.882,244.087,346.787,252.782],"Rotation":0},{"Text":"8","TextBB":[360.542,244.087,364.447,252.782],"Rotation":0},{"Text":"10","TextBB":[376.25,244.087,384.061,252.782],"Rotation":0},{"Text":"12","TextBB":[393.91,244.087,401.72,252.782],"Rotation":0},{"Text":"Class","TextBB":[330.662,254.623,348.222,263.319],"Rotation":0},{"Text":"3.5","TextBB":[268.069,184.383,277.833,193.078],"Rotation":0},{"Text":"1.5","TextBB":[268.069,226.527,277.833,235.223],"Rotation":0},{"Text":"0","TextBB":[116.06,244.087,119.966,252.782],"Rotation":0}],"Mention":["Similar experiments were also performed with the\nLetter-recognition, the 25K-image and the image\ndatasets. Because of space limitations, we present only\nresults with the highest percentage (99% of G) of se-\nlected instances for these datasets. Figure 14 presents\nthe variation of the accuracy and speedup over the\n26 di®erent categories in the letter-recognition dataset\n(We include concept-independent preprocessing time\nin all cases). Figures 15, 17 and 16 present the results\nover di®erent categories of the image datasets. Aver-\nage speedup values for these datasets were about 3:5,\n3 and 10 times respectively. Accuracy results for both\nthe datasets were close to those obtained by SVMs on\nthe entire dataset.\n"],"Page":8,"Number":15,"Type":"Figure","CaptionBB":[128,266,349,280],"Height":1100,"Width":850,"DPI":100,"ImageBB":[79,152,404,264]}