{"Caption":"Figure 10: Population trends for Half-life and other games with an averaging window of one week","ImageText":[{"Text":"120000","TextBB":[136.989,348.921,163.993,360.91],"Rotation":0},{"Text":"Battlefield","TextBB":[668.714,367.815,693.562,376.196],"Rotation":0},{"Text":"1942","TextBB":[695.135,367.815,707.72,376.196],"Rotation":0},{"Text":"Neverwinter","TextBB":[668.714,374.999,698.898,383.379],"Rotation":0},{"Text":"Nights","TextBB":[700.471,374.999,716.508,383.379],"Rotation":0},{"Text":"America\u2019s","TextBB":[668.714,383.355,693.545,391.735],"Rotation":0},{"Text":"Army","TextBB":[695.118,383.355,708.32,391.735],"Rotation":0},{"Text":"Half-life","TextBB":[385.212,370.692,404.121,378.956],"Rotation":0},{"Text":"Average","TextBB":[442.602,485.89,454.761,516.462],"Rotation":3},{"Text":"weekly","TextBB":[442.602,458.519,454.761,483.608],"Rotation":3},{"Text":"player","TextBB":[442.602,433.882,454.761,456.237],"Rotation":3},{"Text":"population","TextBB":[442.602,393.721,454.761,431.6],"Rotation":3},{"Text":"100000","TextBB":[136.989,382.659,163.993,394.648],"Rotation":0},{"Text":"80000","TextBB":[141.412,416.369,163.916,428.357],"Rotation":0},{"Text":"60000","TextBB":[141.412,450.107,163.916,462.095],"Rotation":0},{"Text":"Sobig","TextBB":[249.103,464.678,269.802,476.666],"Rotation":0},{"Text":"40000","TextBB":[141.412,483.845,163.916,495.834],"Rotation":0},{"Text":"20000","TextBB":[141.412,517.554,163.916,529.543],"Rotation":0},{"Text":"0","TextBB":[159.452,551.293,163.953,563.281],"Rotation":0},{"Text":"2003","TextBB":[233.722,557.19,251.725,569.179],"Rotation":0},{"Text":"Date","TextBB":[288.883,562.915,305.979,574.903],"Rotation":0},{"Text":"2004","TextBB":[353.353,557.19,371.356,569.179],"Rotation":0},{"Text":"(a)","TextBB":[241.79,580.846,257.15,593.3],"Rotation":0},{"Text":"Half-Life","TextBB":[260.609,580.846,312.86,593.3],"Rotation":0},{"Text":"8000","TextBB":[461.803,386.784,480.061,398.942],"Rotation":0},{"Text":"6000","TextBB":[461.803,427.832,480.061,439.99],"Rotation":0},{"Text":"4000","TextBB":[461.803,468.879,480.061,481.038],"Rotation":0},{"Text":"2000","TextBB":[461.803,509.927,480.061,522.086],"Rotation":0},{"Text":"0","TextBB":[475.496,550.975,480.06,563.134],"Rotation":0},{"Text":"Sobig","TextBB":[567.355,512.185,588.347,524.343],"Rotation":0},{"Text":"2003","TextBB":[550.819,556.956,569.077,569.115],"Rotation":0},{"Text":"Date","TextBB":[606.761,562.762,624.1,574.92],"Rotation":0},{"Text":"2004","TextBB":[672.145,556.956,690.403,569.115],"Rotation":0},{"Text":"(b)","TextBB":[552.76,580.846,568.895,593.3],"Rotation":0},{"Text":"Other","TextBB":[572.354,580.846,603.848,593.3],"Rotation":0},{"Text":"games","TextBB":[607.308,580.846,642.593,593.3],"Rotation":0}],"Mention":["While the daily and weekly cycles in server load are clear,\nthe duration of our trace allows us to examine longer term\ncycles. We examine the trend of three games of similar\npopularity as well as the trend of the most popular game,\nHalf-life, over the period of just over two years. We com-\npute the trend as the moving average of the data with a\nwindow size of one week. Figure 10 shows the trends of\nthe respective games. The underlying trend of these games\ndoes not reveal periodicities on a monthly timescale, and\nthe limits of our trace prevent us from drawing any strong\nconclusions about annual cycles. There are several points\nin trace where the games appear to be synchronized, but the\nexplanation for the concurrent peaks or valleys is not neces-\nsarily predictable. We observe peaks in all games near the\nChristmas season, but, for example, all four games expe-\nrience a drop during the unpredictable weeks of the Sobig\nvirus [27].\n"],"Page":9,"Number":10,"Type":"Figure","CaptionBB":[163,610,709,624],"Height":1100,"Width":850,"DPI":100,"ImageBB":[124,347,751,595]}