{"Caption":"Figure 6: Behavior of the incoming traffic (strength) sin as a function of the number of server-to-client connections (degree) kin . Top: behavior of the av- erage in-strength sin (kin ) as a function of the in- degree. The behavior is linear on a double logarith- mic scale and is well approximated by power-law behavior with slope βin      1.2. Bottom: frequency of clients with given in-strength for each value of the in-degree. In this and the following distribu- tion maps, tones represent frequencies of strength values, normalized within each degree bin, on a log scale. ","ImageText":[{"Text":"9","TextBB":[464.746,73.9351,467.67,81.5445],"Rotation":0},{"Text":"10","TextBB":[456.504,76.5724,464.775,87.3332],"Rotation":0},{"Text":"8","TextBB":[464.746,95.1153,467.67,102.725],"Rotation":0},{"Text":"10","TextBB":[456.504,97.7526,464.775,108.513],"Rotation":0},{"Text":"<","TextBB":[437.517,172.804,452.545,179.455],"Rotation":3},{"Text":"s","TextBB":[437.517,165.348,452.545,169.887],"Rotation":3},{"Text":"in","TextBB":[445.487,158.461,456.102,165.334],"Rotation":3},{"Text":"(k","TextBB":[437.517,148.791,452.545,158.511],"Rotation":3},{"Text":"in","TextBB":[445.487,141.889,456.102,148.762],"Rotation":3},{"Text":")>","TextBB":[437.517,128.485,452.545,139.022],"Rotation":3},{"Text":"7","TextBB":[464.746,116.207,467.67,123.816],"Rotation":0},{"Text":"10","TextBB":[456.504,118.844,464.775,129.605],"Rotation":0},{"Text":"6","TextBB":[464.746,137.446,467.67,145.056],"Rotation":0},{"Text":"10","TextBB":[456.504,140.083,464.775,150.844],"Rotation":0},{"Text":"5","TextBB":[464.746,158.567,467.67,166.177],"Rotation":0},{"Text":"10","TextBB":[456.504,161.205,464.775,171.965],"Rotation":0},{"Text":"4","TextBB":[464.746,179.777,467.67,187.387],"Rotation":0},{"Text":"10","TextBB":[456.504,182.414,464.775,193.175],"Rotation":0},{"Text":"10","TextBB":[456.504,203.595,464.775,214.355],"Rotation":0},{"Text":"3","TextBB":[464.746,200.957,467.67,208.567],"Rotation":0},{"Text":"2","TextBB":[464.746,222.108,467.67,229.717],"Rotation":0},{"Text":"10","TextBB":[456.504,224.745,464.775,235.506],"Rotation":0},{"Text":"0","TextBB":[473.194,229.641,476.119,237.25],"Rotation":0},{"Text":"10","TextBB":[464.953,232.278,473.224,243.039],"Rotation":0},{"Text":"1","TextBB":[547.163,229.641,550.087,237.25],"Rotation":0},{"Text":"10","TextBB":[538.921,232.278,547.192,243.039],"Rotation":0},{"Text":"2","TextBB":[620.894,229.641,623.819,237.25],"Rotation":0},{"Text":"10","TextBB":[612.653,232.278,620.924,243.039],"Rotation":0},{"Text":"k","TextBB":[612.209,240.136,618.044,255.165],"Rotation":0},{"Text":"in","TextBB":[617.999,248.107,624.873,258.722],"Rotation":0},{"Text":"3","TextBB":[694.744,229.641,697.669,237.25],"Rotation":0},{"Text":"10","TextBB":[686.503,232.278,694.774,243.039],"Rotation":0},{"Text":"4","TextBB":[768.595,229.641,771.519,237.25],"Rotation":0},{"Text":"10","TextBB":[760.353,232.278,768.624,243.039],"Rotation":0}],"Mention":["ered less surprising from this perspective, as it could arise\ndirectly from the power-law behavior of the server-per-client\ndistribution. However, further inspection of the strength\nbehavior uncovers the peculiar nature of the traffic distri-\nbution. In Figure 6 (top) we report the behavior of the\n","the strength associated with different clients. In order to\nstudy the spread of strength values with respect to the num-\nber of connections, we show in Figures 6 and 7 (bottom) a\ntwo-dimensional color plot indicating for each number of\n"],"Page":5,"Number":6,"Type":"Figure","CaptionBB":[438,526,772,699],"Height":1100,"Width":850,"DPI":100,"ImageBB":[438,73,774,511]}