{"Caption":"Figure 3 Aspect AM","ImageText":[{"Text":"public","TextBB":[73.4449,733.141,105.624,743.194],"Rotation":0},{"Text":"aspect","TextBB":[108.582,733.141,142.869,743.194],"Rotation":0},{"Text":"AM","TextBB":[145.944,733.141,162.33,743.194],"Rotation":0},{"Text":"{","TextBB":[165.277,733.141,168.907,743.194],"Rotation":0},{"Text":"pointcut","TextBB":[73.4449,769.308,116.397,779.361],"Rotation":0},{"Text":"marshal","TextBB":[119.446,769.308,158.186,779.361],"Rotation":0},{"Text":"(String","TextBB":[161.308,769.308,193.19,779.361],"Rotation":0},{"Text":"anArg):","TextBB":[196.312,769.308,231.828,779.361],"Rotation":0},{"Text":"call(*","TextBB":[234.973,769.308,259.067,779.361],"Rotation":0},{"Text":"*.println(..))","TextBB":[262.173,769.308,315.944,779.361],"Rotation":0},{"Text":"&&","TextBB":[234.946,787.308,249.362,797.361],"Rotation":0},{"Text":"(args(anArg))","TextBB":[252.613,787.308,316.9,797.361],"Rotation":0},{"Text":"&&","TextBB":[234.946,805.141,249.402,815.194],"Rotation":0},{"Text":"target(java.io.PrintWriter+);","TextBB":[252.653,805.141,382.995,815.194],"Rotation":0},{"Text":"void","TextBB":[73.4449,841.141,95.9198,851.194],"Rotation":0},{"Text":"around","TextBB":[98.9456,841.141,135.754,851.194],"Rotation":0},{"Text":"(String","TextBB":[138.779,841.141,170.822,851.194],"Rotation":0},{"Text":"oldArg):","TextBB":[173.941,841.141,211.818,851.194],"Rotation":0},{"Text":"marshal(oldArg)","TextBB":[214.963,841.141,292.27,851.194],"Rotation":0},{"Text":"{","TextBB":[295.317,841.141,298.947,851.194],"Rotation":0},{"Text":"String","TextBB":[131.445,859.474,159.86,869.528],"Rotation":0},{"Text":"newArg","TextBB":[162.816,859.474,199.357,869.528],"Rotation":0},{"Text":"=","TextBB":[202.481,859.474,208.828,869.528],"Rotation":0},{"Text":"Packaging.pack","TextBB":[211.784,859.474,288.715,869.528],"Rotation":0},{"Text":"(oldArg,","TextBB":[291.781,859.474,329.838,869.528],"Rotation":0},{"Text":"null);","TextBB":[332.945,859.474,358.966,869.528],"Rotation":0},{"Text":"proceed","TextBB":[131.445,877.474,170.507,887.528],"Rotation":0},{"Text":"(newArg);","TextBB":[173.636,877.474,220.338,887.528],"Rotation":0},{"Text":"}","TextBB":[122.112,895.308,125.742,905.361],"Rotation":0},{"Text":"}","TextBB":[73.4449,913.141,77.0749,923.194],"Rotation":0}],"Mention":["shown in Figures 3 and 4 respectively. We defined a new class \nDigSig with a number of methods to create and check digital \nsignatures and a class Packaging with methods to pack and \n"],"Page":4,"Number":3,"Type":"Figure","CaptionBB":[71,932,173,946],"Height":1169,"Width":826,"DPI":100,"ImageBB":[63,727,408,928]}