{"Type":"Figure",
"Number": 10,
"Page": 9,
"DPI": 100,
"Width": 850,
"Height": 1100,
"CaptionBB": [137,972,329,992],
"Caption": "Figure 10. Latency overhead.",
"ImageBB": [64,847,396,966],
"ImageText" : [
{"Rotation": 3,"TextBB": [64.4089,910.028,74.4884,940.572], "Text": "Latency"},
	{"Rotation": 3,"TextBB": [64.4089,872.2,74.4884,907.188], "Text": "overhead"},
	{"Rotation": 3,"TextBB": [64.4089,855.116,74.4884,869.361], "Text": "(%)"},
	{"Rotation": 0,"TextBB": [77.3106,848.448,88.1759,855.321], "Text": "1.2%"},
	{"Rotation": 0,"TextBB": [77.3106,864.172,88.1759,871.045], "Text": "1.0%"},
	{"Rotation": 0,"TextBB": [77.3106,879.782,88.1759,886.655], "Text": "0.8%"},
	{"Rotation": 0,"TextBB": [77.3106,895.392,88.1759,902.265], "Text": "0.6%"},
	{"Rotation": 0,"TextBB": [77.3106,910.546,88.1759,917.42], "Text": "0.4%"},
	{"Rotation": 0,"TextBB": [77.3106,926.27,88.1759,933.143], "Text": "0.2%"},
	{"Rotation": 0,"TextBB": [77.3106,941.88,88.1759,948.754], "Text": "0.0%"},
	{"Rotation": 0,"TextBB": [90.5296,949.97,93.2223,956.843], "Text": "0"},
	{"Rotation": 0,"TextBB": [149.468,949.97,154.844,956.843], "Text": "40"},
	{"Rotation": 0,"TextBB": [209.798,949.97,215.174,956.843], "Text": "80"},
	{"Rotation": 0,"TextBB": [225.602,953.807,242.536,965.362], "Text": "Time"},
	{"Rotation": 0,"TextBB": [244.587,953.807,259.698,965.362], "Text": "(ms)"},
	{"Rotation": 0,"TextBB": [268.338,949.97,276.299,956.843], "Text": "120"},
	{"Rotation": 0,"TextBB": [328.669,949.97,336.629,956.843], "Text": "160"}
]}
