{"Caption":"Figure 2: The comeToMyHead News Engine.","ImageText":[],"Mention":["rticles of the other categories present in comeToMyHead.\nhe news posting in these tables are those which score an\nigher absolute rank over the period of observation. Note\nhat our algorithm ranks any posted articles, and for top\nieces of news it is common to recognize in the top list re-\n"],"Page":2,"Number":2,"Type":"Figure","CaptionBB":[461,469,752,484],"Height":1169,"Width":860,"DPI":100,"ImageBB":[449,219,810,446]}