{"Caption":"Figure 9: An example of 7 ASes with different relationships.","ImageText":[{"Text":"AS0","TextBB":[509.936,750.804,524.881,760.593],"Rotation":0},{"Text":"AS1","TextBB":[593.45,750.804,608.394,760.593],"Rotation":0},{"Text":"Provider-customer","TextBB":[623.218,753.285,687.802,763.074],"Rotation":0},{"Text":"relationship:","TextBB":[623.218,763.208,665.845,772.996],"Rotation":0},{"Text":"Peering","TextBB":[623.218,783.053,650.465,792.841],"Rotation":0},{"Text":"relationship:","TextBB":[652.663,783.053,695.29,792.841],"Rotation":0},{"Text":"AS2","TextBB":[509.936,784.706,524.881,794.495],"Rotation":0},{"Text":"AS4","TextBB":[560.376,792.975,575.32,802.764],"Rotation":0},{"Text":"AS3","TextBB":[509.936,816.954,524.881,826.743],"Rotation":0},{"Text":"AS6","TextBB":[526.474,850.029,541.418,859.818],"Rotation":0},{"Text":"AS5","TextBB":[593.45,850.029,608.394,859.818],"Rotation":0},{"Text":"R","TextBB":[621.565,808.686,627.273,818.474],"Rotation":0},{"Text":"0,6","TextBB":[627.353,813.382,635.111,820.292],"Rotation":0},{"Text":"=","TextBB":[639.473,808.686,644.091,818.474],"Rotation":0},{"Text":"{(0,2,3,6),","TextBB":[646.289,808.686,680.574,818.474],"Rotation":0},{"Text":"(0,4,3,6),","TextBB":[647.942,818.608,679.586,828.397],"Rotation":0},{"Text":"(0,4,6)}","TextBB":[647.942,828.531,673.434,838.319],"Rotation":0},{"Text":"R*","TextBB":[621.564,837.626,630.349,847.415],"Rotation":0},{"Text":"0,6","TextBB":[633.141,843.15,640.899,850.06],"Rotation":0},{"Text":"=","TextBB":[644.434,837.626,649.052,847.415],"Rotation":0},{"Text":"(0,4,6)","TextBB":[651.25,837.626,674.101,847.415],"Rotation":0}],"Mention":["no mention found","no mention found","no mention found","no mention found"],"Page":4,"Number":9,"Type":"Figure","CaptionBB":[445,884,765,897],"Height":1169,"Width":827,"DPI":100,"ImageBB":[499,745,697,866]}