{"Type":"Figure",
"Number": 1,
"Page": 2,
"DPI": 100,
"Width": 850,
"Height": 1100,
"CaptionBB": [96,241,393,272],
"Caption": "Figure 1. Integrating specification discovery tools and our interpreter ",
"ImageBB": [79,102,412,229],
"ImageText" : [
{"Rotation": 0,"TextBB": [108.668,117.337,168.164,125.201], "Text": "Implementation"},
	{"Rotation": 0,"TextBB": [101.487,127.651,117.188,135.609], "Text": "e.g.,"},
	{"Rotation": 0,"TextBB": [120.519,127.651,174.474,135.609], "Text": "ArrayList.java"},
	{"Rotation": 0,"TextBB": [314.76,117.337,352.704,125.201], "Text": "Prototype"},
	{"Rotation": 0,"TextBB": [308.306,130.973,356.042,138.837], "Text": "Specification"},
	{"Rotation": 0,"TextBB": [295.607,141.287,311.309,149.245], "Text": "e.g.,"},
	{"Rotation": 0,"TextBB": [314.535,141.287,368.176,149.245], "Text": "ArrayList.spec"},
	{"Rotation": 0,"TextBB": [203.283,153.038,251.02,160.902], "Text": "Specification"},
	{"Rotation": 0,"TextBB": [199.12,163.343,235.706,171.207], "Text": "Discovery"},
	{"Rotation": 0,"TextBB": [238.412,163.343,255.253,171.207], "Text": "Tool"},
	{"Rotation": 0,"TextBB": [287.906,160.949,335.642,168.813], "Text": "Specification"},
	{"Rotation": 0,"TextBB": [338.556,160.949,379.524,168.813], "Text": "Interpreter"},
	{"Rotation": 0,"TextBB": [145.574,183.426,161.068,191.29], "Text": "uses"},
	{"Rotation": 0,"TextBB": [230.761,203.416,253.539,211.28], "Text": "Client"},
	{"Rotation": 0,"TextBB": [198.911,213.73,214.612,221.688], "Text": "e.g.,"},
	{"Rotation": 0,"TextBB": [217.943,213.73,284.266,221.688], "Text": "BibtexParser.java"},
	{"Rotation": 0,"TextBB": [312.892,196.649,328.386,204.513], "Text": "uses"}
]}
