{"Type":"Figure",
"Number": 10,
"Page": 9,
"DPI": 100,
"Width": 850,
"Height": 1100,
"CaptionBB": [123,566,385,582],
"Caption": "Figure 10 Precision-recall curves for shape No. 3",
"ImageBB": [102,358,408,567],
"ImageText" : [
{"Rotation": 0,"TextBB": [202.5,372.626,231.476,383.785], "Text": "Query"},
	{"Rotation": 0,"TextBB": [233.99,372.626,264.077,383.785], "Text": "Shape"},
	{"Rotation": 0,"TextBB": [266.592,372.626,282.741,383.785], "Text": "No."},
	{"Rotation": 0,"TextBB": [285.255,372.626,290.819,383.785], "Text": "3"},
	{"Rotation": 0,"TextBB": [124.168,389.321,135.712,398.387], "Text": "1.2"},
	{"Rotation": 0,"TextBB": [182.5,396.821,211.468,405.887], "Text": "Moment"},
	{"Rotation": 0,"TextBB": [213.887,396.821,248.414,405.887], "Text": "Invariants"},
	{"Rotation": 0,"TextBB": [182.5,408.488,220.582,417.554], "Text": "Geometric"},
	{"Rotation": 0,"TextBB": [223.155,408.488,242.424,417.554], "Text": "Ratio"},
	{"Rotation": 0,"TextBB": [182.5,420.154,213.869,429.221], "Text": "Principle"},
	{"Rotation": 0,"TextBB": [216.394,420.154,249.974,429.221], "Text": "Moments"},
	{"Rotation": 0,"TextBB": [182.5,431.821,225.164,440.887], "Text": "Eigenvalues"},
	{"Rotation": 3,"TextBB": [105.988,441.674,115.054,478.333], "Text": "Precision"},
	{"Rotation": 0,"TextBB": [124.168,411.821,135.712,420.887], "Text": "1.0"},
	{"Rotation": 0,"TextBB": [124.168,433.488,135.712,442.554], "Text": "0.8"},
	{"Rotation": 0,"TextBB": [124.168,455.988,135.712,465.054], "Text": "0.6"},
	{"Rotation": 0,"TextBB": [124.168,478.488,135.712,487.554], "Text": "0.4"},
	{"Rotation": 0,"TextBB": [124.168,500.154,135.712,509.221], "Text": "0.2"},
	{"Rotation": 0,"TextBB": [124.168,522.654,135.712,531.721], "Text": "0.0"},
	{"Rotation": 0,"TextBB": [140.001,534.321,144.521,543.387], "Text": "0"},
	{"Rotation": 0,"TextBB": [175,534.321,186.545,543.387], "Text": "0.2"},
	{"Rotation": 0,"TextBB": [212.5,534.321,224.599,543.387], "Text": "0.4"},
	{"Rotation": 0,"TextBB": [251.666,534.321,263.21,543.387], "Text": "0.6"},
	{"Rotation": 0,"TextBB": [289.999,534.321,301.543,543.387], "Text": "0.8"},
	{"Rotation": 0,"TextBB": [332.498,534.321,337.019,543.387], "Text": "1"},
	{"Rotation": 0,"TextBB": [366.665,534.321,378.209,543.387], "Text": "1.2"},
	{"Rotation": 0,"TextBB": [244.166,549.321,268.989,558.387], "Text": "Recall"}
]}
