{"Caption":"Figure 10: A simulation proof defines the behavior of the player G, who translates between the malicious players Γ, who believe they are operating in the real model, and the ideal model, in which the trusted third party computes the desired answer. ","ImageText":[{"Text":"G","TextBB":[291.389,144.422,291.497,144.643],"Rotation":0},{"Text":"U","TextBB":[284.167,155.95,284.267,156.171],"Rotation":0},{"Text":"G","TextBB":[280.694,167.2,280.803,167.421],"Rotation":0},{"Text":"c","TextBB":[300.972,144.422,301.042,144.643],"Rotation":0},{"Text":"s","TextBB":[289.583,155.95,289.653,156.171],"Rotation":0},{"Text":"i","TextBB":[294.167,155.95,294.197,156.171],"Rotation":0},{"Text":"t","TextBB":[290.278,167.339,290.316,167.559],"Rotation":0},{"Text":"n","TextBB":[296.111,155.95,296.188,156.171],"Rotation":0},{"Text":"h","TextBB":[292.917,167.339,292.994,167.559],"Rotation":0},{"Text":"o","TextBB":[305.556,144.561,305.633,144.782],"Rotation":0},{"Text":"e","TextBB":[297.917,167.339,297.994,167.559],"Rotation":0},{"Text":"t","TextBB":[293.611,178.728,293.65,178.948],"Rotation":0},{"Text":"h","TextBB":[296.111,178.728,296.188,178.948],"Rotation":0},{"Text":"m","TextBB":[310.556,144.561,310.671,144.782],"Rotation":0},{"Text":"g","TextBB":[301.25,155.95,301.327,156.171],"Rotation":0},{"Text":"m","TextBB":[318.194,144.561,318.31,144.782],"Rotation":0},{"Text":"h","TextBB":[308.75,155.95,308.827,156.171],"Rotation":0},{"Text":"n","TextBB":[303.056,167.339,303.133,167.559],"Rotation":0},{"Text":"i","TextBB":[313.889,155.95,313.92,156.171],"Rotation":0},{"Text":"s","TextBB":[310.556,167.339,310.625,167.559],"Rotation":0},{"Text":"e","TextBB":[301.25,178.728,301.327,178.948],"Rotation":0},{"Text":"u","TextBB":[325.694,144.561,325.772,144.782],"Rotation":0},{"Text":"s","TextBB":[315.833,155.95,315.903,156.171],"Rotation":0},{"Text":"u","TextBB":[315.139,167.339,315.216,167.559],"Rotation":0},{"Text":"a","TextBB":[308.75,178.728,308.827,178.948],"Rotation":0},{"Text":"n","TextBB":[330.833,144.561,330.911,144.782],"Rotation":0},{"Text":"s","TextBB":[323.056,155.95,323.125,156.171],"Rotation":0},{"Text":"p","TextBB":[327.5,155.95,327.577,156.171],"Rotation":0},{"Text":"b","TextBB":[320.278,167.339,320.355,167.559],"Rotation":0},{"Text":"n","TextBB":[313.889,178.728,313.966,178.948],"Rotation":0},{"Text":"m","TextBB":[325.278,167.339,325.393,167.559],"Rotation":0},{"Text":"s","TextBB":[318.889,178.728,318.958,178.948],"Rotation":0},{"Text":"c","TextBB":[337.917,144.422,337.986,144.643],"Rotation":0},{"Text":"i","TextBB":[335.833,144.561,335.864,144.782],"Rotation":0},{"Text":"i","TextBB":[332.917,167.339,332.947,167.559],"Rotation":0},{"Text":"w","TextBB":[323.472,178.728,323.572,178.948],"Rotation":0},{"Text":"a","TextBB":[342.5,144.561,342.577,144.782],"Rotation":0},{"Text":"c","TextBB":[337.639,155.811,337.708,156.032],"Rotation":0},{"Text":"e","TextBB":[332.639,155.95,332.716,156.171],"Rotation":0},{"Text":"e","TextBB":[330.139,178.728,330.216,178.948],"Rotation":0},{"Text":"t","TextBB":[334.861,167.339,334.9,167.559],"Rotation":0},{"Text":"t","TextBB":[347.5,144.561,347.539,144.782],"Rotation":0},{"Text":"i","TextBB":[342.222,155.95,342.253,156.171],"Rotation":0},{"Text":"s","TextBB":[337.361,167.339,337.431,167.559],"Rotation":0},{"Text":"r","TextBB":[340.694,178.728,340.741,178.948],"Rotation":0},{"Text":"M","TextBB":[338.056,203.728,338.171,203.948],"Rotation":0},{"Text":"s","TextBB":[355.139,144.561,355.208,144.782],"Rotation":0},{"Text":"l","TextBB":[349.306,155.95,349.336,156.171],"Rotation":0},{"Text":"t","TextBB":[344.444,167.339,344.483,167.559],"Rotation":0},{"Text":"r","TextBB":[335.139,178.728,335.185,178.948],"Rotation":0},{"Text":"e","TextBB":[350,144.561,350.077,144.782],"Rotation":0},{"Text":"a","TextBB":[344.306,155.95,344.383,156.171],"Rotation":0},{"Text":"w","TextBB":[362.222,144.561,362.322,144.782],"Rotation":0},{"Text":"a","TextBB":[353.889,155.95,353.966,156.171],"Rotation":0},{"Text":"h","TextBB":[347.083,167.339,347.161,167.559],"Rotation":0},{"Text":"e","TextBB":[352.083,167.339,352.161,167.559],"Rotation":0},{"Text":"e","TextBB":[343.75,178.728,343.827,178.948],"Rotation":0},{"Text":"t","TextBB":[348.75,178.728,348.789,178.948],"Rotation":0},{"Text":"a","TextBB":[344.583,203.728,344.661,203.948],"Rotation":0},{"Text":"i","TextBB":[364.028,155.95,364.059,156.171],"Rotation":0},{"Text":"s","TextBB":[357.222,167.339,357.292,167.559],"Rotation":0},{"Text":"u","TextBB":[351.389,178.728,351.466,178.948],"Rotation":0},{"Text":"i","TextBB":[358.333,203.728,358.364,203.948],"Rotation":0},{"Text":"r","TextBB":[356.25,215.117,356.296,215.337],"Rotation":0},{"Text":"h","TextBB":[373.333,144.561,373.411,144.782],"Rotation":0},{"Text":"t","TextBB":[370.139,155.95,370.177,156.171],"Rotation":0},{"Text":"e","TextBB":[364.444,178.728,364.522,178.948],"Rotation":0},{"Text":"o","TextBB":[360.278,203.728,360.355,203.948],"Rotation":0},{"Text":"t","TextBB":[380.972,144.561,381.011,144.782],"Rotation":0},{"Text":"i","TextBB":[372.639,155.95,372.67,156.171],"Rotation":0},{"Text":"e","TextBB":[374.583,155.95,374.661,156.171],"Rotation":0},{"Text":"h","TextBB":[383.472,144.561,383.549,144.782],"Rotation":0},{"Text":"e","TextBB":[388.611,144.561,388.688,144.782],"Rotation":0},{"Text":"s","TextBB":[379.722,155.95,379.792,156.171],"Rotation":0},{"Text":"e","TextBB":[373.889,167.339,373.966,167.559],"Rotation":0},{"Text":"t","TextBB":[378.889,167.339,378.928,167.559],"Rotation":0},{"Text":"d","TextBB":[369.583,178.728,369.661,178.948],"Rotation":0},{"Text":"u","TextBB":[365.417,203.728,365.494,203.948],"Rotation":0},{"Text":"t","TextBB":[359.306,215.117,359.344,215.337],"Rotation":0},{"Text":"t","TextBB":[370.833,144.561,370.872,144.782],"Rotation":0},{"Text":"i","TextBB":[368.055,155.95,368.086,156.171],"Rotation":0},{"Text":"s","TextBB":[369.306,167.339,369.375,167.559],"Rotation":0},{"Text":"n","TextBB":[359.444,178.728,359.522,178.948],"Rotation":0},{"Text":"c","TextBB":[353.75,203.589,353.819,203.809],"Rotation":0},{"Text":"i","TextBB":[351.667,203.728,351.697,203.948],"Rotation":0},{"Text":"a","TextBB":[351.25,215.117,351.327,215.337],"Rotation":0},{"Text":"l","TextBB":[365.972,155.95,366.003,156.171],"Rotation":0},{"Text":"e","TextBB":[361.667,167.339,361.744,167.559],"Rotation":0},{"Text":"r","TextBB":[356.389,178.728,356.435,178.948],"Rotation":0},{"Text":"l","TextBB":[349.722,203.728,349.753,203.948],"Rotation":0},{"Text":"p","TextBB":[346.111,215.117,346.188,215.337],"Rotation":0},{"Text":"i","TextBB":[368.75,144.561,368.781,144.782],"Rotation":0},{"Text":"b","TextBB":[358.889,155.95,358.966,156.171],"Rotation":0},{"Text":"m","TextBB":[396.111,144.561,396.227,144.782],"Rotation":0},{"Text":"a","TextBB":[386.806,155.95,386.883,156.171],"Rotation":0},{"Text":"s","TextBB":[381.528,167.339,381.597,167.559],"Rotation":0},{"Text":"t","TextBB":[388.611,167.339,388.65,167.559],"Rotation":0},{"Text":"b","TextBB":[377.222,178.728,377.299,178.948],"Rotation":0},{"Text":"a","TextBB":[403.75,144.561,403.827,144.782],"Rotation":0},{"Text":"s","TextBB":[391.806,155.95,391.875,156.171],"Rotation":0},{"Text":"o","TextBB":[391.111,167.339,391.188,167.559],"Rotation":0},{"Text":"y","TextBB":[382.222,178.728,382.292,178.948],"Rotation":0},{"Text":"t","TextBB":[389.306,178.728,389.344,178.948],"Rotation":0},{"Text":"l","TextBB":[408.75,144.561,408.781,144.782],"Rotation":0},{"Text":"a","TextBB":[398.889,155.95,398.966,156.171],"Rotation":0},{"Text":"t","TextBB":[398.75,167.339,398.789,167.559],"Rotation":0},{"Text":"h","TextBB":[391.806,178.728,391.883,178.948],"Rotation":0},{"Text":"h","TextBB":[401.25,167.339,401.327,167.559],"Rotation":0},{"Text":"c","TextBB":[412.917,144.422,412.986,144.643],"Rotation":0},{"Text":"i","TextBB":[410.833,144.561,410.864,144.782],"Rotation":0},{"Text":"s","TextBB":[406.528,155.95,406.597,156.171],"Rotation":0},{"Text":"i","TextBB":[411.111,155.95,411.142,156.171],"Rotation":0},{"Text":"i","TextBB":[417.361,144.561,417.392,144.782],"Rotation":0},{"Text":"t","TextBB":[413.889,167.339,413.927,167.559],"Rotation":0},{"Text":"t","TextBB":[404.583,178.728,404.622,178.948],"Rotation":0},{"Text":"r","TextBB":[407.083,178.728,407.13,178.948],"Rotation":0},{"Text":"s","TextBB":[370.417,203.728,370.486,203.948],"Rotation":0},{"Text":"r","TextBB":[416.389,167.339,416.435,167.559],"Rotation":0},{"Text":"u","TextBB":[410.139,178.728,410.216,178.948],"Rotation":0},{"Text":"M","TextBB":[406.389,203.728,406.505,203.948],"Rotation":0},{"Text":"a","TextBB":[412.917,203.728,412.994,203.948],"Rotation":0},{"Text":"l","TextBB":[418.056,203.728,418.086,203.948],"Rotation":0},{"Text":"i","TextBB":[391.806,262.478,391.836,262.698],"Rotation":0},{"Text":"v","TextBB":[393.75,262.478,393.819,262.698],"Rotation":0},{"Text":"a","TextBB":[398.333,262.478,398.411,262.698],"Rotation":0},{"Text":"t","TextBB":[403.472,262.478,403.511,262.698],"Rotation":0},{"Text":"e","TextBB":[405.972,262.478,406.049,262.698],"Rotation":0},{"Text":"i","TextBB":[413.472,262.478,413.503,262.698],"Rotation":0},{"Text":"t","TextBB":[432.917,155.95,432.955,156.171],"Rotation":0},{"Text":"t","TextBB":[429.028,167.339,429.066,167.559],"Rotation":0},{"Text":"e","TextBB":[422.222,178.728,422.299,178.948],"Rotation":0},{"Text":"r","TextBB":[424.583,215.117,424.63,215.337],"Rotation":0},{"Text":"n","TextBB":[415.556,262.478,415.633,262.698],"Rotation":0},{"Text":"e","TextBB":[431.667,167.339,431.744,167.559],"Rotation":0},{"Text":"p","TextBB":[420.556,262.478,420.633,262.698],"Rotation":0},{"Text":"h","TextBB":[437.5,178.728,437.577,178.948],"Rotation":0},{"Text":"i","TextBB":[452.361,144.561,452.392,144.782],"Rotation":0},{"Text":"h","TextBB":[448.611,155.95,448.688,156.171],"Rotation":0},{"Text":"t","TextBB":[444.306,167.339,444.344,167.559],"Rotation":0},{"Text":"r","TextBB":[444.583,178.728,444.63,178.948],"Rotation":0},{"Text":"e","TextBB":[454.306,144.561,454.383,144.782],"Rotation":0},{"Text":"s","TextBB":[459.444,144.561,459.514,144.782],"Rotation":0},{"Text":"Γ","TextBB":[466.806,144.561,466.876,144.782],"Rotation":0},{"Text":"e","TextBB":[453.611,155.95,453.688,156.171],"Rotation":0},{"Text":"h","TextBB":[446.806,167.339,446.883,167.559],"Rotation":0},{"Text":"i","TextBB":[442.5,178.728,442.531,178.948],"Rotation":0},{"Text":"u","TextBB":[433.75,203.728,433.827,203.948],"Rotation":0},{"Text":"t","TextBB":[449.861,144.561,449.9,144.782],"Rotation":0},{"Text":",","TextBB":[444.583,155.95,444.622,156.171],"Rotation":0},{"Text":"d","TextBB":[436.667,167.339,436.744,167.559],"Rotation":0},{"Text":"o","TextBB":[428.611,203.728,428.688,203.948],"Rotation":0},{"Text":"t","TextBB":[427.639,215.117,427.678,215.337],"Rotation":0},{"Text":"r","TextBB":[446.806,144.561,446.852,144.782],"Rotation":0},{"Text":"r","TextBB":[440.417,155.95,440.463,156.171],"Rotation":0},{"Text":"t","TextBB":[434.861,178.728,434.9,178.948],"Rotation":0},{"Text":"i","TextBB":[426.528,203.728,426.559,203.948],"Rotation":0},{"Text":"a","TextBB":[419.444,215.117,419.522,215.337],"Rotation":0},{"Text":"a","TextBB":[441.667,144.561,441.744,144.782],"Rotation":0},{"Text":"o","TextBB":[435.417,155.95,435.494,156.171],"Rotation":0},{"Text":"d","TextBB":[427.361,178.728,427.438,178.948],"Rotation":0},{"Text":"c","TextBB":[422.083,203.589,422.153,203.809],"Rotation":0},{"Text":"i","TextBB":[420,203.728,420.031,203.948],"Rotation":0},{"Text":"p","TextBB":[436.667,144.561,436.744,144.782],"Rotation":0},{"Text":"a","TextBB":[427.778,155.95,427.855,156.171],"Rotation":0},{"Text":"s","TextBB":[424.583,167.339,424.653,167.559],"Rotation":0},{"Text":"t","TextBB":[419.722,178.728,419.761,178.948],"Rotation":0},{"Text":"p","TextBB":[414.444,215.117,414.522,215.337],"Rotation":0},{"Text":"r","TextBB":[388.75,262.478,388.796,262.698],"Rotation":0},{"Text":"s","TextBB":[429.583,144.561,429.653,144.782],"Rotation":0},{"Text":"l","TextBB":[425.833,155.95,425.864,156.171],"Rotation":0},{"Text":"u","TextBB":[419.444,167.339,419.522,167.559],"Rotation":0},{"Text":"s","TextBB":[415.139,178.728,415.208,178.948],"Rotation":0},{"Text":"y","TextBB":[361.806,215.117,361.875,215.337],"Rotation":0},{"Text":"P","TextBB":[383.75,262.478,383.843,262.698],"Rotation":0},{"Text":"u","TextBB":[424.444,144.561,424.522,144.782],"Rotation":0},{"Text":"u","TextBB":[420.694,155.95,420.772,156.171],"Rotation":0},{"Text":"e","TextBB":[406.25,167.339,406.327,167.559],"Rotation":0},{"Text":"e","TextBB":[396.944,178.728,397.022,178.948],"Rotation":0},{"Text":"o","TextBB":[419.444,144.561,419.522,144.782],"Rotation":0},{"Text":"m","TextBB":[413.056,155.95,413.171,156.171],"Rotation":0},{"Text":"i","TextBB":[451.806,167.339,451.836,167.559],"Rotation":0},{"Text":"o","TextBB":[461.25,155.95,461.327,156.171],"Rotation":0},{"Text":"r","TextBB":[453.889,167.339,453.935,167.559],"Rotation":0},{"Text":"d","TextBB":[456.944,167.339,457.022,167.559],"Rotation":0},{"Text":"d","TextBB":[447.5,178.728,447.577,178.948],"Rotation":0},{"Text":"t","TextBB":[471.389,155.95,471.427,156.171],"Rotation":0},{"Text":"p","TextBB":[464.583,167.339,464.661,167.559],"Rotation":0},{"Text":"p","TextBB":[455.139,178.728,455.216,178.948],"Rotation":0},{"Text":"c","TextBB":[479.167,144.422,479.236,144.643],"Rotation":0},{"Text":"a","TextBB":[474.028,144.561,474.105,144.782],"Rotation":0},{"Text":"b","TextBB":[466.25,155.95,466.327,156.171],"Rotation":0},{"Text":"a","TextBB":[473.889,155.95,473.966,156.171],"Rotation":0},{"Text":"a","TextBB":[469.583,167.339,469.661,167.559],"Rotation":0},{"Text":"a","TextBB":[460.278,178.728,460.355,178.948],"Rotation":0},{"Text":"r","TextBB":[465.278,178.728,465.324,178.948],"Rotation":0},{"Text":"t","TextBB":[468.333,178.728,468.372,178.948],"Rotation":0},{"Text":"c","TextBB":[483.611,144.422,483.681,144.643],"Rotation":0},{"Text":"i","TextBB":[478.889,155.95,478.92,156.171],"Rotation":0},{"Text":"r","TextBB":[474.722,167.339,474.768,167.559],"Rotation":0},{"Text":"y","TextBB":[470.833,178.728,470.903,178.948],"Rotation":0},{"Text":"t","TextBB":[477.639,167.339,477.677,167.559],"Rotation":0},{"Text":",","TextBB":[485.833,167.339,485.872,167.559],"Rotation":0},{"Text":"a","TextBB":[481.25,203.728,481.327,203.948],"Rotation":0},{"Text":"l","TextBB":[486.389,203.728,486.42,203.948],"Rotation":0},{"Text":"u","TextBB":[425.694,262.478,425.772,262.698],"Rotation":0},{"Text":"t","TextBB":[430.694,262.478,430.733,262.698],"Rotation":0},{"Text":"s","TextBB":[435.833,262.478,435.903,262.698],"Rotation":0},{"Text":"e","TextBB":[440.417,262.478,440.494,262.698],"Rotation":0},{"Text":"t","TextBB":[445.417,262.478,445.455,262.698],"Rotation":0},{"Text":"c","TextBB":[490.417,203.589,490.486,203.809],"Rotation":0},{"Text":"f","TextBB":[387.778,273.867,387.816,274.087],"Rotation":0},{"Text":"m","TextBB":[392.778,273.867,392.893,274.087],"Rotation":0},{"Text":"a","TextBB":[400.417,273.867,400.494,274.087],"Rotation":0},{"Text":"l","TextBB":[405.417,273.867,405.447,274.087],"Rotation":0},{"Text":"i","TextBB":[407.5,273.867,407.531,274.087],"Rotation":0},{"Text":"c","TextBB":[409.444,273.728,409.514,273.948],"Rotation":0},{"Text":"T","TextBB":[405.139,317.617,405.224,317.837],"Rotation":0},{"Text":"t","TextBB":[399.861,329.005,399.9,329.226],"Rotation":0},{"Text":"h","TextBB":[402.361,329.005,402.438,329.226],"Rotation":0},{"Text":"i","TextBB":[414.028,273.867,414.059,274.087],"Rotation":0},{"Text":"r","TextBB":[410.694,317.617,410.741,317.837],"Rotation":0},{"Text":"i","TextBB":[407.361,329.005,407.392,329.226],"Rotation":0},{"Text":"r","TextBB":[409.444,329.005,409.491,329.226],"Rotation":0},{"Text":"u","TextBB":[413.75,317.617,413.827,317.837],"Rotation":0},{"Text":"d","TextBB":[412.5,329.005,412.577,329.226],"Rotation":0},{"Text":"o","TextBB":[416.111,273.867,416.188,274.087],"Rotation":0},{"Text":"u","TextBB":[421.111,273.867,421.188,274.087],"Rotation":0},{"Text":"s","TextBB":[418.75,317.617,418.819,317.837],"Rotation":0},{"Text":"s","TextBB":[426.25,273.867,426.319,274.087],"Rotation":0},{"Text":"t","TextBB":[423.333,317.617,423.372,317.837],"Rotation":0},{"Text":"p","TextBB":[420,329.005,420.077,329.226],"Rotation":0},{"Text":"p","TextBB":[433.333,273.867,433.411,274.087],"Rotation":0},{"Text":"e","TextBB":[425.833,317.617,425.911,317.837],"Rotation":0},{"Text":"a","TextBB":[425.139,329.005,425.216,329.226],"Rotation":0},{"Text":"a","TextBB":[438.333,273.867,438.411,274.087],"Rotation":0},{"Text":"r","TextBB":[443.472,273.867,443.518,274.087],"Rotation":0},{"Text":"r","TextBB":[351.528,377.061,351.574,377.282],"Rotation":0},{"Text":"i","TextBB":[354.583,377.061,354.614,377.282],"Rotation":0},{"Text":"v","TextBB":[356.667,377.061,356.736,377.282],"Rotation":0},{"Text":"a","TextBB":[361.25,377.061,361.327,377.282],"Rotation":0},{"Text":"t","TextBB":[366.25,377.061,366.289,377.282],"Rotation":0},{"Text":"h","TextBB":[510.139,167.339,510.216,167.559],"Rotation":0},{"Text":"i","TextBB":[521.528,155.95,521.559,156.171],"Rotation":0},{"Text":"e","TextBB":[515.139,167.339,515.216,167.559],"Rotation":0},{"Text":"a","TextBB":[510.833,178.728,510.911,178.948],"Rotation":0},{"Text":"u","TextBB":[502.083,203.728,502.161,203.948],"Rotation":0},{"Text":"t","TextBB":[495.972,215.117,496.011,215.337],"Rotation":0},{"Text":"t","TextBB":[526.25,144.561,526.289,144.782],"Rotation":0},{"Text":"r","TextBB":[518.472,155.95,518.518,156.171],"Rotation":0},{"Text":"h","TextBB":[528.75,144.561,528.827,144.782],"Rotation":0},{"Text":"v","TextBB":[523.472,155.95,523.542,156.171],"Rotation":0},{"Text":"i","TextBB":[517.917,178.728,517.947,178.948],"Rotation":0},{"Text":"t","TextBB":[533.194,155.95,533.233,156.171],"Rotation":0},{"Text":"c","TextBB":[527.778,167.2,527.847,167.421],"Rotation":0},{"Text":"n","TextBB":[520.278,167.339,520.355,167.559],"Rotation":0},{"Text":"l","TextBB":[515.972,178.728,516.003,178.948],"Rotation":0},{"Text":"e","TextBB":[533.75,144.561,533.827,144.782],"Rotation":0},{"Text":"a","TextBB":[528.056,155.95,528.133,156.171],"Rotation":0},{"Text":"c","TextBB":[520,178.589,520.069,178.809],"Rotation":0},{"Text":"i","TextBB":[524.583,178.728,524.614,178.948],"Rotation":0},{"Text":"o","TextBB":[526.528,178.728,526.605,178.948],"Rotation":0},{"Text":"p","TextBB":[541.389,144.561,541.466,144.782],"Rotation":0},{"Text":"e","TextBB":[535.694,155.95,535.772,156.171],"Rotation":0},{"Text":"r","TextBB":[546.528,144.561,546.574,144.782],"Rotation":0},{"Text":"i","TextBB":[543.194,155.95,543.225,156.171],"Rotation":0},{"Text":"o","TextBB":[532.361,167.339,532.438,167.559],"Rotation":0},{"Text":"m","TextBB":[537.5,167.339,537.616,167.559],"Rotation":0},{"Text":"u","TextBB":[531.667,178.728,531.744,178.948],"Rotation":0},{"Text":"o","TextBB":[549.444,144.561,549.522,144.782],"Rotation":0},{"Text":"n","TextBB":[545.278,155.95,545.355,156.171],"Rotation":0},{"Text":"m","TextBB":[545,167.339,545.116,167.559],"Rotation":0},{"Text":"s","TextBB":[536.667,178.728,536.736,178.948],"Rotation":0},{"Text":"t","TextBB":[554.583,144.561,554.622,144.782],"Rotation":0},{"Text":"p","TextBB":[550.278,155.95,550.355,156.171],"Rotation":0},{"Text":"r","TextBB":[553.889,178.728,553.935,178.948],"Rotation":0},{"Text":"t","TextBB":[556.944,178.728,556.983,178.948],"Rotation":0},{"Text":"i","TextBB":[562.778,167.339,562.809,167.559],"Rotation":0},{"Text":"i","TextBB":[559.444,178.728,559.475,178.948],"Rotation":0},{"Text":"l","TextBB":[571.806,144.561,571.836,144.782],"Rotation":0},{"Text":"s","TextBB":[565.556,155.95,565.625,156.171],"Rotation":0},{"Text":"n","TextBB":[557.639,167.339,557.716,167.559],"Rotation":0},{"Text":"a","TextBB":[548.889,178.728,548.966,178.948],"Rotation":0},{"Text":"o","TextBB":[566.667,144.561,566.744,144.782],"Rotation":0},{"Text":"t","TextBB":[560.417,155.95,560.455,156.171],"Rotation":0},{"Text":"u","TextBB":[552.639,167.339,552.716,167.559],"Rotation":0},{"Text":"p","TextBB":[543.75,178.728,543.827,178.948],"Rotation":0},{"Text":"c","TextBB":[562.222,144.422,562.292,144.643],"Rotation":0},{"Text":"o","TextBB":[557.083,144.561,557.161,144.782],"Rotation":0},{"Text":"u","TextBB":[555.417,155.95,555.494,156.171],"Rotation":0},{"Text":"e","TextBB":[561.528,178.728,561.605,178.948],"Rotation":0},{"Text":".","TextBB":[575,144.561,575.039,144.782],"Rotation":0},{"Text":"e","TextBB":[570.139,155.95,570.216,156.171],"Rotation":0},{"Text":"c","TextBB":[564.722,167.2,564.792,167.421],"Rotation":0},{"Text":"t","TextBB":[575.139,155.95,575.178,156.171],"Rotation":0},{"Text":"a","TextBB":[569.306,167.339,569.383,167.559],"Rotation":0},{"Text":"s","TextBB":[566.528,178.728,566.597,178.948],"Rotation":0},{"Text":"t","TextBB":[574.444,167.339,574.483,167.559],"Rotation":0},{"Text":"s","TextBB":[577.639,155.95,577.708,156.171],"Rotation":0},{"Text":"e","TextBB":[576.944,167.339,577.022,167.559],"Rotation":0},{"Text":".","TextBB":[583.333,155.95,583.372,156.171],"Rotation":0},{"Text":"s","TextBB":[581.944,167.339,582.014,167.559],"Rotation":0},{"Text":".","TextBB":[572.222,178.728,572.261,178.948],"Rotation":0},{"Text":"s","TextBB":[507.083,203.728,507.153,203.948],"Rotation":0},{"Text":"y","TextBB":[498.472,215.117,498.542,215.337],"Rotation":0},{"Text":"s","TextBB":[447.917,262.478,447.986,262.698],"Rotation":0},{"Text":"t","TextBB":[446.389,273.867,446.428,274.087],"Rotation":0},{"Text":"i","TextBB":[449.028,273.867,449.059,274.087],"Rotation":0},{"Text":"e","TextBB":[450.972,273.867,451.049,274.087],"Rotation":0},{"Text":"s","TextBB":[494.167,270.117,494.236,270.337],"Rotation":0},{"Text":"w","TextBB":[498.75,270.117,498.85,270.337],"Rotation":0},{"Text":"e","TextBB":[505.278,270.117,505.355,270.337],"Rotation":0},{"Text":"r","TextBB":[510.417,270.117,510.463,270.337],"Rotation":0},{"Text":"s","TextBB":[515.972,270.117,516.042,270.337],"Rotation":0},{"Text":"e","TextBB":[520.556,270.117,520.633,270.337],"Rotation":0},{"Text":"t","TextBB":[525.556,270.117,525.594,270.337],"Rotation":0},{"Text":"A","TextBB":[483.056,273.867,483.148,274.087],"Rotation":0},{"Text":"s","TextBB":[456.111,273.867,456.181,274.087],"Rotation":0},{"Text":"d","TextBB":[430.972,317.617,431.049,317.837],"Rotation":0},{"Text":"r","TextBB":[430.139,329.005,430.185,329.226],"Rotation":0},{"Text":"t","TextBB":[433.194,329.005,433.233,329.226],"Rotation":0},{"Text":"y","TextBB":[435.694,329.005,435.764,329.226],"Rotation":0},{"Text":"P","TextBB":[443.472,374.005,443.565,374.226],"Rotation":0},{"Text":"P","TextBB":[346.667,377.061,346.759,377.282],"Rotation":0},{"Text":"t","TextBB":[507.5,167.339,507.539,167.559],"Rotation":0},{"Text":"o","TextBB":[518.611,144.561,518.688,144.782],"Rotation":0},{"Text":"p","TextBB":[513.333,155.95,513.411,156.171],"Rotation":0},{"Text":"m","TextBB":[503.333,178.728,503.449,178.948],"Rotation":0},{"Text":"o","TextBB":[496.944,203.728,497.022,203.948],"Rotation":0},{"Text":"r","TextBB":[492.917,215.117,492.963,215.337],"Rotation":0},{"Text":"t","TextBB":[516.111,144.561,516.15,144.782],"Rotation":0},{"Text":"r","TextBB":[507.778,155.95,507.824,156.171],"Rotation":0},{"Text":"d","TextBB":[500,167.339,500.077,167.559],"Rotation":0},{"Text":"i","TextBB":[494.861,203.728,494.892,203.948],"Rotation":0},{"Text":"a","TextBB":[487.778,215.117,487.855,215.337],"Rotation":0},{"Text":"g","TextBB":[508.472,144.561,508.549,144.782],"Rotation":0},{"Text":"i","TextBB":[505.833,155.95,505.864,156.171],"Rotation":0},{"Text":"e","TextBB":[495.694,178.728,495.772,178.948],"Rotation":0},{"Text":"n","TextBB":[489.167,270.117,489.244,270.337],"Rotation":0},{"Text":"o","TextBB":[382.639,273.867,382.716,274.087],"Rotation":0},{"Text":"n","TextBB":[503.472,144.561,503.549,144.782],"Rotation":0},{"Text":"e","TextBB":[500.694,155.95,500.772,156.171],"Rotation":0},{"Text":"n","TextBB":[494.861,167.339,494.938,167.559],"Rotation":0},{"Text":"h","TextBB":[490.556,178.728,490.633,178.948],"Rotation":0},{"Text":"i","TextBB":[488.333,203.728,488.364,203.948],"Rotation":0},{"Text":"p","TextBB":[482.778,215.117,482.855,215.337],"Rotation":0},{"Text":"i","TextBB":[501.389,144.561,501.42,144.782],"Rotation":0},{"Text":"h","TextBB":[495.694,155.95,495.772,156.171],"Rotation":0},{"Text":"a","TextBB":[489.861,167.339,489.938,167.559],"Rotation":0},{"Text":"t","TextBB":[488.056,178.728,488.094,178.948],"Rotation":0},{"Text":"y","TextBB":[430.139,215.117,430.208,215.337],"Rotation":0},{"Text":"d","TextBB":[496.389,144.561,496.466,144.782],"Rotation":0},{"Text":"t","TextBB":[493.194,155.95,493.233,156.171],"Rotation":0},{"Text":"o","TextBB":[480.417,178.728,480.494,178.948],"Rotation":0},{"Text":"M","TextBB":[474.722,203.728,474.838,203.948],"Rotation":0},{"Text":"r","TextBB":[493.333,144.561,493.38,144.782],"Rotation":0},{"Text":"s","TextBB":[486.111,155.95,486.181,156.171],"Rotation":0},{"Text":"y","TextBB":[480.278,167.339,480.347,167.559],"Rotation":0},{"Text":"t","TextBB":[477.917,178.728,477.955,178.948],"Rotation":0},{"Text":"s","TextBB":[438.75,203.728,438.819,203.948],"Rotation":0},{"Text":"o","TextBB":[488.194,144.561,488.272,144.782],"Rotation":0},{"Text":"n","TextBB":[480.972,155.95,481.049,156.171],"Rotation":0},{"Text":"r","TextBB":[448.472,374.005,448.518,374.226],"Rotation":0},{"Text":"i","TextBB":[451.528,374.005,451.559,374.226],"Rotation":0},{"Text":"v","TextBB":[453.611,374.005,453.681,374.226],"Rotation":0},{"Text":"a","TextBB":[458.056,374.005,458.133,374.226],"Rotation":0},{"Text":"t","TextBB":[463.194,374.005,463.233,374.226],"Rotation":0},{"Text":"e","TextBB":[465.694,374.005,465.772,374.226],"Rotation":0},{"Text":"e","TextBB":[368.75,377.061,368.827,377.282],"Rotation":0},{"Text":"n","TextBB":[516.389,378.172,516.466,378.393],"Rotation":0},{"Text":"s","TextBB":[521.528,378.172,521.597,378.393],"Rotation":0},{"Text":"w","TextBB":[526.111,378.172,526.211,378.393],"Rotation":0},{"Text":"e","TextBB":[532.639,378.172,532.716,378.393],"Rotation":0},{"Text":"r","TextBB":[537.778,378.172,537.824,378.393],"Rotation":0},{"Text":"s","TextBB":[543.333,378.172,543.403,378.393],"Rotation":0},{"Text":"e","TextBB":[547.778,378.172,547.855,378.393],"Rotation":0},{"Text":"t","TextBB":[552.917,378.172,552.955,378.393],"Rotation":0},{"Text":"A","TextBB":[510.417,381.922,510.509,382.143],"Rotation":0},{"Text":"i","TextBB":[442.361,385.394,442.392,385.615],"Rotation":0},{"Text":"i","TextBB":[345.556,388.45,345.586,388.671],"Rotation":0},{"Text":"n","TextBB":[347.5,388.45,347.577,388.671],"Rotation":0},{"Text":"p","TextBB":[352.639,388.45,352.716,388.671],"Rotation":0},{"Text":"u","TextBB":[357.639,388.45,357.716,388.671],"Rotation":0},{"Text":"t","TextBB":[362.778,388.45,362.816,388.671],"Rotation":0},{"Text":"s","TextBB":[367.778,388.45,367.847,388.671],"Rotation":0},{"Text":"n","TextBB":[365.417,403.867,365.494,404.087],"Rotation":0},{"Text":"e","TextBB":[372.361,388.45,372.438,388.671],"Rotation":0},{"Text":"s","TextBB":[370.556,403.867,370.625,404.087],"Rotation":0},{"Text":"n","TextBB":[444.444,385.394,444.522,385.615],"Rotation":0},{"Text":"p","TextBB":[449.444,385.394,449.522,385.615],"Rotation":0},{"Text":"u","TextBB":[454.583,385.394,454.661,385.615],"Rotation":0},{"Text":"t","TextBB":[459.583,385.394,459.622,385.615],"Rotation":0},{"Text":"s","TextBB":[464.722,385.394,464.792,385.615],"Rotation":0},{"Text":"e","TextBB":[469.306,385.394,469.383,385.615],"Rotation":0},{"Text":"t","TextBB":[474.306,385.394,474.344,385.615],"Rotation":0},{"Text":"t","TextBB":[377.361,388.45,377.4,388.671],"Rotation":0},{"Text":"w","TextBB":[375.139,403.867,375.239,404.087],"Rotation":0},{"Text":"e","TextBB":[381.667,403.867,381.744,404.087],"Rotation":0},{"Text":"r","TextBB":[386.667,403.867,386.713,404.087],"Rotation":0},{"Text":"s","TextBB":[392.222,403.867,392.292,404.087],"Rotation":0},{"Text":"e","TextBB":[396.806,403.867,396.883,404.087],"Rotation":0},{"Text":"t","TextBB":[401.944,403.867,401.983,404.087],"Rotation":0},{"Text":"A","TextBB":[359.444,407.617,359.537,407.837],"Rotation":0},{"Text":"H","TextBB":[307.639,420.117,307.739,420.337],"Rotation":0},{"Text":"o","TextBB":[313.056,420.117,313.133,420.337],"Rotation":0},{"Text":"p","TextBB":[311.111,431.505,311.188,431.726],"Rotation":0},{"Text":"n","TextBB":[318.194,420.117,318.272,420.337],"Rotation":0},{"Text":"a","TextBB":[316.111,431.505,316.188,431.726],"Rotation":0},{"Text":"e","TextBB":[323.194,420.117,323.272,420.337],"Rotation":0},{"Text":"r","TextBB":[321.25,431.505,321.296,431.726],"Rotation":0},{"Text":"s","TextBB":[328.333,420.117,328.403,420.337],"Rotation":0},{"Text":"t","TextBB":[324.306,431.505,324.344,431.726],"Rotation":0},{"Text":"t","TextBB":[332.917,420.117,332.955,420.337],"Rotation":0},{"Text":"H","TextBB":[478.472,420.117,478.572,420.337],"Rotation":0},{"Text":"y","TextBB":[326.806,431.505,326.875,431.726],"Rotation":0},{"Text":"o","TextBB":[483.889,420.117,483.966,420.337],"Rotation":0},{"Text":"p","TextBB":[481.944,431.505,482.022,431.726],"Rotation":0},{"Text":"n","TextBB":[489.028,420.117,489.105,420.337],"Rotation":0},{"Text":"a","TextBB":[486.944,431.505,487.022,431.726],"Rotation":0},{"Text":"e","TextBB":[494.028,420.117,494.105,420.337],"Rotation":0},{"Text":"r","TextBB":[492.083,431.505,492.13,431.726],"Rotation":0},{"Text":"s","TextBB":[499.167,420.117,499.236,420.337],"Rotation":0},{"Text":"t","TextBB":[495.139,431.505,495.177,431.726],"Rotation":0},{"Text":"t","TextBB":[503.75,420.117,503.789,420.337],"Rotation":0},{"Text":"y","TextBB":[497.639,431.505,497.708,431.726],"Rotation":0}],"Mention":["Proof. In this simulation proof, we give an algorithm for a player G in the ideal model. This player\ncommunicates with the malicious players Γ, pretending to be one or more honest players in such\na fashion that Γ cannot distinguish that he is not in the real world. We assume that all malicious\nplayers can collude. The trusted third party takes the input from G and the honest parties, and\ngives both G and the honest parties the intersection set. G then communicates with the malicious\nplayers Γ, so they also learn the intersection set. A graphical representation of these players is\ngiven in Figure 10\nWe give a sketch of how the player G operates (note that G can prevaricate when opening\ncommitments, as we use an equivocal commitment scheme, and can extract plaintext from proofs\nof plaintext knowledge):\n","Proof. In this simulation proof, we give an algorithm for a player G in the ideal model. This player\ncommunicates with the malicious players Γ, pretending to be one or more honest players in such\na fashion that Γ cannot distinguish that he is not in the real world. We assume that all malicious\nplayers can collude. The trusted third party takes the input from G and the honest parties, and\ngives both G and the honest parties the intersection set. G then communicates with the malicious\nplayers Γ, so they also learn the intersection set. A graphical representation of these players is\ngiven in Figure 10.\nWe give a sketch of how the player G operates (note that G can prevaricate when opening\ncommitments, as we use an equivocal commitment scheme, and can extract plaintext from proofs\nof plaintext knowledge):\n"],"Page":34,"Number":10,"Type":"Figure","CaptionBB":[98,504,750,559],"Height":1100,"Width":850,"DPI":100,"ImageBB":[238,98,612,481]}