{"Caption":"Figure 2: Automatically Generated Jess rule for the arrow definition in the left box of Figure 1. ","ImageText":[{"Text":"(defrule","TextBB":[75,75.1113,114.983,81.6368],"Rotation":0},{"Text":"ArrowCheck","TextBB":[119.817,75.1113,169.796,81.6368],"Rotation":0},{"Text":";;","TextBB":[85,84.7779,94.9958,91.3034],"Rotation":0},{"Text":"get","TextBB":[99.8292,84.7779,114.823,91.3034],"Rotation":0},{"Text":"three","TextBB":[119.823,84.7779,144.813,91.3034],"Rotation":0},{"Text":"lines","TextBB":[149.646,84.7779,174.635,91.3034],"Rotation":0},{"Text":"?f0","TextBB":[85.0001,94.4445,99.9939,100.97],"Rotation":0},{"Text":"$<$-","TextBB":[104.827,94.4445,124.819,100.97],"Rotation":0},{"Text":"(Subshapes","TextBB":[129.819,94.4445,179.798,100.97],"Rotation":0},{"Text":"Line","TextBB":[184.631,94.4445,204.623,100.97],"Rotation":0},{"Text":"?shaft","TextBB":[209.456,94.4445,239.444,100.97],"Rotation":0},{"Text":"\\$?shaft_list)","TextBB":[244.277,94.4445,314.248,100.97],"Rotation":0},{"Text":"?f1","TextBB":[85.0008,104.111,99.9946,110.637],"Rotation":0},{"Text":"$<$-","TextBB":[104.828,104.111,124.82,110.637],"Rotation":0},{"Text":"(Subshapes","TextBB":[129.82,104.111,179.799,110.637],"Rotation":0},{"Text":"Line","TextBB":[184.632,104.111,204.624,110.637],"Rotation":0},{"Text":"?head1","TextBB":[209.457,104.111,239.445,110.637],"Rotation":0},{"Text":"\\$?head1_list)","TextBB":[244.278,104.111,314.249,110.637],"Rotation":0},{"Text":"?f2","TextBB":[85.0015,113.778,99.9953,120.303],"Rotation":0},{"Text":"$<$-","TextBB":[104.829,113.778,124.82,120.303],"Rotation":0},{"Text":"(Subshapes","TextBB":[129.82,113.778,179.799,120.303],"Rotation":0},{"Text":"Line","TextBB":[184.633,113.778,204.624,120.303],"Rotation":0},{"Text":"?head2","TextBB":[209.458,113.778,239.445,120.303],"Rotation":0},{"Text":"\\$?head2_list)","TextBB":[244.279,113.778,314.25,120.303],"Rotation":0},{"Text":";;","TextBB":[85.0022,123.445,94.9981,129.97],"Rotation":0},{"Text":"make","TextBB":[99.8314,123.445,119.823,129.97],"Rotation":0},{"Text":"sure","TextBB":[124.823,123.445,144.815,129.97],"Rotation":0},{"Text":"lines","TextBB":[149.648,123.445,174.638,129.97],"Rotation":0},{"Text":"are","TextBB":[179.638,123.445,194.631,129.97],"Rotation":0},{"Text":"unique","TextBB":[199.465,123.445,229.452,129.97],"Rotation":0},{"Text":"(test","TextBB":[85.0024,133.111,109.992,139.637],"Rotation":0},{"Text":"(uniquefields","TextBB":[114.825,133.111,179.798,139.637],"Rotation":0},{"Text":"\\$?shaft_list","TextBB":[184.632,133.111,249.605,139.637],"Rotation":0},{"Text":"\\$?head1_list))","TextBB":[254.271,133.111,329.24,139.637],"Rotation":0},{"Text":"(test","TextBB":[85.0018,142.778,109.991,149.303],"Rotation":0},{"Text":"(uniquefields","TextBB":[114.825,142.778,179.798,149.303],"Rotation":0},{"Text":"\\$?shaft_list","TextBB":[184.631,142.778,249.604,149.303],"Rotation":0},{"Text":"\\$?head2_list))","TextBB":[254.271,142.778,329.24,149.303],"Rotation":0},{"Text":"(test","TextBB":[85.0013,152.445,109.991,158.97],"Rotation":0},{"Text":"(uniquefields","TextBB":[114.824,152.445,179.797,158.97],"Rotation":0},{"Text":"\\$?head1_list","TextBB":[184.63,152.445,249.603,158.97],"Rotation":0},{"Text":"\\$?head2_list))","TextBB":[254.27,152.445,329.239,158.97],"Rotation":0},{"Text":";;","TextBB":[85.0007,162.278,94.9965,168.803],"Rotation":0},{"Text":"get","TextBB":[99.8299,162.278,114.824,168.803],"Rotation":0},{"Text":"accessible","TextBB":[119.824,162.278,169.803,168.803],"Rotation":0},{"Text":"components","TextBB":[174.636,162.278,224.615,168.803],"Rotation":0},{"Text":"of","TextBB":[229.449,162.278,239.444,168.803],"Rotation":0},{"Text":"each","TextBB":[244.278,162.278,264.269,168.803],"Rotation":0},{"Text":"line","TextBB":[269.269,162.278,289.261,168.803],"Rotation":0},{"Text":"(Line","TextBB":[85.0014,171.944,109.991,178.47],"Rotation":0},{"Text":"?shaft","TextBB":[114.824,171.944,144.812,178.47],"Rotation":0},{"Text":"?shaft_p1","TextBB":[149.645,171.944,194.626,178.47],"Rotation":0},{"Text":"?shaft_p2","TextBB":[199.46,171.944,244.441,178.47],"Rotation":0},{"Text":"?shaft_midpoint","TextBB":[249.274,171.944,324.243,178.47],"Rotation":0},{"Text":"?shaft_length)","TextBB":[328.91,171.944,398.881,178.47],"Rotation":0},{"Text":"(Line","TextBB":[85.0014,181.611,109.991,188.137],"Rotation":0},{"Text":"?head1","TextBB":[114.824,181.611,144.812,188.137],"Rotation":0},{"Text":"?head1_p1","TextBB":[149.645,181.611,194.626,188.137],"Rotation":0},{"Text":"?head1_p2","TextBB":[199.46,181.611,244.441,188.137],"Rotation":0},{"Text":"?head1_midpoint","TextBB":[249.274,181.611,324.243,188.137],"Rotation":0},{"Text":"?head1_length)","TextBB":[328.91,181.611,398.881,188.137],"Rotation":0},{"Text":"(Line","TextBB":[85.0014,191.278,109.991,197.803],"Rotation":0},{"Text":"?head2","TextBB":[114.824,191.278,144.812,197.803],"Rotation":0},{"Text":"?head2_p1","TextBB":[149.645,191.278,194.626,197.803],"Rotation":0},{"Text":"?head2_p2","TextBB":[199.46,191.278,244.441,197.803],"Rotation":0},{"Text":"?head2_midpoint","TextBB":[249.274,191.278,324.243,197.803],"Rotation":0},{"Text":"?head2_length)","TextBB":[328.91,191.278,398.881,197.803],"Rotation":0},{"Text":";;","TextBB":[85.0014,200.945,94.9972,207.47],"Rotation":0},{"Text":"test","TextBB":[99.8306,200.945,119.822,207.47],"Rotation":0},{"Text":"constraints","TextBB":[124.822,200.945,179.799,207.47],"Rotation":0},{"Text":"(test","TextBB":[85.0014,210.611,109.991,217.137],"Rotation":0},{"Text":"(coincident","TextBB":[114.824,210.611,169.801,217.137],"Rotation":0},{"Text":"?head1_p1","TextBB":[174.635,210.611,219.616,217.137],"Rotation":0},{"Text":"?shaft_p1))","TextBB":[224.449,210.611,279.426,217.137],"Rotation":0},{"Text":"(test","TextBB":[85.0007,220.278,109.99,226.803],"Rotation":0},{"Text":"(coincident","TextBB":[114.824,220.278,169.801,226.803],"Rotation":0},{"Text":"?head2_p1","TextBB":[174.634,220.278,219.615,226.803],"Rotation":0},{"Text":"?shaft_p1))","TextBB":[224.449,220.278,279.426,226.803],"Rotation":0},{"Text":"(test","TextBB":[85,229.944,109.99,236.47],"Rotation":0},{"Text":"(equalLength","TextBB":[114.823,229.944,174.798,236.47],"Rotation":0},{"Text":"?head1","TextBB":[179.631,229.944,209.619,236.47],"Rotation":0},{"Text":"?head2))","TextBB":[214.452,229.944,254.435,236.47],"Rotation":0},{"Text":"(test","TextBB":[85,239.611,109.99,246.137],"Rotation":0},{"Text":"(acuteMeet","TextBB":[114.823,239.611,164.802,246.137],"Rotation":0},{"Text":"?head1","TextBB":[169.635,239.611,199.623,246.137],"Rotation":0},{"Text":"?shaft))","TextBB":[204.456,239.611,244.44,246.137],"Rotation":0},{"Text":"(test","TextBB":[85,249.444,109.99,255.97],"Rotation":0},{"Text":"(acuteMeet","TextBB":[114.823,249.444,164.802,255.97],"Rotation":0},{"Text":"?shaft","TextBB":[169.635,249.444,199.623,255.97],"Rotation":0},{"Text":"?head2))","TextBB":[204.456,249.444,244.44,255.97],"Rotation":0},{"Text":";;deleted","TextBB":[85,259.111,129.981,265.637],"Rotation":0},{"Text":"code:","TextBB":[134.815,259.111,159.804,265.637],"Rotation":0},{"Text":"get","TextBB":[164.638,259.111,179.631,265.637],"Rotation":0},{"Text":"line","TextBB":[184.631,259.111,204.623,265.637],"Rotation":0},{"Text":"with","TextBB":[209.456,259.111,229.448,265.637],"Rotation":0},{"Text":"endpoints","TextBB":[234.281,259.111,279.263,265.637],"Rotation":0},{"Text":"swapped","TextBB":[284.096,259.111,319.081,265.637],"Rotation":0},{"Text":"=>","TextBB":[75,278.444,84.9958,284.97],"Rotation":0},{"Text":";;","TextBB":[94.9958,278.444,104.992,284.97],"Rotation":0},{"Text":"FOUND","TextBB":[109.825,278.444,134.815,284.97],"Rotation":0},{"Text":"ARROW","TextBB":[139.815,278.444,164.804,284.97],"Rotation":0},{"Text":"(ACTION","TextBB":[169.638,278.444,204.623,284.97],"Rotation":0},{"Text":"TO","TextBB":[209.456,278.444,219.452,284.97],"Rotation":0},{"Text":"BE","TextBB":[224.452,278.444,234.448,284.97],"Rotation":0},{"Text":"PERFORMED)","TextBB":[239.281,278.444,289.26,284.97],"Rotation":0},{"Text":";;","TextBB":[85.0007,288.111,94.9965,294.637],"Rotation":0},{"Text":"set","TextBB":[99.8299,288.111,114.824,294.637],"Rotation":0},{"Text":"aliases","TextBB":[119.824,288.111,154.809,294.637],"Rotation":0},{"Text":"(bind","TextBB":[85.0007,297.778,109.99,304.303],"Rotation":0},{"Text":"?head","TextBB":[114.824,297.778,139.813,304.303],"Rotation":0},{"Text":"?shaft_p1)","TextBB":[144.647,297.778,194.626,304.303],"Rotation":0},{"Text":"(bind","TextBB":[85.0007,307.444,109.99,313.97],"Rotation":0},{"Text":"?tail","TextBB":[114.824,307.444,139.813,313.97],"Rotation":0},{"Text":"?shaft_p2)","TextBB":[144.647,307.444,194.626,313.97],"Rotation":0},{"Text":";;","TextBB":[85.0007,317.111,94.9965,323.637],"Rotation":0},{"Text":"add","TextBB":[99.8299,317.111,114.824,323.637],"Rotation":0},{"Text":"arrow","TextBB":[119.824,317.111,144.813,323.637],"Rotation":0},{"Text":"to","TextBB":[149.647,317.111,159.642,323.637],"Rotation":0},{"Text":"sketch","TextBB":[164.642,317.111,194.63,323.637],"Rotation":0},{"Text":"recognition","TextBB":[199.463,317.111,254.44,323.637],"Rotation":0},{"Text":"system","TextBB":[259.274,317.111,289.261,323.637],"Rotation":0},{"Text":"to","TextBB":[294.094,317.111,304.09,323.637],"Rotation":0},{"Text":"be","TextBB":[309.09,317.111,319.086,323.637],"Rotation":0},{"Text":"displayed","TextBB":[323.919,317.111,368.901,323.637],"Rotation":0},{"Text":"properly","TextBB":[373.734,317.111,413.717,323.637],"Rotation":0},{"Text":"(bind","TextBB":[85.0007,326.944,109.99,333.47],"Rotation":0},{"Text":"?nextnum","TextBB":[114.824,326.944,154.807,333.47],"Rotation":0},{"Text":"(addshape","TextBB":[159.64,326.944,204.622,333.47],"Rotation":0},{"Text":"Arrow","TextBB":[209.455,326.944,234.444,333.47],"Rotation":0},{"Text":"?shaft","TextBB":[239.278,326.944,269.265,333.47],"Rotation":0},{"Text":"?head1","TextBB":[274.265,326.944,304.253,333.47],"Rotation":0},{"Text":"?head2","TextBB":[309.086,326.944,339.074,333.47],"Rotation":0},{"Text":"?head","TextBB":[343.907,326.944,368.897,333.47],"Rotation":0},{"Text":"?tail))","TextBB":[373.73,326.944,408.715,333.47],"Rotation":0},{"Text":";;","TextBB":[85.0007,336.611,94.9965,343.137],"Rotation":0},{"Text":"add","TextBB":[99.8299,336.611,114.824,343.137],"Rotation":0},{"Text":"arrow","TextBB":[119.824,336.611,144.813,343.137],"Rotation":0},{"Text":"to","TextBB":[149.647,336.611,159.642,343.137],"Rotation":0},{"Text":"Jess","TextBB":[164.642,336.611,184.634,343.137],"Rotation":0},{"Text":"fact","TextBB":[189.467,336.611,209.459,343.137],"Rotation":0},{"Text":"database","TextBB":[214.459,336.611,254.442,343.137],"Rotation":0},{"Text":"(assert","TextBB":[85.0008,346.278,119.986,352.803],"Rotation":0},{"Text":"(Arrow","TextBB":[124.82,346.278,154.807,352.803],"Rotation":0},{"Text":"?nextnum","TextBB":[159.64,346.278,199.624,352.803],"Rotation":0},{"Text":"?shaft","TextBB":[209.457,346.278,239.445,352.803],"Rotation":0},{"Text":"?head1","TextBB":[244.278,346.278,274.265,352.803],"Rotation":0},{"Text":"?head2","TextBB":[279.099,346.278,309.086,352.803],"Rotation":0},{"Text":"?head","TextBB":[314.086,346.278,339.076,352.803],"Rotation":0},{"Text":"?tail))","TextBB":[343.909,346.278,378.895,352.803],"Rotation":0},{"Text":"(assert","TextBB":[85.0008,355.944,119.986,362.47],"Rotation":0},{"Text":"(Subshapes","TextBB":[124.82,355.944,174.799,362.47],"Rotation":0},{"Text":"Arrow","TextBB":[179.632,355.944,204.622,362.47],"Rotation":0},{"Text":"?nextnum","TextBB":[209.455,355.944,249.438,362.47],"Rotation":0},{"Text":"(union\\$","TextBB":[254.272,355.944,294.255,362.47],"Rotation":0},{"Text":"\\$?shaft_list","TextBB":[299.088,355.944,364.061,362.47],"Rotation":0},{"Text":"\\$?head1_list","TextBB":[129.834,365.611,194.807,372.137],"Rotation":0},{"Text":"\\$?head2_list)))","TextBB":[199.474,365.611,279.441,372.137],"Rotation":0},{"Text":"(assert","TextBB":[85.001,375.278,119.986,381.803],"Rotation":0},{"Text":"(DomainShape","TextBB":[124.82,375.278,184.795,381.803],"Rotation":0},{"Text":"Arrow","TextBB":[189.461,375.278,214.451,381.803],"Rotation":0},{"Text":"?nextnum","TextBB":[219.451,375.278,259.434,381.803],"Rotation":0},{"Text":"(time)))","TextBB":[264.268,375.278,304.251,381.803],"Rotation":0},{"Text":";;","TextBB":[85.001,384.944,94.9968,391.47],"Rotation":0},{"Text":"remove","TextBB":[99.8301,384.944,129.818,391.47],"Rotation":0},{"Text":"Lines","TextBB":[134.818,384.944,159.807,391.47],"Rotation":0},{"Text":"from","TextBB":[164.641,384.944,184.632,391.47],"Rotation":0},{"Text":"Jess","TextBB":[189.466,384.944,209.457,391.47],"Rotation":0},{"Text":"fact","TextBB":[214.457,384.944,234.449,391.47],"Rotation":0},{"Text":"database","TextBB":[239.282,384.944,279.266,391.47],"Rotation":0},{"Text":"for","TextBB":[284.099,384.944,299.093,391.47],"Rotation":0},{"Text":"efficiency","TextBB":[304.093,384.944,354.072,391.47],"Rotation":0},{"Text":"(retract","TextBB":[85.001,394.611,124.984,401.137],"Rotation":0},{"Text":"?f0)","TextBB":[129.818,394.611,149.809,401.137],"Rotation":0},{"Text":"(assert","TextBB":[154.643,394.611,189.628,401.137],"Rotation":0},{"Text":"(CompleteSubshapes","TextBB":[194.461,394.611,284.424,401.137],"Rotation":0},{"Text":"Line","TextBB":[289.091,394.611,309.082,401.137],"Rotation":0},{"Text":"?shaft","TextBB":[314.082,394.611,344.07,401.137],"Rotation":0},{"Text":"\\$?shaft_list))","TextBB":[348.903,394.611,423.872,401.137],"Rotation":0},{"Text":"(retract","TextBB":[85.0004,404.278,124.984,410.803],"Rotation":0},{"Text":"?f1)","TextBB":[129.817,404.278,149.809,410.803],"Rotation":0},{"Text":"(assert","TextBB":[154.642,404.278,189.628,410.803],"Rotation":0},{"Text":"(CompleteSubshapes","TextBB":[194.461,404.278,284.423,410.803],"Rotation":0},{"Text":"Line","TextBB":[289.09,404.278,309.082,410.803],"Rotation":0},{"Text":"?head1","TextBB":[314.082,404.278,344.069,410.803],"Rotation":0},{"Text":"\\$?head1_list))","TextBB":[348.903,404.278,423.871,410.803],"Rotation":0},{"Text":"(retract","TextBB":[84.9999,414.111,124.983,420.637],"Rotation":0},{"Text":"?f2)","TextBB":[129.817,414.111,149.808,420.637],"Rotation":0},{"Text":"(assert","TextBB":[154.642,414.111,189.627,420.637],"Rotation":0},{"Text":"(CompleteSubshapes","TextBB":[194.46,414.111,284.423,420.637],"Rotation":0},{"Text":"Line","TextBB":[289.09,414.111,309.081,420.637],"Rotation":0},{"Text":"?head2","TextBB":[314.081,414.111,344.069,420.637],"Rotation":0},{"Text":"\\$?head2_list))","TextBB":[348.902,414.111,423.871,420.637],"Rotation":0},{"Text":";;deleted","TextBB":[84.9993,423.778,129.981,430.303],"Rotation":0},{"Text":"code:","TextBB":[134.814,423.778,159.803,430.303],"Rotation":0},{"Text":"retract","TextBB":[164.637,423.778,199.622,430.303],"Rotation":0},{"Text":"line","TextBB":[204.456,423.778,224.447,430.303],"Rotation":0},{"Text":"with","TextBB":[229.447,423.778,249.439,430.303],"Rotation":0},{"Text":"endpoints","TextBB":[254.272,423.778,299.254,430.303],"Rotation":0},{"Text":"swapped","TextBB":[304.087,423.778,339.072,430.303],"Rotation":0},{"Text":")","TextBB":[74.9993,433.444,79.9972,439.97],"Rotation":0}],"Mention":["straints that must hold between the components.4 An ex-\nample of the rule generated for the arrow given in the left\nbox in Figure1 is shown in Figure 2. The translation process\nis straightforward because of the foundation of primitives\nbuilt into the domain independent system. The rule engine\nsearches for all possible subsets of facts for the collection\nspecified in its premise. In the case of Figure 1, the rule en-\ngine searches for three lines to make up the shaft, head1,\nand head2. The rule engine then tests whether the constraints\nhold for each subset. Then, for each collection of three lines\nlabelled shaft, head1, and head2, the Jess engine will check\nthat head1.p1 and shaft.p1 are coincident. Each LADDER\nconstraint is defined as a Jess function to simplify transfor-\n"],"Page":4,"Number":2,"Type":"Figure","CaptionBB":[73,456,406,486],"Height":1100,"Width":850,"DPI":100,"ImageBB":[73,72,424,441]}