{"Caption":"Figure 5: A bug from Linux 2.4.23. Since arg is a user pointer, an attacker could easily exploit this bug to gain root privileges or crash the system. ","ImageText":[{"Text":"1:","TextBB":[100,98.8971,114.598,111.669],"Rotation":0},{"Text":"2:","TextBB":[100,115.397,114.598,128.168],"Rotation":0},{"Text":"3:","TextBB":[100,132.063,114.598,144.835],"Rotation":0},{"Text":"4:","TextBB":[100,148.73,114.598,161.502],"Rotation":0},{"Text":"5:","TextBB":[100,165.23,114.598,178.002],"Rotation":0},{"Text":"6:","TextBB":[100,181.897,114.598,194.668],"Rotation":0},{"Text":"7:","TextBB":[100,198.397,114.598,211.169],"Rotation":0},{"Text":"8:","TextBB":[100,215.064,114.598,227.835],"Rotation":0},{"Text":"9:","TextBB":[100,231.73,114.598,244.502],"Rotation":0},{"Text":"static","TextBB":[121.833,98.8971,165.764,111.669],"Rotation":0},{"Text":"int","TextBB":[172.665,98.8971,194.597,111.669],"Rotation":0},{"Text":"w9968cf_do_ioctl(struct","TextBB":[121.833,115.397,289.93,128.168],"Rotation":0},{"Text":"w9968cf_device*","TextBB":[296.165,115.397,406.096,128.168],"Rotation":0},{"Text":"cam,","TextBB":[412.331,115.397,441.595,128.168],"Rotation":0},{"Text":"unsigned","TextBB":[448.664,115.397,507.262,128.168],"Rotation":0},{"Text":"cmd,","TextBB":[513.996,115.397,543.261,128.168],"Rotation":0},{"Text":"void*","TextBB":[550.329,115.397,586.927,128.168],"Rotation":0},{"Text":"arg)","TextBB":[593.995,115.397,623.26,128.168],"Rotation":0},{"Text":"{","TextBB":[121.833,132.063,129.097,144.835],"Rotation":0},{"Text":"...","TextBB":[121.833,148.73,143.764,161.502],"Rotation":0},{"Text":"case","TextBB":[158.166,165.23,187.431,178.002],"Rotation":0},{"Text":"VIDIOCGFBUF:","TextBB":[194.499,165.23,282.43,178.002],"Rotation":0},{"Text":"{","TextBB":[158.166,181.897,165.431,194.668],"Rotation":0},{"Text":"struct","TextBB":[216.166,198.397,260.097,211.169],"Rotation":0},{"Text":"video_buffer*","TextBB":[266.999,198.397,362.263,211.169],"Rotation":0},{"Text":"buffer","TextBB":[368.831,198.397,412.762,211.169],"Rotation":0},{"Text":"=","TextBB":[419.664,198.397,426.928,211.169],"Rotation":0},{"Text":"(struct","TextBB":[434.163,198.397,485.428,211.169],"Rotation":0},{"Text":"video_buffer*)arg;","TextBB":[492.329,198.397,624.094,211.169],"Rotation":0},{"Text":"memset(buffer,","TextBB":[216.166,231.73,318.764,244.502],"Rotation":0},{"Text":"0,","TextBB":[325.165,231.73,339.763,244.502],"Rotation":0},{"Text":"sizeof(struct","TextBB":[346.998,231.73,442.262,244.502],"Rotation":0},{"Text":"video_buffer));","TextBB":[448.664,231.73,558.595,244.502],"Rotation":0}],"Mention":["When we performed the same experiment on Linux\n2.4.23, CQUAL generated 264 unique warnings in 155\nfiles. Six warnings were real bugs, and 258 were false\npositives. We have confirmed 4 of the bugs with kernel\ndevelopers. Figure 5 shows a simple user\/kernel bug that\nan adversary could easily exploit to gain root privileges\nor crash the system.\n"],"Page":13,"Number":5,"Type":"Figure","CaptionBB":[98,274,745,305],"Height":1100,"Width":850,"DPI":100,"ImageBB":[98,97,624,245]}