{"Caption":"Figure 3. C-JDBC horizontal scalability","ImageText":[{"Text":"Java","TextBB":[75.6115,198.47,93.7001,206.382],"Rotation":0},{"Text":"client","TextBB":[95.9445,198.47,115.822,206.382],"Rotation":0},{"Text":"program","TextBB":[80.1114,208.97,111.571,216.882],"Rotation":0},{"Text":"Java","TextBB":[170.278,217.803,188.367,225.715],"Rotation":0},{"Text":"client","TextBB":[190.611,217.803,210.488,225.715],"Rotation":0},{"Text":"program","TextBB":[174.778,228.303,206.237,236.215],"Rotation":0},{"Text":"C-JDBC","TextBB":[76.6115,227.189,112.406,235.892],"Rotation":0},{"Text":"driver","TextBB":[82.9447,238.689,108.768,247.392],"Rotation":0},{"Text":"C-JDBC","TextBB":[171.445,245.522,207.075,254.225],"Rotation":0},{"Text":"driver","TextBB":[177.611,257.189,203.438,265.892],"Rotation":0},{"Text":"JVM","TextBB":[86.9449,255.636,104.57,263.548],"Rotation":0},{"Text":"Java","TextBB":[259.945,210.136,277.882,218.048],"Rotation":0},{"Text":"client","TextBB":[280.28,210.136,300.151,218.048],"Rotation":0},{"Text":"program","TextBB":[264.445,220.637,295.904,228.548],"Rotation":0},{"Text":"Java","TextBB":[341.112,206.47,359.2,214.382],"Rotation":0},{"Text":"client","TextBB":[361.445,206.47,381.322,214.382],"Rotation":0},{"Text":"program","TextBB":[345.611,216.97,377.071,224.882],"Rotation":0},{"Text":"C-JDBC","TextBB":[260.945,237.856,296.575,246.559],"Rotation":0},{"Text":"driver","TextBB":[267.111,249.356,293.104,258.059],"Rotation":0},{"Text":"C-JDBC","TextBB":[342.278,234.522,377.909,243.225],"Rotation":0},{"Text":"driver","TextBB":[348.445,246.023,374.271,254.726],"Rotation":0},{"Text":"JVM","TextBB":[271.278,264.97,288.903,272.882],"Rotation":0},{"Text":"JVM","TextBB":[352.445,262.136,370.07,270.048],"Rotation":0},{"Text":"JVM","TextBB":[181.612,273.303,199.237,281.215],"Rotation":0},{"Text":"JGroups","TextBB":[210.778,327.307,257.893,337.79],"Rotation":0},{"Text":"C-JDBC","TextBB":[88.4449,336.307,131.015,346.79],"Rotation":0},{"Text":"Controller","TextBB":[134.166,336.307,188.163,346.79],"Rotation":0},{"Text":"MySQL","TextBB":[94.2782,371.136,123.504,379.048],"Rotation":0},{"Text":"PostgreSQL","TextBB":[140.778,371.136,190.005,379.048],"Rotation":0},{"Text":"JDBC","TextBB":[85.4452,381.803,108.797,389.715],"Rotation":0},{"Text":"driver","TextBB":[111.121,381.803,134.445,389.715],"Rotation":0},{"Text":"JDBC","TextBB":[142.112,381.803,165.463,389.715],"Rotation":0},{"Text":"driver","TextBB":[167.788,381.803,191.111,389.715],"Rotation":0},{"Text":"MySQL","TextBB":[94.4449,473.522,126.526,482.225],"Rotation":0},{"Text":"C-JDBC","TextBB":[275.945,336.974,318.515,347.457],"Rotation":0},{"Text":"Controller","TextBB":[321.666,336.974,375.663,347.457],"Rotation":0},{"Text":"PostgreSQL","TextBB":[271.612,371.136,321.005,379.048],"Rotation":0},{"Text":"MySQL","TextBB":[338.278,371.136,367.671,379.048],"Rotation":0},{"Text":"JDBC","TextBB":[272.945,381.803,296.296,389.715],"Rotation":0},{"Text":"driver","TextBB":[298.621,381.803,321.944,389.715],"Rotation":0},{"Text":"JDBC","TextBB":[329.611,381.803,352.963,389.715],"Rotation":0},{"Text":"driver","TextBB":[355.287,381.803,378.611,389.715],"Rotation":0},{"Text":"PostgreSQL","TextBB":[139.612,473.522,193.361,482.225],"Rotation":0},{"Text":"PostgreSQL","TextBB":[270.445,473.522,324.194,482.225],"Rotation":0},{"Text":"MySQL","TextBB":[337.945,473.522,370.026,482.225],"Rotation":0}],"Mention":["Horizontal scalability prevents the C-JDBC controller \nfrom becoming a single point of failure. We use the JGroups \n[2] group communication library to synchronize the schedul-\ners of the virtual databases that are distributed over several \ncontrollers. Figure 3 gives an overview of the C-JDBC con-\ntroller horizontal scalability. \nWhen a virtual database is loaded in a controller, a group \nname can be assigned to the virtual database. This group \nname is used to communicate with other controllers hosting \nthe same virtual database. At initialization time, the control-\nlers exchange their respective backend configurations. If a \n"],"Page":5,"Number":3,"Type":"Figure","CaptionBB":[120,499,352,513],"Height":1169,"Width":826,"DPI":100,"ImageBB":[70,193,404,485]}