{"Caption":"Figure 1: Given hash and S, find match finds an ordering Π on S and a matching τ on S that respects","ImageText":[{"Text":"find","TextBB":[105.5,66.7872,134.143,76.9989],"Rotation":0},{"Text":"match","TextBB":[139.643,66.7872,182.285,76.9989],"Rotation":0},{"Text":"(hash","TextBB":[184.952,66.3167,222.09,80.1537],"Rotation":0},{"Text":",","TextBB":[224.59,66.3167,228.423,80.1537],"Rotation":0},{"Text":"S)[m,","TextBB":[230.756,66.3167,265.241,80.1537],"Rotation":0},{"Text":"k]","TextBB":[267.574,66.3167,279.061,80.1537],"Rotation":0},{"Text":"Find","TextBB":[600.561,66.3167,628.72,80.1537],"Rotation":0},{"Text":"(Π,","TextBB":[633.386,66.3167,652.869,80.1537],"Rotation":0},{"Text":"τ","TextBB":[655.202,68.1066,663.69,76.9136],"Rotation":0},{"Text":")","TextBB":[665.857,66.3167,671.184,80.1537],"Rotation":0},{"Text":"for","TextBB":[675.851,66.3167,692.497,80.1537],"Rotation":0},{"Text":"S,","TextBB":[696.997,66.3167,709.325,80.1537],"Rotation":0},{"Text":"hash","TextBB":[711.659,66.7872,743.47,76.9989],"Rotation":0},{"Text":"1.","TextBB":[117.002,92.0085,129.497,104.476],"Rotation":0},{"Text":"E","TextBB":[138.663,91.3167,148.819,105.154],"Rotation":0},{"Text":"=","TextBB":[153.486,91.3167,164.307,105.154],"Rotation":0},{"Text":"∅;Π","TextBB":[168.14,91.0123,189.283,114.978],"Rotation":0},{"Text":"=","TextBB":[193.116,91.3167,203.937,105.154],"Rotation":0},{"Text":"∅","TextBB":[207.604,91.0123,214.591,114.978],"Rotation":0},{"Text":"For","TextBB":[138.669,108.509,161.813,120.976],"Rotation":0},{"Text":"t","TextBB":[170.146,107.817,175.141,121.654],"Rotation":0},{"Text":"i","TextBB":[175.168,112.93,178.994,122.616],"Rotation":0},{"Text":"∈","TextBB":[183.668,107.512,192.829,131.478],"Rotation":0},{"Text":"S","TextBB":[196.662,107.817,205.158,121.654],"Rotation":0},{"Text":"If","TextBB":[151.169,125.175,161.989,137.642],"Rotation":0},{"Text":"tweak","TextBB":[170.322,124.954,214.974,135.166],"Rotation":0},{"Text":"(t","TextBB":[217.641,124.483,227.963,138.32],"Rotation":0},{"Text":"i","TextBB":[228.002,129.597,231.828,139.283],"Rotation":0},{"Text":",","TextBB":[232.668,124.483,236.501,138.32],"Rotation":0},{"Text":"S,","TextBB":[238.835,124.483,251.163,138.32],"Rotation":0},{"Text":"hash","TextBB":[253.497,124.954,285.308,135.166],"Rotation":0},{"Text":")","TextBB":[287.808,124.483,293.135,138.32],"Rotation":0},{"Text":"is","TextBB":[297.802,124.483,307.128,138.32],"Rotation":0},{"Text":"defined","TextBB":[311.628,124.483,354.606,138.32],"Rotation":0},{"Text":"ι","TextBB":[163.668,141.15,168.497,154.987],"Rotation":0},{"Text":"i","TextBB":[168.502,146.263,172.327,155.949],"Rotation":0},{"Text":"=","TextBB":[177.002,141.15,187.822,154.987],"Rotation":0},{"Text":"tweak","TextBB":[191.489,141.62,236.141,151.832],"Rotation":0},{"Text":"(t","TextBB":[238.807,141.15,249.13,154.987],"Rotation":0},{"Text":"i","TextBB":[249.168,146.263,252.994,155.949],"Rotation":0},{"Text":",","TextBB":[253.835,141.15,257.668,154.987],"Rotation":0},{"Text":"S,","TextBB":[260.001,141.15,272.33,154.987],"Rotation":0},{"Text":"hash","TextBB":[274.663,141.62,306.474,151.832],"Rotation":0},{"Text":")","TextBB":[308.974,141.15,314.302,154.987],"Rotation":0},{"Text":"E","TextBB":[163.669,174.317,173.825,188.154],"Rotation":0},{"Text":"=","TextBB":[178.492,174.317,189.312,188.154],"Rotation":0},{"Text":"E","TextBB":[192.979,174.317,203.135,188.154],"Rotation":0},{"Text":"+","TextBB":[207.135,174.317,217.956,188.154],"Rotation":0},{"Text":"t","TextBB":[220.956,174.317,225.951,188.154],"Rotation":0},{"Text":"i","TextBB":[226.002,179.43,229.828,189.116],"Rotation":0},{"Text":"If","TextBB":[138.669,188.842,149.489,201.309],"Rotation":0},{"Text":"E","TextBB":[157.823,188.15,167.979,201.987],"Rotation":0},{"Text":"=","TextBB":[172.646,188.15,183.466,201.987],"Rotation":0},{"Text":"∅","TextBB":[187.3,187.846,194.287,211.811],"Rotation":0},{"Text":"Return","TextBB":[207.121,188.842,256.74,201.309],"Rotation":0},{"Text":"(failure)","TextBB":[259.073,188.15,313.854,201.987],"Rotation":0},{"Text":"2.","TextBB":[117.002,212.342,129.497,224.809],"Rotation":0},{"Text":"H","TextBB":[138.663,211.65,150.162,225.487],"Rotation":0},{"Text":"=","TextBB":[155.162,211.65,165.982,225.487],"Rotation":0},{"Text":"S","TextBB":[169.815,211.65,178.311,225.487],"Rotation":0},{"Text":"\\","TextBB":[182.145,211.346,189.132,235.311],"Rotation":0},{"Text":"E","TextBB":[192.132,211.65,202.289,225.487],"Rotation":0},{"Text":"Recursively","TextBB":[138.668,228.317,207.921,242.154],"Rotation":0},{"Text":"compute","TextBB":[212.255,228.317,263.715,242.154],"Rotation":0},{"Text":"(Π","TextBB":[268.381,228.317,284.031,242.154],"Rotation":0},{"Text":",","TextBB":[288.168,228.317,292.001,242.154],"Rotation":0},{"Text":"τ","TextBB":[294.335,230.107,302.823,238.914],"Rotation":0},{"Text":")","TextBB":[308.835,228.317,314.162,242.154],"Rotation":0},{"Text":"=","TextBB":[318.162,228.317,328.983,242.154],"Rotation":0},{"Text":"find","TextBB":[332.65,228.787,361.292,238.999],"Rotation":0},{"Text":"match","TextBB":[366.957,228.787,409.599,238.999],"Rotation":0},{"Text":"(hash","TextBB":[412.099,228.317,449.237,242.154],"Rotation":0},{"Text":",","TextBB":[451.904,228.317,455.737,242.154],"Rotation":0},{"Text":"H)[m,","TextBB":[458.07,228.317,495.891,242.154],"Rotation":0},{"Text":"k].","TextBB":[498.224,228.317,513.544,242.154],"Rotation":0},{"Text":"If","TextBB":[138.667,245.509,149.487,257.976],"Rotation":0},{"Text":"find","TextBB":[157.821,245.287,186.463,255.499],"Rotation":0},{"Text":"match","TextBB":[192.129,245.287,234.771,255.499],"Rotation":0},{"Text":"(hash","TextBB":[237.271,244.817,274.409,258.654],"Rotation":0},{"Text":",H)[m,k]=failure","TextBB":[277.076,244.817,381.822,258.654],"Rotation":0},{"Text":"Return","TextBB":[394.655,245.509,444.275,257.976],"Rotation":0},{"Text":"(failure)","TextBB":[446.608,244.817,501.389,258.654],"Rotation":0},{"Text":"3.","TextBB":[116.999,269.009,129.494,281.476],"Rotation":0},{"Text":"Π","TextBB":[138.66,268.317,148.983,282.154],"Rotation":0},{"Text":"=","TextBB":[152.816,268.317,163.637,282.154],"Rotation":0},{"Text":"Π","TextBB":[167.47,268.317,177.792,282.154],"Rotation":0},{"Text":"For","TextBB":[138.666,285.675,161.81,298.142],"Rotation":0},{"Text":"t","TextBB":[170.143,284.983,175.138,298.82],"Rotation":0},{"Text":"i","TextBB":[175.166,290.097,178.992,299.783],"Rotation":0},{"Text":"∈","TextBB":[183.666,284.679,192.826,308.645],"Rotation":0},{"Text":"E","TextBB":[196.659,284.983,206.815,298.82],"Rotation":0},{"Text":"Add","TextBB":[151.166,301.65,176.82,315.487],"Rotation":0},{"Text":"t","TextBB":[181.486,301.65,186.481,315.487],"Rotation":0},{"Text":"i","TextBB":[186.499,306.763,190.325,316.449],"Rotation":0},{"Text":"to","TextBB":[195.666,301.65,207.981,315.487],"Rotation":0},{"Text":"the","TextBB":[212.647,301.65,231.798,315.487],"Rotation":0},{"Text":"end","TextBB":[236.464,301.65,257.953,315.487],"Rotation":0},{"Text":"of","TextBB":[262.62,301.65,273.772,315.487],"Rotation":0},{"Text":"Π","TextBB":[278.273,301.65,288.595,315.487],"Rotation":0},{"Text":"(ie,","TextBB":[293.262,301.65,312.412,315.487],"Rotation":0},{"Text":"make","TextBB":[317.079,301.65,348.709,315.487],"Rotation":0},{"Text":"t","TextBB":[353.209,301.65,358.204,315.487],"Rotation":0},{"Text":"i","TextBB":[358.332,306.763,362.158,316.449],"Rotation":0},{"Text":"be","TextBB":[367.499,301.65,381.656,315.487],"Rotation":0},{"Text":"the","TextBB":[386.322,301.65,405.473,315.487],"Rotation":0},{"Text":"largest","TextBB":[410.139,301.65,450.419,315.487],"Rotation":0},{"Text":"element","TextBB":[454.752,301.65,501.215,315.487],"Rotation":0},{"Text":"in","TextBB":[505.882,301.65,517.381,315.487],"Rotation":0},{"Text":"Π","TextBB":[522.047,301.65,532.37,315.487],"Rotation":0},{"Text":"thus","TextBB":[537.036,301.65,562.855,315.487],"Rotation":0},{"Text":"far)","TextBB":[567.355,301.65,589.328,315.487],"Rotation":0},{"Text":"Return","TextBB":[138.666,318.842,188.285,331.309],"Rotation":0},{"Text":"(Π,","TextBB":[190.619,318.15,210.101,331.987],"Rotation":0},{"Text":"τ","TextBB":[212.434,319.94,220.923,328.747],"Rotation":0},{"Text":"=","TextBB":[227.089,318.15,237.91,331.987],"Rotation":0},{"Text":"{ι","TextBB":[241.577,317.846,253.393,341.811],"Rotation":0},{"Text":"1","TextBB":[253.499,323.263,258.991,332.94],"Rotation":0},{"Text":",","TextBB":[259.666,318.15,263.499,331.987],"Rotation":0},{"Text":".","TextBB":[265.832,318.15,269.665,331.987],"Rotation":0},{"Text":".","TextBB":[271.998,318.15,275.831,331.987],"Rotation":0},{"Text":".","TextBB":[278.164,318.15,281.997,331.987],"Rotation":0},{"Text":",","TextBB":[284.331,318.15,288.163,331.987],"Rotation":0},{"Text":"ι","TextBB":[290.497,318.15,295.326,331.987],"Rotation":0},{"Text":"n","TextBB":[295.333,323.263,302.161,332.949],"Rotation":0},{"Text":"})","TextBB":[302.833,317.846,315.148,341.811],"Rotation":0},{"Text":"(where","TextBB":[138.666,334.817,179.458,348.654],"Rotation":0},{"Text":"ι","TextBB":[183.958,334.817,188.787,348.654],"Rotation":0},{"Text":"i","TextBB":[188.833,339.93,192.659,349.616],"Rotation":0},{"Text":"is","TextBB":[198.166,334.817,207.492,348.654],"Rotation":0},{"Text":"determined","TextBB":[212.159,334.817,279.78,348.654],"Rotation":0},{"Text":"for","TextBB":[284.28,334.817,300.926,348.654],"Rotation":0},{"Text":"t","TextBB":[305.426,334.817,310.421,348.654],"Rotation":0},{"Text":"i","TextBB":[310.499,339.93,314.325,349.616],"Rotation":0},{"Text":"∈","TextBB":[318.999,334.512,328.16,358.478],"Rotation":0},{"Text":"E,","TextBB":[332.16,334.817,346.982,348.654],"Rotation":0},{"Text":"in","TextBB":[351.483,334.817,362.981,348.654],"Rotation":0},{"Text":"Step","TextBB":[367.648,334.817,394.464,348.654],"Rotation":0},{"Text":"1,","TextBB":[399.13,334.817,409.951,348.654],"Rotation":0},{"Text":"and","TextBB":[414.618,334.817,436.937,348.654],"Rotation":0},{"Text":"for","TextBB":[441.437,334.817,458.083,348.654],"Rotation":0},{"Text":"t","TextBB":[462.583,334.817,467.578,348.654],"Rotation":0},{"Text":"i","TextBB":[467.667,339.93,471.493,349.616],"Rotation":0},{"Text":"∈","TextBB":[476.167,334.512,485.327,358.478],"Rotation":0},{"Text":"H","TextBB":[489.16,334.817,500.659,348.654],"Rotation":0},{"Text":"(via","TextBB":[506.492,334.817,529.959,348.654],"Rotation":0},{"Text":"τ","TextBB":[534.459,336.607,542.948,345.414],"Rotation":0},{"Text":")","TextBB":[549,334.817,554.327,348.654],"Rotation":0},{"Text":"in","TextBB":[558.994,334.817,570.492,348.654],"Rotation":0},{"Text":"Step","TextBB":[575.159,334.817,601.975,348.654],"Rotation":0},{"Text":"2.)","TextBB":[606.642,334.817,622.79,348.654],"Rotation":0}],"Mention":["of the elements within E can be arbitrary). Then we\nde\fne \u001C (t) to be the union of the matchings for H and\nE. It is immediate that \u001C respects \u0005 on S. We give\nthe algorithm in Figure 1. Note that it is not at all\nclear that our algorithm for find match will succeed.\nWe show that for m and k suitably large, and hash\nchosen at random, find match will succeed with high\nprobability.\n"],"Page":6,"Number":1,"Type":"Figure","CaptionBB":[104,361,746,377],"Height":1100,"Width":850,"DPI":100,"ImageBB":[84,59,767,362]}