{"Caption":"Figure 5: Implementation of Spatial References with Smart Messages","ImageText":[{"Text":"read\/write","TextBB":[303.819,113.694,348.249,126.704],"Rotation":0},{"Text":"{space:tag[index],","TextBB":[350.749,113.694,427.179,126.704],"Rotation":0},{"Text":"timeout}.resource","TextBB":[429.679,113.694,505.539,126.704],"Rotation":0},{"Text":"migrate(space,","TextBB":[350.694,154.319,413.174,167.329],"Rotation":0},{"Text":"timeout)","TextBB":[415.674,154.319,451.774,167.329],"Rotation":0},{"Text":"space","TextBB":[466.319,138.694,489.649,151.704],"Rotation":0},{"Text":"unreachable\/","TextBB":[492.149,138.694,547.709,151.704],"Rotation":0},{"Text":"timeout","TextBB":[488.194,148.069,520.964,161.079],"Rotation":0},{"Text":"throw","TextBB":[560.069,154.319,585.619,167.329],"Rotation":0},{"Text":"exception","TextBB":[588.119,154.319,628.669,167.329],"Rotation":0},{"Text":"success","TextBB":[403.819,169.944,434.369,182.954],"Rotation":0},{"Text":"reference","TextBB":[260.07,185.569,300.04,198.579],"Rotation":0},{"Text":"exists","TextBB":[304.655,185.569,327.985,198.579],"Rotation":0},{"Text":"lookup","TextBB":[344.444,188.694,373.904,201.704],"Rotation":0},{"Text":"{space:tag[index]}","TextBB":[376.404,188.694,454.274,201.704],"Rotation":0},{"Text":"in","TextBB":[364.574,201.194,372.914,214.204],"Rotation":0},{"Text":"mapping","TextBB":[375.414,201.194,413.204,214.204],"Rotation":0},{"Text":"table","TextBB":[415.704,201.194,436.814,214.204],"Rotation":0},{"Text":"location","TextBB":[156.719,351.904,169.729,385.794],"Rotation":3},{"Text":"unreachable","TextBB":[156.719,296.624,169.729,349.404],"Rotation":3},{"Text":"read","TextBB":[219.444,241.819,238.884,254.829],"Rotation":0},{"Text":"location","TextBB":[241.384,241.819,275.274,254.829],"Rotation":0},{"Text":"and","TextBB":[277.774,241.819,293.894,254.829],"Rotation":0},{"Text":"node\u2019s","TextBB":[212.569,254.319,240.349,267.329],"Rotation":0},{"Text":"unique","TextBB":[242.849,254.319,272.309,267.329],"Rotation":0},{"Text":"tagId","TextBB":[274.809,254.319,297.589,267.329],"Rotation":0},{"Text":"migrate(location,","TextBB":[201.125,294.944,274.165,307.954],"Rotation":0},{"Text":"timeout)","TextBB":[276.665,294.944,312.765,307.954],"Rotation":0},{"Text":"reference","TextBB":[472.57,185.569,512.54,198.579],"Rotation":0},{"Text":"does","TextBB":[518.96,185.569,537.85,198.579],"Rotation":0},{"Text":"not","TextBB":[540.35,185.569,554.24,198.579],"Rotation":0},{"Text":"exist","TextBB":[556.74,185.569,576.18,198.579],"Rotation":0},{"Text":"create","TextBB":[541.319,241.819,567.409,254.829],"Rotation":0},{"Text":"list","TextBB":[569.909,241.819,582.689,254.829],"Rotation":0},{"Text":"of","TextBB":[585.189,241.819,593.519,254.829],"Rotation":0},{"Text":"ineligible","TextBB":[596.019,241.819,634.919,254.829],"Rotation":0},{"Text":"nodes","TextBB":[541.319,254.319,565.769,267.329],"Rotation":0},{"Text":"[mapped_nodes]","TextBB":[568.269,254.319,638.829,267.329],"Rotation":0},{"Text":"timeout","TextBB":[331.944,288.694,364.714,301.704],"Rotation":0},{"Text":"success","TextBB":[256.945,313.694,287.495,326.704],"Rotation":0},{"Text":"verify","TextBB":[197.57,335.569,222.56,348.579],"Rotation":0},{"Text":"node\u2019s","TextBB":[225.06,335.569,252.84,348.579],"Rotation":0},{"Text":"unique","TextBB":[255.34,335.569,284.8,348.579],"Rotation":0},{"Text":"tagId","TextBB":[287.3,335.569,310.08,348.579],"Rotation":0},{"Text":"timeout","TextBB":[438.194,288.694,470.964,301.704],"Rotation":0},{"Text":"throw","TextBB":[369.444,313.694,394.994,326.704],"Rotation":0},{"Text":"exception","TextBB":[397.494,313.694,438.044,326.704],"Rotation":0},{"Text":"success","TextBB":[594.445,316.819,624.995,329.829],"Rotation":0},{"Text":"success","TextBB":[335.069,329.319,365.619,342.329],"Rotation":0},{"Text":"create","TextBB":[525.695,338.694,551.785,351.704],"Rotation":0},{"Text":"unique","TextBB":[554.285,338.694,583.745,351.704],"Rotation":0},{"Text":"tagId","TextBB":[586.245,338.694,609.025,351.704],"Rotation":0},{"Text":"at","TextBB":[611.525,338.694,619.855,351.704],"Rotation":0},{"Text":"node","TextBB":[622.355,338.694,642.915,351.704],"Rotation":0},{"Text":"create","TextBB":[506.944,351.194,533.034,364.204],"Rotation":0},{"Text":"a","TextBB":[535.534,351.194,540.534,364.204],"Rotation":0},{"Text":"new","TextBB":[543.034,351.194,560.254,364.204],"Rotation":0},{"Text":"entry","TextBB":[562.754,351.194,585.524,364.204],"Rotation":0},{"Text":"in","TextBB":[588.024,351.194,596.364,364.204],"Rotation":0},{"Text":"mapping","TextBB":[598.864,351.194,636.654,364.204],"Rotation":0},{"Text":"table","TextBB":[639.154,351.194,660.264,364.204],"Rotation":0},{"Text":"fail","TextBB":[256.945,354.319,270.835,367.329],"Rotation":0},{"Text":"migrate(tagId,","TextBB":[188.194,376.194,250.124,389.204],"Rotation":0},{"Text":"space,","TextBB":[252.624,376.194,278.454,389.204],"Rotation":0},{"Text":"timeout)","TextBB":[280.954,376.194,317.054,389.204],"Rotation":0},{"Text":"migrate(tag,","TextBB":[497.165,294.944,549.645,307.954],"Rotation":0},{"Text":"space,","TextBB":[552.145,294.944,577.975,307.954],"Rotation":0},{"Text":"mapped_nodes,","TextBB":[580.475,294.944,646.875,307.954],"Rotation":0},{"Text":"timeout)","TextBB":[649.375,294.944,685.475,307.954],"Rotation":0},{"Text":"success","TextBB":[335.069,369.944,365.619,382.954],"Rotation":0},{"Text":"timeout","TextBB":[256.945,394.944,289.715,407.954],"Rotation":0},{"Text":"throw","TextBB":[219.445,416.819,244.995,429.829],"Rotation":0},{"Text":"exception","TextBB":[247.495,416.819,288.045,429.829],"Rotation":0},{"Text":"read\/write","TextBB":[363.195,435.569,407.625,448.579],"Rotation":0},{"Text":"resource","TextBB":[410.125,435.569,446.775,448.579],"Rotation":0}],"Mention":["Essentially, the SMWrapper performs the SP-to-SM\ntranslation by transforming each access to a network re-\nsource (read\/write) into an SM migration. Fig. 5 illus-\ntrates the main steps necessary to read\/write a resource\nlocated on a referenced node. For both mapped and un-\nmapped spatial references, the SM migrates to the de-\nsired space using geographical routing. We have imple-\nmented a greedy geographical routing similar to GPSR [17]\n(at each node, the algorithm chooses the neighbor clos-\nest to the center of the circle that represents the required\nspace region).\n"],"Page":6,"Number":5,"Type":"Figure","CaptionBB":[229,471,616,485],"Height":1100,"Width":850,"DPI":100,"ImageBB":[157,109,691,454]}