{"Type":"Figure",
"Number": 3,
"Page": 6,
"DPI": 100,
"Width": 850,
"Height": 1100,
"CaptionBB": [84,278,381,359],
"Caption": "Figure 3. VNET test configurations for the lo- cal area (a) and the wide area (b). Local area is between two labs in the Northwestern CS Department. Wide Area is between the first of those labs and a lab at Carnegie Mellon. ",
"ImageBB": [85,100,382,259],
"ImageText" : [
{"Rotation": 0,"TextBB": [125.725,106.388,136.099,112.149], "Text": "100"},
	{"Rotation": 0,"TextBB": [137.808,106.388,149.566,112.149], "Text": "mbit"},
	{"Rotation": 0,"TextBB": [125.164,113.862,150.076,119.623], "Text": "Switches"},
	{"Rotation": 0,"TextBB": [184.396,106.388,194.833,112.149], "Text": "100"},
	{"Rotation": 0,"TextBB": [196.541,106.388,208.299,112.149], "Text": "mbit"},
	{"Rotation": 0,"TextBB": [156.368,112.617,177.743,118.377], "Text": "Firewall"},
	{"Rotation": 0,"TextBB": [179.475,112.617,182.937,118.377], "Text": "1"},
	{"Rotation": 0,"TextBB": [187.136,113.862,205.483,119.623], "Text": "Switch"},
	{"Rotation": 0,"TextBB": [218.714,112.617,237.479,118.377], "Text": "Router"},
	{"Rotation": 0,"TextBB": [246.804,106.388,257.179,112.149], "Text": "100"},
	{"Rotation": 0,"TextBB": [258.887,106.388,270.646,112.149], "Text": "mbit"},
	{"Rotation": 0,"TextBB": [249.545,113.862,267.829,119.623], "Text": "Switch"},
	{"Rotation": 0,"TextBB": [278.008,112.617,299.383,118.377], "Text": "Firewall"},
	{"Rotation": 0,"TextBB": [301.116,112.617,304.577,118.377], "Text": "2"},
	{"Rotation": 0,"TextBB": [312.825,106.388,323.262,112.149], "Text": "100"},
	{"Rotation": 0,"TextBB": [324.97,106.388,336.729,112.149], "Text": "mbit"},
	{"Rotation": 0,"TextBB": [312.264,113.862,337.239,119.623], "Text": "Switches"},
	{"Rotation": 0,"TextBB": [362.154,103.449,373.142,110.189], "Text": "VM"},
	{"Rotation": 0,"TextBB": [87.7317,122.134,106.324,128.874], "Text": "Client"},
	{"Rotation": 0,"TextBB": [362.154,119.02,377.196,125.76], "Text": "Host"},
	{"Rotation": 0,"TextBB": [87.7317,146.873,103.612,152.634], "Text": "Proxy"},
	{"Rotation": 0,"TextBB": [362.216,143.933,379.653,150.673], "Text": "Local"},
	{"Rotation": 0,"TextBB": [153.162,162.687,168.508,175.14], "Text": "(a)"},
	{"Rotation": 0,"TextBB": [171.958,162.687,203.409,175.14], "Text": "Local"},
	{"Rotation": 0,"TextBB": [206.884,162.687,233.728,175.14], "Text": "Area"},
	{"Rotation": 0,"TextBB": [237.203,162.687,313.957,175.14], "Text": "Configuration"},
	{"Rotation": 0,"TextBB": [125.735,183.835,136.135,189.618], "Text": "100"},
	{"Rotation": 0,"TextBB": [137.839,183.835,149.621,189.618], "Text": "mbit"},
	{"Rotation": 0,"TextBB": [184.383,183.835,194.783,189.618], "Text": "100"},
	{"Rotation": 0,"TextBB": [196.487,183.835,208.269,189.618], "Text": "mbit"},
	{"Rotation": 0,"TextBB": [125.174,191.385,150.135,197.167], "Text": "Switches"},
	{"Rotation": 0,"TextBB": [156.369,190.137,177.722,195.919], "Text": "Firewall"},
	{"Rotation": 0,"TextBB": [179.454,190.137,182.929,195.919], "Text": "1"},
	{"Rotation": 0,"TextBB": [187.129,191.385,205.452,197.167], "Text": "Switch"},
	{"Rotation": 0,"TextBB": [87.7387,199.668,106.367,206.433], "Text": "Client"},
	{"Rotation": 0,"TextBB": [87.7387,224.514,103.653,230.297], "Text": "Proxy"},
	{"Rotation": 0,"TextBB": [218.699,190.137,237.438,195.919], "Text": "Router"},
	{"Rotation": 0,"TextBB": [300.62,190.137,319.297,195.919], "Text": "Router"},
	{"Rotation": 0,"TextBB": [321.583,187.017,331.983,192.8], "Text": "100"},
	{"Rotation": 0,"TextBB": [333.687,187.017,345.469,192.8], "Text": "mbit"},
	{"Rotation": 0,"TextBB": [324.329,194.504,342.652,200.287], "Text": "Switch"},
	{"Rotation": 0,"TextBB": [263.808,221.395,269.723,227.177], "Text": "IP"},
	{"Rotation": 0,"TextBB": [271.482,221.395,294.322,227.177], "Text": "Network"},
	{"Rotation": 0,"TextBB": [249.895,228.882,258.922,234.664], "Text": "(14"},
	{"Rotation": 0,"TextBB": [260.626,228.882,274.108,234.664], "Text": "hops"},
	{"Rotation": 0,"TextBB": [275.85,228.882,283.754,234.664], "Text": "via"},
	{"Rotation": 0,"TextBB": [285.521,228.882,308.315,234.664], "Text": "Abilene)"},
	{"Rotation": 0,"TextBB": [362.137,180.889,373.094,187.654], "Text": "VM"},
	{"Rotation": 0,"TextBB": [362.137,196.548,377.147,203.314], "Text": "Host"},
	{"Rotation": 0,"TextBB": [362.2,221.568,379.608,228.334], "Text": "Local"},
	{"Rotation": 0,"TextBB": [153.812,244.587,169.933,257.04], "Text": "(b)"},
	{"Rotation": 0,"TextBB": [173.395,244.587,202.788,257.04], "Text": "Wide"},
	{"Rotation": 0,"TextBB": [206.251,244.587,233.095,257.04], "Text": "Area"},
	{"Rotation": 0,"TextBB": [236.557,244.587,313.311,257.04], "Text": "Configuration"}
]}
