{"Caption":"Figure 4: An example of a register timing graph with sequential slacks Sseq computed with respect to the solid vertex. The true sequential slack Strue for every node is zero; the illustrated result does not offer an accurate picture of sequential criticality. ","ImageText":[{"Text":"S","TextBB":[83.0931,909.392,87.4057,917.155],"Rotation":0},{"Text":"seq","TextBB":[87.4079,912.159,96.0286,917.982],"Rotation":0},{"Text":"=","TextBB":[96.5633,909.392,101.428,917.155],"Rotation":0},{"Text":"0","TextBB":[103.586,909.392,107.898,917.155],"Rotation":0},{"Text":"10","TextBB":[303.91,863.902,316.18,872.515],"Rotation":0},{"Text":"10","TextBB":[285.504,876.172,297.774,884.786],"Rotation":0},{"Text":"5","TextBB":[230.288,891.51,236.423,900.124],"Rotation":0},{"Text":"S","TextBB":[325.45,848.041,329.762,855.804],"Rotation":0},{"Text":"seq","TextBB":[329.765,850.808,338.386,856.63],"Rotation":0},{"Text":"=","TextBB":[338.931,848.041,343.795,855.804],"Rotation":0},{"Text":"10","TextBB":[345.943,848.041,354.571,855.804],"Rotation":0},{"Text":"10","TextBB":[172.004,863.902,184.274,872.515],"Rotation":0},{"Text":"10","TextBB":[153.599,876.172,165.869,884.786],"Rotation":0},{"Text":"A","TextBB":[83.0931,894.052,88.3631,901.815],"Rotation":0},{"Text":"seq","TextBB":[88.3624,896.819,96.983,902.641],"Rotation":0},{"Text":"=","TextBB":[97.5179,894.052,102.383,901.815],"Rotation":0},{"Text":"0;","TextBB":[104.54,894.052,111.253,901.815],"Rotation":0},{"Text":"R","TextBB":[113.413,894.052,118.683,901.815],"Rotation":0},{"Text":"seq","TextBB":[118.683,896.819,127.303,902.641],"Rotation":0},{"Text":"=","TextBB":[127.838,894.052,132.703,901.815],"Rotation":0},{"Text":"0","TextBB":[134.86,894.052,139.173,901.815],"Rotation":0},{"Text":"A","TextBB":[325.451,832.7,330.721,840.463],"Rotation":0},{"Text":"seq","TextBB":[330.719,835.468,339.34,841.29],"Rotation":0},{"Text":"=","TextBB":[339.885,832.701,344.749,840.463],"Rotation":0},{"Text":"-5;","TextBB":[346.907,832.701,356.493,840.463],"Rotation":0},{"Text":"R","TextBB":[358.644,832.701,363.914,840.463],"Rotation":0},{"Text":"seq","TextBB":[363.912,835.468,372.533,841.29],"Rotation":0},{"Text":"=5","TextBB":[373.078,832.701,382.251,840.463],"Rotation":0},{"Text":"5","TextBB":[230.288,845.496,236.423,854.11],"Rotation":0},{"Text":"S","TextBB":[83.0932,844.973,87.4059,852.736],"Rotation":0},{"Text":"seq","TextBB":[87.4079,847.74,96.0286,853.562],"Rotation":0},{"Text":"=","TextBB":[96.5633,844.973,101.428,852.736],"Rotation":0},{"Text":"0","TextBB":[103.586,844.973,107.898,852.736],"Rotation":0},{"Text":"A","TextBB":[83.0931,829.633,88.3632,837.395],"Rotation":0},{"Text":"seq","TextBB":[88.3624,832.4,96.983,838.222],"Rotation":0},{"Text":"=","TextBB":[97.5179,829.633,102.383,837.395],"Rotation":0},{"Text":"0;","TextBB":[104.54,829.633,111.253,837.395],"Rotation":0},{"Text":"R","TextBB":[113.413,829.633,118.683,837.395],"Rotation":0},{"Text":"seq","TextBB":[118.683,832.4,127.303,838.222],"Rotation":0},{"Text":"=","TextBB":[127.838,829.633,132.703,837.395],"Rotation":0},{"Text":"0","TextBB":[134.86,829.633,139.173,837.395],"Rotation":0},{"Text":"A","TextBB":[325.451,894.052,330.721,901.815],"Rotation":0},{"Text":"seq","TextBB":[330.719,896.819,339.34,902.641],"Rotation":0},{"Text":"=","TextBB":[339.885,894.052,344.749,901.815],"Rotation":0},{"Text":"-5;","TextBB":[346.907,894.052,356.493,901.815],"Rotation":0},{"Text":"R","TextBB":[358.644,894.052,363.914,901.815],"Rotation":0},{"Text":"seq","TextBB":[363.912,896.819,372.533,902.641],"Rotation":0},{"Text":"=","TextBB":[373.078,894.052,377.942,901.815],"Rotation":0},{"Text":"5","TextBB":[380.1,894.052,384.413,901.815],"Rotation":0},{"Text":"S","TextBB":[325.451,909.392,329.763,917.155],"Rotation":0},{"Text":"seq","TextBB":[329.765,912.159,338.386,917.982],"Rotation":0},{"Text":"=","TextBB":[338.931,909.392,343.795,917.155],"Rotation":0},{"Text":"10","TextBB":[345.943,909.392,354.571,917.155],"Rotation":0}],"Mention":["different choice of vref will impose different constraints. Figure 4\nshows an example where the given choice of vref gives an incorrect\n"],"Page":4,"Number":4,"Type":"Figure","CaptionBB":[73,927,407,986],"Height":1100,"Width":850,"DPI":100,"ImageBB":[80,824,386,920]}