{"Caption":"Figure 11: Shuffling protocol for n ≥ 2 parties. (Requires polynomial factoring.)","ImageText":[{"Text":"Protocol:","TextBB":[152.525,104.711,216.357,116.998],"Rotation":0},{"Text":"Shuffle-Factor","TextBB":[222.517,107.201,332.719,119.157],"Rotation":0},{"Text":"Input:","TextBB":[152.525,121.315,195.684,133.603],"Rotation":0},{"Text":"There","TextBB":[205.175,121.315,240.571,133.603],"Rotation":0},{"Text":"are","TextBB":[246.854,121.315,265.34,133.603],"Rotation":0},{"Text":"n","TextBB":[271.622,121.315,279.925,133.603],"Rotation":0},{"Text":"≥","TextBB":[286.551,120.54,297.317,133.603],"Rotation":0},{"Text":"2","TextBB":[303.936,121.315,310.855,133.603],"Rotation":0},{"Text":"players,","TextBB":[317.137,121.315,362.995,133.603],"Rotation":0},{"Text":"each","TextBB":[369.692,121.315,396.218,133.603],"Rotation":0},{"Text":"with","TextBB":[402.487,121.315,429.401,133.603],"Rotation":0},{"Text":"a","TextBB":[435.669,121.315,442.588,133.603],"Rotation":0},{"Text":"private","TextBB":[448.87,121.315,490.798,133.603],"Rotation":0},{"Text":"input","TextBB":[497.094,121.315,529.377,133.603],"Rotation":0},{"Text":"set","TextBB":[535.659,121.315,552.637,133.603],"Rotation":0},{"Text":"V","TextBB":[558.922,121.315,566.989,133.603],"Rotation":0},{"Text":"i","TextBB":[566.994,126.271,570.908,134.872],"Rotation":0},{"Text":",","TextBB":[571.601,121.315,575.448,133.603],"Rotation":0},{"Text":"such","TextBB":[582.146,121.315,608.741,133.603],"Rotation":0},{"Text":"that","TextBB":[615.023,121.315,640.388,133.603],"Rotation":0},{"Text":"|V","TextBB":[646.668,120.54,658.578,133.603],"Rotation":0},{"Text":"i","TextBB":[658.583,126.271,662.497,134.872],"Rotation":0},{"Text":"|","TextBB":[663.19,120.54,667.037,133.603],"Rotation":0},{"Text":"=","TextBB":[673.657,121.315,684.423,133.603],"Rotation":0},{"Text":"k.","TextBB":[691.042,121.315,702.529,133.603],"Rotation":0},{"Text":"The","TextBB":[152.525,137.919,176.353,150.207],"Rotation":0},{"Text":"players","TextBB":[182.096,137.919,224.106,150.207],"Rotation":0},{"Text":"share","TextBB":[229.863,137.919,261.481,150.207],"Rotation":0},{"Text":"the","TextBB":[267.238,137.919,286.444,150.207],"Rotation":0},{"Text":"secret","TextBB":[292.201,137.919,326.905,150.207],"Rotation":0},{"Text":"key","TextBB":[332.648,137.919,353.03,150.207],"Rotation":0},{"Text":"SK,","TextBB":[358.765,137.919,384.636,150.207],"Rotation":0},{"Text":"to","TextBB":[390.655,137.919,402.957,150.207],"Rotation":0},{"Text":"which","TextBB":[408.699,137.919,443.694,150.207],"Rotation":0},{"Text":"P","TextBB":[449.428,137.919,458.311,150.207],"Rotation":0},{"Text":"K","TextBB":[460.235,137.919,471.983,150.207],"Rotation":0},{"Text":"is","TextBB":[478.719,137.919,488.018,150.207],"Rotation":0},{"Text":"the","TextBB":[493.761,137.919,512.981,150.207],"Rotation":0},{"Text":"corresponding","TextBB":[518.724,137.919,603.063,150.207],"Rotation":0},{"Text":"public","TextBB":[608.806,137.919,645.697,150.207],"Rotation":0},{"Text":"key","TextBB":[651.453,137.919,671.822,150.207],"Rotation":0},{"Text":"to","TextBB":[677.564,137.919,689.866,150.207],"Rotation":0},{"Text":"a","TextBB":[695.608,137.919,702.527,150.207],"Rotation":0},{"Text":"homomorphic","TextBB":[152.525,154.523,234.817,166.811],"Rotation":0},{"Text":"cryptosystem","TextBB":[239.425,154.523,319.571,166.811],"Rotation":0},{"Text":"(Sec.","TextBB":[324.179,154.523,353.39,166.811],"Rotation":0},{"Text":"3.2.2).","TextBB":[358.012,154.523,395.678,166.811],"Rotation":0},{"Text":"Additional","TextBB":[152.525,171.127,216.717,183.415],"Rotation":0},{"Text":"zero-knowledge","TextBB":[221.879,171.127,313.386,183.415],"Rotation":0},{"Text":"proofs","TextBB":[318.547,171.127,355.563,183.415],"Rotation":0},{"Text":"necessary","TextBB":[360.724,171.127,417.416,183.415],"Rotation":0},{"Text":"to","TextBB":[422.578,171.127,434.879,183.415],"Rotation":0},{"Text":"make","TextBB":[440.041,171.127,471.549,183.415],"Rotation":0},{"Text":"the","TextBB":[476.71,171.127,495.93,183.415],"Rotation":0},{"Text":"protocol","TextBB":[501.092,171.127,550.713,183.415],"Rotation":0},{"Text":"secure","TextBB":[555.874,171.127,592.876,183.415],"Rotation":0},{"Text":"against","TextBB":[598.051,171.127,641.169,183.415],"Rotation":0},{"Text":"malicious","TextBB":[646.33,171.127,702.524,183.415],"Rotation":0},{"Text":"adversaries","TextBB":[152.525,187.733,218.862,200.021],"Rotation":0},{"Text":"are","TextBB":[223.484,187.733,241.957,200.021],"Rotation":0},{"Text":"specified","TextBB":[246.578,187.733,297.777,200.021],"Rotation":0},{"Text":"in","TextBB":[302.385,187.733,313.926,200.021],"Rotation":0},{"Text":"parentheses.","TextBB":[318.533,187.733,392.135,200.021],"Rotation":0},{"Text":"1.","TextBB":[172.067,216.79,182.832,229.078],"Rotation":0},{"Text":"Each","TextBB":[190.401,216.79,220.193,229.078],"Rotation":0},{"Text":"player","TextBB":[224.801,216.79,261.36,229.078],"Rotation":0},{"Text":"i","TextBB":[265.969,216.79,270.743,229.078],"Rotation":0},{"Text":"=","TextBB":[274.581,216.79,285.346,229.078],"Rotation":0},{"Text":"1,","TextBB":[289.179,216.79,299.951,229.078],"Rotation":0},{"Text":".","TextBB":[302.248,216.79,306.095,229.078],"Rotation":0},{"Text":".","TextBB":[308.406,216.79,312.253,229.078],"Rotation":0},{"Text":".","TextBB":[314.55,216.79,318.396,229.078],"Rotation":0},{"Text":",","TextBB":[320.707,216.79,324.554,229.078],"Rotation":0},{"Text":"n","TextBB":[326.851,216.79,335.154,229.078],"Rotation":0},{"Text":"calculates","TextBB":[339.771,216.79,398.262,229.078],"Rotation":0},{"Text":"the","TextBB":[402.884,216.79,422.09,229.078],"Rotation":0},{"Text":"polynomial","TextBB":[426.712,216.79,493.602,229.078],"Rotation":0},{"Text":"f","TextBB":[498.204,216.79,504.985,229.078],"Rotation":0},{"Text":"i","TextBB":[504.979,221.747,508.892,230.349],"Rotation":0},{"Text":"=","TextBB":[513.429,216.79,524.195,229.078],"Rotation":0},{"Text":"(x","TextBB":[528.042,216.79,541.332,229.078],"Rotation":0},{"Text":"−","TextBB":[544.399,216.015,555.164,229.078],"Rotation":0},{"Text":"(V","TextBB":[558.236,216.79,571.684,229.078],"Rotation":0},{"Text":"i","TextBB":[571.689,221.747,575.602,230.349],"Rotation":0},{"Text":")","TextBB":[576.296,216.79,581.679,229.078],"Rotation":0},{"Text":"1","TextBB":[581.676,221.747,587.188,230.349],"Rotation":0},{"Text":")","TextBB":[587.883,216.79,593.266,229.078],"Rotation":0},{"Text":".","TextBB":[595.571,216.79,599.418,229.078],"Rotation":0},{"Text":".","TextBB":[601.715,216.79,605.562,229.078],"Rotation":0},{"Text":".","TextBB":[607.872,216.79,611.719,229.078],"Rotation":0},{"Text":"(x","TextBB":[614.021,216.79,627.316,229.078],"Rotation":0},{"Text":"−","TextBB":[630.385,216.015,641.15,229.078],"Rotation":0},{"Text":"(V","TextBB":[644.221,216.79,657.67,229.078],"Rotation":0},{"Text":"i","TextBB":[657.674,221.747,661.587,230.349],"Rotation":0},{"Text":")","TextBB":[662.281,216.79,667.663,229.078],"Rotation":0},{"Text":"k","TextBB":[667.663,221.747,673.542,230.349],"Rotation":0},{"Text":"))","TextBB":[674.469,216.79,685.235,229.078],"Rotation":0},{"Text":"2.","TextBB":[172.067,233.394,182.832,245.682],"Rotation":0},{"Text":"Player","TextBB":[190.401,233.394,228.69,245.682],"Rotation":0},{"Text":"1","TextBB":[232.772,233.394,239.691,245.682],"Rotation":0},{"Text":"sends","TextBB":[243.759,233.394,276.194,245.682],"Rotation":0},{"Text":"the","TextBB":[280.29,233.394,299.496,245.682],"Rotation":0},{"Text":"encrypted","TextBB":[303.578,233.394,363.204,245.682],"Rotation":0},{"Text":"polynomial","TextBB":[367.272,233.394,434.163,245.682],"Rotation":0},{"Text":"λ","TextBB":[438.232,233.394,446.299,245.682],"Rotation":0},{"Text":"1","TextBB":[446.304,238.351,451.816,246.953],"Rotation":0},{"Text":"=","TextBB":[456.354,233.394,467.12,245.682],"Rotation":0},{"Text":"f","TextBB":[470.96,233.394,477.74,245.682],"Rotation":0},{"Text":"1","TextBB":[477.735,238.351,483.246,246.953],"Rotation":0},{"Text":"to","TextBB":[488.021,233.394,500.322,245.682],"Rotation":0},{"Text":"player","TextBB":[504.404,233.394,540.963,245.682],"Rotation":0},{"Text":"2","TextBB":[545.031,233.394,551.95,245.682],"Rotation":0},{"Text":"(with","TextBB":[556.032,233.394,588.329,245.682],"Rotation":0},{"Text":"proofs","TextBB":[592.397,233.394,629.399,245.682],"Rotation":0},{"Text":"of","TextBB":[633.494,233.394,644.647,245.682],"Rotation":0},{"Text":"plaintext","TextBB":[648.716,233.394,702.53,245.682],"Rotation":0},{"Text":"knowledge","TextBB":[190.404,250,252.659,262.287],"Rotation":0},{"Text":"of","TextBB":[257.281,250,268.434,262.287],"Rotation":0},{"Text":"the","TextBB":[273.042,250,292.248,262.287],"Rotation":0},{"Text":"encrypted","TextBB":[296.87,250,356.496,262.287],"Rotation":0},{"Text":"coefficients","TextBB":[361.104,250,426.513,262.287],"Rotation":0},{"Text":"POPK{E","TextBB":[431.135,250,488.619,262.287],"Rotation":0},{"Text":"pk","TextBB":[488.621,254.956,500.205,263.557],"Rotation":0},{"Text":"((f","TextBB":[501.133,250,518.675,262.287],"Rotation":0},{"Text":"i","TextBB":[518.669,254.956,522.583,263.557],"Rotation":0},{"Text":")","TextBB":[523.276,250,528.659,262.287],"Rotation":0},{"Text":"j","TextBB":[528.657,254.956,533.238,263.557],"Rotation":0},{"Text":")},","TextBB":[534.488,250,550.634,262.287],"Rotation":0},{"Text":"0","TextBB":[555.242,250,562.161,262.287],"Rotation":0},{"Text":"≤","TextBB":[566.006,249.225,576.771,262.287],"Rotation":0},{"Text":"j","TextBB":[580.611,250,586.312,262.287],"Rotation":0},{"Text":"≤","TextBB":[590.944,249.225,601.71,262.287],"Rotation":0},{"Text":"k)","TextBB":[605.55,250,618.572,262.287],"Rotation":0},{"Text":"3.","TextBB":[172.067,266.604,182.832,278.891],"Rotation":0},{"Text":"Each","TextBB":[190.401,266.604,220.193,278.891],"Rotation":0},{"Text":"player","TextBB":[224.801,266.604,261.36,278.891],"Rotation":0},{"Text":"i","TextBB":[265.969,266.604,270.743,278.891],"Rotation":0},{"Text":"=","TextBB":[274.581,266.604,285.346,278.891],"Rotation":0},{"Text":"2,","TextBB":[289.179,266.604,299.951,278.891],"Rotation":0},{"Text":".","TextBB":[302.248,266.604,306.095,278.891],"Rotation":0},{"Text":".","TextBB":[308.406,266.604,312.253,278.891],"Rotation":0},{"Text":".","TextBB":[314.55,266.604,318.396,278.891],"Rotation":0},{"Text":",","TextBB":[320.707,266.604,324.554,278.891],"Rotation":0},{"Text":"n","TextBB":[326.851,266.604,335.154,278.891],"Rotation":0},{"Text":"(a)","TextBB":[198.481,289.434,216.165,301.722],"Rotation":0},{"Text":"receives","TextBB":[223.734,289.434,269.965,301.722],"Rotation":0},{"Text":"τ","TextBB":[274.589,289.434,280.636,301.722],"Rotation":0},{"Text":"i−1","TextBB":[280.638,294.392,298.711,302.993],"Rotation":0},{"Text":",","TextBB":[299.408,289.434,303.255,301.722],"Rotation":0},{"Text":"the","TextBB":[307.863,289.434,327.069,301.722],"Rotation":0},{"Text":"encryption","TextBB":[331.691,289.434,395.925,301.722],"Rotation":0},{"Text":"of","TextBB":[400.533,289.434,411.686,301.722],"Rotation":0},{"Text":"the","TextBB":[416.294,289.434,435.5,301.722],"Rotation":0},{"Text":"polynomial","TextBB":[440.122,289.434,506.999,301.722],"Rotation":0},{"Text":"λ","TextBB":[511.614,289.434,519.681,301.722],"Rotation":0},{"Text":"i−1","TextBB":[519.686,294.392,537.76,302.993],"Rotation":0},{"Text":"from","TextBB":[543.068,289.434,571.158,301.722],"Rotation":0},{"Text":"player","TextBB":[575.78,289.434,612.339,301.722],"Rotation":0},{"Text":"i","TextBB":[616.943,289.434,621.717,301.722],"Rotation":0},{"Text":"−","TextBB":[624.785,288.659,635.55,301.722],"Rotation":0},{"Text":"1","TextBB":[638.622,289.434,645.541,301.722],"Rotation":0},{"Text":"(b)","TextBB":[197.713,306.038,216.158,318.326],"Rotation":0},{"Text":"calculates","TextBB":[223.741,306.038,282.232,318.326],"Rotation":0},{"Text":"the","TextBB":[286.771,306.038,305.977,318.326],"Rotation":0},{"Text":"encryption","TextBB":[310.516,306.038,374.749,318.326],"Rotation":0},{"Text":"of","TextBB":[379.274,306.038,390.414,318.326],"Rotation":0},{"Text":"the","TextBB":[394.938,306.038,414.159,318.326],"Rotation":0},{"Text":"polynomial","TextBB":[418.684,306.038,485.574,318.326],"Rotation":0},{"Text":"λ","TextBB":[490.096,306.038,498.163,318.326],"Rotation":0},{"Text":"i","TextBB":[498.167,310.996,502.08,319.597],"Rotation":0},{"Text":"=","TextBB":[506.618,306.038,517.384,318.326],"Rotation":0},{"Text":"λ","TextBB":[521.224,306.038,529.291,318.326],"Rotation":0},{"Text":"i−1","TextBB":[529.294,310.996,547.37,319.597],"Rotation":0},{"Text":"∗","TextBB":[550.972,305.264,557.891,318.326],"Rotation":0},{"Text":"f","TextBB":[560.797,306.038,567.578,318.326],"Rotation":0},{"Text":"i","TextBB":[567.572,310.996,571.485,319.597],"Rotation":0},{"Text":"by","TextBB":[576.707,306.038,591.319,318.326],"Rotation":0},{"Text":"utilizing","TextBB":[595.844,306.038,645.037,318.326],"Rotation":0},{"Text":"the","TextBB":[649.561,306.038,668.782,318.326],"Rotation":0},{"Text":"algo-","TextBB":[673.32,306.038,702.517,318.326],"Rotation":0},{"Text":"rithm","TextBB":[223.738,322.643,257.598,334.93],"Rotation":0},{"Text":"given","TextBB":[262.206,322.643,293.741,334.93],"Rotation":0},{"Text":"in","TextBB":[298.335,322.643,309.876,334.93],"Rotation":0},{"Text":"Sec.","TextBB":[314.484,322.643,338.326,334.93],"Rotation":0},{"Text":"3.2.1","TextBB":[342.934,322.643,371.37,334.93],"Rotation":0},{"Text":"(c)","TextBB":[199.25,339.248,216.159,351.536],"Rotation":0},{"Text":"sends","TextBB":[223.742,339.248,256.177,351.536],"Rotation":0},{"Text":"τ","TextBB":[268.858,339.248,274.905,351.536],"Rotation":0},{"Text":"i","TextBB":[274.907,344.204,278.82,352.805],"Rotation":0},{"Text":",","TextBB":[279.514,339.248,283.361,351.536],"Rotation":0},{"Text":"the","TextBB":[298.056,339.248,317.263,351.536],"Rotation":0},{"Text":"encrypted","TextBB":[329.952,339.248,389.577,351.536],"Rotation":0},{"Text":"coefficients","TextBB":[402.253,339.248,467.662,351.536],"Rotation":0},{"Text":"of","TextBB":[480.351,339.248,491.504,351.536],"Rotation":0},{"Text":"the","TextBB":[504.18,339.248,523.386,351.536],"Rotation":0},{"Text":"polynomial","TextBB":[536.075,339.248,602.952,351.536],"Rotation":0},{"Text":"λ","TextBB":[615.633,339.248,623.701,351.536],"Rotation":0},{"Text":"i","TextBB":[623.706,344.204,627.619,352.805],"Rotation":0},{"Text":"to","TextBB":[640.992,339.248,653.293,351.536],"Rotation":0},{"Text":"player","TextBB":[665.968,339.248,702.527,351.536],"Rotation":0},{"Text":"i","TextBB":[223.738,355.852,228.511,368.14],"Rotation":0},{"Text":"+","TextBB":[240.74,355.852,251.506,368.14],"Rotation":0},{"Text":"1","TextBB":[263.738,355.852,270.657,368.14],"Rotation":0},{"Text":"mod","TextBB":[279.887,355.852,306.413,368.14],"Rotation":0},{"Text":"n","TextBB":[311.013,355.852,319.315,368.14],"Rotation":0},{"Text":"(with","TextBB":[337.671,355.852,369.968,368.14],"Rotation":0},{"Text":"proofs","TextBB":[388.316,355.852,425.318,368.14],"Rotation":0},{"Text":"of","TextBB":[443.68,355.852,454.833,368.14],"Rotation":0},{"Text":"correct","TextBB":[473.181,355.852,514.763,368.14],"Rotation":0},{"Text":"polynomial","TextBB":[533.112,355.852,600.002,368.14],"Rotation":0},{"Text":"multiplication","TextBB":[618.351,355.852,702.538,368.14],"Rotation":0},{"Text":"ZKPK{f","TextBB":[223.738,372.456,276.833,384.744],"Rotation":0},{"Text":"i","TextBB":[276.828,377.413,280.741,386.014],"Rotation":0},{"Text":"|","TextBB":[288.353,371.682,292.2,384.744],"Rotation":0},{"Text":"τ","TextBB":[296.808,372.456,302.855,384.744],"Rotation":0},{"Text":"i","TextBB":[302.857,377.413,306.77,386.014],"Rotation":0},{"Text":"=","TextBB":[311.308,372.456,322.074,384.744],"Rotation":0},{"Text":"f","TextBB":[325.914,372.456,332.694,384.744],"Rotation":0},{"Text":"i","TextBB":[332.688,377.413,336.601,386.014],"Rotation":0},{"Text":"∗","TextBB":[341.907,371.682,348.826,384.744],"Rotation":0},{"Text":"h","TextBB":[348.825,377.413,355.305,386.014],"Rotation":0},{"Text":"E","TextBB":[360.608,372.456,370.82,384.744],"Rotation":0},{"Text":"pk","TextBB":[370.822,377.413,382.407,386.014],"Rotation":0},{"Text":"(λ","TextBB":[385.64,372.456,399.088,384.744],"Rotation":0},{"Text":"i−1","TextBB":[399.093,377.413,417.167,386.014],"Rotation":0},{"Text":")","TextBB":[417.864,372.456,423.247,384.744],"Rotation":0},{"Text":"},","TextBB":[424.906,371.682,435.67,384.744],"Rotation":0},{"Text":"to","TextBB":[440.278,372.456,452.58,384.744],"Rotation":0},{"Text":"all","TextBB":[457.188,372.456,471.8,384.744],"Rotation":0},{"Text":"players)","TextBB":[476.408,372.456,523.801,384.744],"Rotation":0},{"Text":"n","TextBB":[511.769,391.211,518.608,399.812],"Rotation":0},{"Text":"4.","TextBB":[172.067,395.287,182.832,407.575],"Rotation":0},{"Text":"All","TextBB":[190.401,395.287,208.473,407.575],"Rotation":0},{"Text":"players","TextBB":[212.818,395.287,254.815,407.575],"Rotation":0},{"Text":"perform","TextBB":[259.16,395.287,306.899,407.575],"Rotation":0},{"Text":"decryption","TextBB":[311.244,395.287,375.478,407.575],"Rotation":0},{"Text":"to","TextBB":[379.823,395.287,392.111,407.575],"Rotation":0},{"Text":"obtain","TextBB":[396.456,395.287,434.896,407.575],"Rotation":0},{"Text":"p","TextBB":[439.238,395.287,446.198,407.575],"Rotation":0},{"Text":"=","TextBB":[450.043,395.287,460.809,407.575],"Rotation":0},{"Text":"λ","TextBB":[464.649,395.287,472.716,407.575],"Rotation":0},{"Text":"n","TextBB":[472.719,400.245,479.558,408.846],"Rotation":0},{"Text":"=","TextBB":[484.096,395.287,494.861,407.575],"Rotation":0},{"Text":"i=1","TextBB":[511.769,402.32,529.691,410.921],"Rotation":0},{"Text":"f","TextBB":[532.693,395.287,539.473,407.575],"Rotation":0},{"Text":"i","TextBB":[539.467,400.245,543.38,408.846],"Rotation":0},{"Text":",","TextBB":[544.074,395.287,547.92,407.575],"Rotation":0},{"Text":"and","TextBB":[552.321,395.287,574.613,407.575],"Rotation":0},{"Text":"factor","TextBB":[578.944,395.287,613.967,407.575],"Rotation":0},{"Text":"p","TextBB":[618.308,395.287,625.269,407.575],"Rotation":0},{"Text":"into","TextBB":[629.613,395.287,653.053,407.575],"Rotation":0},{"Text":"a","TextBB":[657.398,395.287,664.317,407.575],"Rotation":0},{"Text":"linear","TextBB":[668.662,395.287,702.536,407.575],"Rotation":0},{"Text":"factors","TextBB":[190.404,411.891,230.865,424.179],"Rotation":0},{"Text":"of","TextBB":[236.234,411.891,247.387,424.179],"Rotation":0},{"Text":"the","TextBB":[252.728,411.891,271.935,424.179],"Rotation":0},{"Text":"form","TextBB":[277.304,411.891,305.394,424.179],"Rotation":0},{"Text":"(x","TextBB":[310.749,411.891,324.041,424.179],"Rotation":0},{"Text":"−","TextBB":[327.601,411.116,338.367,424.179],"Rotation":0},{"Text":"a).","TextBB":[341.932,411.891,358.475,424.179],"Rotation":0},{"Text":"For","TextBB":[366.833,411.891,387.064,424.179],"Rotation":0},{"Text":"each","TextBB":[392.405,411.891,418.931,424.179],"Rotation":0},{"Text":"such","TextBB":[424.273,411.891,450.882,424.179],"Rotation":0},{"Text":"factor,","TextBB":[456.224,411.891,495.093,424.179],"Rotation":0},{"Text":"a","TextBB":[500.624,411.891,507.944,424.179],"Rotation":0},{"Text":"is","TextBB":[513.289,411.891,522.588,424.179],"Rotation":0},{"Text":"a","TextBB":[527.943,411.891,534.862,424.179],"Rotation":0},{"Text":"member","TextBB":[540.217,411.891,588.689,424.179],"Rotation":0},{"Text":"of","TextBB":[594.031,411.891,605.184,424.179],"Rotation":0},{"Text":"the","TextBB":[610.525,411.891,629.745,424.179],"Rotation":0},{"Text":"answer","TextBB":[635.1,411.891,676.35,424.179],"Rotation":0},{"Text":"set.","TextBB":[681.691,411.891,702.531,424.179],"Rotation":0},{"Text":"(Each","TextBB":[190.404,428.497,225.579,440.784],"Rotation":0},{"Text":"player","TextBB":[230.187,428.497,266.746,440.784],"Rotation":0},{"Text":"proves","TextBB":[271.354,428.497,309.517,440.784],"Rotation":0},{"Text":"the","TextBB":[314.125,428.497,333.346,440.784],"Rotation":0},{"Text":"correctness","TextBB":[337.967,428.497,404.29,440.784],"Rotation":0},{"Text":"of","TextBB":[408.912,428.497,420.065,440.784],"Rotation":0},{"Text":"their","TextBB":[424.673,428.497,453.164,440.784],"Rotation":0},{"Text":"decryption.)","TextBB":[457.772,428.497,531.222,440.784],"Rotation":0}],"Mention":["7. All players perform shuﬄing on their private input sets Vi either through use of a\nmix-net or by using the shuﬄing protocol given in Fig. 11, obtaining a joint set V .\n","7. All players perform shuﬄing on their private input sets V\nmix-net or by using the protocol given in Fig. 11.\n","7. All players perform shuﬄing on their private input sets V\nmix-net or by using the protocol given in Fig. 11.\n","Either this protocol or a standard mix-net may be used where tuple shuﬄing is required by\nthe protocols presented in this paper. The shuﬄe protocol with polynomial factoring, given\nin Fig. 11, allows the players to learn all elements in the inputs of all players (and how many\ntimes those elements appear) without any dishonest players being able to discern the origin\nof any element that did not originate in their input. Each player creates a polynomial with\nroots representing their private input elements. The players then calculate the encrypted\nproduct of these polynomials. Note that if an element appears as a root of one player\u2019s\npolynomial, it appears as a root of the product polynomial; it also appears as many times\nas a root in the product polynomial as it appeared in the players\u2019 polynomials. Thus, when\nthe polynomial is decrypted, each player can factor it and obtain all linear factors, and thus\nthe private inputs. As polynomial multiplication is a commutative operation, no dishonest\nplayers can distinguish the origin of any elements other than their own.\n"],"Page":33,"Number":11,"Type":"Figure","CaptionBB":[157,476,691,492],"Height":1100,"Width":850,"DPI":100,"ImageBB":[141,99,710,449]}