{"Caption":"Figure 4: Example of a similarity analysis between American and British regulations ","ImageText":[{"Text":"UFAS","TextBB":[135.821,109.222,163.549,121.18],"Rotation":0},{"Text":"BS8300","TextBB":[276.641,111.892,314.173,123.85],"Rotation":0},{"Text":"4.13","TextBB":[124.833,151.306,144.955,163.265],"Rotation":0},{"Text":"Doors","TextBB":[147.413,151.306,175.265,163.265],"Rotation":0},{"Text":"12.5.4","TextBB":[279.914,151.31,308.369,163.268],"Rotation":0},{"Text":"Doors","TextBB":[310.827,151.31,338.679,163.268],"Rotation":0},{"Text":"4.13.1","TextBB":[90.1638,180.165,118.617,192.123],"Rotation":0},{"Text":"4.13.12","TextBB":[184.071,196.28,218.271,208.238],"Rotation":0},{"Text":"4.13.2","TextBB":[90.1631,204.254,118.616,216.213],"Rotation":0},{"Text":"12.5.4.1","TextBB":[268.997,192.23,305.783,204.188],"Rotation":0},{"Text":"parent","TextBB":[360.966,157.475,389.6,169.433],"Rotation":0},{"Text":"sibling","TextBB":[360.299,181.557,389.412,193.514],"Rotation":0},{"Text":"4.13.3","TextBB":[103.663,244.416,132.116,256.374],"Rotation":0},{"Text":"4.13.9","TextBB":[169.249,266.559,197.703,278.518],"Rotation":0},{"Text":"Door","TextBB":[146.082,279.226,170.837,291.185],"Rotation":0},{"Text":"Hardware","TextBB":[173.085,279.226,220.871,291.185],"Rotation":0},{"Text":"12.5.4.2","TextBB":[312.081,266.559,348.869,278.518],"Rotation":0},{"Text":"Door","TextBB":[294.664,279.226,319.501,291.185],"Rotation":0},{"Text":"Furniture","TextBB":[321.749,279.226,366.963,291.185],"Rotation":0},{"Text":"UFAS","TextBB":[81.5752,316.94,113.428,330.776],"Rotation":0},{"Text":"4.13","TextBB":[81.5752,331.605,103.426,345.441],"Rotation":0},{"Text":"Doors","TextBB":[106.584,331.605,137.801,345.441],"Rotation":0},{"Text":"4.13.1","TextBB":[94.074,346.27,125.371,360.106],"Rotation":0},{"Text":"General","TextBB":[128.547,346.27,169.565,360.106],"Rotation":0},{"Text":"\u2026","TextBB":[94.074,360.934,106.573,374.77],"Rotation":0},{"Text":"4.13.9","TextBB":[94.074,375.683,125.377,389.519],"Rotation":0},{"Text":"Door","TextBB":[128.57,375.683,154.922,389.519],"Rotation":0},{"Text":"Hardware","TextBB":[158.076,375.683,210.08,389.519],"Rotation":0},{"Text":"Handles,","TextBB":[106.573,390.348,150.752,404.184],"Rotation":0},{"Text":"pulls,","TextBB":[153.932,390.348,181.435,404.184],"Rotation":0},{"Text":"latches,","TextBB":[184.615,390.348,222.545,404.184],"Rotation":0},{"Text":"locks,","TextBB":[225.725,390.348,255.303,404.184],"Rotation":0},{"Text":"and","TextBB":[258.474,390.348,276.549,404.184],"Rotation":0},{"Text":"other","TextBB":[279.729,390.348,305.469,404.184],"Rotation":0},{"Text":"operating","TextBB":[308.649,390.348,355.967,404.184],"Rotation":0},{"Text":"devices","TextBB":[359.146,390.348,396.713,404.184],"Rotation":0},{"Text":"on","TextBB":[106.573,405.012,119.085,418.848],"Rotation":0},{"Text":"accessible","TextBB":[122.266,405.012,173.06,418.848],"Rotation":0},{"Text":"doors","TextBB":[176.241,405.012,204.068,418.848],"Rotation":0},{"Text":"shall","TextBB":[207.249,405.012,230.914,418.848],"Rotation":0},{"Text":"have","TextBB":[234.095,405.012,257.734,418.848],"Rotation":0},{"Text":"a","TextBB":[260.915,405.012,266.464,418.848],"Rotation":0},{"Text":"shape","TextBB":[269.645,405.012,298.16,418.848],"Rotation":0},{"Text":"that","TextBB":[301.341,405.012,320.13,418.848],"Rotation":0},{"Text":"is","TextBB":[323.311,405.012,331.662,418.848],"Rotation":0},{"Text":"easy","TextBB":[334.843,405.012,357.094,418.848],"Rotation":0},{"Text":"to","TextBB":[360.428,405.012,370.166,418.848],"Rotation":0},{"Text":"grasp","TextBB":[373.347,405.012,400.474,418.848],"Rotation":0},{"Text":"with","TextBB":[106.573,419.677,128.822,433.513],"Rotation":0},{"Text":"one","TextBB":[131.996,419.677,150.062,433.513],"Rotation":0},{"Text":"hand","TextBB":[153.237,419.677,177.561,433.513],"Rotation":0},{"Text":"and","TextBB":[180.735,419.677,198.801,433.513],"Rotation":0},{"Text":"does","TextBB":[201.976,419.677,224.912,433.513],"Rotation":0},{"Text":"not","TextBB":[228.087,419.677,244.078,433.513],"Rotation":0},{"Text":"require","TextBB":[247.253,419.677,282.724,433.513],"Rotation":0},{"Text":"tight","TextBB":[285.906,419.677,308.894,433.513],"Rotation":0},{"Text":"grasping,","TextBB":[312.076,419.677,358.376,433.513],"Rotation":0},{"Text":"tight","TextBB":[361.559,419.677,384.546,433.513],"Rotation":0},{"Text":"pinching,","TextBB":[106.573,434.342,153.553,448.178],"Rotation":0},{"Text":"or","TextBB":[156.733,434.342,167.158,448.178],"Rotation":0},{"Text":"twisting","TextBB":[170.338,434.342,210.717,448.178],"Rotation":0},{"Text":"of","TextBB":[213.897,434.342,224.322,448.178],"Rotation":0},{"Text":"the","TextBB":[227.502,434.342,242.803,448.178],"Rotation":0},{"Text":"wrist","TextBB":[245.983,434.342,271.035,448.178],"Rotation":0},{"Text":"to","TextBB":[274.215,434.342,283.953,448.178],"Rotation":0},{"Text":"operate","TextBB":[287.132,434.342,323.999,448.178],"Rotation":0},{"Text":"\u2026","TextBB":[327.178,434.342,339.677,448.178],"Rotation":0},{"Text":"\u2026","TextBB":[94.074,449.006,106.573,462.843],"Rotation":0},{"Text":"4.13.12","TextBB":[94.324,463.671,131.85,477.507],"Rotation":0},{"Text":"Door","TextBB":[135.021,463.671,161.421,477.507],"Rotation":0},{"Text":"Opening","TextBB":[164.592,463.671,207.668,477.507],"Rotation":0},{"Text":"Force","TextBB":[210.839,463.671,240.706,477.507],"Rotation":0},{"Text":"BS8300","TextBB":[81.5752,486.673,121.834,500.51],"Rotation":0},{"Text":"12.5.4","TextBB":[81.5757,501.338,112.81,515.174],"Rotation":0},{"Text":"Doors","TextBB":[115.973,501.338,147.21,515.174],"Rotation":0},{"Text":"12.5.4.1","TextBB":[94.0744,516.003,134.739,529.839],"Rotation":0},{"Text":"Clear","TextBB":[137.911,516.003,166.408,529.839],"Rotation":0},{"Text":"Widths","TextBB":[169.581,516.003,204.333,529.839],"Rotation":0},{"Text":"of","TextBB":[207.506,516.003,217.236,529.839],"Rotation":0},{"Text":"Door","TextBB":[220.408,516.003,246.812,529.839],"Rotation":0},{"Text":"Openings","TextBB":[249.984,516.003,297.935,529.839],"Rotation":0},{"Text":"12.5.4.2","TextBB":[94.0744,530.751,134.792,544.587],"Rotation":0},{"Text":"Door","TextBB":[137.986,530.751,164.323,544.587],"Rotation":0},{"Text":"Furniture","TextBB":[167.472,530.751,218.75,544.587],"Rotation":0},{"Text":"Door","TextBB":[106.573,545.416,132.285,559.252],"Rotation":0},{"Text":"handles","TextBB":[135.459,545.416,173.696,559.252],"Rotation":0},{"Text":"on","TextBB":[176.87,545.416,189.378,559.252],"Rotation":0},{"Text":"hinged","TextBB":[192.552,545.416,226.618,559.252],"Rotation":0},{"Text":"and","TextBB":[229.792,545.416,247.858,559.252],"Rotation":0},{"Text":"sliding","TextBB":[251.033,545.416,285.119,559.252],"Rotation":0},{"Text":"doors","TextBB":[288.294,545.416,316.101,559.252],"Rotation":0},{"Text":"in","TextBB":[319.276,545.416,329.009,559.252],"Rotation":0},{"Text":"accessible","TextBB":[332.184,545.416,382.932,559.252],"Rotation":0},{"Text":"bedrooms","TextBB":[106.573,560.081,155.939,573.917],"Rotation":0},{"Text":"should","TextBB":[159.114,560.081,192.499,573.917],"Rotation":0},{"Text":"be","TextBB":[195.675,560.081,207.483,573.917],"Rotation":0},{"Text":"easy","TextBB":[210.659,560.081,232.9,573.917],"Rotation":0},{"Text":"to","TextBB":[236.23,560.081,245.964,573.917],"Rotation":0},{"Text":"grip","TextBB":[249.14,560.081,269.305,573.917],"Rotation":0},{"Text":"and","TextBB":[272.481,560.081,290.55,573.917],"Rotation":0},{"Text":"operate","TextBB":[293.726,560.081,330.569,573.917],"Rotation":0},{"Text":"by","TextBB":[333.745,560.081,346.254,573.917],"Rotation":0},{"Text":"a","TextBB":[349.584,560.081,355.134,573.917],"Rotation":0},{"Text":"wheelchair","TextBB":[106.573,574.745,161.563,588.582],"Rotation":0},{"Text":"user","TextBB":[164.746,574.745,185.574,588.582],"Rotation":0},{"Text":"or","TextBB":[188.757,574.745,199.186,588.582],"Rotation":0},{"Text":"ambulant","TextBB":[202.37,574.745,248.939,588.582],"Rotation":0},{"Text":"disabled","TextBB":[252.059,574.745,293.805,588.582],"Rotation":0},{"Text":"person","TextBB":[296.983,574.745,330.367,588.582],"Rotation":0},{"Text":"(see","TextBB":[333.546,574.745,353.706,588.582],"Rotation":0},{"Text":"6.5).","TextBB":[356.885,574.745,379.845,588.582],"Rotation":0},{"Text":"Handles","TextBB":[106.573,589.41,147.584,603.246],"Rotation":0},{"Text":"fixed","TextBB":[150.759,589.41,176.479,603.246],"Rotation":0},{"Text":"to","TextBB":[179.654,589.41,189.386,603.246],"Rotation":0},{"Text":"hinged","TextBB":[192.561,589.41,226.627,603.246],"Rotation":0},{"Text":"and","TextBB":[229.801,589.41,247.867,603.246],"Rotation":0},{"Text":"sliding","TextBB":[251.042,589.41,285.128,603.246],"Rotation":0},{"Text":"doors","TextBB":[288.303,589.41,316.11,603.246],"Rotation":0},{"Text":"of","TextBB":[319.285,589.41,329.705,603.246],"Rotation":0},{"Text":"furniture","TextBB":[332.88,589.41,376.683,603.246],"Rotation":0},{"Text":"and","TextBB":[379.858,589.41,397.923,603.246],"Rotation":0},{"Text":"fittings","TextBB":[106.573,604.075,142.065,617.911],"Rotation":0},{"Text":"in","TextBB":[145.241,604.075,154.975,617.911],"Rotation":0},{"Text":"bedrooms","TextBB":[158.151,604.075,207.448,617.911],"Rotation":0},{"Text":"should","TextBB":[210.624,604.075,244.008,617.911],"Rotation":0},{"Text":"be","TextBB":[247.184,604.075,258.993,617.911],"Rotation":0},{"Text":"easy","TextBB":[262.169,604.075,284.409,617.911],"Rotation":0},{"Text":"to","TextBB":[287.74,604.075,297.474,617.911],"Rotation":0},{"Text":"grip","TextBB":[300.65,604.075,320.816,617.911],"Rotation":0},{"Text":"and","TextBB":[323.992,604.075,342.06,617.911],"Rotation":0},{"Text":"\u2026","TextBB":[345.236,604.075,357.734,617.911],"Rotation":0}],"Mention":["To illustrate the similarity between American and British \nstandards, we compare the UFAS [35] with the BS8300 [5].  \nFigure 4 shows provisions from the two regulations both focusing \non doors.  Given the relatively high similarity score between \nSections 4.13.9 of UFAS and 12.5.4.2 of BS8300, they are \nexpected to be related, and in fact they are.  Due to the differences \nin American and British terminologies (\u201Cdoor hardware\u201D versus \n\u201Cdoor furniture\u201D), a simple concept comparison, i.e., the base \nscore, cannot identify the match between them.  However, \nsimilarities in neighboring nodes, in particular the parent and \nsiblings, implied a higher similarity between Section 4.13.9 of \nUFAS and Section 12.5.4.2 of BS8300.  This example shows how \nstructural comparison, such as neighbor inclusion, is capable of \nrevealing hidden similarities between provisions, while a \ntraditional term-matching scheme is inferior in this regard. \n"],"Page":5,"Number":4,"Type":"Figure","CaptionBB":[127,634,355,665],"Height":1100,"Width":850,"DPI":100,"ImageBB":[73,98,409,630]}