{"Caption":"Figure 3: Translation rules T12 between QI1 and QI2 .","ImageText":[{"Text":"r","TextBB":[447.486,75.8876,453.258,88.958],"Rotation":0},{"Text":"1","TextBB":[453.266,80.7821,458.342,89.5053],"Rotation":0},{"Text":"r","TextBB":[447.486,89.5442,453.258,102.615],"Rotation":0},{"Text":"2","TextBB":[453.266,94.4525,458.342,103.176],"Rotation":0},{"Text":"r","TextBB":[447.486,103.201,453.258,116.271],"Rotation":0},{"Text":"3","TextBB":[453.266,108.109,458.342,116.832],"Rotation":0},{"Text":"r","TextBB":[447.486,130.514,453.258,143.584],"Rotation":0},{"Text":"4","TextBB":[453.266,135.422,458.342,144.146],"Rotation":0},{"Text":"[category;","TextBB":[473.98,78.9058,523.515,88.8711],"Rotation":0},{"Text":"contain;","TextBB":[526.286,78.9058,562.582,88.8711],"Rotation":0},{"Text":"$s]","TextBB":[565.339,78.9058,580.098,88.8711],"Rotation":0},{"Text":"→","TextBB":[583.205,75.8876,595.999,88.958],"Rotation":0},{"Text":"emit:","TextBB":[599.126,77.9664,624.706,89.1696],"Rotation":0},{"Text":"[subject;","TextBB":[628.579,78.9058,670.404,88.8711],"Rotation":0},{"Text":"all;","TextBB":[673.174,78.9058,687.95,88.8711],"Rotation":0},{"Text":"$s]","TextBB":[690.718,78.9058,705.481,88.8711],"Rotation":0},{"Text":"[title;","TextBB":[473.98,92.5624,497.966,102.528],"Rotation":0},{"Text":"contain;","TextBB":[500.723,92.5624,537.019,102.528],"Rotation":0},{"Text":"$t]","TextBB":[539.776,92.5624,552.077,102.528],"Rotation":0},{"Text":"→","TextBB":[555.197,89.5442,567.991,102.615],"Rotation":0},{"Text":"emit:","TextBB":[571.104,91.623,596.685,102.826],"Rotation":0},{"Text":"[title;","TextBB":[600.557,92.5624,624.544,102.528],"Rotation":0},{"Text":"contain;","TextBB":[627.314,92.5624,663.596,102.528],"Rotation":0},{"Text":"$t]","TextBB":[666.364,92.5624,678.668,102.528],"Rotation":0},{"Text":"[price","TextBB":[473.98,106.219,501.81,116.184],"Rotation":0},{"Text":"range;","TextBB":[504.889,105.831,536.158,116.074],"Rotation":0},{"Text":"between;","TextBB":[538.928,106.219,578.281,116.184],"Rotation":0},{"Text":"$s,$t]","TextBB":[581.049,106.219,607.189,116.184],"Rotation":0},{"Text":"→","TextBB":[610.296,103.201,623.09,116.271],"Rotation":0},{"Text":"$p=ChooseClosestNum($s),","TextBB":[626.217,105.28,780.96,116.483],"Rotation":0},{"Text":"emit:","TextBB":[473.98,118.936,499.56,130.139],"Rotation":0},{"Text":"[price;","TextBB":[503.432,119.876,534.338,129.841],"Rotation":0},{"Text":"less","TextBB":[537.108,119.876,553.717,129.841],"Rotation":0},{"Text":"than;","TextBB":[556.485,119.876,579.239,129.841],"Rotation":0},{"Text":"$p]","TextBB":[582.007,119.876,597.381,129.841],"Rotation":0},{"Text":"[reader","TextBB":[473.98,133.532,509.661,143.498],"Rotation":0},{"Text":"age;","TextBB":[512.728,133.145,534.268,143.387],"Rotation":0},{"Text":"between;","TextBB":[537.039,133.532,576.391,143.498],"Rotation":0},{"Text":"$s]","TextBB":[579.148,133.532,593.908,143.498],"Rotation":0},{"Text":"→","TextBB":[597.028,130.514,609.822,143.584],"Rotation":0},{"Text":"$r=ChooseClosestRange($s)","TextBB":[612.935,132.593,772.207,143.796],"Rotation":0},{"Text":"emit:","TextBB":[473.98,146.249,499.56,157.453],"Rotation":0},{"Text":"[age;","TextBB":[503.432,147.189,528.656,157.154],"Rotation":0},{"Text":"between;","TextBB":[531.426,147.189,570.779,157.154],"Rotation":0},{"Text":"$r]","TextBB":[573.536,147.189,586.447,157.154],"Rotation":0}],"Mention":["no mention found"],"Page":2,"Number":3,"Type":"Figure","CaptionBB":[461,159,749,175],"Height":1169,"Width":826,"DPI":100,"ImageBB":[438,74,790,159]}