{"Caption":"Figure 6. Larger groups were significantly faster at building poems than smaller groups. ","ImageText":[{"Text":"6.5","TextBB":[474.333,490.906,484.59,499.14],"Rotation":0},{"Text":"Mean","TextBB":[460.239,582.469,468.474,600.917],"Rotation":3},{"Text":"Words","TextBB":[460.239,559.061,468.474,580.405],"Rotation":3},{"Text":"Per","TextBB":[460.239,545.542,468.474,556.999],"Rotation":3},{"Text":"Minute","TextBB":[460.239,521.22,468.474,543.424],"Rotation":3},{"Text":"6","TextBB":[480.333,507.739,484.436,515.974],"Rotation":0},{"Text":"5.5","TextBB":[474.333,524.489,484.59,532.724],"Rotation":0},{"Text":"5","TextBB":[480.333,541.239,484.436,549.474],"Rotation":0},{"Text":"4.5","TextBB":[474.333,557.989,484.59,566.224],"Rotation":0},{"Text":"4","TextBB":[480.333,574.822,484.436,583.057],"Rotation":0},{"Text":"3.5","TextBB":[474.333,591.572,484.59,599.807],"Rotation":0},{"Text":"3","TextBB":[480.333,608.322,484.436,616.557],"Rotation":0},{"Text":"2.5","TextBB":[474.333,625.072,484.59,633.307],"Rotation":0},{"Text":"2","TextBB":[531.167,634.489,535.269,642.724],"Rotation":0},{"Text":"3","TextBB":[620.25,634.489,624.353,642.724],"Rotation":0},{"Text":"4","TextBB":[709.916,634.489,714.018,642.724],"Rotation":0},{"Text":"Group","TextBB":[605.5,655.323,626.005,663.557],"Rotation":0},{"Text":"Size","TextBB":[628.057,655.323,642.408,663.557],"Rotation":0}],"Mention":["These results exclude the data from a single trial by one of the \ngroups of 3 people. This trial had a words-per-minute score that \nwas over 4 standard deviations from the mean for all trials, and \nprobably resulted from a recording or measurement error. The \noutlier score is visible in Figure 6. \n","H2. Larger groups were significantly faster at assembling \npoems than smaller groups. Larger groups had larger mean \nWPM scores than smaller groups (M = 3.64 vs. M = 4.45 vs. M = \n5.38 for groups of 2, 3, and 4 respectively). A repeated measures \nANOVA found that there was a main effect for group size, \nF(2,12) = 5.56 , p = 0.019, d = 0.75. The mean WPM scores for \neach group size are shown in Figure 6.  \n"],"Page":5,"Number":6,"Type":"Figure","CaptionBB":[440,681,776,712],"Height":1100,"Width":850,"DPI":100,"ImageBB":[440,476,778,682]}