{"Type":"Figure",
"Number": 5,
"Page": 4,
"DPI": 100,
"Width": 850,
"Height": 1100,
"CaptionBB": [120,627,369,641],
"Caption": "Figure 5: Three examples of bounded region",
"ImageBB": [96,466,407,613],
"ImageText" : [
{"Rotation": 0,"TextBB": [97.8341,468.55,122.361,481.003], "Text": "End"},
	{"Rotation": 0,"TextBB": [126.001,468.55,159.108,481.003], "Text": "Proof"},
	{"Rotation": 0,"TextBB": [144.167,598.716,159.608,611.169], "Text": "(a)"},
	{"Rotation": 0,"TextBB": [237.167,598.716,253.441,611.169], "Text": "(b)"},
	{"Rotation": 0,"TextBB": [331.167,598.716,346.608,611.169], "Text": "(c)"}
]}
