{"Caption":"Figure 18: Dec \/ Re-enc overhead (T2)","ImageText":[{"Text":"5","TextBB":[103.011,124.006,106.485,129.064],"Rotation":0},{"Text":"4.5","TextBB":[97.8049,148.064,106.489,153.122],"Rotation":0},{"Text":"Number","TextBB":[85.406,245.366,91.1847,264.81],"Rotation":3},{"Text":"of","TextBB":[85.406,239.286,91.1847,243.846],"Rotation":3},{"Text":"dec","TextBB":[85.406,228.951,91.1847,237.766],"Rotation":3},{"Text":"\/","TextBB":[85.406,225.911,91.1847,227.431],"Rotation":3},{"Text":"re−enc","TextBB":[85.406,207.523,91.1847,224.391],"Rotation":3},{"Text":"operations","TextBB":[85.406,180.473,91.1847,206.003],"Rotation":3},{"Text":"4","TextBB":[103.011,172.123,106.485,177.18],"Rotation":0},{"Text":"3.5","TextBB":[97.8049,196.227,106.489,201.285],"Rotation":0},{"Text":"SAKM","TextBB":[363.053,130.294,380.758,135.351],"Rotation":0},{"Text":"Iolus","TextBB":[363.053,136.581,376.247,141.639],"Rotation":0},{"Text":"Cent","TextBB":[363.053,142.869,376.247,147.927],"Rotation":0},{"Text":"3","TextBB":[103.011,220.285,106.485,225.343],"Rotation":0},{"Text":"2.5","TextBB":[97.8049,244.344,106.489,249.401],"Rotation":0},{"Text":"2","TextBB":[103.011,268.448,106.485,273.505],"Rotation":0},{"Text":"1.5","TextBB":[97.8049,292.507,106.489,297.565],"Rotation":0},{"Text":"1","TextBB":[103.011,316.612,106.485,321.669],"Rotation":0},{"Text":"0","TextBB":[106.551,321.213,110.025,326.271],"Rotation":0},{"Text":"2000","TextBB":[147.835,321.213,161.729,326.271],"Rotation":0},{"Text":"4000","TextBB":[194.376,321.213,208.27,326.271],"Rotation":0},{"Text":"6000","TextBB":[240.919,321.213,254.813,326.271],"Rotation":0},{"Text":"8000","TextBB":[287.408,321.213,301.302,326.271],"Rotation":0},{"Text":"10000","TextBB":[332.232,321.213,349.599,326.271],"Rotation":0},{"Text":"12000","TextBB":[378.775,321.213,396.142,326.271],"Rotation":0},{"Text":"Time(seconds)","TextBB":[227.019,331.83,268.326,336.887],"Rotation":0}],"Mention":["In a second stage, we consider a T2 application that requires\nhigh synchronization between the source and receivers. Iolus\ndo not fit with this kind of applications since decryption \/\nreencryption operations would introduce latencies that are\nnot desirable. With SAKM, we give to the factor α a value\n(8 in our case) that prevent it from creating a lot of clusters\nexcept for situations where the membership changes in a\nsharply way and it would be better to limit the rekey to\nthe subgroup(s) where the membership changes. Such a\nsituation is very rare and do not affect performances of T2\nthat tolerates some latencies (it is not a serious problem\nwhen we receive a slightly slow sequence for a while when\nseeing a movie on the Internet). In figure 18 we remark\nthat the state of SAKM agents does not change frequently,\nand that it happens only when the membership changes in\na sharp way (see figures 18, 19 at 4500s < t < 8000s) where\n"],"Page":15,"Number":18,"Type":"Figure","CaptionBB":[111,368,367,382],"Height":1169,"Width":826,"DPI":100,"ImageBB":[83,121,398,339]}