{"Caption":"Figure 2. The pioneer robot used to collect the data.","ImageText":[],"Mention":["We employed a Pioneer-class robot (see Figure 2) equipped\nwith a laser range \u0002nder to collect data in an indoor envi-\nronment. A 2D overhead map of the space is shown in Fig-\nure 1. We moved the robot repeatedly counter-clockwise\nin a triangular trajectory around the space (see the triangu-\nlar path in the middle of the \u0002gure) and recorded its range\n"],"Page":5,"Number":2,"Type":"Figure","CaptionBB":[108,285,369,302],"Height":1100,"Width":850,"DPI":100,"ImageBB":[137,80,342,272]}