{"Caption":"Figure 2: Static Data Availability. The percent of entire di-","ImageText":[{"Text":"Directory-based:","TextBB":[272.796,130.427,340.034,141.775],"Rotation":0},{"Text":"8-way","TextBB":[342.582,130.427,367.03,141.775],"Rotation":0},{"Text":"Directory-based:","TextBB":[272.796,139.593,340.033,150.942],"Rotation":0},{"Text":"4-way","TextBB":[342.582,139.593,367.029,150.942],"Rotation":0},{"Text":"File-based:","TextBB":[294.696,148.76,340.034,160.108],"Rotation":0},{"Text":"4-way","TextBB":[342.583,148.76,367.03,160.108],"Rotation":0},{"Text":"Directory-based:","TextBB":[272.796,157.927,340.033,169.275],"Rotation":0},{"Text":"1-way","TextBB":[342.582,157.927,367.029,169.275],"Rotation":0},{"Text":"80%","TextBB":[116.907,158.156,135.25,169.504],"Rotation":0},{"Text":"Percent","TextBB":[97.4557,273.206,108.804,304.794],"Rotation":3},{"Text":"of","TextBB":[97.4557,263.013,108.804,270.658],"Rotation":3},{"Text":"Directories","TextBB":[97.4557,216.666,108.804,260.464],"Rotation":3},{"Text":"Completely","TextBB":[97.4557,168.275,108.804,214.118],"Rotation":3},{"Text":"Available","TextBB":[97.4557,128.538,108.804,165.727],"Rotation":3},{"Text":"Static","TextBB":[229.245,109.206,252.171,120.554],"Rotation":0},{"Text":"Data","TextBB":[254.72,109.206,274.08,120.554],"Rotation":0},{"Text":"Availability","TextBB":[276.628,109.206,319.922,120.554],"Rotation":0},{"Text":"100%","TextBB":[111.811,122.956,135.25,134.304],"Rotation":0},{"Text":"60%","TextBB":[116.907,193.356,135.25,204.704],"Rotation":0},{"Text":"40%","TextBB":[116.907,228.556,135.25,239.904],"Rotation":0},{"Text":"20%","TextBB":[116.907,263.756,135.25,275.104],"Rotation":0},{"Text":"0%","TextBB":[122.004,298.956,135.25,310.304],"Rotation":0},{"Text":"0","TextBB":[139.476,308.123,144.572,319.471],"Rotation":0},{"Text":"5","TextBB":[181.322,308.123,186.419,319.471],"Rotation":0},{"Text":"10","TextBB":[220.573,308.123,230.767,319.471],"Rotation":0},{"Text":"15","TextBB":[262.419,308.123,272.613,319.471],"Rotation":0},{"Text":"20","TextBB":[304.219,308.123,314.412,319.471],"Rotation":0},{"Text":"Number","TextBB":[226.958,321.873,259.555,333.221],"Rotation":0},{"Text":"of","TextBB":[262.103,321.873,269.748,333.221],"Rotation":0},{"Text":"Failed","TextBB":[272.297,321.873,297.258,333.221],"Rotation":0},{"Text":"Disks","TextBB":[299.806,321.873,322.209,333.221],"Rotation":0},{"Text":"25","TextBB":[346.065,308.123,356.258,319.471],"Rotation":0},{"Text":"30","TextBB":[387.865,308.123,398.058,319.471],"Rotation":0}],"Mention":["shows that without replicating the contents of those direc-\ntories, the percent of processes that run without ill-effect\nis lower than expected from our results in Figure 2. How-\never, when those few directories are replicated, the per-\ncentage of processes that run to completion under disk\nfailure is much better than expected. The reason for this\nis clear: a substantial number of processes (e.g., who, ps,\netc.) only require that their executable and a few other\nlibraries are available to run correctly. With popular di-\nrectory replication, excellent availability under failure is\npossible. Fortunately, almost all of the popular \u0002les are in\n\u0093read only\u0094 directories; thus, wide-scale replication will\nnot raise write performance or consistency issues. Also,\nthe space overhead due to popular directory replication is\nminimal for a reasonably sized \u0002le system; for this trace,\nsuch directories account for about 143MB, less than 0.1%\nof the total \u0002le system size.\n"],"Page":6,"Number":2,"Type":"Figure","CaptionBB":[98,332,418,350],"Height":1100,"Width":850,"DPI":100,"ImageBB":[97,108,411,333]}