{"Caption":"Figure 3: General figure of the slotted CSMA\/CA process. ","ImageText":[{"Text":"Q","TextBB":[597.165,668.309,608.097,682.146],"Rotation":0},{"Text":"nτ","TextBB":[686.299,676.239,697.515,684.542],"Rotation":0},{"Text":"(1−τ","TextBB":[698.46,676.239,720.369,684.542],"Rotation":0},{"Text":")","TextBB":[721.314,676.239,725.324,684.542],"Rotation":0},{"Text":"n−1","TextBB":[725.354,673.812,743.653,680.731],"Rotation":0},{"Text":"1−(1−τ","TextBB":[691.968,686.161,726.937,694.463],"Rotation":0},{"Text":")","TextBB":[727.882,686.161,731.892,694.463],"Rotation":0},{"Text":"n","TextBB":[731.929,684.797,738.031,691.716],"Rotation":0},{"Text":"1","TextBB":[503.426,701.644,509.282,712.713],"Rotation":0},{"Text":"−","TextBB":[511.919,701.323,521.052,720.517],"Rotation":0},{"Text":"(1","TextBB":[523.69,701.644,534.106,712.713],"Rotation":0},{"Text":"−","TextBB":[536.744,701.323,545.876,720.517],"Rotation":0},{"Text":"τ","TextBB":[548.514,701.644,553.75,712.713],"Rotation":0},{"Text":")","TextBB":[555.01,701.644,559.57,712.713],"Rotation":0},{"Text":"n","TextBB":[559.607,699.782,565.983,708.084],"Rotation":0},{"Text":"W","TextBB":[444.094,755.789,457.157,769.626],"Rotation":0},{"Text":"1","TextBB":[519.055,739.125,524.911,750.194],"Rotation":0},{"Text":"−","TextBB":[527.549,738.804,536.681,757.998],"Rotation":0},{"Text":"nτ","TextBB":[540.984,735.61,552.201,743.912],"Rotation":0},{"Text":"(1−τ","TextBB":[553.145,735.61,575.055,743.912],"Rotation":0},{"Text":")","TextBB":[576,735.61,580.01,743.912],"Rotation":0},{"Text":"n−1","TextBB":[580.039,733.144,598.339,740.062],"Rotation":0},{"Text":"1−(1−τ","TextBB":[546.654,745.53,581.623,753.832],"Rotation":0},{"Text":")","TextBB":[582.568,745.53,586.578,753.832],"Rotation":0},{"Text":"n","TextBB":[586.615,744.167,592.717,751.085],"Rotation":0},{"Text":"P","TextBB":[731.535,755.789,740.432,769.626],"Rotation":0},{"Text":"1","TextBB":[572.165,798.494,578.02,809.564],"Rotation":0},{"Text":"(1","TextBB":[431.574,829.715,441.991,840.784],"Rotation":0},{"Text":"τ","TextBB":[456.399,829.715,461.635,840.784],"Rotation":0},{"Text":")","TextBB":[462.894,829.715,467.455,840.784],"Rotation":0},{"Text":"n","TextBB":[467.48,827.893,473.856,836.195],"Rotation":0}],"Mention":["Following the analysis of many authors, such as\n[10, 3], we can study a renewal process drawn in\nFig. 3, that can be described as follows:\n"],"Page":6,"Number":3,"Type":"Figure","CaptionBB":[437,858,758,889],"Height":1100,"Width":850,"DPI":100,"ImageBB":[430,651,763,843]}