{"Caption":"Figure 2.","ImageText":[{"Text":"behavior","TextBB":[553.968,486.218,602.086,498.893],"Rotation":0},{"Text":"illustrated","TextBB":[609.84,486.218,665.16,498.893],"Rotation":0},{"Text":"in","TextBB":[672.892,486.218,683.66,498.893],"Rotation":0},{"Text":"the","TextBB":[691.38,486.218,708.289,498.893],"Rotation":0},{"Text":"example","TextBB":[716.033,486.218,762.68,498.893],"Rotation":0},{"Text":"of","TextBB":[770.437,486.218,781.958,498.893],"Rotation":0},{"Text":"only","TextBB":[546.041,502.318,570.634,514.992],"Rotation":0},{"Text":"a","TextBB":[577.116,502.318,583.259,514.992],"Rotation":0},{"Text":"subset","TextBB":[589.728,502.318,624.307,514.992],"Rotation":0},{"Text":"of","TextBB":[630.785,502.318,642.308,514.992],"Rotation":0},{"Text":"the","TextBB":[648.788,502.318,665.692,514.992],"Rotation":0},{"Text":"mechanisms","TextBB":[672.173,502.318,740.558,514.992],"Rotation":0},{"Text":"of","TextBB":[747.05,502.318,758.571,514.992],"Rotation":0},{"Text":"the","TextBB":[765.05,502.318,781.961,514.992],"Rotation":0},{"Text":"to","TextBB":[573.481,518.431,584.244,531.105],"Rotation":0},{"Text":"provide","TextBB":[589.601,518.431,631.643,531.105],"Rotation":0},{"Text":"Byzantine","TextBB":[637.037,518.431,693.132,531.105],"Rotation":0},{"Text":"robustness","TextBB":[698.513,518.431,756.647,531.105],"Rotation":0},{"Text":"and","TextBB":[762.027,518.431,782.005,531.105],"Rotation":0},{"Text":"the","TextBB":[571.422,534.53,588.328,547.205],"Rotation":0},{"Text":"following","TextBB":[593.172,534.53,646.624,547.205],"Rotation":0},{"Text":"mechanisms:","TextBB":[651.481,534.53,723.724,547.205],"Rotation":0},{"Text":"packet","TextBB":[550.817,551.405,586.777,564.08],"Rotation":0},{"Text":"authentication,","TextBB":[591.656,551.405,673.476,564.08],"Rotation":0},{"Text":"buffers,","TextBB":[551.906,567.519,593.93,580.193],"Rotation":0},{"Text":"non-wrapping","TextBB":[607.633,583.618,685.228,596.293],"Rotation":0},{"Text":"sequence","TextBB":[693.659,583.618,744.352,596.293],"Rotation":0},{"Text":"num-","TextBB":[752.77,583.618,781.972,596.293],"Rotation":0},{"Text":"of","TextBB":[589.783,615.83,601.304,628.505],"Rotation":0},{"Text":"packet","TextBB":[606.159,615.83,642.119,628.505],"Rotation":0},{"Text":"transmission,","TextBB":[646.985,615.83,720.371,628.505],"Rotation":0},{"Text":"and","TextBB":[725.211,615.83,745.186,628.505],"Rotation":0},{"Text":"timeout","TextBB":[603.851,631.943,646.129,644.618],"Rotation":0},{"Text":"values.","TextBB":[650.983,631.943,689.429,644.618],"Rotation":0},{"Text":"individual","TextBB":[568.605,648.819,624.363,661.494],"Rotation":0},{"Text":"mechanisms","TextBB":[632.466,648.819,700.851,661.494],"Rotation":0},{"Text":"of","TextBB":[708.969,648.819,720.49,661.494],"Rotation":0},{"Text":"the","TextBB":[728.569,648.819,745.478,661.494],"Rotation":0},{"Text":"basic","TextBB":[753.559,648.819,781.983,661.494],"Rotation":0},{"Text":"in","TextBB":[545.554,664.918,556.317,677.593],"Rotation":0},{"Text":"this","TextBB":[562.875,664.918,582.865,677.593],"Rotation":0},{"Text":"section","TextBB":[589.42,664.918,628.611,677.593],"Rotation":0},{"Text":"(III-A)","TextBB":[635.167,664.918,672.801,677.593],"Rotation":0},{"Text":"is","TextBB":[679.331,664.918,688.563,677.593],"Rotation":0},{"Text":"novel,","TextBB":[695.117,664.918,728.872,677.593],"Rotation":0},{"Text":"we","TextBB":[735.45,664.918,751.583,677.593],"Rotation":0},{"Text":"note","TextBB":[758.139,664.918,781.962,677.593],"Rotation":0},{"Text":"of","TextBB":[589.486,681.031,601.009,693.706],"Rotation":0},{"Text":"them","TextBB":[607.502,681.031,635.167,693.706],"Rotation":0},{"Text":"that","TextBB":[641.665,681.031,662.412,693.706],"Rotation":0},{"Text":"delivers","TextBB":[668.903,681.031,712.131,693.706],"Rotation":0},{"Text":"the","TextBB":[718.636,681.031,735.545,693.706],"Rotation":0},{"Text":"desired","TextBB":[742.026,681.031,781.97,693.706],"Rotation":0},{"Text":"We","TextBB":[584.157,697.131,602.251,709.805],"Rotation":0},{"Text":"provide","TextBB":[607.657,697.131,649.693,709.805],"Rotation":0},{"Text":"the","TextBB":[655.099,697.131,672.008,709.805],"Rotation":0},{"Text":"details","TextBB":[677.402,697.131,713.513,709.805],"Rotation":0},{"Text":"of","TextBB":[718.918,697.131,730.442,709.805],"Rotation":0},{"Text":"some","TextBB":[735.846,697.131,765.048,709.805],"Rotation":0},{"Text":"of","TextBB":[770.441,697.131,781.965,709.805],"Rotation":0}],"Mention":["Fig. 2. Pseudocode for the basic protocol of Section III. In the code, FAs\nare generated upon reception of data packets and scheduled for transmission\nlater, if necessary. The function \u201CauthTag\u201D creates an authentication tag whose\ndetails are described in Section III-B. The calculation of the timeout values\nare described in Section III-C.\n"],"Page":3,"Number":2,"Type":"Figure","CaptionBB":[635,467,688,482],"Height":1100,"Width":850,"DPI":100,"ImageBB":[546,483,785,725]}