{"Type":"Figure",
"Number": 1,
"Page": 6,
"DPI": 100,
"Width": 850,
"Height": 1100,
"CaptionBB": [441,175,755,188],
"Caption": "Figure 1: Lookup Using File Identifier Perturbation: Let id be",
"ImageBB": [530,60,664,171],
"ImageText" : [
{"Rotation": 0,"TextBB": [532.438,91.1395,549.917,105.299], "Text": "id’"},
	{"Rotation": 0,"TextBB": [543.676,99.8286,549.295,109.943], "Text": "2"},
	{"Rotation": 0,"TextBB": [566.152,152.948,583.631,167.108], "Text": "id’"},
	{"Rotation": 0,"TextBB": [633.58,147.329,645.82,161.489], "Text": "id"},
	{"Rotation": 0,"TextBB": [656.056,113.615,661.295,127.775], "Text": "r"},
	{"Rotation": 0,"TextBB": [543.676,119.234,554.154,133.394], "Text": "r’"}
]}
