{"Type":"Figure",
"Number": 1,
"Page": 6,
"DPI": 100,
"Width": 850,
"Height": 1100,
"CaptionBB": [451,332,726,348],
"Caption": "Figure 1. Protein secondary structure prediction",
"ImageBB": [429,90,741,311],
"ImageText" : [
{"Rotation": 0,"TextBB": [444.777,114.066,453.812,121.581], "Text": "65"},
	{"Rotation": 0,"TextBB": [462.976,126.659,519.412,134.175], "Text": "Qian-Sejnowski"},
	{"Rotation": 3,"TextBB": [432,207.155,439.515,235.153], "Text": "Percent"},
	{"Rotation": 3,"TextBB": [432,171.031,439.515,204.896], "Text": "Residues"},
	{"Rotation": 3,"TextBB": [432,142.138,439.515,168.772], "Text": "Correct"},
	{"Rotation": 0,"TextBB": [552.215,139.298,593.742,146.814], "Text": "TreeCRF-V"},
	{"Rotation": 0,"TextBB": [444.777,156.09,453.812,163.605], "Text": "60"},
	{"Rotation": 0,"TextBB": [642.809,172.927,672.603,180.442], "Text": "Mallet-V"},
	{"Rotation": 0,"TextBB": [444.777,198.114,453.812,205.63], "Text": "55"},
	{"Rotation": 0,"TextBB": [444.777,240.184,453.812,247.699], "Text": "50"},
	{"Rotation": 0,"TextBB": [444.777,282.208,453.812,289.724], "Text": "45"},
	{"Rotation": 0,"TextBB": [456.429,290.333,460.946,297.849], "Text": "1"},
	{"Rotation": 0,"TextBB": [557.719,290.333,566.754,297.848], "Text": "10"},
	{"Rotation": 0,"TextBB": [659.008,290.333,672.561,297.848], "Text": "100"},
	{"Rotation": 0,"TextBB": [581.728,302.52,615.147,310.036], "Text": "Iterations"}
]}
