{"Caption":"Figure 1: Graphical illustration of the extended anchoring functionalities where bottom-up and top-down information is possible and different sensing modalities are used. ","ImageText":[{"Text":"③✓④✓⑤❇⑥⑧⑦","TextBB":[87.2222,151.583,118.472,203.583],"Rotation":0},{"Text":"→✛➣✎↔✇↕","TextBB":[204.028,83.25,223.056,135.25],"Rotation":0},{"Text":"➙✡➛","TextBB":[224.861,83.25,233.472,135.25],"Rotation":0},{"Text":"➜","TextBB":[269.167,83.25,269.167,135.25],"Rotation":0},{"Text":"➝❋➝❲➞➠➟☞➡","TextBB":[271.806,83.25,304.722,135.25],"Rotation":0},{"Text":"➊❲➋➍➌❋➎➐➏➍➏","TextBB":[325.139,73.3889,357.778,125.389],"Rotation":0},{"Text":"❦✓❧♥♠♣♦","TextBB":[301.25,116.583,319.861,168.583],"Rotation":0},{"Text":"⑨●","TextBB":[203.889,151.583,209.583,203.583],"Rotation":0},{"Text":"❨❬","TextBB":[206.944,145.472,220.278,197.472],"Rotation":0},{"Text":"⑩❷❶❹","TextBB":[209.583,151.583,219.028,203.583],"Rotation":0},{"Text":"❶❹","TextBB":[218.056,171.306,223.194,223.306],"Rotation":0},{"Text":"❸","TextBB":[219.028,151.583,219.028,203.583],"Rotation":0},{"Text":"❩❃","TextBB":[220.278,145.472,230.694,197.472],"Rotation":0},{"Text":"➅","TextBB":[223.194,171.306,223.194,223.306],"Rotation":0},{"Text":"❺♥❻","TextBB":[223.472,170.889,226.806,222.889],"Rotation":0},{"Text":"❭✺","TextBB":[230.694,145.472,243.194,197.472],"Rotation":0},{"Text":"⑩","TextBB":[240.694,171.306,240.694,223.306],"Rotation":0},{"Text":"❪❃❫✺❴❛❵✕❩❃❜❞","TextBB":[243.194,145.472,303.611,197.472],"Rotation":0},{"Text":"➢●","TextBB":[302.222,166.861,307.917,218.861],"Rotation":0},{"Text":"❝❡","TextBB":[303.611,145.472,319.028,197.472],"Rotation":0},{"Text":"➤➐➥✌➦✴","TextBB":[307.917,166.861,321.806,218.861],"Rotation":0},{"Text":"❫✼","TextBB":[319.028,145.472,330.972,197.472],"Rotation":0},{"Text":"➧♥➨","TextBB":[321.806,166.861,325.139,218.861],"Rotation":0},{"Text":"❢❅❣✐❤","TextBB":[330.972,145.472,355,197.472],"Rotation":0},{"Text":"❥","TextBB":[357.917,145.472,357.917,197.472],"Rotation":0},{"Text":"➶➈➶","TextBB":[361.944,166.722,366.667,218.722],"Rotation":0},{"Text":"➩✌","TextBB":[302.222,176.583,307.5,228.583],"Rotation":0},{"Text":"➺➄","TextBB":[302.639,187.694,307.639,239.694],"Rotation":0},{"Text":"➫","TextBB":[307.5,176.583,307.5,228.583],"Rotation":0},{"Text":"➻❹","TextBB":[307.639,187.694,312.778,239.694],"Rotation":0},{"Text":"➭✛➯❷","TextBB":[308.75,176.583,316.528,228.583],"Rotation":0},{"Text":"➺","TextBB":[312.778,187.694,312.778,239.694],"Rotation":0},{"Text":"➲✙","TextBB":[316.528,176.583,321.944,228.583],"Rotation":0},{"Text":"➯✚","TextBB":[318.056,186.444,322.639,238.444],"Rotation":0},{"Text":"➳➸","TextBB":[321.944,176.583,325.694,228.583],"Rotation":0},{"Text":"➼","TextBB":[322.639,186.444,322.639,238.444],"Rotation":0},{"Text":"➵","TextBB":[325.694,176.583,325.694,228.583],"Rotation":0},{"Text":"➹✌","TextBB":[343.889,176.583,349.167,228.583],"Rotation":0},{"Text":"➱➄","TextBB":[344.306,187.694,349.306,239.694],"Rotation":0},{"Text":"➽✌","TextBB":[344.306,186.444,349.583,238.444],"Rotation":0},{"Text":"➘","TextBB":[349.167,176.583,349.167,228.583],"Rotation":0},{"Text":"✃❹","TextBB":[349.306,187.694,354.444,239.694],"Rotation":0},{"Text":"➾✚","TextBB":[349.583,186.444,354.167,238.444],"Rotation":0},{"Text":"➴","TextBB":[350.417,176.583,350.417,228.583],"Rotation":0},{"Text":"➾❷","TextBB":[353.889,196.167,358.194,248.167],"Rotation":0},{"Text":"➚➄","TextBB":[354.167,186.444,359.167,238.444],"Rotation":0},{"Text":"➱","TextBB":[354.444,187.694,354.444,239.694],"Rotation":0},{"Text":"➷","TextBB":[358.194,196.167,358.194,248.167],"Rotation":0},{"Text":"➪","TextBB":[359.167,186.444,359.167,238.444],"Rotation":0},{"Text":"➬➸➮","TextBB":[363.611,176.583,367.361,228.583],"Rotation":0},{"Text":"❼✌","TextBB":[203.889,177.417,209.167,229.417],"Rotation":0},{"Text":"➂✌","TextBB":[204.583,187.278,209.861,239.278],"Rotation":0},{"Text":"❽","TextBB":[209.167,177.417,209.167,229.417],"Rotation":0},{"Text":"➃➄","TextBB":[209.861,187.278,214.861,239.278],"Rotation":0},{"Text":"❾✛❿❷","TextBB":[210.417,177.417,218.194,229.417],"Rotation":0},{"Text":"❾","TextBB":[214.861,187.278,214.861,239.278],"Rotation":0},{"Text":"➀✙➁","TextBB":[218.194,177.417,223.611,229.417],"Rotation":0},{"Text":"❽","TextBB":[225.278,187.278,225.278,239.278],"Rotation":0},{"Text":"➆➈➇","TextBB":[226.806,187.278,231.528,239.278],"Rotation":0},{"Text":"❽","TextBB":[234.167,187.278,234.167,239.278],"Rotation":0},{"Text":"➉","TextBB":[235.417,187.278,235.417,239.278],"Rotation":0},{"Text":"q❇r❊s✉t✇✈♥①❲②","TextBB":[292.639,217.417,340.139,269.417],"Rotation":0},{"Text":"➾✚❐","TextBB":[359.722,206.028,364.306,258.028],"Rotation":0},{"Text":"✶✸✷✺✹✴✻✼✷✾✽❀✿✓❁❃❂❅❄❇❆✸❈❊❉❋✿●✷✺❍","TextBB":[208.611,243.944,351.667,295.944],"Rotation":0}],"Mention":["The event-based functionalities are now restricted to the Find\nandAcquirewhile theTrack functionality is regularly called.\nFigure 1 shows an overview and an example of the framework\nand its functionalities. In the example, anchors are created\nbottom-up from the visual percepts of a cup. Later, additional\nfeatures of that object are required, for example, the olfactory\nproperty. These features are stored in the anchor. When a\ntop-down request is sent to the anchor module to find a cup\nwith matching properties denoted by the symbol \u201Ccup-22\u201D,\nthe Find functionality anchors the symbol to the perceptual\ndata.\n"],"Page":3,"Number":1,"Type":"Figure","CaptionBB":[73,375,411,420],"Height":1169,"Width":826,"DPI":100,"ImageBB":[85,73,402,353]}