{"Caption":"Figure 3: A design class diagram for BuyItems use case","ImageText":[{"Text":"Store","TextBB":[237.626,178.589,258.209,187.364],"Rotation":0},{"Text":"1","TextBB":[221.376,198.902,226.251,207.677],"Rotation":0},{"Text":"1","TextBB":[318.876,186.714,323.751,195.489],"Rotation":0},{"Text":"address:","TextBB":[237.626,202.964,269.577,211.739],"Rotation":0},{"Text":"Address","TextBB":[272.015,202.964,303.965,211.739],"Rotation":0},{"Text":"name:","TextBB":[237.626,215.152,261.455,223.927],"Rotation":0},{"Text":"Text","TextBB":[263.893,215.152,281.765,223.927],"Rotation":0},{"Text":"ProductSpecification","TextBB":[530.126,178.589,611.909,187.364],"Rotation":0},{"Text":"ProductCatalog","TextBB":[379.814,182.652,440.478,191.427],"Rotation":0},{"Text":"1","TextBB":[363.564,186.714,368.439,195.489],"Rotation":0},{"Text":"Uses","TextBB":[331.064,202.964,350.018,211.739],"Rotation":0},{"Text":"addSale()","TextBB":[237.626,239.527,274.988,248.302],"Rotation":0},{"Text":"description:","TextBB":[530.126,202.964,576.166,211.739],"Rotation":0},{"Text":"Text","TextBB":[578.603,202.964,596.475,211.739],"Rotation":0},{"Text":"price:","TextBB":[530.126,215.152,552.327,223.927],"Rotation":0},{"Text":"Quantity","TextBB":[554.765,215.152,588.89,223.927],"Rotation":0},{"Text":"upc:","TextBB":[530.126,227.339,546.916,236.114],"Rotation":0},{"Text":"UPC","TextBB":[549.353,227.339,568.317,236.114],"Rotation":0},{"Text":"Has","TextBB":[481.376,207.027,496.538,215.802],"Rotation":0},{"Text":"specification()","TextBB":[379.814,231.402,436.13,240.177],"Rotation":0},{"Text":"loadProdSpecs()","TextBB":[379.814,243.589,444.261,252.364],"Rotation":0},{"Text":"1","TextBB":[363.564,243.589,368.439,252.364],"Rotation":0},{"Text":"1","TextBB":[461.064,227.339,465.939,236.114],"Rotation":0},{"Text":"1..*","TextBB":[501.689,227.339,516.314,236.114],"Rotation":0},{"Text":"1","TextBB":[253.876,259.839,258.751,268.614],"Rotation":0},{"Text":"Houses","TextBB":[253.876,276.089,282.58,284.864],"Rotation":0},{"Text":"Looks−in","TextBB":[339.189,280.152,376.648,288.927],"Rotation":0},{"Text":"1","TextBB":[253.876,292.339,258.751,301.114],"Rotation":0},{"Text":"Describes","TextBB":[517.939,272.027,556.383,280.802],"Rotation":0},{"Text":"*","TextBB":[574.814,284.214,579.689,292.989],"Rotation":0},{"Text":"LineItem","TextBB":[546.376,296.402,582.12,305.177],"Rotation":0},{"Text":"Sale","TextBB":[387.939,284.214,404.728,292.989],"Rotation":0},{"Text":"date:","TextBB":[387.939,308.589,406.893,317.364],"Rotation":0},{"Text":"date","TextBB":[409.33,308.589,425.574,317.364],"Rotation":0},{"Text":"time:","TextBB":[387.939,320.777,407.985,329.552],"Rotation":0},{"Text":"Time","TextBB":[410.422,320.777,431.005,329.552],"Rotation":0},{"Text":"isComplete:","TextBB":[387.939,332.964,435.07,341.739],"Rotation":0},{"Text":"Boolean","TextBB":[437.508,332.964,470.005,341.739],"Rotation":0},{"Text":"BuyItems−Controller","TextBB":[237.626,308.589,321.125,317.364],"Rotation":0},{"Text":"Contains","TextBB":[489.501,308.589,524.172,317.364],"Rotation":0},{"Text":"quantity:","TextBB":[546.376,320.777,581.047,329.552],"Rotation":0},{"Text":"Integer","TextBB":[583.485,320.777,611.097,329.552],"Rotation":0},{"Text":"1","TextBB":[485.439,332.964,490.314,341.739],"Rotation":0},{"Text":"1..*","TextBB":[517.939,332.964,532.564,341.739],"Rotation":0},{"Text":"1","TextBB":[331.064,345.152,335.939,353.927],"Rotation":0},{"Text":"endSale()","TextBB":[237.626,357.339,274.988,366.114],"Rotation":0},{"Text":"enterItem()","TextBB":[237.626,369.527,281.482,378.302],"Rotation":0},{"Text":"makePayment()","TextBB":[237.626,381.714,299.363,390.489],"Rotation":0},{"Text":"subtotal()","TextBB":[546.376,345.152,583.748,353.927],"Rotation":0},{"Text":"Records","TextBB":[335.126,365.464,367.077,374.239],"Rotation":0},{"Text":"1","TextBB":[331.064,385.777,335.939,394.552],"Rotation":0},{"Text":"Logs−completed","TextBB":[274.189,414.214,339.806,422.989],"Rotation":0},{"Text":"1","TextBB":[574.814,263.902,579.689,272.677],"Rotation":0},{"Text":"1","TextBB":[371.689,385.777,376.564,394.552],"Rotation":0},{"Text":"becomeComplete()","TextBB":[387.939,357.339,462.673,366.114],"Rotation":0},{"Text":"makeLineItem()","TextBB":[387.939,369.527,451.294,378.302],"Rotation":0},{"Text":"makePayment()","TextBB":[387.939,381.714,449.676,390.489],"Rotation":0},{"Text":"total()","TextBB":[387.939,393.902,411.768,402.677],"Rotation":0},{"Text":"IsPaid−by","TextBB":[485.439,373.589,525.063,382.364],"Rotation":0},{"Text":"1","TextBB":[485.439,389.839,490.314,398.614],"Rotation":0},{"Text":"Payment","TextBB":[542.314,377.652,576.439,386.427],"Rotation":0},{"Text":"1","TextBB":[526.064,389.839,530.939,398.614],"Rotation":0},{"Text":"amount:","TextBB":[542.314,402.027,574.274,410.802],"Rotation":0},{"Text":"Quantity","TextBB":[576.712,402.027,610.837,410.802],"Rotation":0},{"Text":"*","TextBB":[432.626,414.214,437.501,422.989],"Rotation":0}],"Mention":["a of type Cj .\n","m1{c[o1.m3()]\nM3\no3\no1\nm2{o3.m3()}\nM3\no3\nm1{c[o2.m2()]\n","classes to keep the classes simple for ease of reuse and maintenance.\n"],"Page":23,"Number":3,"Type":"Figure","CaptionBB":[247,450,587,466],"Height":1169,"Width":826,"DPI":100,"ImageBB":[215,167,622,432]}