{"Caption":"Figure 12: FT-NRP: Effect of +\/ −","ImageText":[{"Text":"4","TextBB":[324.547,81.3584,326.787,85.0839],"Rotation":0},{"Text":"x","TextBB":[313.144,83.6379,316.165,89.2262],"Rotation":0},{"Text":"10","TextBB":[317.844,83.6379,324.562,89.2262],"Rotation":0},{"Text":"4.6","TextBB":[314,87.6151,322.397,93.2033],"Rotation":0},{"Text":"4.5","TextBB":[314,101.335,322.397,106.923],"Rotation":0},{"Text":"48K","TextBB":[99.7092,106.998,110.457,112.587],"Rotation":0},{"Text":"4.3","TextBB":[314,128.722,322.397,134.31],"Rotation":0},{"Text":"4.2","TextBB":[314,142.415,322.397,148.003],"Rotation":0},{"Text":"42K","TextBB":[99.7092,153.516,110.457,159.105],"Rotation":0},{"Text":"4.1","TextBB":[314,156.108,322.397,161.696],"Rotation":0},{"Text":"40K","TextBB":[99.7092,169.047,110.457,174.635],"Rotation":0},{"Text":"4","TextBB":[314,169.828,317.359,175.416],"Rotation":0},{"Text":"38K","TextBB":[99.7092,184.554,110.457,190.142],"Rotation":0},{"Text":"3.9","TextBB":[314,183.522,322.397,189.11],"Rotation":0},{"Text":"36K","TextBB":[99.7092,200.06,110.457,205.648],"Rotation":0},{"Text":"3.8","TextBB":[314,197.215,322.397,202.803],"Rotation":0},{"Text":"34K","TextBB":[99.7092,215.591,110.457,221.18],"Rotation":0},{"Text":"0","TextBB":[107.085,220.575,110.444,226.163],"Rotation":0},{"Text":"Number","TextBB":[92.6277,171.335,98.216,192.818],"Rotation":3},{"Text":"of","TextBB":[92.6277,164.617,98.216,169.656],"Rotation":3},{"Text":"Messages","TextBB":[92.6277,135.407,98.216,162.938],"Rotation":3},{"Text":"44K","TextBB":[99.7092,138.01,110.457,143.598],"Rotation":0},{"Text":"3.7","TextBB":[314,210.908,322.397,216.496],"Rotation":0},{"Text":"0.1","TextBB":[119.671,224.703,128.068,230.291],"Rotation":0},{"Text":"0.2","TextBB":[137.317,228.807,145.714,234.395],"Rotation":0},{"Text":"0.3","TextBB":[154.937,232.935,163.335,238.523],"Rotation":0},{"Text":"0.4","TextBB":[172.558,237.037,180.956,242.626],"Rotation":0},{"Text":"0.5","TextBB":[190.203,241.165,198.6,246.753],"Rotation":0},{"Text":"0","TextBB":[205.558,241.165,208.917,246.753],"Rotation":0},{"Text":"0.2","TextBB":[240.825,232.935,249.222,238.523],"Rotation":0},{"Text":"0.1","TextBB":[223.204,237.037,231.602,242.626],"Rotation":0},{"Text":"0.4","TextBB":[276.092,224.703,284.489,230.291],"Rotation":0},{"Text":"3.6","TextBB":[314,224.603,322.397,230.191],"Rotation":0},{"Text":"ε","TextBB":[245.079,247.15,249.057,258.958],"Rotation":0},{"Text":"+","TextBB":[249.056,246.567,253.29,253.272],"Rotation":0},{"Text":"ε","TextBB":[161.835,252.31,165.813,264.118],"Rotation":0},{"Text":"−","TextBB":[165.812,251.726,170.046,258.432],"Rotation":0},{"Text":"0.3","TextBB":[258.446,228.807,266.843,234.395],"Rotation":0},{"Text":"0.5","TextBB":[293.711,220.575,302.109,226.163],"Rotation":0},{"Text":"4.4","TextBB":[314,115.028,322.397,120.616],"Rotation":0},{"Text":"46K","TextBB":[99.7092,122.504,110.457,128.092],"Rotation":0}],"Mention":["ues of ²+ and ²¡. Figure 12 shows that FT-NRP ex-\nploits tolerance e®ectively. Figure 13 then illustrates\nthe e®ect of data °uctuation (i.e., the amount of di®er-\nence between two adjacent values in a data stream) on\nFT-NRP. As ¾ increases, FT-NRP generates more\nmessages. When a data value changes abruptly, it has\na higher chance of violating the ¯lter bound constraint\n"],"Page":12,"Number":12,"Type":"Figure","CaptionBB":[100,264,308,280],"Height":1100,"Width":850,"DPI":100,"ImageBB":[90,80,329,264]}