{"Caption":"Figure 2: The C2 RPD Model","ImageText":[{"Text":"RPD","TextBB":[156.968,88.1354,171.825,96.2604],"Rotation":0},{"Text":"-Agent","TextBB":[175.801,88.1354,197.014,96.2604],"Rotation":0},{"Text":"Other","TextBB":[611.468,88.3021,628.862,96.4271],"Rotation":0},{"Text":"RPD","TextBB":[637.135,88.3021,651.993,96.4271],"Rotation":0},{"Text":"-Agent","TextBB":[655.968,88.3021,677.181,96.4271],"Rotation":0},{"Text":"Human","TextBB":[362.801,88.9688,385.29,97.0938],"Rotation":0},{"Text":"DM","TextBB":[387.2,88.9688,399.506,97.0938],"Rotation":0},{"Text":"planned","TextBB":[181.801,103.802,205.985,111.927],"Rotation":0},{"Text":"decision","TextBB":[207.895,103.802,233.355,111.927],"Rotation":0},{"Text":"points","TextBB":[235.265,103.802,253.942,111.927],"Rotation":0},{"Text":"recognized","TextBB":[181.801,115.802,215.312,123.927],"Rotation":0},{"Text":"decision","TextBB":[217.222,115.802,242.682,123.927],"Rotation":0},{"Text":"needs","TextBB":[244.592,115.802,261.985,123.927],"Rotation":0},{"Text":"decision","TextBB":[317.801,132.802,343.261,140.927],"Rotation":0},{"Text":"requests","TextBB":[345.171,132.802,370.203,140.927],"Rotation":0},{"Text":"inform","TextBB":[182.134,154.302,202.927,162.427],"Rotation":0},{"Text":"decision","TextBB":[204.837,154.302,230.297,162.427],"Rotation":0},{"Text":"task","TextBB":[232.206,154.302,244.513,162.427],"Rotation":0},{"Text":"Decision","TextBB":[151.301,178.302,178.457,186.427],"Rotation":0},{"Text":"Task","TextBB":[180.366,178.302,195.216,186.427],"Rotation":0},{"Text":"Analysis","TextBB":[162.968,190.136,189.703,198.261],"Rotation":0},{"Text":"Commit","TextBB":[625.302,178.302,650.35,186.427],"Rotation":0},{"Text":"to","TextBB":[652.259,178.302,658.202,186.427],"Rotation":0},{"Text":"Decision","TextBB":[618.968,190.136,646.124,198.261],"Rotation":0},{"Text":"Task","TextBB":[648.034,190.136,662.884,198.261],"Rotation":0},{"Text":"Decision","TextBB":[357.635,179.136,384.791,187.261],"Rotation":0},{"Text":"Task","TextBB":[386.7,179.136,401.55,187.261],"Rotation":0},{"Text":"Review","TextBB":[371.801,191.136,395.138,199.261],"Rotation":0},{"Text":"Have","TextBB":[161.301,237.892,173.64,244.142],"Rotation":0},{"Text":"time","TextBB":[175.102,237.892,185.499,244.142],"Rotation":0},{"Text":"to","TextBB":[186.961,237.892,191.511,244.142],"Rotation":0},{"Text":"refine","TextBB":[171.134,246.392,184.771,252.642],"Rotation":0},{"Text":"recognition?","TextBB":[162.634,255.059,191.868,261.309],"Rotation":0},{"Text":"Situation","TextBB":[370.135,231.18,395.217,238.368],"Rotation":0},{"Text":"Familar","TextBB":[370.468,241.514,392.072,248.701],"Rotation":0},{"Text":"?","TextBB":[397.135,241.514,400.218,248.701],"Rotation":0},{"Text":"no","TextBB":[233.468,239.802,241.107,247.927],"Rotation":0},{"Text":"yes","TextBB":[430.802,229.636,440.984,237.761],"Rotation":0},{"Text":"Interrupt","TextBB":[416.801,256.969,443.529,265.094],"Rotation":0},{"Text":"RPD","TextBB":[455.301,256.969,470.159,265.094],"Rotation":0},{"Text":"-agent","TextBB":[474.135,256.969,493.224,265.094],"Rotation":0},{"Text":"Provide","TextBB":[431.301,268.969,455.066,277.094],"Rotation":0},{"Text":"COA","TextBB":[464.635,268.969,480.761,277.094],"Rotation":0},{"Text":"no","TextBB":[345.635,262.136,353.274,270.261],"Rotation":0},{"Text":"yes","TextBB":[188.634,274.136,198.817,282.261],"Rotation":0},{"Text":"Process","TextBB":[145.801,292.969,169.137,301.094],"Rotation":0},{"Text":"incoming","TextBB":[171.047,292.969,199.906,301.094],"Rotation":0},{"Text":"information","TextBB":[156.467,304.969,192.538,313.094],"Rotation":0},{"Text":"Match","TextBB":[115.301,348.636,134.818,356.761],"Rotation":0},{"Text":"cues","TextBB":[136.728,348.636,150.302,356.761],"Rotation":0},{"Text":"with","TextBB":[112.301,360.636,125.883,368.761],"Rotation":0},{"Text":"features","TextBB":[127.792,360.636,151.969,368.761],"Rotation":0},{"Text":"information","TextBB":[199.301,349.469,235.371,357.594],"Rotation":0},{"Text":"link","TextBB":[198.801,361.469,210.687,369.594],"Rotation":0},{"Text":"analysis","TextBB":[212.597,361.469,237.209,369.594],"Rotation":0},{"Text":"request","TextBB":[108.134,388.803,130.195,396.928],"Rotation":0},{"Text":"missing","TextBB":[132.105,388.803,155.877,396.928],"Rotation":0},{"Text":"information","TextBB":[113.634,400.803,149.704,408.928],"Rotation":0},{"Text":"request","TextBB":[193.634,387.136,215.695,395.261],"Rotation":0},{"Text":"missing","TextBB":[217.605,387.136,241.377,395.261],"Rotation":0},{"Text":"information","TextBB":[199.301,399.136,235.371,407.261],"Rotation":0},{"Text":"Get","TextBB":[111.967,428.303,122.998,436.428],"Rotation":0},{"Text":"the","TextBB":[124.908,428.303,134.242,436.428],"Rotation":0},{"Text":"most","TextBB":[136.152,428.303,151.009,436.428],"Rotation":0},{"Text":"matched","TextBB":[120.968,440.303,146.848,448.428],"Rotation":0},{"Text":"experiences","TextBB":[114.467,452.303,150.523,460.428],"Rotation":0},{"Text":"Get","TextBB":[197.634,429.136,208.665,437.261],"Rotation":0},{"Text":"the","TextBB":[210.574,429.136,219.909,437.261],"Rotation":0},{"Text":"most","TextBB":[221.819,429.136,236.676,437.261],"Rotation":0},{"Text":"reasonable","TextBB":[202.634,441.136,235.298,449.261],"Rotation":0},{"Text":"stories","TextBB":[210.468,453.136,230.412,461.261],"Rotation":0},{"Text":"feature","TextBB":[103.801,478.803,125.006,486.928],"Rotation":0},{"Text":"matching","TextBB":[126.916,478.803,155.347,486.928],"Rotation":0},{"Text":"story","TextBB":[196.301,479.636,211.579,487.761],"Rotation":0},{"Text":"building","TextBB":[213.488,479.636,238.956,487.761],"Rotation":0},{"Text":"Inform","TextBB":[166.468,513.136,187.68,521.261],"Rotation":0},{"Text":"Recognition","TextBB":[141.634,525.136,178.98,533.261],"Rotation":0},{"Text":"Results","TextBB":[180.89,525.136,203.386,533.261],"Rotation":0},{"Text":"Monitor","TextBB":[123.301,571.303,148.341,579.428],"Rotation":0},{"Text":"Expectancy","TextBB":[116.301,583.303,151.936,591.428],"Rotation":0},{"Text":"recognition","TextBB":[370.135,356.892,396.772,363.142],"Rotation":0},{"Text":"ready?","TextBB":[376.135,365.392,391.719,371.642],"Rotation":0},{"Text":"yes","TextBB":[319.134,380.181,328.391,387.368],"Rotation":0},{"Text":"adjust","TextBB":[450.135,356.892,464.105,363.142],"Rotation":0},{"Text":"recognition?","TextBB":[441.635,365.392,470.868,371.642],"Rotation":0},{"Text":"adjust","TextBB":[415.968,397.803,434.217,405.928],"Rotation":0},{"Text":"time","TextBB":[436.127,397.803,449.709,405.928],"Rotation":0},{"Text":"constraints","TextBB":[451.618,397.803,484.717,405.928],"Rotation":0},{"Text":"adjust","TextBB":[415.968,409.803,434.217,417.928],"Rotation":0},{"Text":"recognition","TextBB":[436.127,409.803,470.921,417.928],"Rotation":0},{"Text":"strategy","TextBB":[435.065,421.803,459.249,429.928],"Rotation":0},{"Text":"adjust","TextBB":[415.968,433.803,434.217,441.928],"Rotation":0},{"Text":"cue","TextBB":[436.127,433.803,446.73,441.928],"Rotation":0},{"Text":"weight","TextBB":[448.639,433.803,469.432,441.928],"Rotation":0},{"Text":"input","TextBB":[415.968,445.803,431.674,453.928],"Rotation":0},{"Text":"human","TextBB":[433.583,445.803,454.376,453.928],"Rotation":0},{"Text":"assessment","TextBB":[456.286,445.803,490.233,453.928],"Rotation":0},{"Text":"review","TextBB":[285.301,400.803,306.086,408.928],"Rotation":0},{"Text":"missing","TextBB":[307.996,400.803,331.768,408.928],"Rotation":0},{"Text":"information","TextBB":[289.968,412.803,326.038,420.928],"Rotation":0},{"Text":"provide","TextBB":[294.801,442.803,318.138,450.928],"Rotation":0},{"Text":"if","TextBB":[320.047,442.803,324.715,450.928],"Rotation":0},{"Text":"available","TextBB":[296.968,454.803,324.544,462.928],"Rotation":0},{"Text":"Evaluate","TextBB":[423.968,519.803,450.696,527.928],"Rotation":0},{"Text":"COA","TextBB":[460.635,519.803,476.761,527.928],"Rotation":0},{"Text":"COA","TextBB":[229.968,577.303,246.093,585.428],"Rotation":0},{"Text":"Adjust","TextBB":[197.968,620.136,218.34,628.261],"Rotation":0},{"Text":"COA","TextBB":[225.468,620.136,241.593,628.261],"Rotation":0},{"Text":"Implement","TextBB":[188.801,662.637,221.9,670.762],"Rotation":0},{"Text":"yes","TextBB":[579.468,384.514,588.725,391.702],"Rotation":0},{"Text":"anticipated","TextBB":[704.635,359.059,730.296,365.309],"Rotation":0},{"Text":"Info","TextBB":[702.802,367.559,712.544,373.809],"Rotation":0},{"Text":"Needs?","TextBB":[714.006,367.559,731.217,373.809],"Rotation":0},{"Text":"yes","TextBB":[723.635,386.181,732.892,393.368],"Rotation":0},{"Text":"yes","TextBB":[653.968,388.681,663.225,395.868],"Rotation":0},{"Text":"collect","TextBB":[545.968,406.803,566.333,414.928],"Rotation":0},{"Text":"missing","TextBB":[568.243,406.803,592.015,414.928],"Rotation":0},{"Text":"information","TextBB":[551.135,418.803,587.205,426.928],"Rotation":0},{"Text":"proactive","TextBB":[701.802,413.636,730.226,421.761],"Rotation":0},{"Text":"inform","TextBB":[706.969,425.636,727.761,433.761],"Rotation":0},{"Text":"provide","TextBB":[555.802,449.636,579.138,457.761],"Rotation":0},{"Text":"if","TextBB":[581.048,449.636,585.715,457.761],"Rotation":0},{"Text":"available","TextBB":[557.968,461.636,585.544,469.761],"Rotation":0},{"Text":"Monitor","TextBB":[564.302,513.803,589.342,521.928],"Rotation":0},{"Text":"Expectancy","TextBB":[557.468,525.803,593.103,533.928],"Rotation":0},{"Text":"Evaluate","TextBB":[685.135,519.803,711.863,527.928],"Rotation":0},{"Text":"Anomaly?","TextBB":[562.302,568.514,591.232,575.702],"Rotation":0},{"Text":"COA","TextBB":[721.969,519.803,738.094,527.928],"Rotation":0},{"Text":"Adjust","TextBB":[689.469,572.136,709.841,580.261],"Rotation":0},{"Text":"COA","TextBB":[716.802,572.136,732.928,580.261],"Rotation":0},{"Text":"Adjust","TextBB":[428.301,577.303,448.674,585.428],"Rotation":0},{"Text":"COA","TextBB":[455.635,577.303,471.76,585.428],"Rotation":0},{"Text":"yes","TextBB":[326.801,583.015,336.058,590.202],"Rotation":0},{"Text":"yes","TextBB":[563.134,589.015,572.391,596.202],"Rotation":0},{"Text":"Inform","TextBB":[305.801,606.303,327.014,614.428],"Rotation":0},{"Text":"exceptions","TextBB":[298.634,618.303,331.306,626.428],"Rotation":0},{"Text":"Inform","TextBB":[566.135,618.303,587.348,626.428],"Rotation":0},{"Text":"exceptions","TextBB":[558.802,630.303,591.473,638.428],"Rotation":0},{"Text":"no","TextBB":[125.634,637.848,132.579,645.035],"Rotation":0},{"Text":"Learning","TextBB":[122.634,662.803,150.21,670.928],"Rotation":0},{"Text":"recognition","TextBB":[631.302,359.059,657.939,365.309],"Rotation":0},{"Text":"ready?","TextBB":[637.302,367.559,652.886,373.809],"Rotation":0},{"Text":"no","TextBB":[622.301,560.848,629.246,568.035],"Rotation":0},{"Text":"Anomaly?","TextBB":[301.968,566.014,330.898,573.202],"Rotation":0},{"Text":"Evaluate","TextBB":[193.134,577.303,219.862,585.428],"Rotation":0},{"Text":"Being","TextBB":[566.468,359.059,580.439,365.309],"Rotation":0},{"Text":"requested?","TextBB":[559.635,367.559,584.64,373.809],"Rotation":0},{"Text":"yes","TextBB":[466.468,379.347,475.724,386.535],"Rotation":0},{"Text":"yes","TextBB":[366.301,381.847,375.558,389.035],"Rotation":0},{"Text":"Monitor","TextBB":[302.968,513.803,328.008,521.928],"Rotation":0},{"Text":"Expectancy","TextBB":[296.134,525.803,331.769,533.928],"Rotation":0},{"Text":"yes","TextBB":[91.8007,612.181,101.058,619.369],"Rotation":0},{"Text":"Anomaly?","TextBB":[122.301,619.848,151.231,627.035],"Rotation":0},{"Text":"Being","TextBB":[305.134,356.892,319.105,363.142],"Rotation":0},{"Text":"requested?","TextBB":[298.301,365.392,323.307,371.642],"Rotation":0},{"Text":"Learning","TextBB":[622.635,624.303,650.211,632.428],"Rotation":0},{"Text":"Implement","TextBB":[679.969,624.303,713.068,632.428],"Rotation":0},{"Text":"COA","TextBB":[726.302,624.303,742.428,632.428],"Rotation":0},{"Text":"COA","TextBB":[234.968,662.637,251.093,670.762],"Rotation":0}],"Mention":["no mention found","no mention found"],"Page":4,"Number":2,"Type":"Figure","CaptionBB":[342,699,506,717],"Height":1169,"Width":826,"DPI":100,"ImageBB":[85,78,761,683]}