{"Caption":"Figure 4: The framing attack experiment","ImageText":[{"Text":"Exp","TextBB":[108.3,83.6589,132.166,97.6286],"Rotation":0},{"Text":"A","TextBB":[132.162,80.0675,141.56,91.1371],"Rotation":0},{"Text":"fra","TextBB":[132.162,90.5672,145.426,100.74],"Rotation":0},{"Text":"(ν)","TextBB":[146.112,83.1437,166.34,98.2952],"Rotation":0},{"Text":":","TextBB":[170.56,83.1437,174.772,98.2952],"Rotation":0},{"Text":"state","TextBB":[191.375,64.221,222.138,78.1907],"Rotation":0},{"Text":"I","TextBB":[222.137,69.1175,228.613,80.1871],"Rotation":0},{"Text":"=","TextBB":[234.275,63.7058,246.063,78.8573],"Rotation":0},{"Text":"pk","TextBB":[256.149,64.221,271.388,78.1907],"Rotation":0},{"Text":"GM","TextBB":[271.4,70.4049,293.028,81.4745],"Rotation":0},{"Text":",","TextBB":[293.712,63.7058,297.924,78.8573],"Rotation":0},{"Text":"sk","TextBB":[300.449,64.221,313.666,78.1907],"Rotation":0},{"Text":"GM","TextBB":[313.662,69.1175,335.29,80.1871],"Rotation":0},{"Text":"←","TextBB":[346.076,63.3725,361.228,89.6149],"Rotation":0},{"Text":"Setup(1","TextBB":[365.438,64.221,415.178,78.1907],"Rotation":0},{"Text":"ν","TextBB":[415.175,61.2676,420.953,72.3372],"Rotation":0},{"Text":");","TextBB":[422.375,63.7058,432.476,78.8573],"Rotation":0},{"Text":"s,","TextBB":[197.256,83.6585,207.281,97.6282],"Rotation":0},{"Text":"d,","TextBB":[209.809,83.1433,221.902,98.2948],"Rotation":0},{"Text":"ρ","TextBB":[224.43,83.1433,232.263,98.2948],"Rotation":0},{"Text":"1","TextBB":[232.274,88.4796,238.152,99.5492],"Rotation":0},{"Text":"←","TextBB":[248.938,82.81,264.089,109.052],"Rotation":0},{"Text":"A","TextBB":[268.302,82.81,280.392,109.052],"Rotation":0},{"Text":"I[state","TextBB":[280.399,80.7045,314.773,91.7741],"Rotation":0},{"Text":"I","TextBB":[314.774,85.0245,320.661,92.6542],"Rotation":0},{"Text":",Q","TextBB":[321.849,80.7045,334.72,91.7741],"Rotation":0},{"Text":"pub","TextBB":[334.712,85.0205,348.376,92.6502],"Rotation":0},{"Text":",Q","TextBB":[349.074,80.7045,361.945,91.7741],"Rotation":0},{"Text":"key","TextBB":[361.937,85.0205,373.99,92.6502],"Rotation":0},{"Text":",Q","TextBB":[374.812,80.7045,387.682,91.7741],"Rotation":0},{"Text":"b−join","TextBB":[387.674,85.0205,413.632,92.6502],"Rotation":0},{"Text":",Q","TextBB":[414.349,80.7045,427.22,91.7741],"Rotation":0},{"Text":"id","TextBB":[427.212,85.0205,433.866,92.6502],"Rotation":0},{"Text":"]","TextBB":[434.574,80.7045,437.84,91.7741],"Rotation":0},{"Text":"(first,","TextBB":[438.537,83.1433,473.208,98.2948],"Rotation":0},{"Text":"1","TextBB":[475.734,83.1433,483.309,98.2948],"Rotation":0},{"Text":"ν","TextBB":[483.312,80.7045,489.09,91.7741],"Rotation":0},{"Text":");","TextBB":[490.512,83.1433,500.613,98.2948],"Rotation":0},{"Text":"r","TextBB":[211.525,98.13,216.827,109.2],"Rotation":0},{"Text":"c","TextBB":[191.375,103.668,197.936,118.82],"Rotation":0},{"Text":"←−","TextBB":[202.137,103.335,226.552,129.577],"Rotation":0},{"Text":"{0,","TextBB":[230.764,103.335,250.122,129.577],"Rotation":0},{"Text":"1}","TextBB":[252.647,103.668,267.798,118.82],"Rotation":0},{"Text":"k","TextBB":[267.8,101.23,273.921,112.3],"Rotation":0},{"Text":";","TextBB":[274.912,103.668,279.124,118.82],"Rotation":0},{"Text":"ρ","TextBB":[191.375,122.481,199.208,137.632],"Rotation":0},{"Text":"2","TextBB":[199.212,127.817,205.09,138.887],"Rotation":0},{"Text":"←","TextBB":[209.987,122.147,225.139,148.39],"Rotation":0},{"Text":"A(second,","TextBB":[229.351,122.147,294.062,148.39],"Rotation":0},{"Text":"d,","TextBB":[296.591,122.481,308.683,137.632],"Rotation":0},{"Text":"ρ","TextBB":[311.211,122.481,319.044,137.632],"Rotation":0},{"Text":"1","TextBB":[319.05,127.817,324.928,138.887],"Rotation":0},{"Text":",","TextBB":[325.612,122.481,329.824,137.632],"Rotation":0},{"Text":"c);","TextBB":[332.353,122.481,349.013,137.632],"Rotation":0},{"Text":"if","TextBB":[191.375,143.127,209.553,155.036],"Rotation":0},{"Text":"iV(pk","TextBB":[218.65,141.808,253.7,155.778],"Rotation":0},{"Text":"GM","TextBB":[253.7,148.004,275.328,159.074],"Rotation":0},{"Text":",","TextBB":[276.013,141.293,280.225,156.445],"Rotation":0},{"Text":"ρ","TextBB":[282.753,141.293,290.587,156.445],"Rotation":0},{"Text":"1","TextBB":[290.587,146.63,296.465,157.699],"Rotation":0},{"Text":",","TextBB":[297.162,141.293,301.374,156.445],"Rotation":0},{"Text":"c,","TextBB":[303.903,141.293,314.681,156.445],"Rotation":0},{"Text":"ρ","TextBB":[317.21,141.293,325.043,156.445],"Rotation":0},{"Text":"2","TextBB":[325.038,146.63,330.916,157.699],"Rotation":0},{"Text":")","TextBB":[331.588,141.293,337.482,156.445],"Rotation":0},{"Text":"=","TextBB":[341.689,141.293,353.477,156.445],"Rotation":0},{"Text":"true","TextBB":[357.686,143.127,394.04,155.036],"Rotation":0},{"Text":"and","TextBB":[403.136,143.127,430.402,155.036],"Rotation":0},{"Text":"if","TextBB":[234.538,161.964,252.716,173.873],"Rotation":0},{"Text":"Open(sk","TextBB":[256.5,160.616,312.666,174.631],"Rotation":0},{"Text":"GM","TextBB":[312.675,165.543,334.303,176.612],"Rotation":0},{"Text":",","TextBB":[334.987,160.131,339.199,175.282],"Rotation":0},{"Text":"transcripts,","TextBB":[341.724,160.646,412.136,174.616],"Rotation":0},{"Text":"ρ","TextBB":[414.665,160.131,422.498,175.282],"Rotation":0},{"Text":"1","TextBB":[422.5,165.467,428.378,176.537],"Rotation":0},{"Text":")","TextBB":[429.062,160.131,434.956,175.282],"Rotation":0},{"Text":"∈","TextBB":[439.162,159.797,449.268,186.04],"Rotation":0},{"Text":"U","TextBB":[453.474,160.131,463.822,175.282],"Rotation":0},{"Text":"b","TextBB":[465.475,157.692,470.512,168.762],"Rotation":0},{"Text":"or","TextBB":[254.212,180.789,272.391,192.698],"Rotation":0},{"Text":"∃i","TextBB":[276.187,178.622,289.827,204.865],"Rotation":0},{"Text":"∈","TextBB":[294.036,178.622,304.142,204.865],"Rotation":0},{"Text":"U","TextBB":[308.336,178.956,318.684,194.107],"Rotation":0},{"Text":"b","TextBB":[320.338,176.53,325.374,187.6],"Rotation":0},{"Text":":","TextBB":[330.275,178.956,334.487,194.107],"Rotation":0},{"Text":"Trace(Reveal(sk","TextBB":[338.687,179.471,439.801,193.441],"Rotation":0},{"Text":"GM","TextBB":[439.8,184.368,461.428,195.437],"Rotation":0},{"Text":",","TextBB":[462.112,178.956,466.324,194.107],"Rotation":0},{"Text":"transcripts,","TextBB":[468.849,179.471,539.261,193.441],"Rotation":0},{"Text":"i),","TextBB":[541.79,178.956,557.11,194.107],"Rotation":0},{"Text":"ρ","TextBB":[559.638,178.956,567.472,194.107],"Rotation":0},{"Text":"1","TextBB":[567.475,184.293,573.353,195.362],"Rotation":0},{"Text":")","TextBB":[574.037,178.956,579.931,194.107],"Rotation":0},{"Text":"=","TextBB":[584.138,178.956,595.926,194.107],"Rotation":0},{"Text":"true","TextBB":[599.711,180.789,636.064,192.698],"Rotation":0},{"Text":"then","TextBB":[234.538,199.614,270.891,211.523],"Rotation":0},{"Text":"output","TextBB":[279.987,199.614,334.516,211.523],"Rotation":0},{"Text":"1","TextBB":[343.625,199.614,352.715,211.523],"Rotation":0},{"Text":"else","TextBB":[191.375,218.439,227.728,230.348],"Rotation":0},{"Text":"if","TextBB":[236.825,218.439,255.003,230.348],"Rotation":0},{"Text":"s","TextBB":[267.887,217.091,275.463,231.106],"Rotation":0},{"Text":"is","TextBB":[279.249,218.439,297.428,230.348],"Rotation":0},{"Text":"such","TextBB":[306.524,218.439,342.878,230.348],"Rotation":0},{"Text":"that","TextBB":[351.974,218.439,388.327,230.348],"Rotation":0},{"Text":"i,","TextBB":[398.011,216.606,407.455,231.757],"Rotation":0},{"Text":"s","TextBB":[409.973,217.121,415.776,231.091],"Rotation":0},{"Text":"∈","TextBB":[425.886,216.272,435.992,242.515],"Rotation":0},{"Text":"Sigs","TextBB":[440.197,217.121,465.621,231.091],"Rotation":0},{"Text":"and","TextBB":[469.396,218.439,496.662,230.348],"Rotation":0},{"Text":"i","TextBB":[500.459,216.606,505.686,231.757],"Rotation":0},{"Text":"∈","TextBB":[509.895,216.272,520.002,242.515],"Rotation":0},{"Text":"U","TextBB":[524.195,216.606,534.544,231.757],"Rotation":0},{"Text":"b","TextBB":[536.2,214.18,541.236,225.249],"Rotation":0},{"Text":"and","TextBB":[234.538,237.264,261.803,249.173],"Rotation":0},{"Text":"cV(s,","TextBB":[274.687,235.946,307.635,249.916],"Rotation":0},{"Text":"ρ","TextBB":[310.164,235.431,317.997,250.582],"Rotation":0},{"Text":"1","TextBB":[318,240.767,323.878,251.837],"Rotation":0},{"Text":",","TextBB":[324.575,235.431,328.787,250.582],"Rotation":0},{"Text":"c,","TextBB":[331.315,235.431,342.094,250.582],"Rotation":0},{"Text":"ρ","TextBB":[344.622,235.431,352.456,250.582],"Rotation":0},{"Text":"2","TextBB":[352.45,240.767,358.328,251.837],"Rotation":0},{"Text":")","TextBB":[359,235.431,364.894,250.582],"Rotation":0},{"Text":"=","TextBB":[369.101,235.431,380.889,250.582],"Rotation":0},{"Text":"true","TextBB":[385.098,235.946,410.309,249.916],"Rotation":0},{"Text":"then","TextBB":[414.085,237.264,450.439,249.173],"Rotation":0},{"Text":"output","TextBB":[459.548,237.264,514.076,249.173],"Rotation":0},{"Text":"1","TextBB":[523.185,237.264,532.276,249.173],"Rotation":0},{"Text":"else","TextBB":[191.375,256.077,227.728,267.986],"Rotation":0},{"Text":"output","TextBB":[236.825,256.077,291.353,267.986],"Rotation":0},{"Text":"0","TextBB":[300.462,256.077,309.553,267.986],"Rotation":0}],"Mention":["their own. We capture these two framing notions with the experiment described in figure 4 (we remark\nthat \u201Cexculpability\u201D of group signatures [2] is integrated in this experiment).\nA traceable scheme satisfies security against framing provided that for any probabilistic polynomial-\n"],"Page":25,"Number":4,"Type":"Figure","CaptionBB":[285,284,533,300],"Height":1100,"Width":850,"DPI":100,"ImageBB":[107,60,638,273]}