{"Type":"Figure",
"Number": 7,
"Page": 10,
"DPI": 100,
"Width": 850,
"Height": 1100,
"CaptionBB": [338,494,486,509],
"Caption": "Figure 7. Terminology.",
"ImageBB": [166,98,665,477],
"ImageText" : [
{"Rotation": 0,"TextBB": [172.871,133.335,190.834,144.421], "Text": "VM"},
	{"Rotation": 0,"TextBB": [172.871,147.776,202.713,158.863], "Text": "Layer"},
	{"Rotation": 0,"TextBB": [400.504,104.607,406.721,111.998], "Text": "G"},
	{"Rotation": 0,"TextBB": [406.728,108.495,413.82,113.447], "Text": "vm"},
	{"Rotation": 0,"TextBB": [413.829,104.607,443.937,111.998], "Text": "(VM,VE)"},
	{"Rotation": 0,"TextBB": [400.504,114.262,411.07,121.653], "Text": "vm"},
	{"Rotation": 0,"TextBB": [411.036,118.149,412.225,123.101], "Text": "i"},
	{"Rotation": 0,"TextBB": [414.467,114.262,420.665,121.653], "Text": "in"},
	{"Rotation": 0,"TextBB": [422.924,114.262,434.926,121.653], "Text": "VM"},
	{"Rotation": 0,"TextBB": [400.504,123.836,408.857,131.227], "Text": "ve"},
	{"Rotation": 0,"TextBB": [408.801,127.724,412.703,132.676], "Text": "i,j"},
	{"Rotation": 0,"TextBB": [414.946,123.837,421.064,131.228], "Text": "in"},
	{"Rotation": 0,"TextBB": [423.323,123.837,433.999,131.228], "Text": "VE"},
	{"Rotation": 0,"TextBB": [400.504,133.411,430.458,140.802], "Text": "fixed(vm"},
	{"Rotation": 0,"TextBB": [430.504,137.299,431.693,142.251], "Text": "i"},
	{"Rotation": 0,"TextBB": [431.701,133.412,442.288,140.803], "Text": ",vd"},
	{"Rotation": 0,"TextBB": [442.312,137.299,444.989,142.251], "Text": "k"},
	{"Rotation": 0,"TextBB": [445.025,133.412,447.686,140.803], "Text": ")"},
	{"Rotation": 0,"TextBB": [400.504,142.906,433.171,150.297], "Text": "comp(vm"},
	{"Rotation": 0,"TextBB": [433.217,146.794,434.405,151.746], "Text": "i"},
	{"Rotation": 0,"TextBB": [434.414,142.906,437.075,150.297], "Text": ")"},
	{"Rotation": 0,"TextBB": [400.504,152.48,427.745,159.871], "Text": "size(vm"},
	{"Rotation": 0,"TextBB": [427.792,156.369,428.98,161.321], "Text": "i"},
	{"Rotation": 0,"TextBB": [428.989,152.48,431.65,159.871], "Text": ")"},
	{"Rotation": 0,"TextBB": [400.504,162.054,421.543,169.445], "Text": "bw(ve"},
	{"Rotation": 0,"TextBB": [421.568,165.942,425.469,170.894], "Text": "i,j"},
	{"Rotation": 0,"TextBB": [425.478,162.055,428.139,169.446], "Text": ")"},
	{"Rotation": 0,"TextBB": [400.504,171.709,419.867,179.1], "Text": "lat(ve"},
	{"Rotation": 0,"TextBB": [419.893,175.597,423.794,180.548], "Text": "i,j"},
	{"Rotation": 0,"TextBB": [423.801,171.709,426.462,179.1], "Text": ")"},
	{"Rotation": 0,"TextBB": [454.441,104.607,475.683,111.998], "Text": "virtual"},
	{"Rotation": 0,"TextBB": [477.898,104.607,507.953,111.998], "Text": "machine"},
	{"Rotation": 0,"TextBB": [510.212,104.607,530.453,111.998], "Text": "graph"},
	{"Rotation": 0,"TextBB": [532.712,104.607,566.33,111.998], "Text": "(directed)"},
	{"Rotation": 0,"TextBB": [454.44,114.262,475.682,121.653], "Text": "virtual"},
	{"Rotation": 0,"TextBB": [477.898,114.262,507.952,121.653], "Text": "machine"},
	{"Rotation": 0,"TextBB": [510.211,114.262,527.473,121.653], "Text": "(VM)"},
	{"Rotation": 0,"TextBB": [529.679,114.262,552.686,121.653], "Text": "(node)"},
	{"Rotation": 0,"TextBB": [454.441,123.837,474.792,131.228], "Text": "exists"},
	{"Rotation": 0,"TextBB": [477.02,123.837,480.997,131.228], "Text": "if"},
	{"Rotation": 0,"TextBB": [483.324,123.837,493.889,131.228], "Text": "vm"},
	{"Rotation": 0,"TextBB": [493.935,127.724,495.123,132.676], "Text": "i"},
	{"Rotation": 0,"TextBB": [497.365,123.837,518.594,131.228], "Text": "sends"},
	{"Rotation": 0,"TextBB": [520.743,123.837,536.276,131.228], "Text": "data"},
	{"Rotation": 0,"TextBB": [538.535,123.837,545.212,131.228], "Text": "to"},
	{"Rotation": 0,"TextBB": [547.472,123.837,558.037,131.228], "Text": "vm"},
	{"Rotation": 0,"TextBB": [558.083,127.724,559.272,132.676], "Text": "j"},
	{"Rotation": 0,"TextBB": [563.749,123.837,586.596,131.228], "Text": "(edge)"},
	{"Rotation": 0,"TextBB": [454.44,133.412,468.218,140.803], "Text": "true"},
	{"Rotation": 0,"TextBB": [470.477,133.412,474.374,140.803], "Text": "if"},
	{"Rotation": 0,"TextBB": [476.701,133.412,487.266,140.803], "Text": "vm"},
	{"Rotation": 0,"TextBB": [487.312,137.299,488.501,142.251], "Text": "i"},
	{"Rotation": 0,"TextBB": [490.664,133.412,505.829,140.803], "Text": "may"},
	{"Rotation": 0,"TextBB": [507.978,133.412,522.585,140.803], "Text": "only"},
	{"Rotation": 0,"TextBB": [524.733,133.412,533.644,140.803], "Text": "be"},
	{"Rotation": 0,"TextBB": [535.823,133.412,567.633,140.803], "Text": "assigned"},
	{"Rotation": 0,"TextBB": [569.813,133.412,576.41,140.803], "Text": "to"},
	{"Rotation": 0,"TextBB": [578.669,133.412,587.021,140.803], "Text": "vd"},
	{"Rotation": 0,"TextBB": [587.047,137.299,589.724,142.251], "Text": "k"},
	{"Rotation": 0,"TextBB": [454.44,142.906,484.973,150.297], "Text": "compute"},
	{"Rotation": 0,"TextBB": [487.233,142.906,500.931,150.297], "Text": "rate"},
	{"Rotation": 0,"TextBB": [503.19,142.906,531.888,150.297], "Text": "demand"},
	{"Rotation": 0,"TextBB": [534.068,142.906,540.678,150.297], "Text": "of"},
	{"Rotation": 0,"TextBB": [543.004,142.906,553.57,150.297], "Text": "vm"},
	{"Rotation": 0,"TextBB": [553.615,146.794,554.804,151.746], "Text": "i"},
	{"Rotation": 0,"TextBB": [454.441,152.48,468.538,159.871], "Text": "size"},
	{"Rotation": 0,"TextBB": [470.797,152.48,477.487,159.871], "Text": "of"},
	{"Rotation": 0,"TextBB": [479.813,152.48,490.379,159.871], "Text": "vm"},
	{"Rotation": 0,"TextBB": [490.425,156.369,491.613,161.321], "Text": "i"},
	{"Rotation": 0,"TextBB": [493.856,152.48,499.974,159.871], "Text": "in"},
	{"Rotation": 0,"TextBB": [502.153,152.48,521.228,159.871], "Text": "bytes"},
	{"Rotation": 0,"TextBB": [454.441,162.055,490.638,169.446], "Text": "bandwidth"},
	{"Rotation": 0,"TextBB": [492.818,162.055,521.596,169.446], "Text": "demand"},
	{"Rotation": 0,"TextBB": [523.776,162.055,532.607,169.446], "Text": "on"},
	{"Rotation": 0,"TextBB": [534.786,162.055,543.138,169.446], "Text": "ve"},
	{"Rotation": 0,"TextBB": [543.164,165.942,547.065,170.894], "Text": "i,j"},
	{"Rotation": 0,"TextBB": [454.44,171.709,479.738,179.1], "Text": "latency"},
	{"Rotation": 0,"TextBB": [481.887,171.709,510.584,179.1], "Text": "demand"},
	{"Rotation": 0,"TextBB": [512.764,171.709,521.675,179.1], "Text": "on"},
	{"Rotation": 0,"TextBB": [523.934,171.709,532.287,179.1], "Text": "ve"},
	{"Rotation": 0,"TextBB": [532.312,175.597,536.134,180.548], "Text": "i,j"},
	{"Rotation": 0,"TextBB": [400.504,192.534,435.373,199.925], "Text": "vmap(vm"},
	{"Rotation": 0,"TextBB": [435.371,196.422,436.859,201.373], "Text": "i"},
	{"Rotation": 0,"TextBB": [436.888,192.534,439.548,199.925], "Text": ")"},
	{"Rotation": 0,"TextBB": [454.441,192.534,498.75,199.925], "Text": "assignment"},
	{"Rotation": 0,"TextBB": [500.957,192.534,508.485,199.925], "Text": "of"},
	{"Rotation": 0,"TextBB": [510.691,192.534,522.262,199.925], "Text": "vm"},
	{"Rotation": 0,"TextBB": [522.26,196.422,523.748,201.373], "Text": "i"},
	{"Rotation": 0,"TextBB": [526.01,192.534,533.525,199.925], "Text": "to"},
	{"Rotation": 0,"TextBB": [535.824,192.534,579.681,199.925], "Text": "appropriate"},
	{"Rotation": 0,"TextBB": [581.861,192.534,591.211,199.925], "Text": "vd"},
	{"Rotation": 0,"TextBB": [454.441,202.108,504.534,209.499], "Text": "many-to-one,"},
	{"Rotation": 0,"TextBB": [506.781,202.108,539.149,209.499], "Text": "dynamic"},
	{"Rotation": 0,"TextBB": [400.504,220.459,406.721,227.85], "Text": "G"},
	{"Rotation": 0,"TextBB": [406.728,224.347,416.805,229.298], "Text": "vmd"},
	{"Rotation": 0,"TextBB": [416.781,220.459,451.755,227.85], "Text": "(VD,VDE)"},
	{"Rotation": 0,"TextBB": [454.44,220.459,466.442,227.85], "Text": "VM"},
	{"Rotation": 0,"TextBB": [468.642,220.459,497.34,227.85], "Text": "daemon"},
	{"Rotation": 0,"TextBB": [499.6,220.459,519.92,227.85], "Text": "graph"},
	{"Rotation": 0,"TextBB": [522.18,220.459,555.798,227.85], "Text": "(directed)"},
	{"Rotation": 0,"TextBB": [454.44,230.113,466.442,237.504], "Text": "VM"},
	{"Rotation": 0,"TextBB": [468.642,230.113,501.361,237.504], "Text": "daemons"},
	{"Rotation": 0,"TextBB": [503.589,230.113,518.656,237.504], "Text": "host"},
	{"Rotation": 0,"TextBB": [520.903,230.113,536.356,237.504], "Text": "zero"},
	{"Rotation": 0,"TextBB": [538.616,230.113,545.745,237.504], "Text": "or"},
	{"Rotation": 0,"TextBB": [547.871,230.113,566.037,237.504], "Text": "more"},
	{"Rotation": 0,"TextBB": [568.297,230.113,584.18,237.504], "Text": "VMs"},
	{"Rotation": 0,"TextBB": [400.504,239.688,408.856,247.079], "Text": "vd"},
	{"Rotation": 0,"TextBB": [408.801,243.576,409.99,248.528], "Text": "i"},
	{"Rotation": 0,"TextBB": [412.233,239.688,418.431,247.079], "Text": "in"},
	{"Rotation": 0,"TextBB": [420.691,239.688,431.806,247.079], "Text": "VD"},
	{"Rotation": 0,"TextBB": [454.441,239.688,466.442,247.079], "Text": "VM"},
	{"Rotation": 0,"TextBB": [468.643,239.688,498.697,247.079], "Text": "Daemon"},
	{"Rotation": 0,"TextBB": [500.957,239.688,523.963,247.079], "Text": "(VMD)"},
	{"Rotation": 0,"TextBB": [526.17,239.688,549.176,247.079], "Text": "(node)"},
	{"Rotation": 0,"TextBB": [400.504,249.262,414.202,256.653], "Text": "vde"},
	{"Rotation": 0,"TextBB": [414.228,253.149,418.668,258.101], "Text": "i,j"},
	{"Rotation": 0,"TextBB": [420.929,249.262,428.045,256.653], "Text": "in"},
	{"Rotation": 0,"TextBB": [430.264,249.262,446.684,256.653], "Text": "VDE"},
	{"Rotation": 0,"TextBB": [454.44,249.262,476.994,256.653], "Text": "exists"},
	{"Rotation": 0,"TextBB": [479.254,249.262,484.148,256.653], "Text": "if"},
	{"Rotation": 0,"TextBB": [486.355,249.262,495.705,256.653], "Text": "vd"},
	{"Rotation": 0,"TextBB": [495.69,253.149,497.179,258.101], "Text": "i"},
	{"Rotation": 0,"TextBB": [499.44,249.262,522.473,256.653], "Text": "sends"},
	{"Rotation": 0,"TextBB": [524.733,249.262,541.064,256.653], "Text": "data"},
	{"Rotation": 0,"TextBB": [543.323,249.262,571.702,256.653], "Text": "directly"},
	{"Rotation": 0,"TextBB": [573.962,249.262,581.397,256.653], "Text": "to"},
	{"Rotation": 0,"TextBB": [583.616,249.262,592.966,256.653], "Text": "vd"},
	{"Rotation": 0,"TextBB": [592.951,253.149,594.44,258.101], "Text": "j"},
	{"Rotation": 0,"TextBB": [596.701,249.262,620.665,256.653], "Text": "(edge)"},
	{"Rotation": 0,"TextBB": [454.441,258.756,486.809,266.147], "Text": "dynamic"},
	{"Rotation": 0,"TextBB": [400.505,268.331,432.355,275.722], "Text": "route(vd"},
	{"Rotation": 0,"TextBB": [432.339,272.219,433.827,277.171], "Text": "i"},
	{"Rotation": 0,"TextBB": [433.856,268.331,445.44,275.722], "Text": ",vd"},
	{"Rotation": 0,"TextBB": [445.425,272.219,446.913,277.171], "Text": "j"},
	{"Rotation": 0,"TextBB": [446.94,268.331,449.601,275.722], "Text": ")"},
	{"Rotation": 0,"TextBB": [454.041,268.331,470.892,275.722], "Text": "path"},
	{"Rotation": 0,"TextBB": [473.111,268.331,489.801,275.722], "Text": "(<vd"},
	{"Rotation": 0,"TextBB": [489.786,272.219,492.763,277.171], "Text": "k"},
	{"Rotation": 0,"TextBB": [492.739,268.331,500.027,275.722], "Text": ">)"},
	{"Rotation": 0,"TextBB": [502.234,268.331,523.153,275.722], "Text": "taken"},
	{"Rotation": 0,"TextBB": [525.372,268.331,534.682,275.722], "Text": "by"},
	{"Rotation": 0,"TextBB": [536.941,268.331,553.272,275.722], "Text": "data"},
	{"Rotation": 0,"TextBB": [555.531,268.331,571.836,275.722], "Text": "sent"},
	{"Rotation": 0,"TextBB": [574.042,268.331,591.757,275.722], "Text": "from"},
	{"Rotation": 0,"TextBB": [593.989,268.331,603.339,275.722], "Text": "vd"},
	{"Rotation": 0,"TextBB": [603.324,272.219,604.812,277.171], "Text": "i"},
	{"Rotation": 0,"TextBB": [607.074,268.331,614.589,275.722], "Text": "to"},
	{"Rotation": 0,"TextBB": [616.808,268.331,626.158,275.722], "Text": "vd"},
	{"Rotation": 0,"TextBB": [626.143,272.219,627.631,277.171], "Text": "j"},
	{"Rotation": 0,"TextBB": [400.504,277.906,431.915,285.297], "Text": "route(ve"},
	{"Rotation": 0,"TextBB": [431.861,281.873,436.381,286.825], "Text": "i,j"},
	{"Rotation": 0,"TextBB": [436.408,277.906,439.069,285.297], "Text": ")"},
	{"Rotation": 0,"TextBB": [454.44,277.906,486.808,285.297], "Text": "dynamic"},
	{"Rotation": 0,"TextBB": [454.441,287.56,489.841,294.951], "Text": "measured"},
	{"Rotation": 0,"TextBB": [492.101,287.56,522.554,294.951], "Text": "compute"},
	{"Rotation": 0,"TextBB": [524.813,287.56,538.511,294.951], "Text": "rate"},
	{"Rotation": 0,"TextBB": [540.771,287.56,547.46,294.951], "Text": "at"},
	{"Rotation": 0,"TextBB": [549.707,287.56,558.059,294.951], "Text": "vd"},
	{"Rotation": 0,"TextBB": [558.083,291.448,559.272,296.4], "Text": "i"},
	{"Rotation": 0,"TextBB": [400.504,287.56,437.58,294.951], "Text": "mcomp(vd"},
	{"Rotation": 0,"TextBB": [437.606,291.448,438.794,296.4], "Text": "i"},
	{"Rotation": 0,"TextBB": [438.803,287.56,441.464,294.951], "Text": ")"},
	{"Rotation": 0,"TextBB": [400.504,297.055,432.713,304.446], "Text": "mbw(vde"},
	{"Rotation": 0,"TextBB": [432.739,300.942,436.56,305.894], "Text": "i,j"},
	{"Rotation": 0,"TextBB": [436.568,297.055,439.229,304.446], "Text": ")"},
	{"Rotation": 0,"TextBB": [454.44,297.055,489.84,304.446], "Text": "measured"},
	{"Rotation": 0,"TextBB": [492.02,297.055,523.271,304.446], "Text": "available"},
	{"Rotation": 0,"TextBB": [525.531,297.055,561.729,304.446], "Text": "bandwidth"},
	{"Rotation": 0,"TextBB": [563.908,297.055,572.739,304.446], "Text": "on"},
	{"Rotation": 0,"TextBB": [574.919,297.055,587.739,304.446], "Text": "vde"},
	{"Rotation": 0,"TextBB": [587.685,300.942,591.586,305.894], "Text": "i,j"},
	{"Rotation": 0,"TextBB": [400.504,306.63,430.957,314.021], "Text": "mlat(vde"},
	{"Rotation": 0,"TextBB": [430.983,310.517,434.805,315.469], "Text": "i,j"},
	{"Rotation": 0,"TextBB": [434.812,306.63,437.473,314.021], "Text": ")"},
	{"Rotation": 0,"TextBB": [454.44,306.63,489.84,314.021], "Text": "measured"},
	{"Rotation": 0,"TextBB": [492.1,306.63,517.238,314.021], "Text": "latency"},
	{"Rotation": 0,"TextBB": [519.387,306.63,528.298,314.021], "Text": "on"},
	{"Rotation": 0,"TextBB": [530.557,306.63,543.298,314.021], "Text": "vde"},
	{"Rotation": 0,"TextBB": [543.324,310.517,547.145,315.469], "Text": "i,j"},
	{"Rotation": 0,"TextBB": [168.562,261.154,195.168,272.24], "Text": "VMD"},
	{"Rotation": 0,"TextBB": [168.562,275.596,198.405,286.682], "Text": "Layer"},
	{"Rotation": 0,"TextBB": [400.504,328.331,438.099,335.722], "Text": "vdmap(vd"},
	{"Rotation": 0,"TextBB": [438.083,332.219,439.572,337.171], "Text": "i"},
	{"Rotation": 0,"TextBB": [439.6,328.331,442.261,335.722], "Text": ")"},
	{"Rotation": 0,"TextBB": [400.504,347.56,436.782,354.951], "Text": "route(vde"},
	{"Rotation": 0,"TextBB": [436.807,351.448,441.247,356.4], "Text": "i,j"},
	{"Rotation": 0,"TextBB": [441.275,347.56,443.936,354.951], "Text": ")"},
	{"Rotation": 0,"TextBB": [400.504,368.305,406.721,375.696], "Text": "G"},
	{"Rotation": 0,"TextBB": [406.728,372.192,414.041,377.144], "Text": "net"},
	{"Rotation": 0,"TextBB": [416.303,368.305,434.921,375.696], "Text": "(N,E)"},
	{"Rotation": 0,"TextBB": [400.505,387.454,404.948,394.845], "Text": "n"},
	{"Rotation": 0,"TextBB": [404.972,391.341,406.161,396.293], "Text": "i"},
	{"Rotation": 0,"TextBB": [408.403,387.453,414.521,394.844], "Text": "in"},
	{"Rotation": 0,"TextBB": [416.701,387.453,422.47,394.844], "Text": "N"},
	{"Rotation": 0,"TextBB": [400.504,397.107,422.579,404.498], "Text": "host(n"},
	{"Rotation": 0,"TextBB": [422.606,400.995,423.794,405.947], "Text": "i"},
	{"Rotation": 0,"TextBB": [423.801,397.107,426.462,404.498], "Text": ")"},
	{"Rotation": 0,"TextBB": [400.504,406.602,404.946,413.993], "Text": "e"},
	{"Rotation": 0,"TextBB": [404.972,410.491,408.794,415.443], "Text": "i,j"},
	{"Rotation": 0,"TextBB": [410.957,406.602,417.075,413.993], "Text": "in"},
	{"Rotation": 0,"TextBB": [419.335,406.602,424.664,413.993], "Text": "E"},
	{"Rotation": 0,"TextBB": [400.505,416.176,425.692,423.567], "Text": "route(n"},
	{"Rotation": 0,"TextBB": [425.637,420.065,426.826,425.016], "Text": "i"},
	{"Rotation": 0,"TextBB": [426.833,416.177,433.51,423.568], "Text": ",n"},
	{"Rotation": 0,"TextBB": [433.457,420.065,434.645,425.016], "Text": "j"},
	{"Rotation": 0,"TextBB": [434.653,416.177,437.314,423.568], "Text": ")"},
	{"Rotation": 0,"TextBB": [400.504,425.752,424.335,433.143], "Text": "mbw(n"},
	{"Rotation": 0,"TextBB": [424.361,429.64,425.55,434.591], "Text": "i"},
	{"Rotation": 0,"TextBB": [425.557,425.752,428.218,433.143], "Text": ")"},
	{"Rotation": 0,"TextBB": [400.503,435.326,424.334,442.717], "Text": "mbw(e"},
	{"Rotation": 0,"TextBB": [424.361,439.213,428.183,444.165], "Text": "i,j"},
	{"Rotation": 0,"TextBB": [428.19,435.325,430.851,442.716], "Text": ")"},
	{"Rotation": 0,"TextBB": [168.881,416.979,213.351,428.065], "Text": "Physical"},
	{"Rotation": 0,"TextBB": [168.881,431.42,198.724,442.507], "Text": "Layer"},
	{"Rotation": 0,"TextBB": [400.504,454.474,422.58,461.865], "Text": "mlat(e"},
	{"Rotation": 0,"TextBB": [422.606,458.363,426.427,463.315], "Text": "i,j"},
	{"Rotation": 0,"TextBB": [426.435,454.475,429.095,461.866], "Text": ")"},
	{"Rotation": 0,"TextBB": [454.44,328.331,498.75,335.722], "Text": "assignment"},
	{"Rotation": 0,"TextBB": [500.956,328.331,508.484,335.722], "Text": "of"},
	{"Rotation": 0,"TextBB": [510.69,328.331,520.041,335.722], "Text": "vd"},
	{"Rotation": 0,"TextBB": [520.025,332.219,521.513,337.171], "Text": "i"},
	{"Rotation": 0,"TextBB": [523.775,328.331,531.37,335.722], "Text": "to"},
	{"Rotation": 0,"TextBB": [533.669,328.331,577.526,335.722], "Text": "appropriate"},
	{"Rotation": 0,"TextBB": [579.786,328.331,596.649,335.722], "Text": "host"},
	{"Rotation": 0,"TextBB": [454.441,337.985,475.24,345.376], "Text": "static"},
	{"Rotation": 0,"TextBB": [454.44,347.56,474.361,354.951], "Text": "route"},
	{"Rotation": 0,"TextBB": [476.621,347.56,491.25,354.951], "Text": "that"},
	{"Rotation": 0,"TextBB": [493.456,347.56,507.234,354.951], "Text": "vde"},
	{"Rotation": 0,"TextBB": [507.26,351.448,511.78,356.4], "Text": "i,j"},
	{"Rotation": 0,"TextBB": [514.042,347.56,534.282,354.951], "Text": "takes"},
	{"Rotation": 0,"TextBB": [536.462,347.56,543.578,354.951], "Text": "in"},
	{"Rotation": 0,"TextBB": [545.797,347.56,576.33,354.951], "Text": "network"},
	{"Rotation": 0,"TextBB": [578.59,347.56,612.394,354.951], "Text": "topology"},
	{"Rotation": 0,"TextBB": [614.653,347.56,636.849,354.951], "Text": "graph"},
	{"Rotation": 0,"TextBB": [454.441,368.305,483.649,375.696], "Text": "Network"},
	{"Rotation": 0,"TextBB": [485.877,368.305,515.963,375.696], "Text": "topology"},
	{"Rotation": 0,"TextBB": [518.111,368.305,538.432,375.696], "Text": "graph"},
	{"Rotation": 0,"TextBB": [540.691,368.305,574.23,375.696], "Text": "(directed)"},
	{"Rotation": 0,"TextBB": [454.441,377.879,466.443,385.27], "Text": "VM"},
	{"Rotation": 0,"TextBB": [468.643,377.879,502.718,385.27], "Text": "Daemons"},
	{"Rotation": 0,"TextBB": [504.947,377.879,516.41,385.27], "Text": "run"},
	{"Rotation": 0,"TextBB": [518.59,377.879,533.197,385.27], "Text": "only"},
	{"Rotation": 0,"TextBB": [535.425,377.879,544.256,385.27], "Text": "on"},
	{"Rotation": 0,"TextBB": [546.516,377.879,565.591,385.27], "Text": "hosts"},
	{"Rotation": 0,"TextBB": [454.44,387.453,475.292,394.844], "Text": "router"},
	{"Rotation": 0,"TextBB": [477.498,387.453,484.627,394.844], "Text": "or"},
	{"Rotation": 0,"TextBB": [486.754,387.453,501.901,394.844], "Text": "host"},
	{"Rotation": 0,"TextBB": [454.44,397.107,468.217,404.498], "Text": "true"},
	{"Rotation": 0,"TextBB": [470.477,397.107,474.374,404.498], "Text": "if"},
	{"Rotation": 0,"TextBB": [476.621,397.107,494.308,404.498], "Text": "node"},
	{"Rotation": 0,"TextBB": [496.567,397.107,502.318,404.498], "Text": "is"},
	{"Rotation": 0,"TextBB": [504.466,397.107,508.909,404.498], "Text": "a"},
	{"Rotation": 0,"TextBB": [511.168,397.107,526.236,404.498], "Text": "host"},
	{"Rotation": 0,"TextBB": [454.441,406.602,474.793,413.993], "Text": "exists"},
	{"Rotation": 0,"TextBB": [477.021,406.602,480.997,413.993], "Text": "if"},
	{"Rotation": 0,"TextBB": [483.324,406.602,487.767,413.993], "Text": "n"},
	{"Rotation": 0,"TextBB": [487.711,410.491,488.9,415.443], "Text": "i"},
	{"Rotation": 0,"TextBB": [491.143,406.602,512.372,413.993], "Text": "sends"},
	{"Rotation": 0,"TextBB": [514.521,406.602,530.054,413.993], "Text": "data"},
	{"Rotation": 0,"TextBB": [532.313,406.602,538.91,413.993], "Text": "to"},
	{"Rotation": 0,"TextBB": [541.17,406.602,545.612,413.993], "Text": "n"},
	{"Rotation": 0,"TextBB": [545.557,410.491,546.745,415.443], "Text": "j"},
	{"Rotation": 0,"TextBB": [548.989,406.602,571.916,413.993], "Text": "(edge)"},
	{"Rotation": 0,"TextBB": [454.44,416.177,469.973,423.568], "Text": "path"},
	{"Rotation": 0,"TextBB": [472.233,416.177,483.936,423.568], "Text": "(<n"},
	{"Rotation": 0,"TextBB": [483.882,420.065,486.559,425.016], "Text": "k"},
	{"Rotation": 0,"TextBB": [486.594,416.177,493.883,423.568], "Text": ">)"},
	{"Rotation": 0,"TextBB": [496.089,416.177,515.612,423.568], "Text": "taken"},
	{"Rotation": 0,"TextBB": [517.791,416.177,526.255,423.568], "Text": "by"},
	{"Rotation": 0,"TextBB": [528.403,416.177,543.936,423.568], "Text": "data"},
	{"Rotation": 0,"TextBB": [546.196,416.177,561.183,423.568], "Text": "sent"},
	{"Rotation": 0,"TextBB": [563.35,416.177,579.341,423.568], "Text": "from"},
	{"Rotation": 0,"TextBB": [581.541,416.177,589.893,423.568], "Text": "vd"},
	{"Rotation": 0,"TextBB": [589.919,420.065,591.108,425.016], "Text": "i"},
	{"Rotation": 0,"TextBB": [593.35,416.177,600.027,423.568], "Text": "to"},
	{"Rotation": 0,"TextBB": [602.286,416.177,610.638,423.568], "Text": "vd"},
	{"Rotation": 0,"TextBB": [610.664,420.065,611.852,425.016], "Text": "j"},
	{"Rotation": 0,"TextBB": [454.44,425.752,490.638,433.143], "Text": "backplane"},
	{"Rotation": 0,"TextBB": [492.818,425.752,529.016,433.143], "Text": "bandwidth"},
	{"Rotation": 0,"TextBB": [531.275,425.752,537.885,433.143], "Text": "of"},
	{"Rotation": 0,"TextBB": [540.131,425.752,544.574,433.143], "Text": "a"},
	{"Rotation": 0,"TextBB": [546.834,425.752,567.686,433.143], "Text": "router"},
	{"Rotation": 0,"TextBB": [569.812,425.752,576.861,433.143], "Text": "or"},
	{"Rotation": 0,"TextBB": [579.068,425.752,606.919,433.143], "Text": "network"},
	{"Rotation": 0,"TextBB": [454.44,435.325,489.84,442.716], "Text": "measured"},
	{"Rotation": 0,"TextBB": [492.02,435.325,523.271,442.716], "Text": "available"},
	{"Rotation": 0,"TextBB": [525.531,435.325,561.729,442.716], "Text": "bandwidth"},
	{"Rotation": 0,"TextBB": [563.908,435.325,572.739,442.716], "Text": "on"},
	{"Rotation": 0,"TextBB": [574.919,435.325,592.527,442.716], "Text": "edge"},
	{"Rotation": 0,"TextBB": [454.44,444.9,470.372,452.291], "Text": "may"},
	{"Rotation": 0,"TextBB": [472.632,444.9,485.027,452.291], "Text": "not"},
	{"Rotation": 0,"TextBB": [487.233,444.9,505.452,452.291], "Text": "exist"},
	{"Rotation": 0,"TextBB": [454.44,454.475,489.84,461.866], "Text": "measured"},
	{"Rotation": 0,"TextBB": [492.1,454.475,517.238,461.866], "Text": "latency"},
	{"Rotation": 0,"TextBB": [519.387,454.475,528.298,461.866], "Text": "on"},
	{"Rotation": 0,"TextBB": [530.477,454.475,548.165,461.866], "Text": "edge"},
	{"Rotation": 0,"TextBB": [454.44,464.05,470.372,471.441], "Text": "may"},
	{"Rotation": 0,"TextBB": [472.631,464.05,485.026,471.441], "Text": "not"},
	{"Rotation": 0,"TextBB": [487.233,464.05,505.452,471.441], "Text": "exist"}
]}
