{"Caption":"Figure 21: Average one-affects-n phenomenon (T3)","ImageText":[{"Text":"120","TextBB":[462.99,354.006,473.349,359.064],"Rotation":0},{"Text":"SAKM","TextBB":[728.428,360.294,746.028,365.351],"Rotation":0},{"Text":"Iolus","TextBB":[728.428,366.581,741.544,371.639],"Rotation":0},{"Text":"Cent","TextBB":[728.428,372.869,741.544,377.927],"Rotation":0},{"Text":"Average","TextBB":[450.509,465.245,456.254,485.607],"Rotation":3},{"Text":"affected","TextBB":[450.509,444.27,456.254,463.725],"Rotation":3},{"Text":"members","TextBB":[450.509,419.965,456.254,442.75],"Rotation":3},{"Text":"100","TextBB":[462.99,386.084,473.349,391.142],"Rotation":0},{"Text":"80","TextBB":[466.457,418.207,473.363,423.265],"Rotation":0},{"Text":"60","TextBB":[466.457,450.285,473.363,455.343],"Rotation":0},{"Text":"40","TextBB":[466.457,482.41,473.363,487.468],"Rotation":0},{"Text":"20","TextBB":[466.457,514.488,473.363,519.546],"Rotation":0},{"Text":"0","TextBB":[469.925,546.612,473.378,551.669],"Rotation":0},{"Text":"0","TextBB":[473.444,551.213,476.897,556.271],"Rotation":0},{"Text":"2000","TextBB":[514.483,551.213,528.295,556.271],"Rotation":0},{"Text":"4000","TextBB":[560.75,551.213,574.562,556.271],"Rotation":0},{"Text":"6000","TextBB":[607.017,551.213,620.828,556.271],"Rotation":0},{"Text":"8000","TextBB":[653.232,551.213,667.044,556.271],"Rotation":0},{"Text":"10000","TextBB":[697.79,551.213,715.055,556.271],"Rotation":0},{"Text":"12000","TextBB":[744.057,551.213,761.322,556.271],"Rotation":0},{"Text":"Time(seconds)","TextBB":[593.199,561.831,634.261,566.889],"Rotation":0}],"Mention":["Finally we consider a T3 application, where it is out of\nquestion to do decryption \/ reencryption of the data which\nshould reach receivers in real-time. Iolus does not support\nthis kind of requirement. With SAKM it suffices to put the\nfactor α to infinite theoretically (16 in our case) to prevent\nSAKM from creating clusters. And hence SAKM becomes\ntypically a centralized solution without intermediaries (see\nfigures 20, 21).\n"],"Page":15,"Number":21,"Type":"Figure","CaptionBB":[438,598,772,612],"Height":1169,"Width":826,"DPI":100,"ImageBB":[448,351,763,569]}