{"Type":"Figure",
"Number": 9,
"Page": 9,
"DPI": 100,
"Width": 850,
"Height": 1100,
"CaptionBB": [120,821,348,841],
"Caption": "Figure 9. Throughput degradation.",
"ImageBB": [64,695,398,815],
"ImageText" : [
{"Rotation": 3,"TextBB": [64.636,746.068,75.0477,793.149], "Text": "Throughput"},
	{"Rotation": 3,"TextBB": [64.636,699.64,75.0477,743.722], "Text": "degradation"},
	{"Rotation": 3,"TextBB": [76.0359,740.508,86.4483,754.747], "Text": "(%)"},
	{"Rotation": 0,"TextBB": [126.623,701.506,160.922,713.056], "Text": "Threshold"},
	{"Rotation": 0,"TextBB": [163.48,701.506,168.354,713.056], "Text": "="},
	{"Rotation": 0,"TextBB": [170.667,701.506,184.643,713.056], "Text": "86C"},
	{"Rotation": 0,"TextBB": [126.578,715.551,160.865,727.103], "Text": "Threshold"},
	{"Rotation": 0,"TextBB": [163.423,715.551,168.294,727.103], "Text": "="},
	{"Rotation": 0,"TextBB": [170.606,715.551,184.578,727.103], "Text": "84C"},
	{"Rotation": 0,"TextBB": [126.57,729.699,160.855,741.25], "Text": "Threshold"},
	{"Rotation": 0,"TextBB": [163.413,729.699,168.284,741.25], "Text": "="},
	{"Rotation": 0,"TextBB": [170.596,729.699,184.567,741.25], "Text": "82C"},
	{"Rotation": 0,"TextBB": [126.532,743.757,160.807,755.311], "Text": "Threshold"},
	{"Rotation": 0,"TextBB": [163.364,743.757,168.234,755.311], "Text": "="},
	{"Rotation": 0,"TextBB": [170.545,743.757,184.512,755.311], "Text": "80C"},
	{"Rotation": 0,"TextBB": [86.9964,702.51,99.651,710.005], "Text": "5.0%"},
	{"Rotation": 0,"TextBB": [86.9964,719.594,99.651,727.089], "Text": "4.0%"},
	{"Rotation": 0,"TextBB": [86.9964,736.792,99.651,744.287], "Text": "3.0%"},
	{"Rotation": 0,"TextBB": [86.9964,753.421,99.651,760.916], "Text": "2.0%"},
	{"Rotation": 0,"TextBB": [341.715,725.175,367.028,732.67], "Text": "Threshold"},
	{"Rotation": 0,"TextBB": [368.512,725.175,371.699,732.67], "Text": "="},
	{"Rotation": 0,"TextBB": [373.132,725.175,383.438,732.67], "Text": "80C"},
	{"Rotation": 0,"TextBB": [344.487,761.051,369.8,768.546], "Text": "Threshold"},
	{"Rotation": 0,"TextBB": [371.284,761.051,374.471,768.546], "Text": "="},
	{"Rotation": 0,"TextBB": [375.801,761.051,386.107,768.546], "Text": "82C"},
	{"Rotation": 0,"TextBB": [86.9964,770.619,99.651,778.114], "Text": "1.0%"},
	{"Rotation": 0,"TextBB": [344.487,776.655,369.8,784.15], "Text": "Threshold"},
	{"Rotation": 0,"TextBB": [371.284,776.655,374.471,784.15], "Text": "="},
	{"Rotation": 0,"TextBB": [375.801,776.655,386.107,784.15], "Text": "84C"},
	{"Rotation": 0,"TextBB": [86.9964,787.703,99.651,795.198], "Text": "0.0%"},
	{"Rotation": 0,"TextBB": [102.91,797.384,105.944,804.879], "Text": "0"},
	{"Rotation": 0,"TextBB": [159.377,797.384,165.594,804.879], "Text": "40"},
	{"Rotation": 0,"TextBB": [217.589,797.384,223.806,804.879], "Text": "80"},
	{"Rotation": 0,"TextBB": [232.067,802.837,249.558,814.388], "Text": "Time"},
	{"Rotation": 0,"TextBB": [251.677,802.837,267.286,814.388], "Text": "(ms)"},
	{"Rotation": 0,"TextBB": [273.953,797.384,283.353,804.879], "Text": "120"},
	{"Rotation": 0,"TextBB": [332.166,797.384,341.566,804.879], "Text": "160"},
	{"Rotation": 0,"TextBB": [345.822,792.828,371.135,800.323], "Text": "Threshold"},
	{"Rotation": 0,"TextBB": [372.618,792.828,375.805,800.323], "Text": "="},
	{"Rotation": 0,"TextBB": [377.239,792.828,387.544,800.323], "Text": "86C"}
]}
