{"Caption":"Figure 2: Working of the cataclysm sentry. First, the class a request belongs to is determined. If the request confirms to the leaky bucket for its class, it is admitted to the application with- out any further processing. Otherwise, it is put into its class- specific queue. The admission control processes the requests in various queues at frequencies given by the class-specific de- lays. A request is admitted to the application if there is enough capacity, else it is dropped. ","ImageText":[{"Text":"d","TextBB":[280.824,294.629,285.361,302.806],"Rotation":0},{"Text":"class","TextBB":[240.487,307.234,258.13,315.411],"Rotation":0},{"Text":"gold","TextBB":[260.399,307.234,276.536,315.411],"Rotation":0},{"Text":"✂","TextBB":[116.944,342.653,117.083,343.014],"Rotation":0},{"Text":"✄","TextBB":[116.944,342.931,117.083,343.292],"Rotation":0},{"Text":"✂","TextBB":[116.944,350.708,117.083,351.069],"Rotation":0},{"Text":"✄","TextBB":[116.944,350.986,117.083,351.347],"Rotation":0},{"Text":"✂","TextBB":[116.944,358.764,117.083,359.125],"Rotation":0},{"Text":"✄","TextBB":[116.944,359.042,117.083,359.403],"Rotation":0},{"Text":"✂","TextBB":[116.944,366.819,117.083,367.181],"Rotation":0},{"Text":"✄","TextBB":[116.944,367.097,117.083,367.458],"Rotation":0},{"Text":"✂","TextBB":[125,342.653,125.139,343.014],"Rotation":0},{"Text":"✄","TextBB":[125,342.931,125.139,343.292],"Rotation":0},{"Text":"✂","TextBB":[125,350.708,125.139,351.069],"Rotation":0},{"Text":"✄","TextBB":[125,350.986,125.139,351.347],"Rotation":0},{"Text":"✂","TextBB":[125,358.764,125.139,359.125],"Rotation":0},{"Text":"✄","TextBB":[125,359.042,125.139,359.403],"Rotation":0},{"Text":"✂","TextBB":[125,366.819,125.139,367.181],"Rotation":0},{"Text":"✄","TextBB":[125,367.097,125.139,367.458],"Rotation":0},{"Text":"✂","TextBB":[133.056,342.653,133.194,343.014],"Rotation":0},{"Text":"✄","TextBB":[133.056,342.931,133.194,343.292],"Rotation":0},{"Text":"✂","TextBB":[133.056,350.708,133.194,351.069],"Rotation":0},{"Text":"✄","TextBB":[133.056,350.986,133.194,351.347],"Rotation":0},{"Text":"✂","TextBB":[133.056,358.764,133.194,359.125],"Rotation":0},{"Text":"✄","TextBB":[133.056,359.042,133.194,359.403],"Rotation":0},{"Text":"✂","TextBB":[133.056,366.819,133.194,367.181],"Rotation":0},{"Text":"✄","TextBB":[133.056,367.097,133.194,367.458],"Rotation":0},{"Text":"✂","TextBB":[141.111,350.708,141.25,351.069],"Rotation":0},{"Text":"✄","TextBB":[141.111,350.986,141.25,351.347],"Rotation":0},{"Text":"d","TextBB":[278.303,355.133,282.84,363.31],"Rotation":0},{"Text":"✂","TextBB":[141.111,366.819,141.25,367.181],"Rotation":0},{"Text":"✄","TextBB":[141.111,367.097,141.25,367.458],"Rotation":0},{"Text":"gold","TextBB":[285.866,299.671,302.002,307.848],"Rotation":0},{"Text":"✂","TextBB":[141.111,342.653,141.25,343.014],"Rotation":0},{"Text":"✄","TextBB":[141.111,342.931,141.25,343.292],"Rotation":0},{"Text":"✂","TextBB":[141.111,358.764,141.25,359.125],"Rotation":0},{"Text":"✄","TextBB":[141.111,359.042,141.25,359.403],"Rotation":0},{"Text":"silver","TextBB":[283.345,360.175,303.511,368.352],"Rotation":0},{"Text":"class","TextBB":[237.966,370.259,255.609,378.436],"Rotation":0},{"Text":"silver","TextBB":[257.878,370.259,278.044,378.436],"Rotation":0},{"Text":"Classifier","TextBB":[114.437,380.343,149.224,388.521],"Rotation":0},{"Text":" ","TextBB":[316.25,310.569,316.389,310.931],"Rotation":0},{"Text":"✁","TextBB":[316.25,310.847,316.389,311.208],"Rotation":0},{"Text":" ","TextBB":[324.306,310.569,324.444,310.931],"Rotation":0},{"Text":"✁","TextBB":[324.306,310.847,324.444,311.208],"Rotation":0},{"Text":" ","TextBB":[332.361,310.569,332.5,310.931],"Rotation":0},{"Text":"✁","TextBB":[332.361,310.847,332.5,311.208],"Rotation":0},{"Text":" ","TextBB":[316.25,314.597,316.389,314.958],"Rotation":0},{"Text":"✁","TextBB":[316.25,314.875,316.389,315.236],"Rotation":0},{"Text":" ","TextBB":[324.306,314.597,324.444,314.958],"Rotation":0},{"Text":"✁","TextBB":[324.306,314.875,324.444,315.236],"Rotation":0},{"Text":" ","TextBB":[332.361,314.597,332.5,314.958],"Rotation":0},{"Text":"✁","TextBB":[332.361,314.875,332.5,315.236],"Rotation":0},{"Text":" ","TextBB":[316.25,318.625,316.389,318.986],"Rotation":0},{"Text":"✁","TextBB":[316.25,318.903,316.389,319.264],"Rotation":0},{"Text":" ","TextBB":[324.306,318.625,324.444,318.986],"Rotation":0},{"Text":"✁","TextBB":[324.306,318.903,324.444,319.264],"Rotation":0},{"Text":" ","TextBB":[332.361,318.625,332.5,318.986],"Rotation":0},{"Text":"✁","TextBB":[332.361,318.903,332.5,319.264],"Rotation":0},{"Text":" ","TextBB":[316.25,322.653,316.389,323.014],"Rotation":0},{"Text":"✁","TextBB":[316.25,322.931,316.389,323.292],"Rotation":0},{"Text":" ","TextBB":[324.306,322.653,324.444,323.014],"Rotation":0},{"Text":"✁","TextBB":[324.306,322.931,324.444,323.292],"Rotation":0},{"Text":" ","TextBB":[332.361,322.653,332.5,323.014],"Rotation":0},{"Text":"✁","TextBB":[332.361,322.931,332.5,323.292],"Rotation":0},{"Text":" ","TextBB":[316.25,326.681,316.389,327.042],"Rotation":0},{"Text":"✁","TextBB":[316.25,326.958,316.389,327.319],"Rotation":0},{"Text":" ","TextBB":[324.306,326.681,324.444,327.042],"Rotation":0},{"Text":"✁","TextBB":[324.306,326.958,324.444,327.319],"Rotation":0},{"Text":" ","TextBB":[332.361,326.681,332.5,327.042],"Rotation":0},{"Text":"✁","TextBB":[332.361,326.958,332.5,327.319],"Rotation":0},{"Text":" ","TextBB":[316.25,330.708,316.389,331.069],"Rotation":0},{"Text":"✁","TextBB":[316.25,330.986,316.389,331.347],"Rotation":0},{"Text":" ","TextBB":[324.306,330.708,324.444,331.069],"Rotation":0},{"Text":"✁","TextBB":[324.306,330.986,324.444,331.347],"Rotation":0},{"Text":" ","TextBB":[332.361,330.708,332.5,331.069],"Rotation":0},{"Text":"✁","TextBB":[332.361,330.986,332.5,331.347],"Rotation":0},{"Text":" ","TextBB":[316.25,334.736,316.389,335.097],"Rotation":0},{"Text":"✁","TextBB":[316.25,335.014,316.389,335.375],"Rotation":0},{"Text":" ","TextBB":[324.306,334.736,324.444,335.097],"Rotation":0},{"Text":"✁","TextBB":[324.306,335.014,324.444,335.375],"Rotation":0},{"Text":" ","TextBB":[332.361,334.736,332.5,335.097],"Rotation":0},{"Text":"✁","TextBB":[332.361,335.014,332.5,335.375],"Rotation":0},{"Text":" ","TextBB":[316.25,338.764,316.389,339.125],"Rotation":0},{"Text":"✁","TextBB":[316.25,339.042,316.389,339.403],"Rotation":0},{"Text":" ","TextBB":[324.306,338.764,324.444,339.125],"Rotation":0},{"Text":"✁","TextBB":[324.306,339.042,324.444,339.403],"Rotation":0},{"Text":" ","TextBB":[332.361,338.764,332.5,339.125],"Rotation":0},{"Text":"✁","TextBB":[332.361,339.042,332.5,339.403],"Rotation":0},{"Text":" ","TextBB":[316.25,342.792,316.389,343.153],"Rotation":0},{"Text":"✁","TextBB":[316.25,343.069,316.389,343.431],"Rotation":0},{"Text":" ","TextBB":[324.306,342.792,324.444,343.153],"Rotation":0},{"Text":"✁","TextBB":[324.306,343.069,324.444,343.431],"Rotation":0},{"Text":" ","TextBB":[332.361,342.792,332.5,343.153],"Rotation":0},{"Text":"✁","TextBB":[332.361,343.069,332.5,343.431],"Rotation":0},{"Text":" ","TextBB":[316.25,346.819,316.389,347.181],"Rotation":0},{"Text":"✁","TextBB":[316.25,347.097,316.389,347.458],"Rotation":0},{"Text":" ","TextBB":[324.306,346.819,324.444,347.181],"Rotation":0},{"Text":"✁","TextBB":[324.306,347.097,324.444,347.458],"Rotation":0},{"Text":" ","TextBB":[332.361,346.819,332.5,347.181],"Rotation":0},{"Text":"✁","TextBB":[332.361,347.097,332.5,347.458],"Rotation":0},{"Text":" ","TextBB":[316.25,350.847,316.389,351.208],"Rotation":0},{"Text":"✁","TextBB":[316.25,351.125,316.389,351.486],"Rotation":0},{"Text":" ","TextBB":[324.306,350.847,324.444,351.208],"Rotation":0},{"Text":"✁","TextBB":[324.306,351.125,324.444,351.486],"Rotation":0},{"Text":" ","TextBB":[332.361,350.847,332.5,351.208],"Rotation":0},{"Text":"✁","TextBB":[332.361,351.125,332.5,351.486],"Rotation":0},{"Text":" ","TextBB":[316.25,354.875,316.389,355.236],"Rotation":0},{"Text":"✁","TextBB":[316.25,355.153,316.389,355.514],"Rotation":0},{"Text":" ","TextBB":[324.306,354.875,324.444,355.236],"Rotation":0},{"Text":"✁","TextBB":[324.306,355.153,324.444,355.514],"Rotation":0},{"Text":" ","TextBB":[332.361,354.875,332.5,355.236],"Rotation":0},{"Text":"✁","TextBB":[332.361,355.153,332.5,355.514],"Rotation":0},{"Text":" ","TextBB":[316.25,358.903,316.389,359.264],"Rotation":0},{"Text":"✁","TextBB":[316.25,359.181,316.389,359.542],"Rotation":0},{"Text":" ","TextBB":[324.306,358.903,324.444,359.264],"Rotation":0},{"Text":"✁","TextBB":[324.306,359.181,324.444,359.542],"Rotation":0},{"Text":" ","TextBB":[332.361,358.903,332.5,359.264],"Rotation":0},{"Text":"✁","TextBB":[332.361,359.181,332.5,359.542],"Rotation":0},{"Text":" ","TextBB":[316.25,362.931,316.389,363.292],"Rotation":0},{"Text":"✁","TextBB":[316.25,363.208,316.389,363.569],"Rotation":0},{"Text":" ","TextBB":[324.306,362.931,324.444,363.292],"Rotation":0},{"Text":"✁","TextBB":[324.306,363.208,324.444,363.569],"Rotation":0},{"Text":" ","TextBB":[332.361,362.931,332.5,363.292],"Rotation":0},{"Text":"✁","TextBB":[332.361,363.208,332.5,363.569],"Rotation":0},{"Text":" ","TextBB":[316.25,366.958,316.389,367.319],"Rotation":0},{"Text":"✁","TextBB":[316.25,367.236,316.389,367.597],"Rotation":0},{"Text":" ","TextBB":[324.306,366.958,324.444,367.319],"Rotation":0},{"Text":"✁","TextBB":[324.306,367.236,324.444,367.597],"Rotation":0},{"Text":" ","TextBB":[332.361,366.958,332.5,367.319],"Rotation":0},{"Text":"✁","TextBB":[332.361,367.236,332.5,367.597],"Rotation":0},{"Text":" ","TextBB":[316.25,370.986,316.389,371.347],"Rotation":0},{"Text":"✁","TextBB":[316.25,371.264,316.389,371.625],"Rotation":0},{"Text":" ","TextBB":[324.306,370.986,324.444,371.347],"Rotation":0},{"Text":"✁","TextBB":[324.306,371.264,324.444,371.625],"Rotation":0},{"Text":" ","TextBB":[332.361,370.986,332.5,371.347],"Rotation":0},{"Text":"✁","TextBB":[332.361,371.264,332.5,371.625],"Rotation":0},{"Text":" ","TextBB":[316.25,375.014,316.389,375.375],"Rotation":0},{"Text":"✁","TextBB":[316.25,375.292,316.389,375.653],"Rotation":0},{"Text":" ","TextBB":[324.306,375.014,324.444,375.375],"Rotation":0},{"Text":"✁","TextBB":[324.306,375.292,324.444,375.653],"Rotation":0},{"Text":" ","TextBB":[332.361,375.014,332.5,375.375],"Rotation":0},{"Text":"✁","TextBB":[332.361,375.292,332.5,375.653],"Rotation":0},{"Text":" ","TextBB":[316.25,379.042,316.389,379.403],"Rotation":0},{"Text":"✁","TextBB":[316.25,379.319,316.389,379.681],"Rotation":0},{"Text":" ","TextBB":[324.306,379.042,324.444,379.403],"Rotation":0},{"Text":"✁","TextBB":[324.306,379.319,324.444,379.681],"Rotation":0},{"Text":" ","TextBB":[332.361,379.042,332.5,379.403],"Rotation":0},{"Text":"✁","TextBB":[332.361,379.319,332.5,379.681],"Rotation":0},{"Text":" ","TextBB":[316.25,383.069,316.389,383.431],"Rotation":0},{"Text":"✁","TextBB":[316.25,383.347,316.389,383.708],"Rotation":0},{"Text":" ","TextBB":[324.306,383.069,324.444,383.431],"Rotation":0},{"Text":"✁","TextBB":[324.306,383.347,324.444,383.708],"Rotation":0},{"Text":" ","TextBB":[332.361,383.069,332.5,383.431],"Rotation":0},{"Text":"✁","TextBB":[332.361,383.347,332.5,383.708],"Rotation":0},{"Text":" ","TextBB":[316.25,387.097,316.389,387.458],"Rotation":0},{"Text":"✁","TextBB":[316.25,387.375,316.389,387.736],"Rotation":0},{"Text":" ","TextBB":[324.306,387.097,324.444,387.458],"Rotation":0},{"Text":"✁","TextBB":[324.306,387.375,324.444,387.736],"Rotation":0},{"Text":" ","TextBB":[332.361,387.097,332.5,387.458],"Rotation":0},{"Text":"✁","TextBB":[332.361,387.375,332.5,387.736],"Rotation":0},{"Text":" ","TextBB":[316.25,391.125,316.389,391.486],"Rotation":0},{"Text":"✁","TextBB":[316.25,391.403,316.389,391.764],"Rotation":0},{"Text":" ","TextBB":[324.306,391.125,324.444,391.486],"Rotation":0},{"Text":"✁","TextBB":[324.306,391.403,324.444,391.764],"Rotation":0},{"Text":" ","TextBB":[332.361,391.125,332.5,391.486],"Rotation":0},{"Text":"✁","TextBB":[332.361,391.403,332.5,391.764],"Rotation":0},{"Text":"Admission","TextBB":[293.429,405.554,332.762,413.731],"Rotation":0},{"Text":"control","TextBB":[335.031,405.554,360.743,413.731],"Rotation":0},{"Text":"d","TextBB":[280.824,418.158,285.361,426.336],"Rotation":0},{"Text":"bronze","TextBB":[285.866,423.201,310.56,431.378],"Rotation":0},{"Text":"class","TextBB":[237.966,433.285,255.609,441.462],"Rotation":0},{"Text":"bronze","TextBB":[257.878,433.285,282.573,441.462],"Rotation":0},{"Text":"Leaky","TextBB":[169.899,455.974,192.579,464.151],"Rotation":0},{"Text":"buckets","TextBB":[194.848,455.974,222.574,464.151],"Rotation":0},{"Text":"Class−specific","TextBB":[237.966,455.974,290.977,464.151],"Rotation":0},{"Text":"queues","TextBB":[293.246,455.974,318.449,464.151],"Rotation":0}],"Mention":["mission rate equal to the minimum sustainable rate desired by it\n(recall our SLA from Section 2). It does so by implementing leaky\nbuckets, one for each class, that admit requests confirming to these\nrates. Requests confirming to these leaky buckets are forwarded\nto the application. Leaky buckets can be implemented very effi-\nciently, so determining if an incoming request confirms to a leaky\nbucket is an inexpensive operation. Requests in excess of these\nrates undergo further processing as follows. Each class has a queue\nassociated with it (see Figure 2); incoming requests are appended to\nthe corresponding class-specific queue. Requests within each class\ncan be processed either in FIFO order or in order of their service\ntimes. In the former case, all requests within a class are assumed\nto be equally important, whereas in the latter case smaller requests\nare given priority over larger requests within each class. Admitted\nrequests are handed to the load balancer, which then forwards them\nto one of the cataclysm servers in the application\u2019s server pool.\nThe policer incorporates the following two features in its pro-\ncessing of the requests that are in excess of the guaranteed rates to\nmaximize revenue.\n(1) The policer introduces different amounts of delay in the pro-\n"],"Page":4,"Number":2,"Type":"Figure","CaptionBB":[73,495,407,610],"Height":1100,"Width":850,"DPI":100,"ImageBB":[112,263,369,466]}