{"Caption":"Figure 2: System architecture","ImageText":[{"Text":"Crash","TextBB":[278.314,315.857,304.701,334.953],"Rotation":0},{"Text":"Diagnosis","TextBB":[317.994,298.795,361.437,317.891],"Rotation":0},{"Text":"engine","TextBB":[324.74,310.699,354.696,329.795],"Rotation":0},{"Text":"Monitor","TextBB":[233.674,308.516,266.807,327.612],"Rotation":0},{"Text":"Identified","TextBB":[348.35,265.265,388.626,284.361],"Rotation":0},{"Text":"vulnerability","TextBB":[342.199,277.169,394.571,296.265],"Rotation":0},{"Text":"Randomized","TextBB":[222.564,254.155,278.311,273.251],"Rotation":0},{"Text":"program","TextBB":[231.888,266.058,268.397,285.154],"Rotation":0},{"Text":"Signature","TextBB":[318.39,228.164,360.848,247.26],"Rotation":0},{"Text":"generator","TextBB":[318.39,240.069,360.85,259.165],"Rotation":0},{"Text":"Message","TextBB":[144.593,231.934,184.869,251.03],"Rotation":0},{"Text":"filter","TextBB":[155.505,243.838,174.154,262.934],"Rotation":0},{"Text":"Message","TextBB":[222.167,215.467,262.443,234.563],"Rotation":0},{"Text":"log","TextBB":[265.223,215.467,278.513,234.563],"Rotation":0},{"Text":"Messages","TextBB":[88.2477,227.371,133.484,246.467],"Rotation":0}],"Mention":["We have implemented a prototype system with the com-\nponents shown in Figure 2. The monitor, the diagnosis en-\ngine and the signature generator are implemented as an inte-\ngrated user-space program. It uses the Linux ptrace system\nfacility for controlling application execution. Once our mon-\nitor program launches the target application, it suspends it-\n"],"Page":3,"Number":2,"Type":"Figure","CaptionBB":[142,363,337,376],"Height":1100,"Width":850,"DPI":100,"ImageBB":[86,190,397,344]}