{"Caption":"Figure 6: Sequence diagram for enterItem()","ImageText":[{"Text":"li","TextBB":[471.756,181.115,477.01,189.62],"Rotation":0},{"Text":":","TextBB":[479.372,181.115,481.999,189.62],"Rotation":0},{"Text":"LineItem","TextBB":[484.362,181.115,519.006,189.62],"Rotation":0},{"Text":":","TextBB":[231.568,193.925,234.195,202.43],"Rotation":0},{"Text":"BuyItems","TextBB":[236.558,193.925,273.309,202.43],"Rotation":0},{"Text":"−","TextBB":[275.671,193.925,281.001,202.43],"Rotation":0},{"Text":"Controller","TextBB":[283.364,193.925,322.212,202.43],"Rotation":0},{"Text":":","TextBB":[542.631,182.112,545.258,190.617],"Rotation":0},{"Text":"ProduceSpecification","TextBB":[547.62,182.112,628.455,190.617],"Rotation":0},{"Text":":Sale","TextBB":[389.068,197.862,407.968,206.367],"Rotation":0},{"Text":":","TextBB":[526.881,209.675,529.508,218.18],"Rotation":0},{"Text":"Catalog","TextBB":[531.87,209.675,561.269,218.18],"Rotation":0},{"Text":"enterItem(upc,","TextBB":[192.193,221.487,247.561,229.992],"Rotation":0},{"Text":"qty)","TextBB":[249.923,221.487,265.147,229.992],"Rotation":0},{"Text":":","TextBB":[448.131,221.487,450.758,229.992],"Rotation":0},{"Text":"LineItem","TextBB":[453.12,221.487,487.764,229.992],"Rotation":0},{"Text":"[new]","TextBB":[298.505,233.3,320.543,241.805],"Rotation":0},{"Text":"Create()","TextBB":[322.905,233.3,353.864,241.805],"Rotation":0},{"Text":"Create()","TextBB":[416.63,245.112,447.589,253.617],"Rotation":0},{"Text":"spec","TextBB":[286.693,256.925,303.485,265.43],"Rotation":0},{"Text":":","TextBB":[305.848,256.925,308.475,265.43],"Rotation":0},{"Text":"=","TextBB":[310.838,256.925,316.167,265.43],"Rotation":0},{"Text":"Specification(upc)","TextBB":[318.53,256.925,388.337,265.43],"Rotation":0},{"Text":"spec","TextBB":[538.693,268.737,555.486,277.242],"Rotation":0},{"Text":":","TextBB":[557.848,268.737,560.475,277.242],"Rotation":0},{"Text":"=","TextBB":[562.838,268.737,568.168,277.242],"Rotation":0},{"Text":"find(upc)","TextBB":[570.53,268.737,605.694,277.242],"Rotation":0},{"Text":"makeLineItem(spec,","TextBB":[290.63,276.612,368.045,285.117],"Rotation":0},{"Text":"qty)","TextBB":[370.407,276.612,385.631,285.117],"Rotation":0},{"Text":"Create()","TextBB":[416.63,288.425,447.589,296.93],"Rotation":0},{"Text":"add(li)","TextBB":[420.568,308.112,445.762,316.617],"Rotation":0}],"Mention":["Notice that from condition 5, specifications of some methods in Γ are obtained by the OOL specification\nof the state machines, but we allow direct specifications of methods in OOL too. The consistency between\n","m1{c[o1.m3()]\nM3\no3\no1\nm2{o3.m3()}\nM3\no3\nm1{c[o2.m2()]\n"],"Page":28,"Number":6,"Type":"Figure","CaptionBB":[284,351,552,367],"Height":1169,"Width":826,"DPI":100,"ImageBB":[186,167,652,332]}