{"Caption":"Figure 2. Classification tree. Best feature for each stage","ImageText":[{"Text":"Image","TextBB":[673.417,76.7561,705.197,88.5072],"Rotation":0},{"Text":"Features","TextBB":[708.105,76.7561,750.56,88.5072],"Rotation":0},{"Text":"Textual","TextBB":[673.417,90.8394,710.036,102.591],"Rotation":0},{"Text":"Features","TextBB":[712.95,90.8394,755.557,102.591],"Rotation":0},{"Text":"Image","TextBB":[673.417,105.09,705.108,116.841],"Rotation":0},{"Text":"&","TextBB":[707.893,105.09,715.518,116.841],"Rotation":0},{"Text":"Textual","TextBB":[718.392,105.09,755.123,116.841],"Rotation":0},{"Text":"DCT","TextBB":[673.417,118.173,693.301,129.924],"Rotation":0},{"Text":"Images","TextBB":[591.5,100.923,628.303,112.674],"Rotation":0},{"Text":"not","TextBB":[558.833,132.192,571.025,141.005],"Rotation":0},{"Text":"figures","TextBB":[573.164,132.192,598.673,141.005],"Rotation":0},{"Text":"List","TextBB":[484.917,164.329,499.525,174.083],"Rotation":0},{"Text":"of","TextBB":[501.841,164.329,509.918,174.083],"Rotation":0},{"Text":"page","TextBB":[512.317,164.329,532.207,174.083],"Rotation":0},{"Text":"Figures","TextBB":[636.583,135.496,666.425,145.249],"Rotation":0},{"Text":"not","TextBB":[551.584,164.942,563.71,173.755],"Rotation":0},{"Text":"list","TextBB":[565.833,164.942,577.131,173.755],"Rotation":0},{"Text":"of","TextBB":[579.253,164.942,586.548,173.755],"Rotation":0},{"Text":"page","TextBB":[588.75,164.942,606.595,173.755],"Rotation":0},{"Text":"Illustrations","TextBB":[627.417,168.746,677.275,178.499],"Rotation":0},{"Text":"Photos","TextBB":[691.167,160.912,719.09,170.666],"Rotation":0},{"Text":"not","TextBB":[581.417,187.275,593.608,196.089],"Rotation":0},{"Text":"section","TextBB":[595.747,187.275,622.181,196.089],"Rotation":0},{"Text":"title","TextBB":[624.32,187.275,639.11,196.089],"Rotation":0},{"Text":"Section","TextBB":[514.5,202.245,544.604,211.999],"Rotation":0},{"Text":"title","TextBB":[546.992,202.245,563.241,211.999],"Rotation":0},{"Text":"Logos","TextBB":[648.167,209.162,672.081,218.916],"Rotation":0},{"Text":"not","TextBB":[576.833,210.359,589.025,219.172],"Rotation":0},{"Text":"logos","TextBB":[591.164,210.359,610.666,219.172],"Rotation":0},{"Text":"not","TextBB":[580.833,228.442,593.018,237.255],"Rotation":0},{"Text":"segmented-images","TextBB":[595.153,228.442,665.278,237.255],"Rotation":0},{"Text":"Segmented-Images","TextBB":[489.167,237.996,569.261,247.749],"Rotation":0},{"Text":"Main","TextBB":[581.417,257.413,601.127,267.167],"Rotation":0},{"Text":"title","TextBB":[603.44,257.413,619.832,267.167],"Rotation":0},{"Text":"not","TextBB":[631.833,249.442,643.947,258.255],"Rotation":0},{"Text":"main","TextBB":[646.07,249.442,664.427,258.255],"Rotation":0},{"Text":"title","TextBB":[666.49,249.442,681.273,258.255],"Rotation":0},{"Text":"advertisement","TextBB":[682.167,267.746,741.061,277.499],"Rotation":0},{"Text":"Icons","TextBB":[632,274.506,659.1,286.257],"Rotation":0}],"Mention":["Web images are classified according to the classification tree \nshown in Figure 2. One of the two features or both were selected \nat each stage of the classification tree to achieve better perform-\nance by empirical study. \n"," Figure 2. Classification tree. Best feature for each stage \nof classification is also shown. \n"],"Page":2,"Number":2,"Type":"Figure","CaptionBB":[477,294,760,310],"Height":1100,"Width":850,"DPI":100,"ImageBB":[475,76,758,292]}