{"Caption":"Figure 1. Lookaside Commands on Client","ImageText":[{"Text":"cfs","TextBB":[82.1957,77.1948,103.991,89.9676],"Rotation":0},{"Text":"cfs","TextBB":[82.1957,93.7961,103.991,106.569],"Rotation":0},{"Text":"cfs","TextBB":[82.1957,110.399,103.991,123.172],"Rotation":0},{"Text":"cfs","TextBB":[82.1957,127.013,103.991,139.786],"Rotation":0},{"Text":"lka","TextBB":[111.225,77.1948,133.021,89.9676],"Rotation":0},{"Text":"lka","TextBB":[111.225,93.7961,133.021,106.569],"Rotation":0},{"Text":"lka","TextBB":[111.225,110.399,133.021,123.172],"Rotation":0},{"Text":"lka","TextBB":[111.225,127.013,133.021,139.786],"Rotation":0},{"Text":"--clear","TextBB":[140.255,77.1948,191.111,89.9676],"Rotation":0},{"Text":"+db1","TextBB":[140.255,93.7961,169.315,106.569],"Rotation":0},{"Text":"-db1","TextBB":[140.255,110.399,169.315,123.172],"Rotation":0},{"Text":"--list","TextBB":[140.255,127.013,183.845,139.786],"Rotation":0},{"Text":"exclude","TextBB":[205.965,77.347,247.939,89.6908],"Rotation":0},{"Text":"all","TextBB":[251.358,77.347,265.971,89.6908],"Rotation":0},{"Text":"indexes","TextBB":[269.42,77.347,310.605,89.6908],"Rotation":0},{"Text":"include","TextBB":[206.001,93.9484,246.742,106.292],"Rotation":0},{"Text":"index","TextBB":[250.16,93.9484,279.818,106.292],"Rotation":0},{"Text":"db1","TextBB":[283.279,93.9484,304.037,106.292],"Rotation":0},{"Text":"exclude","TextBB":[206.001,110.551,247.975,122.895],"Rotation":0},{"Text":"index","TextBB":[251.394,110.551,281.051,122.895],"Rotation":0},{"Text":"db1","TextBB":[284.525,110.551,305.282,122.895],"Rotation":0},{"Text":"print","TextBB":[205.978,127.165,232.893,139.509],"Rotation":0},{"Text":"lookaside","TextBB":[236.329,127.165,289.371,139.509],"Rotation":0},{"Text":"statistics","TextBB":[292.776,127.165,341.225,139.509],"Rotation":0}],"Mention":["Dynamic inclusion or exclusion of lookaside devices is\ndone through user-level commands. Figure 1 lists the rel-\nevant commands on a client. Note that multiple lookaside\ndevices can be in use at the same time. The devices are\nsearched in order of inclusion.\n","We have recently extended the prototype implementa-\ntion described in Section 5 to support off-machine CAS\nproviders. Experiments with this extended prototype con-\nfirm its performance benefits. For the ISR benchmark de-\nscribed in Section 6.2, Figure 11 shows the performance\nbenefit of using a LAN-attached CAS provider with same\ncontents as the DVD of Figure 8. Since the CAS provider is\non a faster machine than the file server, Figure 11 shows a\nsubstantial benefit even at 100 Mb\/s.\n"],"Page":4,"Number":1,"Type":"Figure","CaptionBB":[73,151,333,166],"Height":1100,"Width":850,"DPI":100,"ImageBB":[72,73,352,145]}